Boundary PASS: 170335 transitions; two 65535-sample counter limits
ROW 1 0 1 1 1 0
ROW 1 1 2 2 1 0
ROW 1 2 3 3 1 0
ROW 1 3 4 4 1 0
ROW 1 4 0 0 1 0
ROW 1 5 6 6 1 0
ROW 1 6 7 7 1 0
ROW 1 7 8 8 1 0
ROW 2 0 2 2 2 0
ROW 2 1 4 4 2 0
ROW 2 2 6 6 2 0
ROW 2 3 8 8 2 1
ROW 2 4 0 0 2 0
ROW 2 5 12 12 2 0
ROW 2 6 14 14 2 0
ROW 2 7 16 16 2 0
ROW 3 0 3 3 3 0
ROW 3 1 6 6 3 0
ROW 3 2 9 9 3 0
ROW 3 3 3 8 3 1
ROW 3 4 0 0 3 0
ROW 3 5 18 18 3 0
ROW 3 6 21 21 3 0
ROW 3 7 24 24 3 1
ROW 4 0 4 4 4 0
ROW 4 1 8 8 4 0
ROW 4 2 12 12 4 0
ROW 4 3 7 8 4 1
ROW 4 4 0 0 4 0
ROW 4 5 24 24 4 0
ROW 4 6 3 21 4 0
ROW 4 7 7 24 4 1
ROW 5 0 5 5 5 0
ROW 5 1 10 10 5 0
ROW 5 2 15 15 5 0
ROW 5 3 2 8 5 1
ROW 5 4 0 0 5 0
ROW 5 5 30 30 5 0
ROW 5 6 10 21 5 0
ROW 5 7 15 24 5 1
ROW 6 0 6 6 6 0
ROW 6 1 12 12 6 0
ROW 6 2 18 18 6 0
ROW 6 3 6 8 6 1
ROW 6 4 0 0 6 0
ROW 6 5 36 36 6 0
ROW 6 6 17 21 6 0
ROW 6 7 23 24 6 1
ROW 7 0 8 8 7 0
ROW 7 1 15 15 7 0
ROW 7 2 22 22 7 0
ROW 7 3 2 8 7 1
ROW 7 4 1 1 7 0
ROW 7 5 43 43 7 0
ROW 7 6 0 21 7 0
ROW 7 7 7 24 7 1
ROW 8 0 9 9 8 0
ROW 8 1 17 17 8 0
ROW 8 2 25 25 8 0
ROW 8 3 6 8 8 1
ROW 8 4 1 1 8 0
ROW 8 5 49 49 8 0
ROW 8 6 7 21 8 0
ROW 8 7 15 24 8 1
ROW 9 0 10 10 9 0
ROW 9 1 19 19 9 0
ROW 9 2 28 28 9 0
ROW 9 3 1 8 9 1
ROW 9 4 1 1 9 0
ROW 9 5 55 55 9 0
ROW 9 6 14 21 9 0
ROW 9 7 23 24 9 1
ROW 10 0 11 11 10 0
ROW 10 1 21 21 10 0
ROW 10 2 31 31 10 0
ROW 10 3 5 8 10 1
ROW 10 4 1 1 10 0
ROW 10 5 61 61 10 0
ROW 10 6 21 21 10 0
ROW 10 7 6 24 10 1
ROW 11 0 12 12 11 0
ROW 11 1 23 23 11 0
ROW 11 2 1 31 11 0
ROW 11 3 0 8 11 1
ROW 11 4 1 1 11 0
ROW 11 5 67 67 11 0
ROW 11 6 3 21 11 0
ROW 11 7 14 24 11 1
ROW 12 0 13 13 12 0
ROW 12 1 25 25 12 0
ROW 12 2 4 31 12 0
ROW 12 3 4 8 12 1
ROW 12 4 1 1 12 0
ROW 12 5 73 73 12 0
ROW 12 6 10 21 12 0
ROW 12 7 22 24 12 1
ROW 13 0 14 14 13 0
ROW 13 1 27 27 13 0
ROW 13 2 7 31 13 0
ROW 13 3 8 8 13 2
ROW 13 4 1 1 13 0
ROW 13 5 79 79 13 0
ROW 13 6 17 21 13 0
ROW 13 7 5 24 13 1
ROW 14 0 16 16 14 1
ROW 14 1 30 30 14 0
ROW 14 2 11 31 14 0
ROW 14 3 4 8 14 2
ROW 14 4 2 2 14 0
ROW 14 5 86 86 14 0
ROW 14 6 0 21 14 0
ROW 14 7 14 24 14 1
ROW 15 0 0 16 15 1
ROW 15 1 32 32 15 1
ROW 15 2 14 31 15 0
ROW 15 3 8 8 15 3
ROW 15 4 2 2 15 0
ROW 15 5 92 92 15 0
ROW 15 6 7 21 15 0
ROW 15 7 22 24 15 1
ROW 16 0 1 16 16 1
ROW 16 1 1 32 16 1
ROW 16 2 17 31 16 0
ROW 16 3 3 8 16 3
ROW 16 4 2 2 16 0
ROW 16 5 98 98 16 0
ROW 16 6 14 21 16 0
ROW 16 7 5 24 16 1
ROW 17 0 2 16 17 1
ROW 17 1 3 32 17 1
ROW 17 2 20 31 17 0
ROW 17 3 7 8 17 3
ROW 17 4 2 2 17 0
ROW 17 5 104 104 17 0
ROW 17 6 21 21 17 0
ROW 17 7 13 24 17 1
ROW 18 0 3 16 18 1
ROW 18 1 5 32 18 1
ROW 18 2 23 31 18 0
ROW 18 3 2 8 18 3
ROW 18 4 2 2 18 0
ROW 18 5 110 110 18 0
ROW 18 6 3 21 18 0
ROW 18 7 21 24 18 1
ROW 19 0 4 16 19 1
ROW 19 1 7 32 19 1
ROW 19 2 26 31 19 0
ROW 19 3 6 8 19 3
ROW 19 4 2 2 19 0
ROW 19 5 116 116 19 0
ROW 19 6 10 21 19 0
ROW 19 7 4 24 19 1
ROW 20 0 5 16 20 1
ROW 20 1 9 32 20 1
ROW 20 2 29 31 20 0
ROW 20 3 1 8 20 3
ROW 20 4 2 2 20 0
ROW 20 5 122 122 20 0
ROW 20 6 17 21 20 0
ROW 20 7 12 24 20 1
ROW 21 0 7 16 21 1
ROW 21 1 12 32 21 1
ROW 21 2 0 31 21 0
ROW 21 3 6 8 21 3
ROW 21 4 3 3 21 0
ROW 21 5 129 129 21 0
ROW 21 6 0 21 21 0
ROW 21 7 21 24 21 1
ROW 22 0 8 16 22 1
ROW 22 1 14 32 22 1
ROW 22 2 3 31 22 0
ROW 22 3 1 8 22 3
ROW 22 4 3 3 22 0
ROW 22 5 135 135 22 0
ROW 22 6 7 21 22 0
ROW 22 7 4 24 22 1
ROW 23 0 9 16 23 1
ROW 23 1 16 32 23 1
ROW 23 2 6 31 23 0
ROW 23 3 5 8 23 3
ROW 23 4 3 3 23 0
ROW 23 5 141 141 23 0
ROW 23 6 14 21 23 0
ROW 23 7 12 24 23 1
ROW 24 0 10 16 24 1
ROW 24 1 18 32 24 1
ROW 24 2 9 31 24 0
ROW 24 3 0 8 24 3
ROW 24 4 3 3 24 0
ROW 24 5 147 147 24 0
ROW 24 6 21 21 24 0
ROW 24 7 20 24 24 1
ROW 25 0 11 16 25 1
ROW 25 1 20 32 25 1
ROW 25 2 12 31 25 0
ROW 25 3 4 8 25 3
ROW 25 4 3 3 25 0
ROW 25 5 153 153 25 0
ROW 25 6 3 21 25 0
ROW 25 7 3 24 25 1
ROW 26 0 12 16 26 1
ROW 26 1 22 32 26 1
ROW 26 2 15 31 26 0
ROW 26 3 8 8 26 4
ROW 26 4 3 3 26 0
ROW 26 5 159 159 26 0
ROW 26 6 10 21 26 0
ROW 26 7 11 24 26 1
ROW 27 0 13 16 27 1
ROW 27 1 24 32 27 1
ROW 27 2 18 31 27 0
ROW 27 3 3 8 27 4
ROW 27 4 3 3 27 0
ROW 27 5 165 165 27 0
ROW 27 6 17 21 27 0
ROW 27 7 19 24 27 1
ROW 28 0 15 16 28 1
ROW 28 1 27 32 28 1
ROW 28 2 22 31 28 0
ROW 28 3 8 8 28 5
ROW 28 4 4 4 28 1
ROW 28 5 172 172 28 0
ROW 28 6 0 21 28 0
ROW 28 7 3 24 28 1
ROW 29 0 16 16 29 2
ROW 29 1 29 32 29 1
ROW 29 2 25 31 29 0
ROW 29 3 3 8 29 5
ROW 29 4 4 4 29 2
ROW 29 5 178 178 29 0
ROW 29 6 7 21 29 0
ROW 29 7 11 24 29 1
ROW 30 0 0 16 30 2
ROW 30 1 31 32 30 1
ROW 30 2 28 31 30 0
ROW 30 3 7 8 30 5
ROW 30 4 4 4 30 3
ROW 30 5 184 184 30 0
ROW 30 6 14 21 30 0
ROW 30 7 19 24 30 1
ROW 31 0 1 16 31 2
ROW 31 1 0 32 31 1
ROW 31 2 31 31 31 0
ROW 31 3 2 8 31 5
ROW 31 4 4 4 31 4
ROW 31 5 190 190 31 0
ROW 31 6 21 21 31 0
ROW 31 7 2 24 31 1
ROW 32 0 2 16 32 2
ROW 32 1 2 32 32 1
ROW 32 2 1 31 32 0
ROW 32 3 6 8 32 5
ROW 32 4 4 4 32 5
ROW 32 5 196 196 32 0
ROW 32 6 3 21 32 0
ROW 32 7 10 24 32 1
ROW 33 0 3 16 33 2
ROW 33 1 4 32 33 1
ROW 33 2 4 31 33 0
ROW 33 3 1 8 33 5
ROW 33 4 4 4 33 6
ROW 33 5 202 202 33 0
ROW 33 6 10 21 33 0
ROW 33 7 18 24 33 1
ROW 34 0 4 16 34 2
ROW 34 1 6 32 34 1
ROW 34 2 7 31 34 0
ROW 34 3 5 8 34 5
ROW 34 4 4 4 34 7
ROW 34 5 208 208 34 0
ROW 34 6 17 21 34 0
ROW 34 7 1 24 34 1
ROW 35 0 6 16 35 2
ROW 35 1 9 32 35 1
ROW 35 2 11 31 35 0
ROW 35 3 1 8 35 5
ROW 35 4 0 4 35 7
ROW 35 5 215 215 35 0
ROW 35 6 0 21 35 0
ROW 35 7 10 24 35 1
ROW 36 0 7 16 36 2
ROW 36 1 11 32 36 1
ROW 36 2 14 31 36 0
ROW 36 3 5 8 36 5
ROW 36 4 0 4 36 7
ROW 36 5 221 221 36 0
ROW 36 6 7 21 36 0
ROW 36 7 18 24 36 1
ROW 37 0 8 16 37 2
ROW 37 1 13 32 37 1
ROW 37 2 17 31 37 0
ROW 37 3 0 8 37 5
ROW 37 4 0 4 37 7
ROW 37 5 227 227 37 0
ROW 37 6 14 21 37 0
ROW 37 7 1 24 37 1
ROW 38 0 9 16 38 2
ROW 38 1 15 32 38 1
ROW 38 2 20 31 38 0
ROW 38 3 4 8 38 5
ROW 38 4 0 4 38 7
ROW 38 5 233 233 38 0
ROW 38 6 21 21 38 0
ROW 38 7 9 24 38 1
ROW 39 0 10 16 39 2
ROW 39 1 17 32 39 1
ROW 39 2 23 31 39 0
ROW 39 3 8 8 39 6
ROW 39 4 0 4 39 7
ROW 39 5 239 239 39 0
ROW 39 6 3 21 39 0
ROW 39 7 17 24 39 1
ROW 40 0 11 16 40 2
ROW 40 1 19 32 40 1
ROW 40 2 26 31 40 0
ROW 40 3 3 8 40 6
ROW 40 4 0 4 40 7
ROW 40 5 245 245 40 0
ROW 40 6 10 21 40 0
ROW 40 7 0 24 40 1
ROW 41 0 12 16 41 2
ROW 41 1 21 32 41 1
ROW 41 2 29 31 41 0
ROW 41 3 7 8 41 6
ROW 41 4 0 4 41 7
ROW 41 5 251 251 41 0
ROW 41 6 17 21 41 0
ROW 41 7 8 24 41 1
ROW 42 0 14 16 42 2
ROW 42 1 24 32 42 1
ROW 42 2 0 31 42 0
ROW 42 3 3 8 42 6
ROW 42 4 1 4 42 7
ROW 42 5 2 251 42 0
ROW 42 6 0 21 42 0
ROW 42 7 17 24 42 1
ROW 43 0 15 16 43 2
ROW 43 1 26 32 43 1
ROW 43 2 3 31 43 0
ROW 43 3 7 8 43 6
ROW 43 4 1 4 43 7
ROW 43 5 8 251 43 0
ROW 43 6 7 21 43 0
ROW 43 7 0 24 43 1
ROW 44 0 16 16 44 3
ROW 44 1 28 32 44 1
ROW 44 2 6 31 44 0
ROW 44 3 2 8 44 6
ROW 44 4 1 4 44 7
ROW 44 5 14 251 44 0
ROW 44 6 14 21 44 0
ROW 44 7 8 24 44 1
ROW 45 0 0 16 45 3
ROW 45 1 30 32 45 1
ROW 45 2 9 31 45 0
ROW 45 3 6 8 45 6
ROW 45 4 1 4 45 7
ROW 45 5 20 251 45 0
ROW 45 6 21 21 45 0
ROW 45 7 16 24 45 1
ROW 46 0 1 16 46 3
ROW 46 1 32 32 46 2
ROW 46 2 12 31 46 0
ROW 46 3 1 8 46 6
ROW 46 4 1 4 46 7
ROW 46 5 26 251 46 0
ROW 46 6 3 21 46 0
ROW 46 7 24 24 46 2
ROW 47 0 2 16 47 3
ROW 47 1 1 32 47 2
ROW 47 2 15 31 47 0
ROW 47 3 5 8 47 6
ROW 47 4 1 4 47 7
ROW 47 5 32 251 47 0
ROW 47 6 10 21 47 0
ROW 47 7 7 24 47 2
ROW 48 0 3 16 48 3
ROW 48 1 3 32 48 2
ROW 48 2 18 31 48 0
ROW 48 3 0 8 48 6
ROW 48 4 1 4 48 7
ROW 48 5 38 251 48 0
ROW 48 6 17 21 48 0
ROW 48 7 15 24 48 2
ROW 49 0 5 16 49 3
ROW 49 1 6 32 49 2
ROW 49 2 22 31 49 0
ROW 49 3 5 8 49 6
ROW 49 4 2 4 49 7
ROW 49 5 45 251 49 0
ROW 49 6 0 21 49 0
ROW 49 7 24 24 49 3
ROW 50 0 6 16 50 3
ROW 50 1 8 32 50 2
ROW 50 2 25 31 50 0
ROW 50 3 0 8 50 6
ROW 50 4 2 4 50 7
ROW 50 5 51 251 50 0
ROW 50 6 7 21 50 0
ROW 50 7 7 24 50 3
ROW 51 0 7 16 51 3
ROW 51 1 10 32 51 2
ROW 51 2 28 31 51 0
ROW 51 3 4 8 51 6
ROW 51 4 2 4 51 7
ROW 51 5 57 251 51 0
ROW 51 6 14 21 51 0
ROW 51 7 15 24 51 3
ROW 52 0 8 16 52 3
ROW 52 1 12 32 52 2
ROW 52 2 31 31 52 0
ROW 52 3 8 8 52 7
ROW 52 4 2 4 52 7
ROW 52 5 63 251 52 0
ROW 52 6 21 21 52 0
ROW 52 7 23 24 52 3
ROW 53 0 9 16 53 3
ROW 53 1 14 32 53 2
ROW 53 2 1 31 53 0
ROW 53 3 3 8 53 7
ROW 53 4 2 4 53 7
ROW 53 5 69 251 53 0
ROW 53 6 3 21 53 0
ROW 53 7 6 24 53 3
ROW 54 0 10 16 54 3
ROW 54 1 16 32 54 2
ROW 54 2 4 31 54 0
ROW 54 3 7 8 54 7
ROW 54 4 2 4 54 7
ROW 54 5 75 251 54 0
ROW 54 6 10 21 54 0
ROW 54 7 14 24 54 3
ROW 55 0 11 16 55 3
ROW 55 1 18 32 55 2
ROW 55 2 7 31 55 0
ROW 55 3 2 8 55 7
ROW 55 4 2 4 55 7
ROW 55 5 81 251 55 0
ROW 55 6 17 21 55 0
ROW 55 7 22 24 55 3
ROW 56 0 13 16 56 3
ROW 56 1 21 32 56 2
ROW 56 2 11 31 56 0
ROW 56 3 7 8 56 7
ROW 56 4 3 4 56 7
ROW 56 5 88 251 56 0
ROW 56 6 0 21 56 0
ROW 56 7 6 24 56 3
ROW 57 0 14 16 57 3
ROW 57 1 23 32 57 2
ROW 57 2 14 31 57 0
ROW 57 3 2 8 57 7
ROW 57 4 3 4 57 7
ROW 57 5 94 251 57 0
ROW 57 6 7 21 57 0
ROW 57 7 14 24 57 3
ROW 58 0 15 16 58 3
ROW 58 1 25 32 58 2
ROW 58 2 17 31 58 0
ROW 58 3 6 8 58 7
ROW 58 4 3 4 58 7
ROW 58 5 100 251 58 0
ROW 58 6 14 21 58 0
ROW 58 7 22 24 58 3
ROW 59 0 16 16 59 4
ROW 59 1 27 32 59 2
ROW 59 2 20 31 59 0
ROW 59 3 1 8 59 7
ROW 59 4 3 4 59 7
ROW 59 5 106 251 59 0
ROW 59 6 21 21 59 0
ROW 59 7 5 24 59 3
ROW 60 0 0 16 60 4
ROW 60 1 29 32 60 2
ROW 60 2 23 31 60 0
ROW 60 3 5 8 60 7
ROW 60 4 3 4 60 7
ROW 60 5 112 251 60 0
ROW 60 6 3 21 60 0
ROW 60 7 13 24 60 3
ROW 61 0 1 16 61 4
ROW 61 1 31 32 61 2
ROW 61 2 26 31 61 0
ROW 61 3 0 8 61 7
ROW 61 4 3 4 61 7
ROW 61 5 118 251 61 0
ROW 61 6 10 21 61 0
ROW 61 7 21 24 61 3
ROW 62 0 2 16 62 4
ROW 62 1 0 32 62 2
ROW 62 2 29 31 62 0
ROW 62 3 4 8 62 7
ROW 62 4 3 4 62 7
ROW 62 5 124 251 62 0
ROW 62 6 17 21 62 0
ROW 62 7 4 24 62 3
ROW 63 0 4 16 63 4
ROW 63 1 3 32 63 2
ROW 63 2 0 31 63 0
ROW 63 3 0 8 63 7
ROW 63 4 4 4 63 8
ROW 63 5 131 251 63 0
ROW 63 6 0 21 63 0
ROW 63 7 13 24 63 3
ROW 64 0 5 16 64 4
ROW 64 1 5 32 64 2
ROW 64 2 3 31 64 0
ROW 64 3 4 8 64 7
ROW 64 4 4 4 64 9
ROW 64 5 137 251 64 0
ROW 64 6 7 21 64 0
ROW 64 7 21 24 64 3
ROW 65 0 6 16 65 4
ROW 65 1 7 32 65 2
ROW 65 2 6 31 65 0
ROW 65 3 8 8 65 8
ROW 65 4 4 4 65 10
ROW 65 5 143 251 65 0
ROW 65 6 14 21 65 0
ROW 65 7 4 24 65 3
ROW 66 0 7 16 66 4
ROW 66 1 9 32 66 2
ROW 66 2 9 31 66 0
ROW 66 3 3 8 66 8
ROW 66 4 4 4 66 11
ROW 66 5 149 251 66 0
ROW 66 6 21 21 66 0
ROW 66 7 12 24 66 3
ROW 67 0 8 16 67 4
ROW 67 1 11 32 67 2
ROW 67 2 12 31 67 0
ROW 67 3 7 8 67 8
ROW 67 4 4 4 67 12
ROW 67 5 155 251 67 0
ROW 67 6 3 21 67 0
ROW 67 7 20 24 67 3
ROW 68 0 9 16 68 4
ROW 68 1 13 32 68 2
ROW 68 2 15 31 68 0
ROW 68 3 2 8 68 8
ROW 68 4 4 4 68 13
ROW 68 5 161 251 68 0
ROW 68 6 10 21 68 0
ROW 68 7 3 24 68 3
ROW 69 0 10 16 69 4
ROW 69 1 15 32 69 2
ROW 69 2 18 31 69 0
ROW 69 3 6 8 69 8
ROW 69 4 4 4 69 14
ROW 69 5 167 251 69 0
ROW 69 6 17 21 69 0
ROW 69 7 11 24 69 3
ROW 70 0 12 16 70 4
ROW 70 1 18 32 70 2
ROW 70 2 22 31 70 0
ROW 70 3 2 8 70 8
ROW 70 4 0 4 70 14
ROW 70 5 174 251 70 0
ROW 70 6 0 21 70 0
ROW 70 7 20 24 70 3
ROW 71 0 13 16 71 4
ROW 71 1 20 32 71 2
ROW 71 2 25 31 71 0
ROW 71 3 6 8 71 8
ROW 71 4 0 4 71 14
ROW 71 5 180 251 71 0
ROW 71 6 7 21 71 0
ROW 71 7 3 24 71 3
ROW 72 0 14 16 72 4
ROW 72 1 22 32 72 2
ROW 72 2 28 31 72 0
ROW 72 3 1 8 72 8
ROW 72 4 0 4 72 14
ROW 72 5 186 251 72 0
ROW 72 6 14 21 72 0
ROW 72 7 11 24 72 3
ROW 73 0 15 16 73 4
ROW 73 1 24 32 73 2
ROW 73 2 31 31 73 0
ROW 73 3 5 8 73 8
ROW 73 4 0 4 73 14
ROW 73 5 192 251 73 0
ROW 73 6 21 21 73 0
ROW 73 7 19 24 73 3
ROW 74 0 16 16 74 5
ROW 74 1 26 32 74 2
ROW 74 2 1 31 74 0
ROW 74 3 0 8 74 8
ROW 74 4 0 4 74 14
ROW 74 5 198 251 74 0
ROW 74 6 3 21 74 0
ROW 74 7 2 24 74 3
ROW 75 0 0 16 75 5
ROW 75 1 28 32 75 2
ROW 75 2 4 31 75 0
ROW 75 3 4 8 75 8
ROW 75 4 0 4 75 14
ROW 75 5 204 251 75 0
ROW 75 6 10 21 75 0
ROW 75 7 10 24 75 3
ROW 76 0 1 16 76 5
ROW 76 1 30 32 76 2
ROW 76 2 7 31 76 0
ROW 76 3 8 8 76 9
ROW 76 4 0 4 76 14
ROW 76 5 210 251 76 0
ROW 76 6 17 21 76 0
ROW 76 7 18 24 76 3
ROW 77 0 3 16 77 5
ROW 77 1 0 32 77 2
ROW 77 2 11 31 77 0
ROW 77 3 4 8 77 9
ROW 77 4 1 4 77 14
ROW 77 5 217 251 77 0
ROW 77 6 0 21 77 0
ROW 77 7 2 24 77 3
ROW 78 0 4 16 78 5
ROW 78 1 2 32 78 2
ROW 78 2 14 31 78 0
ROW 78 3 8 8 78 10
ROW 78 4 1 4 78 14
ROW 78 5 223 251 78 0
ROW 78 6 7 21 78 0
ROW 78 7 10 24 78 3
ROW 79 0 5 16 79 5
ROW 79 1 4 32 79 2
ROW 79 2 17 31 79 0
ROW 79 3 3 8 79 10
ROW 79 4 1 4 79 14
ROW 79 5 229 251 79 0
ROW 79 6 14 21 79 0
ROW 79 7 18 24 79 3
ROW 80 0 6 16 80 5
ROW 80 1 6 32 80 2
ROW 80 2 20 31 80 0
ROW 80 3 7 8 80 10
ROW 80 4 1 4 80 14
ROW 80 5 235 251 80 0
ROW 80 6 21 21 80 0
ROW 80 7 1 24 80 3
ROW 81 0 7 16 81 5
ROW 81 1 8 32 81 2
ROW 81 2 23 31 81 0
ROW 81 3 2 8 81 10
ROW 81 4 1 4 81 14
ROW 81 5 241 251 81 0
ROW 81 6 3 21 81 0
ROW 81 7 9 24 81 3
ROW 82 0 8 16 82 5
ROW 82 1 10 32 82 2
ROW 82 2 26 31 82 0
ROW 82 3 6 8 82 10
ROW 82 4 1 4 82 14
ROW 82 5 247 251 82 0
ROW 82 6 10 21 82 0
ROW 82 7 17 24 82 3
ROW 83 0 9 16 83 5
ROW 83 1 12 32 83 2
ROW 83 2 29 31 83 0
ROW 83 3 1 8 83 10
ROW 83 4 1 4 83 14
ROW 83 5 253 253 83 0
ROW 83 6 17 21 83 0
ROW 83 7 0 24 83 3
ROW 84 0 11 16 84 5
ROW 84 1 15 32 84 2
ROW 84 2 0 31 84 0
ROW 84 3 6 8 84 10
ROW 84 4 2 4 84 14
ROW 84 5 4 253 84 0
ROW 84 6 0 21 84 0
ROW 84 7 9 24 84 3
ROW 85 0 12 16 85 5
ROW 85 1 17 32 85 2
ROW 85 2 3 31 85 0
ROW 85 3 1 8 85 10
ROW 85 4 2 4 85 14
ROW 85 5 10 253 85 0
ROW 85 6 7 21 85 0
ROW 85 7 17 24 85 3
ROW 86 0 13 16 86 5
ROW 86 1 19 32 86 2
ROW 86 2 6 31 86 0
ROW 86 3 5 8 86 10
ROW 86 4 2 4 86 14
ROW 86 5 16 253 86 0
ROW 86 6 14 21 86 0
ROW 86 7 0 24 86 3
ROW 87 0 14 16 87 5
ROW 87 1 21 32 87 2
ROW 87 2 9 31 87 0
ROW 87 3 0 8 87 10
ROW 87 4 2 4 87 14
ROW 87 5 22 253 87 0
ROW 87 6 21 21 87 0
ROW 87 7 8 24 87 3
ROW 88 0 15 16 88 5
ROW 88 1 23 32 88 2
ROW 88 2 12 31 88 0
ROW 88 3 4 8 88 10
ROW 88 4 2 4 88 14
ROW 88 5 28 253 88 0
ROW 88 6 3 21 88 0
ROW 88 7 16 24 88 3
ROW 89 0 16 16 89 6
ROW 89 1 25 32 89 2
ROW 89 2 15 31 89 0
ROW 89 3 8 8 89 11
ROW 89 4 2 4 89 14
ROW 89 5 34 253 89 0
ROW 89 6 10 21 89 0
ROW 89 7 24 24 89 4
ROW 90 0 0 16 90 6
ROW 90 1 27 32 90 2
ROW 90 2 18 31 90 0
ROW 90 3 3 8 90 11
ROW 90 4 2 4 90 14
ROW 90 5 40 253 90 0
ROW 90 6 17 21 90 0
ROW 90 7 7 24 90 4
ROW 91 0 2 16 91 6
ROW 91 1 30 32 91 2
ROW 91 2 22 31 91 0
ROW 91 3 8 8 91 12
ROW 91 4 3 4 91 14
ROW 91 5 47 253 91 0
ROW 91 6 0 21 91 0
ROW 91 7 16 24 91 4
ROW 92 0 3 16 92 6
ROW 92 1 32 32 92 3
ROW 92 2 25 31 92 0
ROW 92 3 3 8 92 12
ROW 92 4 3 4 92 14
ROW 92 5 53 253 92 0
ROW 92 6 7 21 92 0
ROW 92 7 24 24 92 5
ROW 93 0 4 16 93 6
ROW 93 1 1 32 93 3
ROW 93 2 28 31 93 0
ROW 93 3 7 8 93 12
ROW 93 4 3 4 93 14
ROW 93 5 59 253 93 0
ROW 93 6 14 21 93 0
ROW 93 7 7 24 93 5
ROW 94 0 5 16 94 6
ROW 94 1 3 32 94 3
ROW 94 2 31 31 94 0
ROW 94 3 2 8 94 12
ROW 94 4 3 4 94 14
ROW 94 5 65 253 94 0
ROW 94 6 21 21 94 0
ROW 94 7 15 24 94 5
ROW 95 0 6 16 95 6
ROW 95 1 5 32 95 3
ROW 95 2 1 31 95 0
ROW 95 3 6 8 95 12
ROW 95 4 3 4 95 14
ROW 95 5 71 253 95 0
ROW 95 6 3 21 95 0
ROW 95 7 23 24 95 5
ROW 96 0 7 16 96 6
ROW 96 1 7 32 96 3
ROW 96 2 4 31 96 0
ROW 96 3 1 8 96 12
ROW 96 4 3 4 96 14
ROW 96 5 77 253 96 0
ROW 96 6 10 21 96 0
ROW 96 7 6 24 96 5
ROW 97 0 8 16 97 6
ROW 97 1 9 32 97 3
ROW 97 2 7 31 97 0
ROW 97 3 5 8 97 12
ROW 97 4 3 4 97 14
ROW 97 5 83 253 97 0
ROW 97 6 17 21 97 0
ROW 97 7 14 24 97 5
ROW 98 0 10 16 98 6
ROW 98 1 12 32 98 3
ROW 98 2 11 31 98 0
ROW 98 3 1 8 98 12
ROW 98 4 4 4 98 15
ROW 98 5 90 253 98 0
ROW 98 6 0 21 98 0
ROW 98 7 23 24 98 5
ROW 99 0 11 16 99 6
ROW 99 1 14 32 99 3
ROW 99 2 14 31 99 0
ROW 99 3 5 8 99 12
ROW 99 4 4 4 99 16
ROW 99 5 96 253 99 0
ROW 99 6 7 21 99 0
ROW 99 7 6 24 99 5
ROW 100 0 12 16 100 6
ROW 100 1 16 32 100 3
ROW 100 2 17 31 100 0
ROW 100 3 0 8 100 12
ROW 100 4 4 4 100 17
ROW 100 5 102 253 100 0
ROW 100 6 14 21 100 0
ROW 100 7 14 24 100 5
ROW 101 0 13 16 101 6
ROW 101 1 18 32 101 3
ROW 101 2 20 31 101 0
ROW 101 3 4 8 101 12
ROW 101 4 4 4 101 18
ROW 101 5 108 253 101 0
ROW 101 6 21 21 101 0
ROW 101 7 22 24 101 5
ROW 102 0 14 16 102 6
ROW 102 1 20 32 102 3
ROW 102 2 23 31 102 0
ROW 102 3 8 8 102 13
ROW 102 4 4 4 102 19
ROW 102 5 114 253 102 0
ROW 102 6 3 21 102 0
ROW 102 7 5 24 102 5
ROW 103 0 15 16 103 6
ROW 103 1 22 32 103 3
ROW 103 2 26 31 103 0
ROW 103 3 3 8 103 13
ROW 103 4 4 4 103 20
ROW 103 5 120 253 103 0
ROW 103 6 10 21 103 0
ROW 103 7 13 24 103 5
ROW 104 0 16 16 104 7
ROW 104 1 24 32 104 3
ROW 104 2 29 31 104 0
ROW 104 3 7 8 104 13
ROW 104 4 4 4 104 21
ROW 104 5 126 253 104 0
ROW 104 6 17 21 104 0
ROW 104 7 21 24 104 5
ROW 105 0 1 16 105 7
ROW 105 1 27 32 105 3
ROW 105 2 0 31 105 0
ROW 105 3 3 8 105 13
ROW 105 4 0 4 105 21
ROW 105 5 133 253 105 0
ROW 105 6 0 21 105 0
ROW 105 7 5 24 105 5
ROW 106 0 2 16 106 7
ROW 106 1 29 32 106 3
ROW 106 2 3 31 106 0
ROW 106 3 7 8 106 13
ROW 106 4 0 4 106 21
ROW 106 5 139 253 106 0
ROW 106 6 7 21 106 0
ROW 106 7 13 24 106 5
ROW 107 0 3 16 107 7
ROW 107 1 31 32 107 3
ROW 107 2 6 31 107 0
ROW 107 3 2 8 107 13
ROW 107 4 0 4 107 21
ROW 107 5 145 253 107 0
ROW 107 6 14 21 107 0
ROW 107 7 21 24 107 5
ROW 108 0 4 16 108 7
ROW 108 1 0 32 108 3
ROW 108 2 9 31 108 0
ROW 108 3 6 8 108 13
ROW 108 4 0 4 108 21
ROW 108 5 151 253 108 0
ROW 108 6 21 21 108 0
ROW 108 7 4 24 108 5
ROW 109 0 5 16 109 7
ROW 109 1 2 32 109 3
ROW 109 2 12 31 109 0
ROW 109 3 1 8 109 13
ROW 109 4 0 4 109 21
ROW 109 5 157 253 109 0
ROW 109 6 3 21 109 0
ROW 109 7 12 24 109 5
ROW 110 0 6 16 110 7
ROW 110 1 4 32 110 3
ROW 110 2 15 31 110 0
ROW 110 3 5 8 110 13
ROW 110 4 0 4 110 21
ROW 110 5 163 253 110 0
ROW 110 6 10 21 110 0
ROW 110 7 20 24 110 5
ROW 111 0 7 16 111 7
ROW 111 1 6 32 111 3
ROW 111 2 18 31 111 0
ROW 111 3 0 8 111 13
ROW 111 4 0 4 111 21
ROW 111 5 169 253 111 0
ROW 111 6 17 21 111 0
ROW 111 7 3 24 111 5
ROW 112 0 9 16 112 7
ROW 112 1 9 32 112 3
ROW 112 2 22 31 112 0
ROW 112 3 5 8 112 13
ROW 112 4 1 4 112 21
ROW 112 5 176 253 112 0
ROW 112 6 0 21 112 0
ROW 112 7 12 24 112 5
ROW 113 0 10 16 113 7
ROW 113 1 11 32 113 3
ROW 113 2 25 31 113 0
ROW 113 3 0 8 113 13
ROW 113 4 1 4 113 21
ROW 113 5 182 253 113 0
ROW 113 6 7 21 113 0
ROW 113 7 20 24 113 5
ROW 114 0 11 16 114 7
ROW 114 1 13 32 114 3
ROW 114 2 28 31 114 0
ROW 114 3 4 8 114 13
ROW 114 4 1 4 114 21
ROW 114 5 188 253 114 0
ROW 114 6 14 21 114 0
ROW 114 7 3 24 114 5
ROW 115 0 12 16 115 7
ROW 115 1 15 32 115 3
ROW 115 2 31 31 115 0
ROW 115 3 8 8 115 14
ROW 115 4 1 4 115 21
ROW 115 5 194 253 115 0
ROW 115 6 21 21 115 0
ROW 115 7 11 24 115 5
ROW 116 0 13 16 116 7
ROW 116 1 17 32 116 3
ROW 116 2 1 31 116 0
ROW 116 3 3 8 116 14
ROW 116 4 1 4 116 21
ROW 116 5 200 253 116 0
ROW 116 6 3 21 116 0
ROW 116 7 19 24 116 5
ROW 117 0 14 16 117 7
ROW 117 1 19 32 117 3
ROW 117 2 4 31 117 0
ROW 117 3 7 8 117 14
ROW 117 4 1 4 117 21
ROW 117 5 206 253 117 0
ROW 117 6 10 21 117 0
ROW 117 7 2 24 117 5
ROW 118 0 15 16 118 7
ROW 118 1 21 32 118 3
ROW 118 2 7 31 118 0
ROW 118 3 2 8 118 14
ROW 118 4 1 4 118 21
ROW 118 5 212 253 118 0
ROW 118 6 17 21 118 0
ROW 118 7 10 24 118 5
ROW 119 0 0 16 119 7
ROW 119 1 24 32 119 3
ROW 119 2 11 31 119 0
ROW 119 3 7 8 119 14
ROW 119 4 2 4 119 21
ROW 119 5 219 253 119 0
ROW 119 6 0 21 119 0
ROW 119 7 19 24 119 5
ROW 120 0 1 16 120 7
ROW 120 1 26 32 120 3
ROW 120 2 14 31 120 0
ROW 120 3 2 8 120 14
ROW 120 4 2 4 120 21
ROW 120 5 225 253 120 0
ROW 120 6 7 21 120 0
ROW 120 7 2 24 120 5
ROW 121 0 2 16 121 7
ROW 121 1 28 32 121 3
ROW 121 2 17 31 121 0
ROW 121 3 6 8 121 14
ROW 121 4 2 4 121 21
ROW 121 5 231 253 121 0
ROW 121 6 14 21 121 0
ROW 121 7 10 24 121 5
ROW 122 0 3 16 122 7
ROW 122 1 30 32 122 3
ROW 122 2 20 31 122 0
ROW 122 3 1 8 122 14
ROW 122 4 2 4 122 21
ROW 122 5 237 253 122 0
ROW 122 6 21 21 122 0
ROW 122 7 18 24 122 5
ROW 123 0 4 16 123 7
ROW 123 1 32 32 123 4
ROW 123 2 23 31 123 0
ROW 123 3 5 8 123 14
ROW 123 4 2 4 123 21
ROW 123 5 243 253 123 0
ROW 123 6 3 21 123 0
ROW 123 7 1 24 123 5
ROW 124 0 5 16 124 7
ROW 124 1 1 32 124 4
ROW 124 2 26 31 124 0
ROW 124 3 0 8 124 14
ROW 124 4 2 4 124 21
ROW 124 5 249 253 124 0
ROW 124 6 10 21 124 0
ROW 124 7 9 24 124 5
ROW 125 0 6 16 125 7
ROW 125 1 3 32 125 4
ROW 125 2 29 31 125 0
ROW 125 3 4 8 125 14
ROW 125 4 2 4 125 21
ROW 125 5 255 255 125 1
ROW 125 6 17 21 125 0
ROW 125 7 17 24 125 5
ROW 126 0 8 16 126 7
ROW 126 1 6 32 126 4
ROW 126 2 0 31 126 0
ROW 126 3 0 8 126 14
ROW 126 4 3 4 126 21
ROW 126 5 6 255 126 1
ROW 126 6 0 21 126 0
ROW 126 7 1 24 126 5
ROW 127 0 9 16 127 7
ROW 127 1 8 32 127 4
ROW 127 2 3 31 127 0
ROW 127 3 4 8 127 14
ROW 127 4 3 4 127 21
ROW 127 5 12 255 127 1
ROW 127 6 7 21 127 0
ROW 127 7 9 24 127 5
ROW 128 0 10 16 128 7
ROW 128 1 10 32 128 4
ROW 128 2 6 31 128 0
ROW 128 3 8 8 128 15
ROW 128 4 3 4 128 21
ROW 128 5 18 255 128 1
ROW 128 6 14 21 128 0
ROW 128 7 17 24 128 5
ROW 129 0 11 16 129 7
ROW 129 1 12 32 129 4
ROW 129 2 9 31 129 0
ROW 129 3 3 8 129 15
ROW 129 4 3 4 129 21
ROW 129 5 24 255 129 1
ROW 129 6 21 21 129 0
ROW 129 7 0 24 129 5
ROW 130 0 12 16 130 7
ROW 130 1 14 32 130 4
ROW 130 2 12 31 130 0
ROW 130 3 7 8 130 15
ROW 130 4 3 4 130 21
ROW 130 5 30 255 130 1
ROW 130 6 3 21 130 0
ROW 130 7 8 24 130 5
ROW 131 0 13 16 131 7
ROW 131 1 16 32 131 4
ROW 131 2 15 31 131 0
ROW 131 3 2 8 131 15
ROW 131 4 3 4 131 21
ROW 131 5 36 255 131 1
ROW 131 6 10 21 131 0
ROW 131 7 16 24 131 5
ROW 132 0 14 16 132 7
ROW 132 1 18 32 132 4
ROW 132 2 18 31 132 0
ROW 132 3 6 8 132 15
ROW 132 4 3 4 132 21
ROW 132 5 42 255 132 1
ROW 132 6 17 21 132 0
ROW 132 7 24 24 132 6
ROW 133 0 16 16 133 8
ROW 133 1 21 32 133 4
ROW 133 2 22 31 133 0
ROW 133 3 2 8 133 15
ROW 133 4 4 4 133 22
ROW 133 5 49 255 133 1
ROW 133 6 0 21 133 0
ROW 133 7 8 24 133 6
ROW 134 0 0 16 134 8
ROW 134 1 23 32 134 4
ROW 134 2 25 31 134 0
ROW 134 3 6 8 134 15
ROW 134 4 4 4 134 23
ROW 134 5 55 255 134 1
ROW 134 6 7 21 134 0
ROW 134 7 16 24 134 6
ROW 135 0 1 16 135 8
ROW 135 1 25 32 135 4
ROW 135 2 28 31 135 0
ROW 135 3 1 8 135 15
ROW 135 4 4 4 135 24
ROW 135 5 61 255 135 1
ROW 135 6 14 21 135 0
ROW 135 7 24 24 135 7
ROW 136 0 2 16 136 8
ROW 136 1 27 32 136 4
ROW 136 2 31 31 136 0
ROW 136 3 5 8 136 15
ROW 136 4 4 4 136 25
ROW 136 5 67 255 136 1
ROW 136 6 21 21 136 0
ROW 136 7 7 24 136 7
ROW 137 0 3 16 137 8
ROW 137 1 29 32 137 4
ROW 137 2 1 31 137 0
ROW 137 3 0 8 137 15
ROW 137 4 4 4 137 26
ROW 137 5 73 255 137 1
ROW 137 6 3 21 137 0
ROW 137 7 15 24 137 7
ROW 138 0 4 16 138 8
ROW 138 1 31 32 138 4
ROW 138 2 4 31 138 0
ROW 138 3 4 8 138 15
ROW 138 4 4 4 138 27
ROW 138 5 79 255 138 1
ROW 138 6 10 21 138 0
ROW 138 7 23 24 138 7
ROW 139 0 5 16 139 8
ROW 139 1 0 32 139 4
ROW 139 2 7 31 139 0
ROW 139 3 8 8 139 16
ROW 139 4 4 4 139 28
ROW 139 5 85 255 139 1
ROW 139 6 17 21 139 0
ROW 139 7 6 24 139 7
ROW 140 0 7 16 140 8
ROW 140 1 3 32 140 4
ROW 140 2 11 31 140 0
ROW 140 3 4 8 140 16
ROW 140 4 0 4 140 28
ROW 140 5 92 255 140 1
ROW 140 6 0 21 140 0
ROW 140 7 15 24 140 7
ROW 141 0 8 16 141 8
ROW 141 1 5 32 141 4
ROW 141 2 14 31 141 0
ROW 141 3 8 8 141 17
ROW 141 4 0 4 141 28
ROW 141 5 98 255 141 1
ROW 141 6 7 21 141 0
ROW 141 7 23 24 141 7
ROW 142 0 9 16 142 8
ROW 142 1 7 32 142 4
ROW 142 2 17 31 142 0
ROW 142 3 3 8 142 17
ROW 142 4 0 4 142 28
ROW 142 5 104 255 142 1
ROW 142 6 14 21 142 0
ROW 142 7 6 24 142 7
ROW 143 0 10 16 143 8
ROW 143 1 9 32 143 4
ROW 143 2 20 31 143 0
ROW 143 3 7 8 143 17
ROW 143 4 0 4 143 28
ROW 143 5 110 255 143 1
ROW 143 6 21 21 143 0
ROW 143 7 14 24 143 7
ROW 144 0 11 16 144 8
ROW 144 1 11 32 144 4
ROW 144 2 23 31 144 0
ROW 144 3 2 8 144 17
ROW 144 4 0 4 144 28
ROW 144 5 116 255 144 1
ROW 144 6 3 21 144 0
ROW 144 7 22 24 144 7
ROW 145 0 12 16 145 8
ROW 145 1 13 32 145 4
ROW 145 2 26 31 145 0
ROW 145 3 6 8 145 17
ROW 145 4 0 4 145 28
ROW 145 5 122 255 145 1
ROW 145 6 10 21 145 0
ROW 145 7 5 24 145 7
ROW 146 0 13 16 146 8
ROW 146 1 15 32 146 4
ROW 146 2 29 31 146 0
ROW 146 3 1 8 146 17
ROW 146 4 0 4 146 28
ROW 146 5 128 255 146 1
ROW 146 6 17 21 146 0
ROW 146 7 13 24 146 7
ROW 147 0 15 16 147 8
ROW 147 1 18 32 147 4
ROW 147 2 0 31 147 0
ROW 147 3 6 8 147 17
ROW 147 4 1 4 147 28
ROW 147 5 135 255 147 1
ROW 147 6 0 21 147 0
ROW 147 7 22 24 147 7
ROW 148 0 16 16 148 9
ROW 148 1 20 32 148 4
ROW 148 2 3 31 148 0
ROW 148 3 1 8 148 17
ROW 148 4 1 4 148 28
ROW 148 5 141 255 148 1
ROW 148 6 7 21 148 0
ROW 148 7 5 24 148 7
ROW 149 0 0 16 149 9
ROW 149 1 22 32 149 4
ROW 149 2 6 31 149 0
ROW 149 3 5 8 149 17
ROW 149 4 1 4 149 28
ROW 149 5 147 255 149 1
ROW 149 6 14 21 149 0
ROW 149 7 13 24 149 7
ROW 150 0 1 16 150 9
ROW 150 1 24 32 150 4
ROW 150 2 9 31 150 0
ROW 150 3 0 8 150 17
ROW 150 4 1 4 150 28
ROW 150 5 153 255 150 1
ROW 150 6 21 21 150 0
ROW 150 7 21 24 150 7
ROW 151 0 2 16 151 9
ROW 151 1 26 32 151 4
ROW 151 2 12 31 151 0
ROW 151 3 4 8 151 17
ROW 151 4 1 4 151 28
ROW 151 5 159 255 151 1
ROW 151 6 3 21 151 0
ROW 151 7 4 24 151 7
ROW 152 0 3 16 152 9
ROW 152 1 28 32 152 4
ROW 152 2 15 31 152 0
ROW 152 3 8 8 152 18
ROW 152 4 1 4 152 28
ROW 152 5 165 255 152 1
ROW 152 6 10 21 152 0
ROW 152 7 12 24 152 7
ROW 153 0 4 16 153 9
ROW 153 1 30 32 153 4
ROW 153 2 18 31 153 0
ROW 153 3 3 8 153 18
ROW 153 4 1 4 153 28
ROW 153 5 171 255 153 1
ROW 153 6 17 21 153 0
ROW 153 7 20 24 153 7
ROW 154 0 6 16 154 9
ROW 154 1 0 32 154 4
ROW 154 2 22 31 154 0
ROW 154 3 8 8 154 19
ROW 154 4 2 4 154 28
ROW 154 5 178 255 154 1
ROW 154 6 0 21 154 0
ROW 154 7 4 24 154 7
ROW 155 0 7 16 155 9
ROW 155 1 2 32 155 4
ROW 155 2 25 31 155 0
ROW 155 3 3 8 155 19
ROW 155 4 2 4 155 28
ROW 155 5 184 255 155 1
ROW 155 6 7 21 155 0
ROW 155 7 12 24 155 7
ROW 156 0 8 16 156 9
ROW 156 1 4 32 156 4
ROW 156 2 28 31 156 0
ROW 156 3 7 8 156 19
ROW 156 4 2 4 156 28
ROW 156 5 190 255 156 1
ROW 156 6 14 21 156 0
ROW 156 7 20 24 156 7
ROW 157 0 9 16 157 9
ROW 157 1 6 32 157 4
ROW 157 2 31 31 157 0
ROW 157 3 2 8 157 19
ROW 157 4 2 4 157 28
ROW 157 5 196 255 157 1
ROW 157 6 21 21 157 0
ROW 157 7 3 24 157 7
ROW 158 0 10 16 158 9
ROW 158 1 8 32 158 4
ROW 158 2 1 31 158 0
ROW 158 3 6 8 158 19
ROW 158 4 2 4 158 28
ROW 158 5 202 255 158 1
ROW 158 6 3 21 158 0
ROW 158 7 11 24 158 7
ROW 159 0 11 16 159 9
ROW 159 1 10 32 159 4
ROW 159 2 4 31 159 0
ROW 159 3 1 8 159 19
ROW 159 4 2 4 159 28
ROW 159 5 208 255 159 1
ROW 159 6 10 21 159 0
ROW 159 7 19 24 159 7
ROW 160 0 12 16 160 9
ROW 160 1 12 32 160 4
ROW 160 2 7 31 160 0
ROW 160 3 5 8 160 19
ROW 160 4 2 4 160 28
ROW 160 5 214 255 160 1
ROW 160 6 17 21 160 0
ROW 160 7 2 24 160 7
ROW 161 0 14 16 161 9
ROW 161 1 15 32 161 4
ROW 161 2 11 31 161 0
ROW 161 3 1 8 161 19
ROW 161 4 3 4 161 28
ROW 161 5 221 255 161 1
ROW 161 6 0 21 161 0
ROW 161 7 11 24 161 7
ROW 162 0 15 16 162 9
ROW 162 1 17 32 162 4
ROW 162 2 14 31 162 0
ROW 162 3 5 8 162 19
ROW 162 4 3 4 162 28
ROW 162 5 227 255 162 1
ROW 162 6 7 21 162 0
ROW 162 7 19 24 162 7
ROW 163 0 16 16 163 10
ROW 163 1 19 32 163 4
ROW 163 2 17 31 163 0
ROW 163 3 0 8 163 19
ROW 163 4 3 4 163 28
ROW 163 5 233 255 163 1
ROW 163 6 14 21 163 0
ROW 163 7 2 24 163 7
ROW 164 0 0 16 164 10
ROW 164 1 21 32 164 4
ROW 164 2 20 31 164 0
ROW 164 3 4 8 164 19
ROW 164 4 3 4 164 28
ROW 164 5 239 255 164 1
ROW 164 6 21 21 164 0
ROW 164 7 10 24 164 7
ROW 165 0 1 16 165 10
ROW 165 1 23 32 165 4
ROW 165 2 23 31 165 0
ROW 165 3 8 8 165 20
ROW 165 4 3 4 165 28
ROW 165 5 245 255 165 1
ROW 165 6 3 21 165 0
ROW 165 7 18 24 165 7
ROW 166 0 2 16 166 10
ROW 166 1 25 32 166 4
ROW 166 2 26 31 166 0
ROW 166 3 3 8 166 20
ROW 166 4 3 4 166 28
ROW 166 5 251 255 166 1
ROW 166 6 10 21 166 0
ROW 166 7 1 24 166 7
ROW 167 0 3 16 167 10
ROW 167 1 27 32 167 4
ROW 167 2 29 31 167 0
ROW 167 3 7 8 167 20
ROW 167 4 3 4 167 28
ROW 167 5 1 255 167 1
ROW 167 6 17 21 167 0
ROW 167 7 9 24 167 7
ROW 168 0 5 16 168 10
ROW 168 1 30 32 168 4
ROW 168 2 0 31 168 0
ROW 168 3 3 8 168 20
ROW 168 4 4 4 168 29
ROW 168 5 8 255 168 1
ROW 168 6 0 21 168 0
ROW 168 7 18 24 168 7
ROW 169 0 6 16 169 10
ROW 169 1 32 32 169 5
ROW 169 2 3 31 169 0
ROW 169 3 7 8 169 20
ROW 169 4 4 4 169 30
ROW 169 5 14 255 169 1
ROW 169 6 7 21 169 0
ROW 169 7 1 24 169 7
ROW 170 0 7 16 170 10
ROW 170 1 1 32 170 5
ROW 170 2 6 31 170 0
ROW 170 3 2 8 170 20
ROW 170 4 4 4 170 31
ROW 170 5 20 255 170 1
ROW 170 6 14 21 170 0
ROW 170 7 9 24 170 7
ROW 171 0 8 16 171 10
ROW 171 1 3 32 171 5
ROW 171 2 9 31 171 0
ROW 171 3 6 8 171 20
ROW 171 4 4 4 171 32
ROW 171 5 26 255 171 1
ROW 171 6 21 21 171 0
ROW 171 7 17 24 171 7
ROW 172 0 9 16 172 10
ROW 172 1 5 32 172 5
ROW 172 2 12 31 172 0
ROW 172 3 1 8 172 20
ROW 172 4 4 4 172 33
ROW 172 5 32 255 172 1
ROW 172 6 3 21 172 0
ROW 172 7 0 24 172 7
ROW 173 0 10 16 173 10
ROW 173 1 7 32 173 5
ROW 173 2 15 31 173 0
ROW 173 3 5 8 173 20
ROW 173 4 4 4 173 34
ROW 173 5 38 255 173 1
ROW 173 6 10 21 173 0
ROW 173 7 8 24 173 7
ROW 174 0 11 16 174 10
ROW 174 1 9 32 174 5
ROW 174 2 18 31 174 0
ROW 174 3 0 8 174 20
ROW 174 4 4 4 174 35
ROW 174 5 44 255 174 1
ROW 174 6 17 21 174 0
ROW 174 7 16 24 174 7
ROW 175 0 13 16 175 10
ROW 175 1 12 32 175 5
ROW 175 2 22 31 175 0
ROW 175 3 5 8 175 20
ROW 175 4 0 4 175 35
ROW 175 5 51 255 175 1
ROW 175 6 0 21 175 0
ROW 175 7 0 24 175 7
ROW 176 0 14 16 176 10
ROW 176 1 14 32 176 5
ROW 176 2 25 31 176 0
ROW 176 3 0 8 176 20
ROW 176 4 0 4 176 35
ROW 176 5 57 255 176 1
ROW 176 6 7 21 176 0
ROW 176 7 8 24 176 7
ROW 177 0 15 16 177 10
ROW 177 1 16 32 177 5
ROW 177 2 28 31 177 0
ROW 177 3 4 8 177 20
ROW 177 4 0 4 177 35
ROW 177 5 63 255 177 1
ROW 177 6 14 21 177 0
ROW 177 7 16 24 177 7
ROW 178 0 16 16 178 11
ROW 178 1 18 32 178 5
ROW 178 2 31 31 178 0
ROW 178 3 8 8 178 21
ROW 178 4 0 4 178 35
ROW 178 5 69 255 178 1
ROW 178 6 21 21 178 0
ROW 178 7 24 24 178 8
ROW 179 0 0 16 179 11
ROW 179 1 20 32 179 5
ROW 179 2 1 31 179 0
ROW 179 3 3 8 179 21
ROW 179 4 0 4 179 35
ROW 179 5 75 255 179 1
ROW 179 6 3 21 179 0
ROW 179 7 7 24 179 8
ROW 180 0 1 16 180 11
ROW 180 1 22 32 180 5
ROW 180 2 4 31 180 0
ROW 180 3 7 8 180 21
ROW 180 4 0 4 180 35
ROW 180 5 81 255 180 1
ROW 180 6 10 21 180 0
ROW 180 7 15 24 180 8
ROW 181 0 2 16 181 11
ROW 181 1 24 32 181 5
ROW 181 2 7 31 181 0
ROW 181 3 2 8 181 21
ROW 181 4 0 4 181 35
ROW 181 5 87 255 181 1
ROW 181 6 17 21 181 0
ROW 181 7 23 24 181 8
ROW 182 0 4 16 182 11
ROW 182 1 27 32 182 5
ROW 182 2 11 31 182 0
ROW 182 3 7 8 182 21
ROW 182 4 1 4 182 35
ROW 182 5 94 255 182 1
ROW 182 6 0 21 182 0
ROW 182 7 7 24 182 8
ROW 183 0 5 16 183 11
ROW 183 1 29 32 183 5
ROW 183 2 14 31 183 0
ROW 183 3 2 8 183 21
ROW 183 4 1 4 183 35
ROW 183 5 100 255 183 1
ROW 183 6 7 21 183 0
ROW 183 7 15 24 183 8
ROW 184 0 6 16 184 11
ROW 184 1 31 32 184 5
ROW 184 2 17 31 184 0
ROW 184 3 6 8 184 21
ROW 184 4 1 4 184 35
ROW 184 5 106 255 184 1
ROW 184 6 14 21 184 0
ROW 184 7 23 24 184 8
ROW 185 0 7 16 185 11
ROW 185 1 0 32 185 5
ROW 185 2 20 31 185 0
ROW 185 3 1 8 185 21
ROW 185 4 1 4 185 35
ROW 185 5 112 255 185 1
ROW 185 6 21 21 185 0
ROW 185 7 6 24 185 8
ROW 186 0 8 16 186 11
ROW 186 1 2 32 186 5
ROW 186 2 23 31 186 0
ROW 186 3 5 8 186 21
ROW 186 4 1 4 186 35
ROW 186 5 118 255 186 1
ROW 186 6 3 21 186 0
ROW 186 7 14 24 186 8
ROW 187 0 9 16 187 11
ROW 187 1 4 32 187 5
ROW 187 2 26 31 187 0
ROW 187 3 0 8 187 21
ROW 187 4 1 4 187 35
ROW 187 5 124 255 187 1
ROW 187 6 10 21 187 0
ROW 187 7 22 24 187 8
ROW 188 0 10 16 188 11
ROW 188 1 6 32 188 5
ROW 188 2 29 31 188 0
ROW 188 3 4 8 188 21
ROW 188 4 1 4 188 35
ROW 188 5 130 255 188 1
ROW 188 6 17 21 188 0
ROW 188 7 5 24 188 8
ROW 189 0 12 16 189 11
ROW 189 1 9 32 189 5
ROW 189 2 0 31 189 0
ROW 189 3 0 8 189 21
ROW 189 4 2 4 189 35
ROW 189 5 137 255 189 1
ROW 189 6 0 21 189 0
ROW 189 7 14 24 189 8
ROW 190 0 13 16 190 11
ROW 190 1 11 32 190 5
ROW 190 2 3 31 190 0
ROW 190 3 4 8 190 21
ROW 190 4 2 4 190 35
ROW 190 5 143 255 190 1
ROW 190 6 7 21 190 0
ROW 190 7 22 24 190 8
ROW 191 0 14 16 191 11
ROW 191 1 13 32 191 5
ROW 191 2 6 31 191 0
ROW 191 3 8 8 191 22
ROW 191 4 2 4 191 35
ROW 191 5 149 255 191 1
ROW 191 6 14 21 191 0
ROW 191 7 5 24 191 8
ROW 192 0 15 16 192 11
ROW 192 1 15 32 192 5
ROW 192 2 9 31 192 0
ROW 192 3 3 8 192 22
ROW 192 4 2 4 192 35
ROW 192 5 155 255 192 1
ROW 192 6 21 21 192 0
ROW 192 7 13 24 192 8
ROW 193 0 16 16 193 12
ROW 193 1 17 32 193 5
ROW 193 2 12 31 193 0
ROW 193 3 7 8 193 22
ROW 193 4 2 4 193 35
ROW 193 5 161 255 193 1
ROW 193 6 3 21 193 0
ROW 193 7 21 24 193 8
ROW 194 0 0 16 194 12
ROW 194 1 19 32 194 5
ROW 194 2 15 31 194 0
ROW 194 3 2 8 194 22
ROW 194 4 2 4 194 35
ROW 194 5 167 255 194 1
ROW 194 6 10 21 194 0
ROW 194 7 4 24 194 8
ROW 195 0 1 16 195 12
ROW 195 1 21 32 195 5
ROW 195 2 18 31 195 0
ROW 195 3 6 8 195 22
ROW 195 4 2 4 195 35
ROW 195 5 173 255 195 1
ROW 195 6 17 21 195 0
ROW 195 7 12 24 195 8
ROW 196 0 3 16 196 12
ROW 196 1 24 32 196 5
ROW 196 2 22 31 196 0
ROW 196 3 2 8 196 22
ROW 196 4 3 4 196 35
ROW 196 5 180 255 196 1
ROW 196 6 0 21 196 0
ROW 196 7 21 24 196 8
ROW 197 0 4 16 197 12
ROW 197 1 26 32 197 5
ROW 197 2 25 31 197 0
ROW 197 3 6 8 197 22
ROW 197 4 3 4 197 35
ROW 197 5 186 255 197 1
ROW 197 6 7 21 197 0
ROW 197 7 4 24 197 8
ROW 198 0 5 16 198 12
ROW 198 1 28 32 198 5
ROW 198 2 28 31 198 0
ROW 198 3 1 8 198 22
ROW 198 4 3 4 198 35
ROW 198 5 192 255 198 1
ROW 198 6 14 21 198 0
ROW 198 7 12 24 198 8
ROW 199 0 6 16 199 12
ROW 199 1 30 32 199 5
ROW 199 2 31 31 199 0
ROW 199 3 5 8 199 22
ROW 199 4 3 4 199 35
ROW 199 5 198 255 199 1
ROW 199 6 21 21 199 0
ROW 199 7 20 24 199 8
ROW 200 0 7 16 200 12
ROW 200 1 32 32 200 6
ROW 200 2 1 31 200 0
ROW 200 3 0 8 200 22
ROW 200 4 3 4 200 35
ROW 200 5 204 255 200 1
ROW 200 6 3 21 200 0
ROW 200 7 3 24 200 8
ROW 201 0 8 16 201 12
ROW 201 1 1 32 201 6
ROW 201 2 4 31 201 0
ROW 201 3 4 8 201 22
ROW 201 4 3 4 201 35
ROW 201 5 210 255 201 1
ROW 201 6 10 21 201 0
ROW 201 7 11 24 201 8
ROW 202 0 9 16 202 12
ROW 202 1 3 32 202 6
ROW 202 2 7 31 202 0
ROW 202 3 8 8 202 23
ROW 202 4 3 4 202 35
ROW 202 5 216 255 202 1
ROW 202 6 17 21 202 0
ROW 202 7 19 24 202 8
ROW 203 0 11 16 203 12
ROW 203 1 6 32 203 6
ROW 203 2 11 31 203 0
ROW 203 3 4 8 203 23
ROW 203 4 4 4 203 36
ROW 203 5 223 255 203 1
ROW 203 6 0 21 203 0
ROW 203 7 3 24 203 8
ROW 204 0 12 16 204 12
ROW 204 1 8 32 204 6
ROW 204 2 14 31 204 0
ROW 204 3 8 8 204 24
ROW 204 4 4 4 204 37
ROW 204 5 229 255 204 1
ROW 204 6 7 21 204 0
ROW 204 7 11 24 204 8
ROW 205 0 13 16 205 12
ROW 205 1 10 32 205 6
ROW 205 2 17 31 205 0
ROW 205 3 3 8 205 24
ROW 205 4 4 4 205 38
ROW 205 5 235 255 205 1
ROW 205 6 14 21 205 0
ROW 205 7 19 24 205 8
ROW 206 0 14 16 206 12
ROW 206 1 12 32 206 6
ROW 206 2 20 31 206 0
ROW 206 3 7 8 206 24
ROW 206 4 4 4 206 39
ROW 206 5 241 255 206 1
ROW 206 6 21 21 206 0
ROW 206 7 2 24 206 8
ROW 207 0 15 16 207 12
ROW 207 1 14 32 207 6
ROW 207 2 23 31 207 0
ROW 207 3 2 8 207 24
ROW 207 4 4 4 207 40
ROW 207 5 247 255 207 1
ROW 207 6 3 21 207 0
ROW 207 7 10 24 207 8
ROW 208 0 16 16 208 13
ROW 208 1 16 32 208 6
ROW 208 2 26 31 208 0
ROW 208 3 6 8 208 24
ROW 208 4 4 4 208 41
ROW 208 5 253 255 208 1
ROW 208 6 10 21 208 0
ROW 208 7 18 24 208 8
ROW 209 0 0 16 209 13
ROW 209 1 18 32 209 6
ROW 209 2 29 31 209 0
ROW 209 3 1 8 209 24
ROW 209 4 4 4 209 42
ROW 209 5 3 255 209 1
ROW 209 6 17 21 209 0
ROW 209 7 1 24 209 8
ROW 210 0 2 16 210 13
ROW 210 1 21 32 210 6
ROW 210 2 0 31 210 0
ROW 210 3 6 8 210 24
ROW 210 4 0 4 210 42
ROW 210 5 10 255 210 1
ROW 210 6 0 21 210 0
ROW 210 7 10 24 210 8
ROW 211 0 3 16 211 13
ROW 211 1 23 32 211 6
ROW 211 2 3 31 211 0
ROW 211 3 1 8 211 24
ROW 211 4 0 4 211 42
ROW 211 5 16 255 211 1
ROW 211 6 7 21 211 0
ROW 211 7 18 24 211 8
ROW 212 0 4 16 212 13
ROW 212 1 25 32 212 6
ROW 212 2 6 31 212 0
ROW 212 3 5 8 212 24
ROW 212 4 0 4 212 42
ROW 212 5 22 255 212 1
ROW 212 6 14 21 212 0
ROW 212 7 1 24 212 8
ROW 213 0 5 16 213 13
ROW 213 1 27 32 213 6
ROW 213 2 9 31 213 0
ROW 213 3 0 8 213 24
ROW 213 4 0 4 213 42
ROW 213 5 28 255 213 1
ROW 213 6 21 21 213 0
ROW 213 7 9 24 213 8
ROW 214 0 6 16 214 13
ROW 214 1 29 32 214 6
ROW 214 2 12 31 214 0
ROW 214 3 4 8 214 24
ROW 214 4 0 4 214 42
ROW 214 5 34 255 214 1
ROW 214 6 3 21 214 0
ROW 214 7 17 24 214 8
ROW 215 0 7 16 215 13
ROW 215 1 31 32 215 6
ROW 215 2 15 31 215 0
ROW 215 3 8 8 215 25
ROW 215 4 0 4 215 42
ROW 215 5 40 255 215 1
ROW 215 6 10 21 215 0
ROW 215 7 0 24 215 8
ROW 216 0 8 16 216 13
ROW 216 1 0 32 216 6
ROW 216 2 18 31 216 0
ROW 216 3 3 8 216 25
ROW 216 4 0 4 216 42
ROW 216 5 46 255 216 1
ROW 216 6 17 21 216 0
ROW 216 7 8 24 216 8
ROW 217 0 10 16 217 13
ROW 217 1 3 32 217 6
ROW 217 2 22 31 217 0
ROW 217 3 8 8 217 26
ROW 217 4 1 4 217 42
ROW 217 5 53 255 217 1
ROW 217 6 0 21 217 0
ROW 217 7 17 24 217 8
ROW 218 0 11 16 218 13
ROW 218 1 5 32 218 6
ROW 218 2 25 31 218 0
ROW 218 3 3 8 218 26
ROW 218 4 1 4 218 42
ROW 218 5 59 255 218 1
ROW 218 6 7 21 218 0
ROW 218 7 0 24 218 8
ROW 219 0 12 16 219 13
ROW 219 1 7 32 219 6
ROW 219 2 28 31 219 0
ROW 219 3 7 8 219 26
ROW 219 4 1 4 219 42
ROW 219 5 65 255 219 1
ROW 219 6 14 21 219 0
ROW 219 7 8 24 219 8
ROW 220 0 13 16 220 13
ROW 220 1 9 32 220 6
ROW 220 2 31 31 220 0
ROW 220 3 2 8 220 26
ROW 220 4 1 4 220 42
ROW 220 5 71 255 220 1
ROW 220 6 21 21 220 0
ROW 220 7 16 24 220 8
ROW 221 0 14 16 221 13
ROW 221 1 11 32 221 6
ROW 221 2 1 31 221 0
ROW 221 3 6 8 221 26
ROW 221 4 1 4 221 42
ROW 221 5 77 255 221 1
ROW 221 6 3 21 221 0
ROW 221 7 24 24 221 9
ROW 222 0 15 16 222 13
ROW 222 1 13 32 222 6
ROW 222 2 4 31 222 0
ROW 222 3 1 8 222 26
ROW 222 4 1 4 222 42
ROW 222 5 83 255 222 1
ROW 222 6 10 21 222 0
ROW 222 7 7 24 222 9
ROW 223 0 16 16 223 14
ROW 223 1 15 32 223 6
ROW 223 2 7 31 223 0
ROW 223 3 5 8 223 26
ROW 223 4 1 4 223 42
ROW 223 5 89 255 223 1
ROW 223 6 17 21 223 0
ROW 223 7 15 24 223 9
ROW 224 0 1 16 224 14
ROW 224 1 18 32 224 6
ROW 224 2 11 31 224 0
ROW 224 3 1 8 224 26
ROW 224 4 2 4 224 42
ROW 224 5 96 255 224 1
ROW 224 6 0 21 224 0
ROW 224 7 24 24 224 10
ROW 225 0 2 16 225 14
ROW 225 1 20 32 225 6
ROW 225 2 14 31 225 0
ROW 225 3 5 8 225 26
ROW 225 4 2 4 225 42
ROW 225 5 102 255 225 1
ROW 225 6 7 21 225 0
ROW 225 7 7 24 225 10
ROW 226 0 3 16 226 14
ROW 226 1 22 32 226 6
ROW 226 2 17 31 226 0
ROW 226 3 0 8 226 26
ROW 226 4 2 4 226 42
ROW 226 5 108 255 226 1
ROW 226 6 14 21 226 0
ROW 226 7 15 24 226 10
ROW 227 0 4 16 227 14
ROW 227 1 24 32 227 6
ROW 227 2 20 31 227 0
ROW 227 3 4 8 227 26
ROW 227 4 2 4 227 42
ROW 227 5 114 255 227 1
ROW 227 6 21 21 227 0
ROW 227 7 23 24 227 10
ROW 228 0 5 16 228 14
ROW 228 1 26 32 228 6
ROW 228 2 23 31 228 0
ROW 228 3 8 8 228 27
ROW 228 4 2 4 228 42
ROW 228 5 120 255 228 1
ROW 228 6 3 21 228 0
ROW 228 7 6 24 228 10
ROW 229 0 6 16 229 14
ROW 229 1 28 32 229 6
ROW 229 2 26 31 229 0
ROW 229 3 3 8 229 27
ROW 229 4 2 4 229 42
ROW 229 5 126 255 229 1
ROW 229 6 10 21 229 0
ROW 229 7 14 24 229 10
ROW 230 0 7 16 230 14
ROW 230 1 30 32 230 6
ROW 230 2 29 31 230 0
ROW 230 3 7 8 230 27
ROW 230 4 2 4 230 42
ROW 230 5 132 255 230 1
ROW 230 6 17 21 230 0
ROW 230 7 22 24 230 10
ROW 231 0 9 16 231 14
ROW 231 1 0 32 231 6
ROW 231 2 0 31 231 0
ROW 231 3 3 8 231 27
ROW 231 4 3 4 231 42
ROW 231 5 139 255 231 1
ROW 231 6 0 21 231 0
ROW 231 7 6 24 231 10
ROW 232 0 10 16 232 14
ROW 232 1 2 32 232 6
ROW 232 2 3 31 232 0
ROW 232 3 7 8 232 27
ROW 232 4 3 4 232 42
ROW 232 5 145 255 232 1
ROW 232 6 7 21 232 0
ROW 232 7 14 24 232 10
ROW 233 0 11 16 233 14
ROW 233 1 4 32 233 6
ROW 233 2 6 31 233 0
ROW 233 3 2 8 233 27
ROW 233 4 3 4 233 42
ROW 233 5 151 255 233 1
ROW 233 6 14 21 233 0
ROW 233 7 22 24 233 10
ROW 234 0 12 16 234 14
ROW 234 1 6 32 234 6
ROW 234 2 9 31 234 0
ROW 234 3 6 8 234 27
ROW 234 4 3 4 234 42
ROW 234 5 157 255 234 1
ROW 234 6 21 21 234 0
ROW 234 7 5 24 234 10
ROW 235 0 13 16 235 14
ROW 235 1 8 32 235 6
ROW 235 2 12 31 235 0
ROW 235 3 1 8 235 27
ROW 235 4 3 4 235 42
ROW 235 5 163 255 235 1
ROW 235 6 3 21 235 0
ROW 235 7 13 24 235 10
ROW 236 0 14 16 236 14
ROW 236 1 10 32 236 6
ROW 236 2 15 31 236 0
ROW 236 3 5 8 236 27
ROW 236 4 3 4 236 42
ROW 236 5 169 255 236 1
ROW 236 6 10 21 236 0
ROW 236 7 21 24 236 10
ROW 237 0 15 16 237 14
ROW 237 1 12 32 237 6
ROW 237 2 18 31 237 0
ROW 237 3 0 8 237 27
ROW 237 4 3 4 237 42
ROW 237 5 175 255 237 1
ROW 237 6 17 21 237 0
ROW 237 7 4 24 237 10
ROW 238 0 0 16 238 14
ROW 238 1 15 32 238 6
ROW 238 2 22 31 238 0
ROW 238 3 5 8 238 27
ROW 238 4 4 4 238 43
ROW 238 5 182 255 238 1
ROW 238 6 0 21 238 0
ROW 238 7 13 24 238 10
ROW 239 0 1 16 239 14
ROW 239 1 17 32 239 6
ROW 239 2 25 31 239 0
ROW 239 3 0 8 239 27
ROW 239 4 4 4 239 44
ROW 239 5 188 255 239 1
ROW 239 6 7 21 239 0
ROW 239 7 21 24 239 10
ROW 240 0 2 16 240 14
ROW 240 1 19 32 240 6
ROW 240 2 28 31 240 0
ROW 240 3 4 8 240 27
ROW 240 4 4 4 240 45
ROW 240 5 194 255 240 1
ROW 240 6 14 21 240 0
ROW 240 7 4 24 240 10
ROW 241 0 3 16 241 14
ROW 241 1 21 32 241 6
ROW 241 2 31 31 241 0
ROW 241 3 8 8 241 28
ROW 241 4 4 4 241 46
ROW 241 5 200 255 241 1
ROW 241 6 21 21 241 0
ROW 241 7 12 24 241 10
ROW 242 0 4 16 242 14
ROW 242 1 23 32 242 6
ROW 242 2 1 31 242 0
ROW 242 3 3 8 242 28
ROW 242 4 4 4 242 47
ROW 242 5 206 255 242 1
ROW 242 6 3 21 242 0
ROW 242 7 20 24 242 10
ROW 243 0 5 16 243 14
ROW 243 1 25 32 243 6
ROW 243 2 4 31 243 0
ROW 243 3 7 8 243 28
ROW 243 4 4 4 243 48
ROW 243 5 212 255 243 1
ROW 243 6 10 21 243 0
ROW 243 7 3 24 243 10
ROW 244 0 6 16 244 14
ROW 244 1 27 32 244 6
ROW 244 2 7 31 244 0
ROW 244 3 2 8 244 28
ROW 244 4 4 4 244 49
ROW 244 5 218 255 244 1
ROW 244 6 17 21 244 0
ROW 244 7 11 24 244 10
ROW 245 0 8 16 245 14
ROW 245 1 30 32 245 6
ROW 245 2 11 31 245 0
ROW 245 3 7 8 245 28
ROW 245 4 0 4 245 49
ROW 245 5 225 255 245 1
ROW 245 6 0 21 245 0
ROW 245 7 20 24 245 10
ROW 246 0 9 16 246 14
ROW 246 1 32 32 246 7
ROW 246 2 14 31 246 0
ROW 246 3 2 8 246 28
ROW 246 4 0 4 246 49
ROW 246 5 231 255 246 1
ROW 246 6 7 21 246 0
ROW 246 7 3 24 246 10
ROW 247 0 10 16 247 14
ROW 247 1 1 32 247 7
ROW 247 2 17 31 247 0
ROW 247 3 6 8 247 28
ROW 247 4 0 4 247 49
ROW 247 5 237 255 247 1
ROW 247 6 14 21 247 0
ROW 247 7 11 24 247 10
ROW 248 0 11 16 248 14
ROW 248 1 3 32 248 7
ROW 248 2 20 31 248 0
ROW 248 3 1 8 248 28
ROW 248 4 0 4 248 49
ROW 248 5 243 255 248 1
ROW 248 6 21 21 248 0
ROW 248 7 19 24 248 10
ROW 249 0 12 16 249 14
ROW 249 1 5 32 249 7
ROW 249 2 23 31 249 0
ROW 249 3 5 8 249 28
ROW 249 4 0 4 249 49
ROW 249 5 249 255 249 1
ROW 249 6 3 21 249 0
ROW 249 7 2 24 249 10
ROW 250 0 13 16 250 14
ROW 250 1 7 32 250 7
ROW 250 2 26 31 250 0
ROW 250 3 0 8 250 28
ROW 250 4 0 4 250 49
ROW 250 5 255 255 250 2
ROW 250 6 10 21 250 0
ROW 250 7 10 24 250 10
ROW 251 0 14 16 251 14
ROW 251 1 9 32 251 7
ROW 251 2 29 31 251 0
ROW 251 3 4 8 251 28
ROW 251 4 0 4 251 49
ROW 251 5 5 255 251 2
ROW 251 6 17 21 251 0
ROW 251 7 18 24 251 10
ROW 252 0 16 16 252 15
ROW 252 1 12 32 252 7
ROW 252 2 0 31 252 0
ROW 252 3 0 8 252 28
ROW 252 4 1 4 252 49
ROW 252 5 12 255 252 2
ROW 252 6 0 21 252 0
ROW 252 7 2 24 252 10
ROW 253 0 0 16 253 15
ROW 253 1 14 32 253 7
ROW 253 2 3 31 253 0
ROW 253 3 4 8 253 28
ROW 253 4 1 4 253 49
ROW 253 5 18 255 253 2
ROW 253 6 7 21 253 0
ROW 253 7 10 24 253 10
ROW 254 0 1 16 254 15
ROW 254 1 16 32 254 7
ROW 254 2 6 31 254 0
ROW 254 3 8 8 254 29
ROW 254 4 1 4 254 49
ROW 254 5 24 255 254 2
ROW 254 6 14 21 254 0
ROW 254 7 18 24 254 10
ROW 255 0 2 16 255 15
ROW 255 1 18 32 255 7
ROW 255 2 9 31 255 0
ROW 255 3 3 8 255 29
ROW 255 4 1 4 255 49
ROW 255 5 30 255 255 2
ROW 255 6 21 21 255 0
ROW 255 7 1 24 255 10
ROW 256 0 3 16 256 15
ROW 256 1 20 32 256 7
ROW 256 2 12 31 256 0
ROW 256 3 7 8 256 29
ROW 256 4 1 4 256 49
ROW 256 5 36 255 256 2
ROW 256 6 3 21 256 0
ROW 256 7 9 24 256 10
ROW 257 0 4 16 257 15
ROW 257 1 22 32 257 7
ROW 257 2 15 31 257 0
ROW 257 3 2 8 257 29
ROW 257 4 1 4 257 49
ROW 257 5 42 255 257 2
ROW 257 6 10 21 257 0
ROW 257 7 17 24 257 10
ROW 258 0 5 16 258 15
ROW 258 1 24 32 258 7
ROW 258 2 18 31 258 0
ROW 258 3 6 8 258 29
ROW 258 4 1 4 258 49
ROW 258 5 48 255 258 2
ROW 258 6 17 21 258 0
ROW 258 7 0 24 258 10
ROW 259 0 7 16 259 15
ROW 259 1 27 32 259 7
ROW 259 2 22 31 259 0
ROW 259 3 2 8 259 29
ROW 259 4 2 4 259 49
ROW 259 5 55 255 259 2
ROW 259 6 0 21 259 0
ROW 259 7 9 24 259 10
ROW 260 0 8 16 260 15
ROW 260 1 29 32 260 7
ROW 260 2 25 31 260 0
ROW 260 3 6 8 260 29
ROW 260 4 2 4 260 49
ROW 260 5 61 255 260 2
ROW 260 6 7 21 260 0
ROW 260 7 17 24 260 10
ROW 261 0 9 16 261 15
ROW 261 1 31 32 261 7
ROW 261 2 28 31 261 0
ROW 261 3 1 8 261 29
ROW 261 4 2 4 261 49
ROW 261 5 67 255 261 2
ROW 261 6 14 21 261 0
ROW 261 7 0 24 261 10
ROW 262 0 10 16 262 15
ROW 262 1 0 32 262 7
ROW 262 2 31 31 262 0
ROW 262 3 5 8 262 29
ROW 262 4 2 4 262 49
ROW 262 5 73 255 262 2
ROW 262 6 21 21 262 0
ROW 262 7 8 24 262 10
ROW 263 0 11 16 263 15
ROW 263 1 2 32 263 7
ROW 263 2 1 31 263 0
ROW 263 3 0 8 263 29
ROW 263 4 2 4 263 49
ROW 263 5 79 255 263 2
ROW 263 6 3 21 263 0
ROW 263 7 16 24 263 10
ROW 264 0 12 16 264 15
ROW 264 1 4 32 264 7
ROW 264 2 4 31 264 0
ROW 264 3 4 8 264 29
ROW 264 4 2 4 264 49
ROW 264 5 85 255 264 2
ROW 264 6 10 21 264 0
ROW 264 7 24 24 264 11
ROW 265 0 13 16 265 15
ROW 265 1 6 32 265 7
ROW 265 2 7 31 265 0
ROW 265 3 8 8 265 30
ROW 265 4 2 4 265 49
ROW 265 5 91 255 265 2
ROW 265 6 17 21 265 0
ROW 265 7 7 24 265 11
ROW 266 0 15 16 266 15
ROW 266 1 9 32 266 7
ROW 266 2 11 31 266 0
ROW 266 3 4 8 266 30
ROW 266 4 3 4 266 49
ROW 266 5 98 255 266 2
ROW 266 6 0 21 266 0
ROW 266 7 16 24 266 11
ROW 267 0 16 16 267 16
ROW 267 1 11 32 267 7
ROW 267 2 14 31 267 0
ROW 267 3 8 8 267 31
ROW 267 4 3 4 267 49
ROW 267 5 104 255 267 2
ROW 267 6 7 21 267 0
ROW 267 7 24 24 267 12
ROW 268 0 0 16 268 16
ROW 268 1 13 32 268 7
ROW 268 2 17 31 268 0
ROW 268 3 3 8 268 31
ROW 268 4 3 4 268 49
ROW 268 5 110 255 268 2
ROW 268 6 14 21 268 0
ROW 268 7 7 24 268 12
ROW 269 0 1 16 269 16
ROW 269 1 15 32 269 7
ROW 269 2 20 31 269 0
ROW 269 3 7 8 269 31
ROW 269 4 3 4 269 49
ROW 269 5 116 255 269 2
ROW 269 6 21 21 269 0
ROW 269 7 15 24 269 12
ROW 270 0 2 16 270 16
ROW 270 1 17 32 270 7
ROW 270 2 23 31 270 0
ROW 270 3 2 8 270 31
ROW 270 4 3 4 270 49
ROW 270 5 122 255 270 2
ROW 270 6 3 21 270 0
ROW 270 7 23 24 270 12
ROW 271 0 3 16 271 16
ROW 271 1 19 32 271 7
ROW 271 2 26 31 271 0
ROW 271 3 6 8 271 31
ROW 271 4 3 4 271 49
ROW 271 5 128 255 271 2
ROW 271 6 10 21 271 0
ROW 271 7 6 24 271 12
ROW 272 0 4 16 272 16
ROW 272 1 21 32 272 7
ROW 272 2 29 31 272 0
ROW 272 3 1 8 272 31
ROW 272 4 3 4 272 49
ROW 272 5 134 255 272 2
ROW 272 6 17 21 272 0
ROW 272 7 14 24 272 12
ROW 273 0 6 16 273 16
ROW 273 1 24 32 273 7
ROW 273 2 0 31 273 0
ROW 273 3 6 8 273 31
ROW 273 4 4 4 273 50
ROW 273 5 141 255 273 2
ROW 273 6 0 21 273 0
ROW 273 7 23 24 273 12
ROW 274 0 7 16 274 16
ROW 274 1 26 32 274 7
ROW 274 2 3 31 274 0
ROW 274 3 1 8 274 31
ROW 274 4 4 4 274 51
ROW 274 5 147 255 274 2
ROW 274 6 7 21 274 0
ROW 274 7 6 24 274 12
ROW 275 0 8 16 275 16
ROW 275 1 28 32 275 7
ROW 275 2 6 31 275 0
ROW 275 3 5 8 275 31
ROW 275 4 4 4 275 52
ROW 275 5 153 255 275 2
ROW 275 6 14 21 275 0
ROW 275 7 14 24 275 12
ROW 276 0 9 16 276 16
ROW 276 1 30 32 276 7
ROW 276 2 9 31 276 0
ROW 276 3 0 8 276 31
ROW 276 4 4 4 276 53
ROW 276 5 159 255 276 2
ROW 276 6 21 21 276 0
ROW 276 7 22 24 276 12
ROW 277 0 10 16 277 16
ROW 277 1 32 32 277 8
ROW 277 2 12 31 277 0
ROW 277 3 4 8 277 31
ROW 277 4 4 4 277 54
ROW 277 5 165 255 277 2
ROW 277 6 3 21 277 0
ROW 277 7 5 24 277 12
ROW 278 0 11 16 278 16
ROW 278 1 1 32 278 8
ROW 278 2 15 31 278 0
ROW 278 3 8 8 278 32
ROW 278 4 4 4 278 55
ROW 278 5 171 255 278 2
ROW 278 6 10 21 278 0
ROW 278 7 13 24 278 12
ROW 279 0 12 16 279 16
ROW 279 1 3 32 279 8
ROW 279 2 18 31 279 0
ROW 279 3 3 8 279 32
ROW 279 4 4 4 279 56
ROW 279 5 177 255 279 2
ROW 279 6 17 21 279 0
ROW 279 7 21 24 279 12
ROW 280 0 14 16 280 16
ROW 280 1 6 32 280 8
ROW 280 2 22 31 280 0
ROW 280 3 8 8 280 33
ROW 280 4 0 4 280 56
ROW 280 5 184 255 280 2
ROW 280 6 0 21 280 0
ROW 280 7 5 24 280 12
ROW 281 0 15 16 281 16
ROW 281 1 8 32 281 8
ROW 281 2 25 31 281 0
ROW 281 3 3 8 281 33
ROW 281 4 0 4 281 56
ROW 281 5 190 255 281 2
ROW 281 6 7 21 281 0
ROW 281 7 13 24 281 12
ROW 282 0 16 16 282 17
ROW 282 1 10 32 282 8
ROW 282 2 28 31 282 0
ROW 282 3 7 8 282 33
ROW 282 4 0 4 282 56
ROW 282 5 196 255 282 2
ROW 282 6 14 21 282 0
ROW 282 7 21 24 282 12
ROW 283 0 0 16 283 17
ROW 283 1 12 32 283 8
ROW 283 2 31 31 283 0
ROW 283 3 2 8 283 33
ROW 283 4 0 4 283 56
ROW 283 5 202 255 283 2
ROW 283 6 21 21 283 0
ROW 283 7 4 24 283 12
ROW 284 0 1 16 284 17
ROW 284 1 14 32 284 8
ROW 284 2 1 31 284 0
ROW 284 3 6 8 284 33
ROW 284 4 0 4 284 56
ROW 284 5 208 255 284 2
ROW 284 6 3 21 284 0
ROW 284 7 12 24 284 12
ROW 285 0 2 16 285 17
ROW 285 1 16 32 285 8
ROW 285 2 4 31 285 0
ROW 285 3 1 8 285 33
ROW 285 4 0 4 285 56
ROW 285 5 214 255 285 2
ROW 285 6 10 21 285 0
ROW 285 7 20 24 285 12
ROW 286 0 3 16 286 17
ROW 286 1 18 32 286 8
ROW 286 2 7 31 286 0
ROW 286 3 5 8 286 33
ROW 286 4 0 4 286 56
ROW 286 5 220 255 286 2
ROW 286 6 17 21 286 0
ROW 286 7 3 24 286 12
ROW 287 0 5 16 287 17
ROW 287 1 21 32 287 8
ROW 287 2 11 31 287 0
ROW 287 3 1 8 287 33
ROW 287 4 1 4 287 56
ROW 287 5 227 255 287 2
ROW 287 6 0 21 287 0
ROW 287 7 12 24 287 12
ROW 288 0 6 16 288 17
ROW 288 1 23 32 288 8
ROW 288 2 14 31 288 0
ROW 288 3 5 8 288 33
ROW 288 4 1 4 288 56
ROW 288 5 233 255 288 2
ROW 288 6 7 21 288 0
ROW 288 7 20 24 288 12
ROW 289 0 7 16 289 17
ROW 289 1 25 32 289 8
ROW 289 2 17 31 289 0
ROW 289 3 0 8 289 33
ROW 289 4 1 4 289 56
ROW 289 5 239 255 289 2
ROW 289 6 14 21 289 0
ROW 289 7 3 24 289 12
ROW 290 0 8 16 290 17
ROW 290 1 27 32 290 8
ROW 290 2 20 31 290 0
ROW 290 3 4 8 290 33
ROW 290 4 1 4 290 56
ROW 290 5 245 255 290 2
ROW 290 6 21 21 290 0
ROW 290 7 11 24 290 12
ROW 291 0 9 16 291 17
ROW 291 1 29 32 291 8
ROW 291 2 23 31 291 0
ROW 291 3 8 8 291 34
ROW 291 4 1 4 291 56
ROW 291 5 251 255 291 2
ROW 291 6 3 21 291 0
ROW 291 7 19 24 291 12
ROW 292 0 10 16 292 17
ROW 292 1 31 32 292 8
ROW 292 2 26 31 292 0
ROW 292 3 3 8 292 34
ROW 292 4 1 4 292 56
ROW 292 5 1 255 292 2
ROW 292 6 10 21 292 0
ROW 292 7 2 24 292 12
ROW 293 0 11 16 293 17
ROW 293 1 0 32 293 8
ROW 293 2 29 31 293 0
ROW 293 3 7 8 293 34
ROW 293 4 1 4 293 56
ROW 293 5 7 255 293 2
ROW 293 6 17 21 293 0
ROW 293 7 10 24 293 12
ROW 294 0 13 16 294 17
ROW 294 1 3 32 294 8
ROW 294 2 0 31 294 0
ROW 294 3 3 8 294 34
ROW 294 4 2 4 294 56
ROW 294 5 14 255 294 2
ROW 294 6 0 21 294 0
ROW 294 7 19 24 294 12
ROW 295 0 14 16 295 17
ROW 295 1 5 32 295 8
ROW 295 2 3 31 295 0
ROW 295 3 7 8 295 34
ROW 295 4 2 4 295 56
ROW 295 5 20 255 295 2
ROW 295 6 7 21 295 0
ROW 295 7 2 24 295 12
ROW 296 0 15 16 296 17
ROW 296 1 7 32 296 8
ROW 296 2 6 31 296 0
ROW 296 3 2 8 296 34
ROW 296 4 2 4 296 56
ROW 296 5 26 255 296 2
ROW 296 6 14 21 296 0
ROW 296 7 10 24 296 12
ROW 297 0 16 16 297 18
ROW 297 1 9 32 297 8
ROW 297 2 9 31 297 0
ROW 297 3 6 8 297 34
ROW 297 4 2 4 297 56
ROW 297 5 32 255 297 2
ROW 297 6 21 21 297 0
ROW 297 7 18 24 297 12
ROW 298 0 0 16 298 18
ROW 298 1 11 32 298 8
ROW 298 2 12 31 298 0
ROW 298 3 1 8 298 34
ROW 298 4 2 4 298 56
ROW 298 5 38 255 298 2
ROW 298 6 3 21 298 0
ROW 298 7 1 24 298 12
ROW 299 0 1 16 299 18
ROW 299 1 13 32 299 8
ROW 299 2 15 31 299 0
ROW 299 3 5 8 299 34
ROW 299 4 2 4 299 56
ROW 299 5 44 255 299 2
ROW 299 6 10 21 299 0
ROW 299 7 9 24 299 12
ROW 300 0 2 16 300 18
ROW 300 1 15 32 300 8
ROW 300 2 18 31 300 0
ROW 300 3 0 8 300 34
ROW 300 4 2 4 300 56
ROW 300 5 50 255 300 2
ROW 300 6 17 21 300 0
ROW 300 7 17 24 300 12
ROW 301 0 4 16 301 18
ROW 301 1 18 32 301 8
ROW 301 2 22 31 301 0
ROW 301 3 5 8 301 34
ROW 301 4 3 4 301 56
ROW 301 5 57 255 301 2
ROW 301 6 0 21 301 0
ROW 301 7 1 24 301 12
ROW 302 0 5 16 302 18
ROW 302 1 20 32 302 8
ROW 302 2 25 31 302 0
ROW 302 3 0 8 302 34
ROW 302 4 3 4 302 56
ROW 302 5 63 255 302 2
ROW 302 6 7 21 302 0
ROW 302 7 9 24 302 12
ROW 303 0 6 16 303 18
ROW 303 1 22 32 303 8
ROW 303 2 28 31 303 0
ROW 303 3 4 8 303 34
ROW 303 4 3 4 303 56
ROW 303 5 69 255 303 2
ROW 303 6 14 21 303 0
ROW 303 7 17 24 303 12
ROW 304 0 7 16 304 18
ROW 304 1 24 32 304 8
ROW 304 2 31 31 304 0
ROW 304 3 8 8 304 35
ROW 304 4 3 4 304 56
ROW 304 5 75 255 304 2
ROW 304 6 21 21 304 0
ROW 304 7 0 24 304 12
ROW 305 0 8 16 305 18
ROW 305 1 26 32 305 8
ROW 305 2 1 31 305 0
ROW 305 3 3 8 305 35
ROW 305 4 3 4 305 56
ROW 305 5 81 255 305 2
ROW 305 6 3 21 305 0
ROW 305 7 8 24 305 12
ROW 306 0 9 16 306 18
ROW 306 1 28 32 306 8
ROW 306 2 4 31 306 0
ROW 306 3 7 8 306 35
ROW 306 4 3 4 306 56
ROW 306 5 87 255 306 2
ROW 306 6 10 21 306 0
ROW 306 7 16 24 306 12
ROW 307 0 10 16 307 18
ROW 307 1 30 32 307 8
ROW 307 2 7 31 307 0
ROW 307 3 2 8 307 35
ROW 307 4 3 4 307 56
ROW 307 5 93 255 307 2
ROW 307 6 17 21 307 0
ROW 307 7 24 24 307 13
ROW 308 0 12 16 308 18
ROW 308 1 0 32 308 8
ROW 308 2 11 31 308 0
ROW 308 3 7 8 308 35
ROW 308 4 4 4 308 57
ROW 308 5 100 255 308 2
ROW 308 6 0 21 308 0
ROW 308 7 8 24 308 13
ROW 309 0 13 16 309 18
ROW 309 1 2 32 309 8
ROW 309 2 14 31 309 0
ROW 309 3 2 8 309 35
ROW 309 4 4 4 309 58
ROW 309 5 106 255 309 2
ROW 309 6 7 21 309 0
ROW 309 7 16 24 309 13
ROW 310 0 14 16 310 18
ROW 310 1 4 32 310 8
ROW 310 2 17 31 310 0
ROW 310 3 6 8 310 35
ROW 310 4 4 4 310 59
ROW 310 5 112 255 310 2
ROW 310 6 14 21 310 0
ROW 310 7 24 24 310 14
ROW 311 0 15 16 311 18
ROW 311 1 6 32 311 8
ROW 311 2 20 31 311 0
ROW 311 3 1 8 311 35
ROW 311 4 4 4 311 60
ROW 311 5 118 255 311 2
ROW 311 6 21 21 311 0
ROW 311 7 7 24 311 14
ROW 312 0 16 16 312 19
ROW 312 1 8 32 312 8
ROW 312 2 23 31 312 0
ROW 312 3 5 8 312 35
ROW 312 4 4 4 312 61
ROW 312 5 124 255 312 2
ROW 312 6 3 21 312 0
ROW 312 7 15 24 312 14
ROW 313 0 0 16 313 19
ROW 313 1 10 32 313 8
ROW 313 2 26 31 313 0
ROW 313 3 0 8 313 35
ROW 313 4 4 4 313 62
ROW 313 5 130 255 313 2
ROW 313 6 10 21 313 0
ROW 313 7 23 24 313 14
ROW 314 0 1 16 314 19
ROW 314 1 12 32 314 8
ROW 314 2 29 31 314 0
ROW 314 3 4 8 314 35
ROW 314 4 4 4 314 63
ROW 314 5 136 255 314 2
ROW 314 6 17 21 314 0
ROW 314 7 6 24 314 14
ROW 315 0 3 16 315 19
ROW 315 1 15 32 315 8
ROW 315 2 0 31 315 0
ROW 315 3 0 8 315 35
ROW 315 4 0 4 315 63
ROW 315 5 143 255 315 2
ROW 315 6 0 21 315 0
ROW 315 7 15 24 315 14
ROW 316 0 4 16 316 19
ROW 316 1 17 32 316 8
ROW 316 2 3 31 316 0
ROW 316 3 4 8 316 35
ROW 316 4 0 4 316 63
ROW 316 5 149 255 316 2
ROW 316 6 7 21 316 0
ROW 316 7 23 24 316 14
ROW 317 0 5 16 317 19
ROW 317 1 19 32 317 8
ROW 317 2 6 31 317 0
ROW 317 3 8 8 317 36
ROW 317 4 0 4 317 63
ROW 317 5 155 255 317 2
ROW 317 6 14 21 317 0
ROW 317 7 6 24 317 14
ROW 318 0 6 16 318 19
ROW 318 1 21 32 318 8
ROW 318 2 9 31 318 0
ROW 318 3 3 8 318 36
ROW 318 4 0 4 318 63
ROW 318 5 161 255 318 2
ROW 318 6 21 21 318 0
ROW 318 7 14 24 318 14
ROW 319 0 7 16 319 19
ROW 319 1 23 32 319 8
ROW 319 2 12 31 319 0
ROW 319 3 7 8 319 36
ROW 319 4 0 4 319 63
ROW 319 5 167 255 319 2
ROW 319 6 3 21 319 0
ROW 319 7 22 24 319 14
ROW 320 0 8 16 320 19
ROW 320 1 25 32 320 8
ROW 320 2 15 31 320 0
ROW 320 3 2 8 320 36
ROW 320 4 0 4 320 63
ROW 320 5 173 255 320 2
ROW 320 6 10 21 320 0
ROW 320 7 5 24 320 14
ROW 321 0 9 16 321 19
ROW 321 1 27 32 321 8
ROW 321 2 18 31 321 0
ROW 321 3 6 8 321 36
ROW 321 4 0 4 321 63
ROW 321 5 179 255 321 2
ROW 321 6 17 21 321 0
ROW 321 7 13 24 321 14
ROW 322 0 11 16 322 19
ROW 322 1 30 32 322 8
ROW 322 2 22 31 322 0
ROW 322 3 2 8 322 36
ROW 322 4 1 4 322 63
ROW 322 5 186 255 322 2
ROW 322 6 0 21 322 0
ROW 322 7 22 24 322 14
ROW 323 0 12 16 323 19
ROW 323 1 32 32 323 9
ROW 323 2 25 31 323 0
ROW 323 3 6 8 323 36
ROW 323 4 1 4 323 63
ROW 323 5 192 255 323 2
ROW 323 6 7 21 323 0
ROW 323 7 5 24 323 14
ROW 324 0 13 16 324 19
ROW 324 1 1 32 324 9
ROW 324 2 28 31 324 0
ROW 324 3 1 8 324 36
ROW 324 4 1 4 324 63
ROW 324 5 198 255 324 2
ROW 324 6 14 21 324 0
ROW 324 7 13 24 324 14
ROW 325 0 14 16 325 19
ROW 325 1 3 32 325 9
ROW 325 2 31 31 325 0
ROW 325 3 5 8 325 36
ROW 325 4 1 4 325 63
ROW 325 5 204 255 325 2
ROW 325 6 21 21 325 0
ROW 325 7 21 24 325 14
ROW 326 0 15 16 326 19
ROW 326 1 5 32 326 9
ROW 326 2 1 31 326 0
ROW 326 3 0 8 326 36
ROW 326 4 1 4 326 63
ROW 326 5 210 255 326 2
ROW 326 6 3 21 326 0
ROW 326 7 4 24 326 14
ROW 327 0 16 16 327 20
ROW 327 1 7 32 327 9
ROW 327 2 4 31 327 0
ROW 327 3 4 8 327 36
ROW 327 4 1 4 327 63
ROW 327 5 216 255 327 2
ROW 327 6 10 21 327 0
ROW 327 7 12 24 327 14
ROW 328 0 0 16 328 20
ROW 328 1 9 32 328 9
ROW 328 2 7 31 328 0
ROW 328 3 8 8 328 37
ROW 328 4 1 4 328 63
ROW 328 5 222 255 328 2
ROW 328 6 17 21 328 0
ROW 328 7 20 24 328 14
ROW 329 0 2 16 329 20
ROW 329 1 12 32 329 9
ROW 329 2 11 31 329 0
ROW 329 3 4 8 329 37
ROW 329 4 2 4 329 63
ROW 329 5 229 255 329 2
ROW 329 6 0 21 329 0
ROW 329 7 4 24 329 14
ROW 330 0 3 16 330 20
ROW 330 1 14 32 330 9
ROW 330 2 14 31 330 0
ROW 330 3 8 8 330 38
ROW 330 4 2 4 330 63
ROW 330 5 235 255 330 2
ROW 330 6 7 21 330 0
ROW 330 7 12 24 330 14
ROW 331 0 4 16 331 20
ROW 331 1 16 32 331 9
ROW 331 2 17 31 331 0
ROW 331 3 3 8 331 38
ROW 331 4 2 4 331 63
ROW 331 5 241 255 331 2
ROW 331 6 14 21 331 0
ROW 331 7 20 24 331 14
ROW 332 0 5 16 332 20
ROW 332 1 18 32 332 9
ROW 332 2 20 31 332 0
ROW 332 3 7 8 332 38
ROW 332 4 2 4 332 63
ROW 332 5 247 255 332 2
ROW 332 6 21 21 332 0
ROW 332 7 3 24 332 14
ROW 333 0 6 16 333 20
ROW 333 1 20 32 333 9
ROW 333 2 23 31 333 0
ROW 333 3 2 8 333 38
ROW 333 4 2 4 333 63
ROW 333 5 253 255 333 2
ROW 333 6 3 21 333 0
ROW 333 7 11 24 333 14
ROW 334 0 7 16 334 20
ROW 334 1 22 32 334 9
ROW 334 2 26 31 334 0
ROW 334 3 6 8 334 38
ROW 334 4 2 4 334 63
ROW 334 5 3 255 334 2
ROW 334 6 10 21 334 0
ROW 334 7 19 24 334 14
ROW 335 0 8 16 335 20
ROW 335 1 24 32 335 9
ROW 335 2 29 31 335 0
ROW 335 3 1 8 335 38
ROW 335 4 2 4 335 63
ROW 335 5 9 255 335 2
ROW 335 6 17 21 335 0
ROW 335 7 2 24 335 14
ROW 336 0 10 16 336 20
ROW 336 1 27 32 336 9
ROW 336 2 0 31 336 0
ROW 336 3 6 8 336 38
ROW 336 4 3 4 336 63
ROW 336 5 16 255 336 2
ROW 336 6 0 21 336 0
ROW 336 7 11 24 336 14
ROW 337 0 11 16 337 20
ROW 337 1 29 32 337 9
ROW 337 2 3 31 337 0
ROW 337 3 1 8 337 38
ROW 337 4 3 4 337 63
ROW 337 5 22 255 337 2
ROW 337 6 7 21 337 0
ROW 337 7 19 24 337 14
ROW 338 0 12 16 338 20
ROW 338 1 31 32 338 9
ROW 338 2 6 31 338 0
ROW 338 3 5 8 338 38
ROW 338 4 3 4 338 63
ROW 338 5 28 255 338 2
ROW 338 6 14 21 338 0
ROW 338 7 2 24 338 14
ROW 339 0 13 16 339 20
ROW 339 1 0 32 339 9
ROW 339 2 9 31 339 0
ROW 339 3 0 8 339 38
ROW 339 4 3 4 339 63
ROW 339 5 34 255 339 2
ROW 339 6 21 21 339 0
ROW 339 7 10 24 339 14
ROW 340 0 14 16 340 20
ROW 340 1 2 32 340 9
ROW 340 2 12 31 340 0
ROW 340 3 4 8 340 38
ROW 340 4 3 4 340 63
ROW 340 5 40 255 340 2
ROW 340 6 3 21 340 0
ROW 340 7 18 24 340 14
ROW 341 0 15 16 341 20
ROW 341 1 4 32 341 9
ROW 341 2 15 31 341 0
ROW 341 3 8 8 341 39
ROW 341 4 3 4 341 63
ROW 341 5 46 255 341 2
ROW 341 6 10 21 341 0
ROW 341 7 1 24 341 14
ROW 342 0 16 16 342 21
ROW 342 1 6 32 342 9
ROW 342 2 18 31 342 0
ROW 342 3 3 8 342 39
ROW 342 4 3 4 342 63
ROW 342 5 52 255 342 2
ROW 342 6 17 21 342 0
ROW 342 7 9 24 342 14
ROW 343 0 1 16 343 21
ROW 343 1 9 32 343 9
ROW 343 2 22 31 343 0
ROW 343 3 8 8 343 40
ROW 343 4 4 4 343 64
ROW 343 5 59 255 343 2
ROW 343 6 0 21 343 0
ROW 343 7 18 24 343 14
ROW 344 0 2 16 344 21
ROW 344 1 11 32 344 9
ROW 344 2 25 31 344 0
ROW 344 3 3 8 344 40
ROW 344 4 4 4 344 65
ROW 344 5 65 255 344 2
ROW 344 6 7 21 344 0
ROW 344 7 1 24 344 14
ROW 345 0 3 16 345 21
ROW 345 1 13 32 345 9
ROW 345 2 28 31 345 0
ROW 345 3 7 8 345 40
ROW 345 4 4 4 345 66
ROW 345 5 71 255 345 2
ROW 345 6 14 21 345 0
ROW 345 7 9 24 345 14
ROW 346 0 4 16 346 21
ROW 346 1 15 32 346 9
ROW 346 2 31 31 346 0
ROW 346 3 2 8 346 40
ROW 346 4 4 4 346 67
ROW 346 5 77 255 346 2
ROW 346 6 21 21 346 0
ROW 346 7 17 24 346 14
ROW 347 0 5 16 347 21
ROW 347 1 17 32 347 9
ROW 347 2 1 31 347 0
ROW 347 3 6 8 347 40
ROW 347 4 4 4 347 68
ROW 347 5 83 255 347 2
ROW 347 6 3 21 347 0
ROW 347 7 0 24 347 14
ROW 348 0 6 16 348 21
ROW 348 1 19 32 348 9
ROW 348 2 4 31 348 0
ROW 348 3 1 8 348 40
ROW 348 4 4 4 348 69
ROW 348 5 89 255 348 2
ROW 348 6 10 21 348 0
ROW 348 7 8 24 348 14
ROW 349 0 7 16 349 21
ROW 349 1 21 32 349 9
ROW 349 2 7 31 349 0
ROW 349 3 5 8 349 40
ROW 349 4 4 4 349 70
ROW 349 5 95 255 349 2
ROW 349 6 17 21 349 0
ROW 349 7 16 24 349 14
ROW 350 0 9 16 350 21
ROW 350 1 24 32 350 9
ROW 350 2 11 31 350 0
ROW 350 3 1 8 350 40
ROW 350 4 0 4 350 70
ROW 350 5 102 255 350 2
ROW 350 6 0 21 350 0
ROW 350 7 0 24 350 14
ROW 351 0 10 16 351 21
ROW 351 1 26 32 351 9
ROW 351 2 14 31 351 0
ROW 351 3 5 8 351 40
ROW 351 4 0 4 351 70
ROW 351 5 108 255 351 2
ROW 351 6 7 21 351 0
ROW 351 7 8 24 351 14
ROW 352 0 11 16 352 21
ROW 352 1 28 32 352 9
ROW 352 2 17 31 352 0
ROW 352 3 0 8 352 40
ROW 352 4 0 4 352 70
ROW 352 5 114 255 352 2
ROW 352 6 14 21 352 0
ROW 352 7 16 24 352 14
ROW 353 0 12 16 353 21
ROW 353 1 30 32 353 9
ROW 353 2 20 31 353 0
ROW 353 3 4 8 353 40
ROW 353 4 0 4 353 70
ROW 353 5 120 255 353 2
ROW 353 6 21 21 353 0
ROW 353 7 24 24 353 15
ROW 354 0 13 16 354 21
ROW 354 1 32 32 354 10
ROW 354 2 23 31 354 0
ROW 354 3 8 8 354 41
ROW 354 4 0 4 354 70
ROW 354 5 126 255 354 2
ROW 354 6 3 21 354 0
ROW 354 7 7 24 354 15
ROW 355 0 14 16 355 21
ROW 355 1 1 32 355 10
ROW 355 2 26 31 355 0
ROW 355 3 3 8 355 41
ROW 355 4 0 4 355 70
ROW 355 5 132 255 355 2
ROW 355 6 10 21 355 0
ROW 355 7 15 24 355 15
ROW 356 0 15 16 356 21
ROW 356 1 3 32 356 10
ROW 356 2 29 31 356 0
ROW 356 3 7 8 356 41
ROW 356 4 0 4 356 70
ROW 356 5 138 255 356 2
ROW 356 6 17 21 356 0
ROW 356 7 23 24 356 15
ROW 357 0 0 16 357 21
ROW 357 1 6 32 357 10
ROW 357 2 0 31 357 0
ROW 357 3 3 8 357 41
ROW 357 4 1 4 357 70
ROW 357 5 145 255 357 2
ROW 357 6 0 21 357 0
ROW 357 7 7 24 357 15
ROW 358 0 1 16 358 21
ROW 358 1 8 32 358 10
ROW 358 2 3 31 358 0
ROW 358 3 7 8 358 41
ROW 358 4 1 4 358 70
ROW 358 5 151 255 358 2
ROW 358 6 7 21 358 0
ROW 358 7 15 24 358 15
ROW 359 0 2 16 359 21
ROW 359 1 10 32 359 10
ROW 359 2 6 31 359 0
ROW 359 3 2 8 359 41
ROW 359 4 1 4 359 70
ROW 359 5 157 255 359 2
ROW 359 6 14 21 359 0
ROW 359 7 23 24 359 15
ROW 360 0 3 16 360 21
ROW 360 1 12 32 360 10
ROW 360 2 9 31 360 0
ROW 360 3 6 8 360 41
ROW 360 4 1 4 360 70
ROW 360 5 163 255 360 2
ROW 360 6 21 21 360 0
ROW 360 7 6 24 360 15
ROW 361 0 4 16 361 21
ROW 361 1 14 32 361 10
ROW 361 2 12 31 361 0
ROW 361 3 1 8 361 41
ROW 361 4 1 4 361 70
ROW 361 5 169 255 361 2
ROW 361 6 3 21 361 0
ROW 361 7 14 24 361 15
ROW 362 0 5 16 362 21
ROW 362 1 16 32 362 10
ROW 362 2 15 31 362 0
ROW 362 3 5 8 362 41
ROW 362 4 1 4 362 70
ROW 362 5 175 255 362 2
ROW 362 6 10 21 362 0
ROW 362 7 22 24 362 15
ROW 363 0 6 16 363 21
ROW 363 1 18 32 363 10
ROW 363 2 18 31 363 0
ROW 363 3 0 8 363 41
ROW 363 4 1 4 363 70
ROW 363 5 181 255 363 2
ROW 363 6 17 21 363 0
ROW 363 7 5 24 363 15
ROW 364 0 8 16 364 21
ROW 364 1 21 32 364 10
ROW 364 2 22 31 364 0
ROW 364 3 5 8 364 41
ROW 364 4 2 4 364 70
ROW 364 5 188 255 364 2
ROW 364 6 0 21 364 0
ROW 364 7 14 24 364 15
ROW 365 0 9 16 365 21
ROW 365 1 23 32 365 10
ROW 365 2 25 31 365 0
ROW 365 3 0 8 365 41
ROW 365 4 2 4 365 70
ROW 365 5 194 255 365 2
ROW 365 6 7 21 365 0
ROW 365 7 22 24 365 15
ROW 366 0 10 16 366 21
ROW 366 1 25 32 366 10
ROW 366 2 28 31 366 0
ROW 366 3 4 8 366 41
ROW 366 4 2 4 366 70
ROW 366 5 200 255 366 2
ROW 366 6 14 21 366 0
ROW 366 7 5 24 366 15
ROW 367 0 11 16 367 21
ROW 367 1 27 32 367 10
ROW 367 2 31 31 367 0
ROW 367 3 8 8 367 42
ROW 367 4 2 4 367 70
ROW 367 5 206 255 367 2
ROW 367 6 21 21 367 0
ROW 367 7 13 24 367 15
ROW 368 0 12 16 368 21
ROW 368 1 29 32 368 10
ROW 368 2 1 31 368 0
ROW 368 3 3 8 368 42
ROW 368 4 2 4 368 70
ROW 368 5 212 255 368 2
ROW 368 6 3 21 368 0
ROW 368 7 21 24 368 15
ROW 369 0 13 16 369 21
ROW 369 1 31 32 369 10
ROW 369 2 4 31 369 0
ROW 369 3 7 8 369 42
ROW 369 4 2 4 369 70
ROW 369 5 218 255 369 2
ROW 369 6 10 21 369 0
ROW 369 7 4 24 369 15
ROW 370 0 14 16 370 21
ROW 370 1 0 32 370 10
ROW 370 2 7 31 370 0
ROW 370 3 2 8 370 42
ROW 370 4 2 4 370 70
ROW 370 5 224 255 370 2
ROW 370 6 17 21 370 0
ROW 370 7 12 24 370 15
ROW 371 0 16 16 371 22
ROW 371 1 3 32 371 10
ROW 371 2 11 31 371 0
ROW 371 3 7 8 371 42
ROW 371 4 3 4 371 70
ROW 371 5 231 255 371 2
ROW 371 6 0 21 371 0
ROW 371 7 21 24 371 15
ROW 372 0 0 16 372 22
ROW 372 1 5 32 372 10
ROW 372 2 14 31 372 0
ROW 372 3 2 8 372 42
ROW 372 4 3 4 372 70
ROW 372 5 237 255 372 2
ROW 372 6 7 21 372 0
ROW 372 7 4 24 372 15
ROW 373 0 1 16 373 22
ROW 373 1 7 32 373 10
ROW 373 2 17 31 373 0
ROW 373 3 6 8 373 42
ROW 373 4 3 4 373 70
ROW 373 5 243 255 373 2
ROW 373 6 14 21 373 0
ROW 373 7 12 24 373 15
ROW 374 0 2 16 374 22
ROW 374 1 9 32 374 10
ROW 374 2 20 31 374 0
ROW 374 3 1 8 374 42
ROW 374 4 3 4 374 70
ROW 374 5 249 255 374 2
ROW 374 6 21 21 374 0
ROW 374 7 20 24 374 15
ROW 375 0 3 16 375 22
ROW 375 1 11 32 375 10
ROW 375 2 23 31 375 0
ROW 375 3 5 8 375 42
ROW 375 4 3 4 375 70
ROW 375 5 255 255 375 3
ROW 375 6 3 21 375 0
ROW 375 7 3 24 375 15
ROW 376 0 4 16 376 22
ROW 376 1 13 32 376 10
ROW 376 2 26 31 376 0
ROW 376 3 0 8 376 42
ROW 376 4 3 4 376 70
ROW 376 5 5 255 376 3
ROW 376 6 10 21 376 0
ROW 376 7 11 24 376 15
ROW 377 0 5 16 377 22
ROW 377 1 15 32 377 10
ROW 377 2 29 31 377 0
ROW 377 3 4 8 377 42
ROW 377 4 3 4 377 70
ROW 377 5 11 255 377 3
ROW 377 6 17 21 377 0
ROW 377 7 19 24 377 15
ROW 378 0 7 16 378 22
ROW 378 1 18 32 378 10
ROW 378 2 0 31 378 0
ROW 378 3 0 8 378 42
ROW 378 4 4 4 378 71
ROW 378 5 18 255 378 3
ROW 378 6 0 21 378 0
ROW 378 7 3 24 378 15
ROW 379 0 8 16 379 22
ROW 379 1 20 32 379 10
ROW 379 2 3 31 379 0
ROW 379 3 4 8 379 42
ROW 379 4 4 4 379 72
ROW 379 5 24 255 379 3
ROW 379 6 7 21 379 0
ROW 379 7 11 24 379 15
ROW 380 0 9 16 380 22
ROW 380 1 22 32 380 10
ROW 380 2 6 31 380 0
ROW 380 3 8 8 380 43
ROW 380 4 4 4 380 73
ROW 380 5 30 255 380 3
ROW 380 6 14 21 380 0
ROW 380 7 19 24 380 15
ROW 381 0 10 16 381 22
ROW 381 1 24 32 381 10
ROW 381 2 9 31 381 0
ROW 381 3 3 8 381 43
ROW 381 4 4 4 381 74
ROW 381 5 36 255 381 3
ROW 381 6 21 21 381 0
ROW 381 7 2 24 381 15
ROW 382 0 11 16 382 22
ROW 382 1 26 32 382 10
ROW 382 2 12 31 382 0
ROW 382 3 7 8 382 43
ROW 382 4 4 4 382 75
ROW 382 5 42 255 382 3
ROW 382 6 3 21 382 0
ROW 382 7 10 24 382 15
ROW 383 0 12 16 383 22
ROW 383 1 28 32 383 10
ROW 383 2 15 31 383 0
ROW 383 3 2 8 383 43
ROW 383 4 4 4 383 76
ROW 383 5 48 255 383 3
ROW 383 6 10 21 383 0
ROW 383 7 18 24 383 15
ROW 384 0 13 16 384 22
ROW 384 1 30 32 384 10
ROW 384 2 18 31 384 0
ROW 384 3 6 8 384 43
ROW 384 4 4 4 384 77
ROW 384 5 54 255 384 3
ROW 384 6 17 21 384 0
ROW 384 7 1 24 384 15
ROW 385 0 15 16 385 22
ROW 385 1 0 32 385 10
ROW 385 2 22 31 385 0
ROW 385 3 2 8 385 43
ROW 385 4 0 4 385 77
ROW 385 5 61 255 385 3
ROW 385 6 0 21 385 0
ROW 385 7 10 24 385 15
ROW 386 0 16 16 386 23
ROW 386 1 2 32 386 10
ROW 386 2 25 31 386 0
ROW 386 3 6 8 386 43
ROW 386 4 0 4 386 77
ROW 386 5 67 255 386 3
ROW 386 6 7 21 386 0
ROW 386 7 18 24 386 15
ROW 387 0 0 16 387 23
ROW 387 1 4 32 387 10
ROW 387 2 28 31 387 0
ROW 387 3 1 8 387 43
ROW 387 4 0 4 387 77
ROW 387 5 73 255 387 3
ROW 387 6 14 21 387 0
ROW 387 7 1 24 387 15
ROW 388 0 1 16 388 23
ROW 388 1 6 32 388 10
ROW 388 2 31 31 388 0
ROW 388 3 5 8 388 43
ROW 388 4 0 4 388 77
ROW 388 5 79 255 388 3
ROW 388 6 21 21 388 0
ROW 388 7 9 24 388 15
ROW 389 0 2 16 389 23
ROW 389 1 8 32 389 10
ROW 389 2 1 31 389 0
ROW 389 3 0 8 389 43
ROW 389 4 0 4 389 77
ROW 389 5 85 255 389 3
ROW 389 6 3 21 389 0
ROW 389 7 17 24 389 15
ROW 390 0 3 16 390 23
ROW 390 1 10 32 390 10
ROW 390 2 4 31 390 0
ROW 390 3 4 8 390 43
ROW 390 4 0 4 390 77
ROW 390 5 91 255 390 3
ROW 390 6 10 21 390 0
ROW 390 7 0 24 390 15
ROW 391 0 4 16 391 23
ROW 391 1 12 32 391 10
ROW 391 2 7 31 391 0
ROW 391 3 8 8 391 44
ROW 391 4 0 4 391 77
ROW 391 5 97 255 391 3
ROW 391 6 17 21 391 0
ROW 391 7 8 24 391 15
ROW 392 0 6 16 392 23
ROW 392 1 15 32 392 10
ROW 392 2 11 31 392 0
ROW 392 3 4 8 392 44
ROW 392 4 1 4 392 77
ROW 392 5 104 255 392 3
ROW 392 6 0 21 392 0
ROW 392 7 17 24 392 15
ROW 393 0 7 16 393 23
ROW 393 1 17 32 393 10
ROW 393 2 14 31 393 0
ROW 393 3 8 8 393 45
ROW 393 4 1 4 393 77
ROW 393 5 110 255 393 3
ROW 393 6 7 21 393 0
ROW 393 7 0 24 393 15
ROW 394 0 8 16 394 23
ROW 394 1 19 32 394 10
ROW 394 2 17 31 394 0
ROW 394 3 3 8 394 45
ROW 394 4 1 4 394 77
ROW 394 5 116 255 394 3
ROW 394 6 14 21 394 0
ROW 394 7 8 24 394 15
ROW 395 0 9 16 395 23
ROW 395 1 21 32 395 10
ROW 395 2 20 31 395 0
ROW 395 3 7 8 395 45
ROW 395 4 1 4 395 77
ROW 395 5 122 255 395 3
ROW 395 6 21 21 395 0
ROW 395 7 16 24 395 15
ROW 396 0 10 16 396 23
ROW 396 1 23 32 396 10
ROW 396 2 23 31 396 0
ROW 396 3 2 8 396 45
ROW 396 4 1 4 396 77
ROW 396 5 128 255 396 3
ROW 396 6 3 21 396 0
ROW 396 7 24 24 396 16
ROW 397 0 11 16 397 23
ROW 397 1 25 32 397 10
ROW 397 2 26 31 397 0
ROW 397 3 6 8 397 45
ROW 397 4 1 4 397 77
ROW 397 5 134 255 397 3
ROW 397 6 10 21 397 0
ROW 397 7 7 24 397 16
ROW 398 0 12 16 398 23
ROW 398 1 27 32 398 10
ROW 398 2 29 31 398 0
ROW 398 3 1 8 398 45
ROW 398 4 1 4 398 77
ROW 398 5 140 255 398 3
ROW 398 6 17 21 398 0
ROW 398 7 15 24 398 16
ROW 399 0 14 16 399 23
ROW 399 1 30 32 399 10
ROW 399 2 0 31 399 0
ROW 399 3 6 8 399 45
ROW 399 4 2 4 399 77
ROW 399 5 147 255 399 3
ROW 399 6 0 21 399 0
ROW 399 7 24 24 399 17
ROW 400 0 15 16 400 23
ROW 400 1 32 32 400 11
ROW 400 2 3 31 400 0
ROW 400 3 1 8 400 45
ROW 400 4 2 4 400 77
ROW 400 5 153 255 400 3
ROW 400 6 7 21 400 0
ROW 400 7 7 24 400 17
ROW 401 0 16 16 401 24
ROW 401 1 1 32 401 11
ROW 401 2 6 31 401 0
ROW 401 3 5 8 401 45
ROW 401 4 2 4 401 77
ROW 401 5 159 255 401 3
ROW 401 6 14 21 401 0
ROW 401 7 15 24 401 17
ROW 402 0 0 16 402 24
ROW 402 1 3 32 402 11
ROW 402 2 9 31 402 0
ROW 402 3 0 8 402 45
ROW 402 4 2 4 402 77
ROW 402 5 165 255 402 3
ROW 402 6 21 21 402 0
ROW 402 7 23 24 402 17
ROW 403 0 1 16 403 24
ROW 403 1 5 32 403 11
ROW 403 2 12 31 403 0
ROW 403 3 4 8 403 45
ROW 403 4 2 4 403 77
ROW 403 5 171 255 403 3
ROW 403 6 3 21 403 0
ROW 403 7 6 24 403 17
ROW 404 0 2 16 404 24
ROW 404 1 7 32 404 11
ROW 404 2 15 31 404 0
ROW 404 3 8 8 404 46
ROW 404 4 2 4 404 77
ROW 404 5 177 255 404 3
ROW 404 6 10 21 404 0
ROW 404 7 14 24 404 17
ROW 405 0 3 16 405 24
ROW 405 1 9 32 405 11
ROW 405 2 18 31 405 0
ROW 405 3 3 8 405 46
ROW 405 4 2 4 405 77
ROW 405 5 183 255 405 3
ROW 405 6 17 21 405 0
ROW 405 7 22 24 405 17
ROW 406 0 5 16 406 24
ROW 406 1 12 32 406 11
ROW 406 2 22 31 406 0
ROW 406 3 8 8 406 47
ROW 406 4 3 4 406 77
ROW 406 5 190 255 406 3
ROW 406 6 0 21 406 0
ROW 406 7 6 24 406 17
ROW 407 0 6 16 407 24
ROW 407 1 14 32 407 11
ROW 407 2 25 31 407 0
ROW 407 3 3 8 407 47
ROW 407 4 3 4 407 77
ROW 407 5 196 255 407 3
ROW 407 6 7 21 407 0
ROW 407 7 14 24 407 17
ROW 408 0 7 16 408 24
ROW 408 1 16 32 408 11
ROW 408 2 28 31 408 0
ROW 408 3 7 8 408 47
ROW 408 4 3 4 408 77
ROW 408 5 202 255 408 3
ROW 408 6 14 21 408 0
ROW 408 7 22 24 408 17
ROW 409 0 8 16 409 24
ROW 409 1 18 32 409 11
ROW 409 2 31 31 409 0
ROW 409 3 2 8 409 47
ROW 409 4 3 4 409 77
ROW 409 5 208 255 409 3
ROW 409 6 21 21 409 0
ROW 409 7 5 24 409 17
ROW 410 0 9 16 410 24
ROW 410 1 20 32 410 11
ROW 410 2 1 31 410 0
ROW 410 3 6 8 410 47
ROW 410 4 3 4 410 77
ROW 410 5 214 255 410 3
ROW 410 6 3 21 410 0
ROW 410 7 13 24 410 17
ROW 411 0 10 16 411 24
ROW 411 1 22 32 411 11
ROW 411 2 4 31 411 0
ROW 411 3 1 8 411 47
ROW 411 4 3 4 411 77
ROW 411 5 220 255 411 3
ROW 411 6 10 21 411 0
ROW 411 7 21 24 411 17
ROW 412 0 11 16 412 24
ROW 412 1 24 32 412 11
ROW 412 2 7 31 412 0
ROW 412 3 5 8 412 47
ROW 412 4 3 4 412 77
ROW 412 5 226 255 412 3
ROW 412 6 17 21 412 0
ROW 412 7 4 24 412 17
ROW 413 0 13 16 413 24
ROW 413 1 27 32 413 11
ROW 413 2 11 31 413 0
ROW 413 3 1 8 413 47
ROW 413 4 4 4 413 78
ROW 413 5 233 255 413 3
ROW 413 6 0 21 413 0
ROW 413 7 13 24 413 17
ROW 414 0 14 16 414 24
ROW 414 1 29 32 414 11
ROW 414 2 14 31 414 0
ROW 414 3 5 8 414 47
ROW 414 4 4 4 414 79
ROW 414 5 239 255 414 3
ROW 414 6 7 21 414 0
ROW 414 7 21 24 414 17
ROW 415 0 15 16 415 24
ROW 415 1 31 32 415 11
ROW 415 2 17 31 415 0
ROW 415 3 0 8 415 47
ROW 415 4 4 4 415 80
ROW 415 5 245 255 415 3
ROW 415 6 14 21 415 0
ROW 415 7 4 24 415 17
ROW 416 0 16 16 416 25
ROW 416 1 0 32 416 11
ROW 416 2 20 31 416 0
ROW 416 3 4 8 416 47
ROW 416 4 4 4 416 81
ROW 416 5 251 255 416 3
ROW 416 6 21 21 416 0
ROW 416 7 12 24 416 17
ROW 417 0 0 16 417 25
ROW 417 1 2 32 417 11
ROW 417 2 23 31 417 0
ROW 417 3 8 8 417 48
ROW 417 4 4 4 417 82
ROW 417 5 1 255 417 3
ROW 417 6 3 21 417 0
ROW 417 7 20 24 417 17
ROW 418 0 1 16 418 25
ROW 418 1 4 32 418 11
ROW 418 2 26 31 418 0
ROW 418 3 3 8 418 48
ROW 418 4 4 4 418 83
ROW 418 5 7 255 418 3
ROW 418 6 10 21 418 0
ROW 418 7 3 24 418 17
ROW 419 0 2 16 419 25
ROW 419 1 6 32 419 11
ROW 419 2 29 31 419 0
ROW 419 3 7 8 419 48
ROW 419 4 4 4 419 84
ROW 419 5 13 255 419 3
ROW 419 6 17 21 419 0
ROW 419 7 11 24 419 17
ROW 420 0 4 16 420 25
ROW 420 1 9 32 420 11
ROW 420 2 0 31 420 0
ROW 420 3 3 8 420 48
ROW 420 4 0 4 420 84
ROW 420 5 20 255 420 3
ROW 420 6 0 21 420 0
ROW 420 7 20 24 420 17
ROW 421 0 5 16 421 25
ROW 421 1 11 32 421 11
ROW 421 2 3 31 421 0
ROW 421 3 7 8 421 48
ROW 421 4 0 4 421 84
ROW 421 5 26 255 421 3
ROW 421 6 7 21 421 0
ROW 421 7 3 24 421 17
ROW 422 0 6 16 422 25
ROW 422 1 13 32 422 11
ROW 422 2 6 31 422 0
ROW 422 3 2 8 422 48
ROW 422 4 0 4 422 84
ROW 422 5 32 255 422 3
ROW 422 6 14 21 422 0
ROW 422 7 11 24 422 17
ROW 423 0 7 16 423 25
ROW 423 1 15 32 423 11
ROW 423 2 9 31 423 0
ROW 423 3 6 8 423 48
ROW 423 4 0 4 423 84
ROW 423 5 38 255 423 3
ROW 423 6 21 21 423 0
ROW 423 7 19 24 423 17
ROW 424 0 8 16 424 25
ROW 424 1 17 32 424 11
ROW 424 2 12 31 424 0
ROW 424 3 1 8 424 48
ROW 424 4 0 4 424 84
ROW 424 5 44 255 424 3
ROW 424 6 3 21 424 0
ROW 424 7 2 24 424 17
ROW 425 0 9 16 425 25
ROW 425 1 19 32 425 11
ROW 425 2 15 31 425 0
ROW 425 3 5 8 425 48
ROW 425 4 0 4 425 84
ROW 425 5 50 255 425 3
ROW 425 6 10 21 425 0
ROW 425 7 10 24 425 17
ROW 426 0 10 16 426 25
ROW 426 1 21 32 426 11
ROW 426 2 18 31 426 0
ROW 426 3 0 8 426 48
ROW 426 4 0 4 426 84
ROW 426 5 56 255 426 3
ROW 426 6 17 21 426 0
ROW 426 7 18 24 426 17
ROW 427 0 12 16 427 25
ROW 427 1 24 32 427 11
ROW 427 2 22 31 427 0
ROW 427 3 5 8 427 48
ROW 427 4 1 4 427 84
ROW 427 5 63 255 427 3
ROW 427 6 0 21 427 0
ROW 427 7 2 24 427 17
ROW 428 0 13 16 428 25
ROW 428 1 26 32 428 11
ROW 428 2 25 31 428 0
ROW 428 3 0 8 428 48
ROW 428 4 1 4 428 84
ROW 428 5 69 255 428 3
ROW 428 6 7 21 428 0
ROW 428 7 10 24 428 17
ROW 429 0 14 16 429 25
ROW 429 1 28 32 429 11
ROW 429 2 28 31 429 0
ROW 429 3 4 8 429 48
ROW 429 4 1 4 429 84
ROW 429 5 75 255 429 3
ROW 429 6 14 21 429 0
ROW 429 7 18 24 429 17
ROW 430 0 15 16 430 25
ROW 430 1 30 32 430 11
ROW 430 2 31 31 430 0
ROW 430 3 8 8 430 49
ROW 430 4 1 4 430 84
ROW 430 5 81 255 430 3
ROW 430 6 21 21 430 0
ROW 430 7 1 24 430 17
ROW 431 0 16 16 431 26
ROW 431 1 32 32 431 12
ROW 431 2 1 31 431 0
ROW 431 3 3 8 431 49
ROW 431 4 1 4 431 84
ROW 431 5 87 255 431 3
ROW 431 6 3 21 431 0
ROW 431 7 9 24 431 17
ROW 432 0 0 16 432 26
ROW 432 1 1 32 432 12
ROW 432 2 4 31 432 0
ROW 432 3 7 8 432 49
ROW 432 4 1 4 432 84
ROW 432 5 93 255 432 3
ROW 432 6 10 21 432 0
ROW 432 7 17 24 432 17
ROW 433 0 1 16 433 26
ROW 433 1 3 32 433 12
ROW 433 2 7 31 433 0
ROW 433 3 2 8 433 49
ROW 433 4 1 4 433 84
ROW 433 5 99 255 433 3
ROW 433 6 17 21 433 0
ROW 433 7 0 24 433 17
ROW 434 0 3 16 434 26
ROW 434 1 6 32 434 12
ROW 434 2 11 31 434 0
ROW 434 3 7 8 434 49
ROW 434 4 2 4 434 84
ROW 434 5 106 255 434 3
ROW 434 6 0 21 434 0
ROW 434 7 9 24 434 17
ROW 435 0 4 16 435 26
ROW 435 1 8 32 435 12
ROW 435 2 14 31 435 0
ROW 435 3 2 8 435 49
ROW 435 4 2 4 435 84
ROW 435 5 112 255 435 3
ROW 435 6 7 21 435 0
ROW 435 7 17 24 435 17
ROW 436 0 5 16 436 26
ROW 436 1 10 32 436 12
ROW 436 2 17 31 436 0
ROW 436 3 6 8 436 49
ROW 436 4 2 4 436 84
ROW 436 5 118 255 436 3
ROW 436 6 14 21 436 0
ROW 436 7 0 24 436 17
ROW 437 0 6 16 437 26
ROW 437 1 12 32 437 12
ROW 437 2 20 31 437 0
ROW 437 3 1 8 437 49
ROW 437 4 2 4 437 84
ROW 437 5 124 255 437 3
ROW 437 6 21 21 437 0
ROW 437 7 8 24 437 17
ROW 438 0 7 16 438 26
ROW 438 1 14 32 438 12
ROW 438 2 23 31 438 0
ROW 438 3 5 8 438 49
ROW 438 4 2 4 438 84
ROW 438 5 130 255 438 3
ROW 438 6 3 21 438 0
ROW 438 7 16 24 438 17
ROW 439 0 8 16 439 26
ROW 439 1 16 32 439 12
ROW 439 2 26 31 439 0
ROW 439 3 0 8 439 49
ROW 439 4 2 4 439 84
ROW 439 5 136 255 439 3
ROW 439 6 10 21 439 0
ROW 439 7 24 24 439 18
ROW 440 0 9 16 440 26
ROW 440 1 18 32 440 12
ROW 440 2 29 31 440 0
ROW 440 3 4 8 440 49
ROW 440 4 2 4 440 84
ROW 440 5 142 255 440 3
ROW 440 6 17 21 440 0
ROW 440 7 7 24 440 18
ROW 441 0 11 16 441 26
ROW 441 1 21 32 441 12
ROW 441 2 0 31 441 0
ROW 441 3 0 8 441 49
ROW 441 4 3 4 441 84
ROW 441 5 149 255 441 3
ROW 441 6 0 21 441 0
ROW 441 7 16 24 441 18
ROW 442 0 12 16 442 26
ROW 442 1 23 32 442 12
ROW 442 2 3 31 442 0
ROW 442 3 4 8 442 49
ROW 442 4 3 4 442 84
ROW 442 5 155 255 442 3
ROW 442 6 7 21 442 0
ROW 442 7 24 24 442 19
ROW 443 0 13 16 443 26
ROW 443 1 25 32 443 12
ROW 443 2 6 31 443 0
ROW 443 3 8 8 443 50
ROW 443 4 3 4 443 84
ROW 443 5 161 255 443 3
ROW 443 6 14 21 443 0
ROW 443 7 7 24 443 19
ROW 444 0 14 16 444 26
ROW 444 1 27 32 444 12
ROW 444 2 9 31 444 0
ROW 444 3 3 8 444 50
ROW 444 4 3 4 444 84
ROW 444 5 167 255 444 3
ROW 444 6 21 21 444 0
ROW 444 7 15 24 444 19
ROW 445 0 15 16 445 26
ROW 445 1 29 32 445 12
ROW 445 2 12 31 445 0
ROW 445 3 7 8 445 50
ROW 445 4 3 4 445 84
ROW 445 5 173 255 445 3
ROW 445 6 3 21 445 0
ROW 445 7 23 24 445 19
ROW 446 0 16 16 446 27
ROW 446 1 31 32 446 12
ROW 446 2 15 31 446 0
ROW 446 3 2 8 446 50
ROW 446 4 3 4 446 84
ROW 446 5 179 255 446 3
ROW 446 6 10 21 446 0
ROW 446 7 6 24 446 19
ROW 447 0 0 16 447 27
ROW 447 1 0 32 447 12
ROW 447 2 18 31 447 0
ROW 447 3 6 8 447 50
ROW 447 4 3 4 447 84
ROW 447 5 185 255 447 3
ROW 447 6 17 21 447 0
ROW 447 7 14 24 447 19
ROW 448 0 2 16 448 27
ROW 448 1 3 32 448 12
ROW 448 2 22 31 448 0
ROW 448 3 2 8 448 50
ROW 448 4 4 4 448 85
ROW 448 5 192 255 448 3
ROW 448 6 0 21 448 0
ROW 448 7 23 24 448 19
ROW 449 0 3 16 449 27
ROW 449 1 5 32 449 12
ROW 449 2 25 31 449 0
ROW 449 3 6 8 449 50
ROW 449 4 4 4 449 86
ROW 449 5 198 255 449 3
ROW 449 6 7 21 449 0
ROW 449 7 6 24 449 19
ROW 450 0 4 16 450 27
ROW 450 1 7 32 450 12
ROW 450 2 28 31 450 0
ROW 450 3 1 8 450 50
ROW 450 4 4 4 450 87
ROW 450 5 204 255 450 3
ROW 450 6 14 21 450 0
ROW 450 7 14 24 450 19
ROW 451 0 5 16 451 27
ROW 451 1 9 32 451 12
ROW 451 2 31 31 451 0
ROW 451 3 5 8 451 50
ROW 451 4 4 4 451 88
ROW 451 5 210 255 451 3
ROW 451 6 21 21 451 0
ROW 451 7 22 24 451 19
ROW 452 0 6 16 452 27
ROW 452 1 11 32 452 12
ROW 452 2 1 31 452 0
ROW 452 3 0 8 452 50
ROW 452 4 4 4 452 89
ROW 452 5 216 255 452 3
ROW 452 6 3 21 452 0
ROW 452 7 5 24 452 19
ROW 453 0 7 16 453 27
ROW 453 1 13 32 453 12
ROW 453 2 4 31 453 0
ROW 453 3 4 8 453 50
ROW 453 4 4 4 453 90
ROW 453 5 222 255 453 3
ROW 453 6 10 21 453 0
ROW 453 7 13 24 453 19
ROW 454 0 8 16 454 27
ROW 454 1 15 32 454 12
ROW 454 2 7 31 454 0
ROW 454 3 8 8 454 51
ROW 454 4 4 4 454 91
ROW 454 5 228 255 454 3
ROW 454 6 17 21 454 0
ROW 454 7 21 24 454 19
ROW 455 0 10 16 455 27
ROW 455 1 18 32 455 12
ROW 455 2 11 31 455 0
ROW 455 3 4 8 455 51
ROW 455 4 0 4 455 91
ROW 455 5 235 255 455 3
ROW 455 6 0 21 455 0
ROW 455 7 5 24 455 19
ROW 456 0 11 16 456 27
ROW 456 1 20 32 456 12
ROW 456 2 14 31 456 0
ROW 456 3 8 8 456 52
ROW 456 4 0 4 456 91
ROW 456 5 241 255 456 3
ROW 456 6 7 21 456 0
ROW 456 7 13 24 456 19
ROW 457 0 12 16 457 27
ROW 457 1 22 32 457 12
ROW 457 2 17 31 457 0
ROW 457 3 3 8 457 52
ROW 457 4 0 4 457 91
ROW 457 5 247 255 457 3
ROW 457 6 14 21 457 0
ROW 457 7 21 24 457 19
ROW 458 0 13 16 458 27
ROW 458 1 24 32 458 12
ROW 458 2 20 31 458 0
ROW 458 3 7 8 458 52
ROW 458 4 0 4 458 91
ROW 458 5 253 255 458 3
ROW 458 6 21 21 458 0
ROW 458 7 4 24 458 19
ROW 459 0 14 16 459 27
ROW 459 1 26 32 459 12
ROW 459 2 23 31 459 0
ROW 459 3 2 8 459 52
ROW 459 4 0 4 459 91
ROW 459 5 3 255 459 3
ROW 459 6 3 21 459 0
ROW 459 7 12 24 459 19
ROW 460 0 15 16 460 27
ROW 460 1 28 32 460 12
ROW 460 2 26 31 460 0
ROW 460 3 6 8 460 52
ROW 460 4 0 4 460 91
ROW 460 5 9 255 460 3
ROW 460 6 10 21 460 0
ROW 460 7 20 24 460 19
ROW 461 0 16 16 461 28
ROW 461 1 30 32 461 12
ROW 461 2 29 31 461 0
ROW 461 3 1 8 461 52
ROW 461 4 0 4 461 91
ROW 461 5 15 255 461 3
ROW 461 6 17 21 461 0
ROW 461 7 3 24 461 19
ROW 462 0 1 16 462 28
ROW 462 1 0 32 462 12
ROW 462 2 0 31 462 0
ROW 462 3 6 8 462 52
ROW 462 4 1 4 462 91
ROW 462 5 22 255 462 3
ROW 462 6 0 21 462 0
ROW 462 7 12 24 462 19
ROW 463 0 2 16 463 28
ROW 463 1 2 32 463 12
ROW 463 2 3 31 463 0
ROW 463 3 1 8 463 52
ROW 463 4 1 4 463 91
ROW 463 5 28 255 463 3
ROW 463 6 7 21 463 0
ROW 463 7 20 24 463 19
ROW 464 0 3 16 464 28
ROW 464 1 4 32 464 12
ROW 464 2 6 31 464 0
ROW 464 3 5 8 464 52
ROW 464 4 1 4 464 91
ROW 464 5 34 255 464 3
ROW 464 6 14 21 464 0
ROW 464 7 3 24 464 19
ROW 465 0 4 16 465 28
ROW 465 1 6 32 465 12
ROW 465 2 9 31 465 0
ROW 465 3 0 8 465 52
ROW 465 4 1 4 465 91
ROW 465 5 40 255 465 3
ROW 465 6 21 21 465 0
ROW 465 7 11 24 465 19
ROW 466 0 5 16 466 28
ROW 466 1 8 32 466 12
ROW 466 2 12 31 466 0
ROW 466 3 4 8 466 52
ROW 466 4 1 4 466 91
ROW 466 5 46 255 466 3
ROW 466 6 3 21 466 0
ROW 466 7 19 24 466 19
ROW 467 0 6 16 467 28
ROW 467 1 10 32 467 12
ROW 467 2 15 31 467 0
ROW 467 3 8 8 467 53
ROW 467 4 1 4 467 91
ROW 467 5 52 255 467 3
ROW 467 6 10 21 467 0
ROW 467 7 2 24 467 19
ROW 468 0 7 16 468 28
ROW 468 1 12 32 468 12
ROW 468 2 18 31 468 0
ROW 468 3 3 8 468 53
ROW 468 4 1 4 468 91
ROW 468 5 58 255 468 3
ROW 468 6 17 21 468 0
ROW 468 7 10 24 468 19
ROW 469 0 9 16 469 28
ROW 469 1 15 32 469 12
ROW 469 2 22 31 469 0
ROW 469 3 8 8 469 54
ROW 469 4 2 4 469 91
ROW 469 5 65 255 469 3
ROW 469 6 0 21 469 0
ROW 469 7 19 24 469 19
ROW 470 0 10 16 470 28
ROW 470 1 17 32 470 12
ROW 470 2 25 31 470 0
ROW 470 3 3 8 470 54
ROW 470 4 2 4 470 91
ROW 470 5 71 255 470 3
ROW 470 6 7 21 470 0
ROW 470 7 2 24 470 19
ROW 471 0 11 16 471 28
ROW 471 1 19 32 471 12
ROW 471 2 28 31 471 0
ROW 471 3 7 8 471 54
ROW 471 4 2 4 471 91
ROW 471 5 77 255 471 3
ROW 471 6 14 21 471 0
ROW 471 7 10 24 471 19
ROW 472 0 12 16 472 28
ROW 472 1 21 32 472 12
ROW 472 2 31 31 472 0
ROW 472 3 2 8 472 54
ROW 472 4 2 4 472 91
ROW 472 5 83 255 472 3
ROW 472 6 21 21 472 0
ROW 472 7 18 24 472 19
ROW 473 0 13 16 473 28
ROW 473 1 23 32 473 12
ROW 473 2 1 31 473 0
ROW 473 3 6 8 473 54
ROW 473 4 2 4 473 91
ROW 473 5 89 255 473 3
ROW 473 6 3 21 473 0
ROW 473 7 1 24 473 19
ROW 474 0 14 16 474 28
ROW 474 1 25 32 474 12
ROW 474 2 4 31 474 0
ROW 474 3 1 8 474 54
ROW 474 4 2 4 474 91
ROW 474 5 95 255 474 3
ROW 474 6 10 21 474 0
ROW 474 7 9 24 474 19
ROW 475 0 15 16 475 28
ROW 475 1 27 32 475 12
ROW 475 2 7 31 475 0
ROW 475 3 5 8 475 54
ROW 475 4 2 4 475 91
ROW 475 5 101 255 475 3
ROW 475 6 17 21 475 0
ROW 475 7 17 24 475 19
ROW 476 0 0 16 476 28
ROW 476 1 30 32 476 12
ROW 476 2 11 31 476 0
ROW 476 3 1 8 476 54
ROW 476 4 3 4 476 91
ROW 476 5 108 255 476 3
ROW 476 6 0 21 476 0
ROW 476 7 1 24 476 19
ROW 477 0 1 16 477 28
ROW 477 1 32 32 477 13
ROW 477 2 14 31 477 0
ROW 477 3 5 8 477 54
ROW 477 4 3 4 477 91
ROW 477 5 114 255 477 3
ROW 477 6 7 21 477 0
ROW 477 7 9 24 477 19
ROW 478 0 2 16 478 28
ROW 478 1 1 32 478 13
ROW 478 2 17 31 478 0
ROW 478 3 0 8 478 54
ROW 478 4 3 4 478 91
ROW 478 5 120 255 478 3
ROW 478 6 14 21 478 0
ROW 478 7 17 24 478 19
ROW 479 0 3 16 479 28
ROW 479 1 3 32 479 13
ROW 479 2 20 31 479 0
ROW 479 3 4 8 479 54
ROW 479 4 3 4 479 91
ROW 479 5 126 255 479 3
ROW 479 6 21 21 479 0
ROW 479 7 0 24 479 19
ROW 480 0 4 16 480 28
ROW 480 1 5 32 480 13
ROW 480 2 23 31 480 0
ROW 480 3 8 8 480 55
ROW 480 4 3 4 480 91
ROW 480 5 132 255 480 3
ROW 480 6 3 21 480 0
ROW 480 7 8 24 480 19
ROW 481 0 5 16 481 28
ROW 481 1 7 32 481 13
ROW 481 2 26 31 481 0
ROW 481 3 3 8 481 55
ROW 481 4 3 4 481 91
ROW 481 5 138 255 481 3
ROW 481 6 10 21 481 0
ROW 481 7 16 24 481 19
ROW 482 0 6 16 482 28
ROW 482 1 9 32 482 13
ROW 482 2 29 31 482 0
ROW 482 3 7 8 482 55
ROW 482 4 3 4 482 91
ROW 482 5 144 255 482 3
ROW 482 6 17 21 482 0
ROW 482 7 24 24 482 20
ROW 483 0 8 16 483 28
ROW 483 1 12 32 483 13
ROW 483 2 0 31 483 0
ROW 483 3 3 8 483 55
ROW 483 4 4 4 483 92
ROW 483 5 151 255 483 3
ROW 483 6 0 21 483 0
ROW 483 7 8 24 483 20
ROW 484 0 9 16 484 28
ROW 484 1 14 32 484 13
ROW 484 2 3 31 484 0
ROW 484 3 7 8 484 55
ROW 484 4 4 4 484 93
ROW 484 5 157 255 484 3
ROW 484 6 7 21 484 0
ROW 484 7 16 24 484 20
ROW 485 0 10 16 485 28
ROW 485 1 16 32 485 13
ROW 485 2 6 31 485 0
ROW 485 3 2 8 485 55
ROW 485 4 4 4 485 94
ROW 485 5 163 255 485 3
ROW 485 6 14 21 485 0
ROW 485 7 24 24 485 21
ROW 486 0 11 16 486 28
ROW 486 1 18 32 486 13
ROW 486 2 9 31 486 0
ROW 486 3 6 8 486 55
ROW 486 4 4 4 486 95
ROW 486 5 169 255 486 3
ROW 486 6 21 21 486 0
ROW 486 7 7 24 486 21
ROW 487 0 12 16 487 28
ROW 487 1 20 32 487 13
ROW 487 2 12 31 487 0
ROW 487 3 1 8 487 55
ROW 487 4 4 4 487 96
ROW 487 5 175 255 487 3
ROW 487 6 3 21 487 0
ROW 487 7 15 24 487 21
ROW 488 0 13 16 488 28
ROW 488 1 22 32 488 13
ROW 488 2 15 31 488 0
ROW 488 3 5 8 488 55
ROW 488 4 4 4 488 97
ROW 488 5 181 255 488 3
ROW 488 6 10 21 488 0
ROW 488 7 23 24 488 21
ROW 489 0 14 16 489 28
ROW 489 1 24 32 489 13
ROW 489 2 18 31 489 0
ROW 489 3 0 8 489 55
ROW 489 4 4 4 489 98
ROW 489 5 187 255 489 3
ROW 489 6 17 21 489 0
ROW 489 7 6 24 489 21
ROW 490 0 16 16 490 29
ROW 490 1 27 32 490 13
ROW 490 2 22 31 490 0
ROW 490 3 5 8 490 55
ROW 490 4 0 4 490 98
ROW 490 5 194 255 490 3
ROW 490 6 0 21 490 0
ROW 490 7 15 24 490 21
ROW 491 0 0 16 491 29
ROW 491 1 29 32 491 13
ROW 491 2 25 31 491 0
ROW 491 3 0 8 491 55
ROW 491 4 0 4 491 98
ROW 491 5 200 255 491 3
ROW 491 6 7 21 491 0
ROW 491 7 23 24 491 21
ROW 492 0 1 16 492 29
ROW 492 1 31 32 492 13
ROW 492 2 28 31 492 0
ROW 492 3 4 8 492 55
ROW 492 4 0 4 492 98
ROW 492 5 206 255 492 3
ROW 492 6 14 21 492 0
ROW 492 7 6 24 492 21
ROW 493 0 2 16 493 29
ROW 493 1 0 32 493 13
ROW 493 2 31 31 493 0
ROW 493 3 8 8 493 56
ROW 493 4 0 4 493 98
ROW 493 5 212 255 493 3
ROW 493 6 21 21 493 0
ROW 493 7 14 24 493 21
ROW 494 0 3 16 494 29
ROW 494 1 2 32 494 13
ROW 494 2 1 31 494 0
ROW 494 3 3 8 494 56
ROW 494 4 0 4 494 98
ROW 494 5 218 255 494 3
ROW 494 6 3 21 494 0
ROW 494 7 22 24 494 21
ROW 495 0 4 16 495 29
ROW 495 1 4 32 495 13
ROW 495 2 4 31 495 0
ROW 495 3 7 8 495 56
ROW 495 4 0 4 495 98
ROW 495 5 224 255 495 3
ROW 495 6 10 21 495 0
ROW 495 7 5 24 495 21
ROW 496 0 5 16 496 29
ROW 496 1 6 32 496 13
ROW 496 2 7 31 496 0
ROW 496 3 2 8 496 56
ROW 496 4 0 4 496 98
ROW 496 5 230 255 496 3
ROW 496 6 17 21 496 0
ROW 496 7 13 24 496 21
ROW 497 0 7 16 497 29
ROW 497 1 9 32 497 13
ROW 497 2 11 31 497 0
ROW 497 3 7 8 497 56
ROW 497 4 1 4 497 98
ROW 497 5 237 255 497 3
ROW 497 6 0 21 497 0
ROW 497 7 22 24 497 21
ROW 498 0 8 16 498 29
ROW 498 1 11 32 498 13
ROW 498 2 14 31 498 0
ROW 498 3 2 8 498 56
ROW 498 4 1 4 498 98
ROW 498 5 243 255 498 3
ROW 498 6 7 21 498 0
ROW 498 7 5 24 498 21
ROW 499 0 9 16 499 29
ROW 499 1 13 32 499 13
ROW 499 2 17 31 499 0
ROW 499 3 6 8 499 56
ROW 499 4 1 4 499 98
ROW 499 5 249 255 499 3
ROW 499 6 14 21 499 0
ROW 499 7 13 24 499 21
ROW 500 0 10 16 500 29
ROW 500 1 15 32 500 13
ROW 500 2 20 31 500 0
ROW 500 3 1 8 500 56
ROW 500 4 1 4 500 98
ROW 500 5 255 255 500 4
ROW 500 6 21 21 500 0
ROW 500 7 21 24 500 21
ROW 501 0 11 16 501 29
ROW 501 1 17 32 501 13
ROW 501 2 23 31 501 0
ROW 501 3 5 8 501 56
ROW 501 4 1 4 501 98
ROW 501 5 5 255 501 4
ROW 501 6 3 21 501 0
ROW 501 7 4 24 501 21
ROW 502 0 12 16 502 29
ROW 502 1 19 32 502 13
ROW 502 2 26 31 502 0
ROW 502 3 0 8 502 56
ROW 502 4 1 4 502 98
ROW 502 5 11 255 502 4
ROW 502 6 10 21 502 0
ROW 502 7 12 24 502 21
ROW 503 0 13 16 503 29
ROW 503 1 21 32 503 13
ROW 503 2 29 31 503 0
ROW 503 3 4 8 503 56
ROW 503 4 1 4 503 98
ROW 503 5 17 255 503 4
ROW 503 6 17 21 503 0
ROW 503 7 20 24 503 21
ROW 504 0 15 16 504 29
ROW 504 1 24 32 504 13
ROW 504 2 0 31 504 0
ROW 504 3 0 8 504 56
ROW 504 4 2 4 504 98
ROW 504 5 24 255 504 4
ROW 504 6 0 21 504 0
ROW 504 7 4 24 504 21
ROW 505 0 16 16 505 30
ROW 505 1 26 32 505 13
ROW 505 2 3 31 505 0
ROW 505 3 4 8 505 56
ROW 505 4 2 4 505 98
ROW 505 5 30 255 505 4
ROW 505 6 7 21 505 0
ROW 505 7 12 24 505 21
ROW 506 0 0 16 506 30
ROW 506 1 28 32 506 13
ROW 506 2 6 31 506 0
ROW 506 3 8 8 506 57
ROW 506 4 2 4 506 98
ROW 506 5 36 255 506 4
ROW 506 6 14 21 506 0
ROW 506 7 20 24 506 21
ROW 507 0 1 16 507 30
ROW 507 1 30 32 507 13
ROW 507 2 9 31 507 0
ROW 507 3 3 8 507 57
ROW 507 4 2 4 507 98
ROW 507 5 42 255 507 4
ROW 507 6 21 21 507 0
ROW 507 7 3 24 507 21
ROW 508 0 2 16 508 30
ROW 508 1 32 32 508 14
ROW 508 2 12 31 508 0
ROW 508 3 7 8 508 57
ROW 508 4 2 4 508 98
ROW 508 5 48 255 508 4
ROW 508 6 3 21 508 0
ROW 508 7 11 24 508 21
ROW 509 0 3 16 509 30
ROW 509 1 1 32 509 14
ROW 509 2 15 31 509 0
ROW 509 3 2 8 509 57
ROW 509 4 2 4 509 98
ROW 509 5 54 255 509 4
ROW 509 6 10 21 509 0
ROW 509 7 19 24 509 21
ROW 510 0 4 16 510 30
ROW 510 1 3 32 510 14
ROW 510 2 18 31 510 0
ROW 510 3 6 8 510 57
ROW 510 4 2 4 510 98
ROW 510 5 60 255 510 4
ROW 510 6 17 21 510 0
ROW 510 7 2 24 510 21
ROW 511 0 6 16 511 30
ROW 511 1 6 32 511 14
ROW 511 2 22 31 511 0
ROW 511 3 2 8 511 57
ROW 511 4 3 4 511 98
ROW 511 5 67 255 511 4
ROW 511 6 0 21 511 0
ROW 511 7 11 24 511 21
ROW 512 0 7 16 512 30
ROW 512 1 8 32 512 14
ROW 512 2 25 31 512 0
ROW 512 3 6 8 512 57
ROW 512 4 3 4 512 98
ROW 512 5 73 255 512 4
ROW 512 6 7 21 512 0
ROW 512 7 19 24 512 21
ROW 513 0 8 16 513 30
ROW 513 1 10 32 513 14
ROW 513 2 28 31 513 0
ROW 513 3 1 8 513 57
ROW 513 4 3 4 513 98
ROW 513 5 79 255 513 4
ROW 513 6 14 21 513 0
ROW 513 7 2 24 513 21
ROW 514 0 9 16 514 30
ROW 514 1 12 32 514 14
ROW 514 2 31 31 514 0
ROW 514 3 5 8 514 57
ROW 514 4 3 4 514 98
ROW 514 5 85 255 514 4
ROW 514 6 21 21 514 0
ROW 514 7 10 24 514 21
ROW 515 0 10 16 515 30
ROW 515 1 14 32 515 14
ROW 515 2 1 31 515 0
ROW 515 3 0 8 515 57
ROW 515 4 3 4 515 98
ROW 515 5 91 255 515 4
ROW 515 6 3 21 515 0
ROW 515 7 18 24 515 21
ROW 516 0 11 16 516 30
ROW 516 1 16 32 516 14
ROW 516 2 4 31 516 0
ROW 516 3 4 8 516 57
ROW 516 4 3 4 516 98
ROW 516 5 97 255 516 4
ROW 516 6 10 21 516 0
ROW 516 7 1 24 516 21
ROW 517 0 12 16 517 30
ROW 517 1 18 32 517 14
ROW 517 2 7 31 517 0
ROW 517 3 8 8 517 58
ROW 517 4 3 4 517 98
ROW 517 5 103 255 517 4
ROW 517 6 17 21 517 0
ROW 517 7 9 24 517 21
ROW 518 0 14 16 518 30
ROW 518 1 21 32 518 14
ROW 518 2 11 31 518 0
ROW 518 3 4 8 518 58
ROW 518 4 4 4 518 99
ROW 518 5 110 255 518 4
ROW 518 6 0 21 518 0
ROW 518 7 18 24 518 21
ROW 519 0 15 16 519 30
ROW 519 1 23 32 519 14
ROW 519 2 14 31 519 0
ROW 519 3 8 8 519 59
ROW 519 4 4 4 519 100
ROW 519 5 116 255 519 4
ROW 519 6 7 21 519 0
ROW 519 7 1 24 519 21
ROW 520 0 16 16 520 31
ROW 520 1 25 32 520 14
ROW 520 2 17 31 520 0
ROW 520 3 3 8 520 59
ROW 520 4 4 4 520 101
ROW 520 5 122 255 520 4
ROW 520 6 14 21 520 0
ROW 520 7 9 24 520 21
ROW 521 0 0 16 521 31
ROW 521 1 27 32 521 14
ROW 521 2 20 31 521 0
ROW 521 3 7 8 521 59
ROW 521 4 4 4 521 102
ROW 521 5 128 255 521 4
ROW 521 6 21 21 521 0
ROW 521 7 17 24 521 21
ROW 522 0 1 16 522 31
ROW 522 1 29 32 522 14
ROW 522 2 23 31 522 0
ROW 522 3 2 8 522 59
ROW 522 4 4 4 522 103
ROW 522 5 134 255 522 4
ROW 522 6 3 21 522 0
ROW 522 7 0 24 522 21
ROW 523 0 2 16 523 31
ROW 523 1 31 32 523 14
ROW 523 2 26 31 523 0
ROW 523 3 6 8 523 59
ROW 523 4 4 4 523 104
ROW 523 5 140 255 523 4
ROW 523 6 10 21 523 0
ROW 523 7 8 24 523 21
ROW 524 0 3 16 524 31
ROW 524 1 0 32 524 14
ROW 524 2 29 31 524 0
ROW 524 3 1 8 524 59
ROW 524 4 4 4 524 105
ROW 524 5 146 255 524 4
ROW 524 6 17 21 524 0
ROW 524 7 16 24 524 21
ROW 525 0 5 16 525 31
ROW 525 1 3 32 525 14
ROW 525 2 0 31 525 0
ROW 525 3 6 8 525 59
ROW 525 4 0 4 525 105
ROW 525 5 153 255 525 4
ROW 525 6 0 21 525 0
ROW 525 7 0 24 525 21
ROW 526 0 6 16 526 31
ROW 526 1 5 32 526 14
ROW 526 2 3 31 526 0
ROW 526 3 1 8 526 59
ROW 526 4 0 4 526 105
ROW 526 5 159 255 526 4
ROW 526 6 7 21 526 0
ROW 526 7 8 24 526 21
ROW 527 0 7 16 527 31
ROW 527 1 7 32 527 14
ROW 527 2 6 31 527 0
ROW 527 3 5 8 527 59
ROW 527 4 0 4 527 105
ROW 527 5 165 255 527 4
ROW 527 6 14 21 527 0
ROW 527 7 16 24 527 21
ROW 528 0 8 16 528 31
ROW 528 1 9 32 528 14
ROW 528 2 9 31 528 0
ROW 528 3 0 8 528 59
ROW 528 4 0 4 528 105
ROW 528 5 171 255 528 4
ROW 528 6 21 21 528 0
ROW 528 7 24 24 528 22
ROW 529 0 9 16 529 31
ROW 529 1 11 32 529 14
ROW 529 2 12 31 529 0
ROW 529 3 4 8 529 59
ROW 529 4 0 4 529 105
ROW 529 5 177 255 529 4
ROW 529 6 3 21 529 0
ROW 529 7 7 24 529 22
ROW 530 0 10 16 530 31
ROW 530 1 13 32 530 14
ROW 530 2 15 31 530 0
ROW 530 3 8 8 530 60
ROW 530 4 0 4 530 105
ROW 530 5 183 255 530 4
ROW 530 6 10 21 530 0
ROW 530 7 15 24 530 22
ROW 531 0 11 16 531 31
ROW 531 1 15 32 531 14
ROW 531 2 18 31 531 0
ROW 531 3 3 8 531 60
ROW 531 4 0 4 531 105
ROW 531 5 189 255 531 4
ROW 531 6 17 21 531 0
ROW 531 7 23 24 531 22
ROW 532 0 13 16 532 31
ROW 532 1 18 32 532 14
ROW 532 2 22 31 532 0
ROW 532 3 8 8 532 61
ROW 532 4 1 4 532 105
ROW 532 5 196 255 532 4
ROW 532 6 0 21 532 0
ROW 532 7 7 24 532 22
ROW 533 0 14 16 533 31
ROW 533 1 20 32 533 14
ROW 533 2 25 31 533 0
ROW 533 3 3 8 533 61
ROW 533 4 1 4 533 105
ROW 533 5 202 255 533 4
ROW 533 6 7 21 533 0
ROW 533 7 15 24 533 22
ROW 534 0 15 16 534 31
ROW 534 1 22 32 534 14
ROW 534 2 28 31 534 0
ROW 534 3 7 8 534 61
ROW 534 4 1 4 534 105
ROW 534 5 208 255 534 4
ROW 534 6 14 21 534 0
ROW 534 7 23 24 534 22
ROW 535 0 16 16 535 32
ROW 535 1 24 32 535 14
ROW 535 2 31 31 535 0
ROW 535 3 2 8 535 61
ROW 535 4 1 4 535 105
ROW 535 5 214 255 535 4
ROW 535 6 21 21 535 0
ROW 535 7 6 24 535 22
ROW 536 0 0 16 536 32
ROW 536 1 26 32 536 14
ROW 536 2 1 31 536 0
ROW 536 3 6 8 536 61
ROW 536 4 1 4 536 105
ROW 536 5 220 255 536 4
ROW 536 6 3 21 536 0
ROW 536 7 14 24 536 22
ROW 537 0 1 16 537 32
ROW 537 1 28 32 537 14
ROW 537 2 4 31 537 0
ROW 537 3 1 8 537 61
ROW 537 4 1 4 537 105
ROW 537 5 226 255 537 4
ROW 537 6 10 21 537 0
ROW 537 7 22 24 537 22
ROW 538 0 2 16 538 32
ROW 538 1 30 32 538 14
ROW 538 2 7 31 538 0
ROW 538 3 5 8 538 61
ROW 538 4 1 4 538 105
ROW 538 5 232 255 538 4
ROW 538 6 17 21 538 0
ROW 538 7 5 24 538 22
ROW 539 0 4 16 539 32
ROW 539 1 0 32 539 14
ROW 539 2 11 31 539 0
ROW 539 3 1 8 539 61
ROW 539 4 2 4 539 105
ROW 539 5 239 255 539 4
ROW 539 6 0 21 539 0
ROW 539 7 14 24 539 22
ROW 540 0 5 16 540 32
ROW 540 1 2 32 540 14
ROW 540 2 14 31 540 0
ROW 540 3 5 8 540 61
ROW 540 4 2 4 540 105
ROW 540 5 245 255 540 4
ROW 540 6 7 21 540 0
ROW 540 7 22 24 540 22
ROW 541 0 6 16 541 32
ROW 541 1 4 32 541 14
ROW 541 2 17 31 541 0
ROW 541 3 0 8 541 61
ROW 541 4 2 4 541 105
ROW 541 5 251 255 541 4
ROW 541 6 14 21 541 0
ROW 541 7 5 24 541 22
ROW 542 0 7 16 542 32
ROW 542 1 6 32 542 14
ROW 542 2 20 31 542 0
ROW 542 3 4 8 542 61
ROW 542 4 2 4 542 105
ROW 542 5 1 255 542 4
ROW 542 6 21 21 542 0
ROW 542 7 13 24 542 22
ROW 543 0 8 16 543 32
ROW 543 1 8 32 543 14
ROW 543 2 23 31 543 0
ROW 543 3 8 8 543 62
ROW 543 4 2 4 543 105
ROW 543 5 7 255 543 4
ROW 543 6 3 21 543 0
ROW 543 7 21 24 543 22
ROW 544 0 9 16 544 32
ROW 544 1 10 32 544 14
ROW 544 2 26 31 544 0
ROW 544 3 3 8 544 62
ROW 544 4 2 4 544 105
ROW 544 5 13 255 544 4
ROW 544 6 10 21 544 0
ROW 544 7 4 24 544 22
ROW 545 0 10 16 545 32
ROW 545 1 12 32 545 14
ROW 545 2 29 31 545 0
ROW 545 3 7 8 545 62
ROW 545 4 2 4 545 105
ROW 545 5 19 255 545 4
ROW 545 6 17 21 545 0
ROW 545 7 12 24 545 22
ROW 546 0 12 16 546 32
ROW 546 1 15 32 546 14
ROW 546 2 0 31 546 0
ROW 546 3 3 8 546 62
ROW 546 4 3 4 546 105
ROW 546 5 26 255 546 4
ROW 546 6 0 21 546 0
ROW 546 7 21 24 546 22
ROW 547 0 13 16 547 32
ROW 547 1 17 32 547 14
ROW 547 2 3 31 547 0
ROW 547 3 7 8 547 62
ROW 547 4 3 4 547 105
ROW 547 5 32 255 547 4
ROW 547 6 7 21 547 0
ROW 547 7 4 24 547 22
ROW 548 0 14 16 548 32
ROW 548 1 19 32 548 14
ROW 548 2 6 31 548 0
ROW 548 3 2 8 548 62
ROW 548 4 3 4 548 105
ROW 548 5 38 255 548 4
ROW 548 6 14 21 548 0
ROW 548 7 12 24 548 22
ROW 549 0 15 16 549 32
ROW 549 1 21 32 549 14
ROW 549 2 9 31 549 0
ROW 549 3 6 8 549 62
ROW 549 4 3 4 549 105
ROW 549 5 44 255 549 4
ROW 549 6 21 21 549 0
ROW 549 7 20 24 549 22
ROW 550 0 16 16 550 33
ROW 550 1 23 32 550 14
ROW 550 2 12 31 550 0
ROW 550 3 1 8 550 62
ROW 550 4 3 4 550 105
ROW 550 5 50 255 550 4
ROW 550 6 3 21 550 0
ROW 550 7 3 24 550 22
ROW 551 0 0 16 551 33
ROW 551 1 25 32 551 14
ROW 551 2 15 31 551 0
ROW 551 3 5 8 551 62
ROW 551 4 3 4 551 105
ROW 551 5 56 255 551 4
ROW 551 6 10 21 551 0
ROW 551 7 11 24 551 22
ROW 552 0 1 16 552 33
ROW 552 1 27 32 552 14
ROW 552 2 18 31 552 0
ROW 552 3 0 8 552 62
ROW 552 4 3 4 552 105
ROW 552 5 62 255 552 4
ROW 552 6 17 21 552 0
ROW 552 7 19 24 552 22
ROW 553 0 3 16 553 33
ROW 553 1 30 32 553 14
ROW 553 2 22 31 553 0
ROW 553 3 5 8 553 62
ROW 553 4 4 4 553 106
ROW 553 5 69 255 553 4
ROW 553 6 0 21 553 0
ROW 553 7 3 24 553 22
ROW 554 0 4 16 554 33
ROW 554 1 32 32 554 15
ROW 554 2 25 31 554 0
ROW 554 3 0 8 554 62
ROW 554 4 4 4 554 107
ROW 554 5 75 255 554 4
ROW 554 6 7 21 554 0
ROW 554 7 11 24 554 22
ROW 555 0 5 16 555 33
ROW 555 1 1 32 555 15
ROW 555 2 28 31 555 0
ROW 555 3 4 8 555 62
ROW 555 4 4 4 555 108
ROW 555 5 81 255 555 4
ROW 555 6 14 21 555 0
ROW 555 7 19 24 555 22
ROW 556 0 6 16 556 33
ROW 556 1 3 32 556 15
ROW 556 2 31 31 556 0
ROW 556 3 8 8 556 63
ROW 556 4 4 4 556 109
ROW 556 5 87 255 556 4
ROW 556 6 21 21 556 0
ROW 556 7 2 24 556 22
ROW 557 0 7 16 557 33
ROW 557 1 5 32 557 15
ROW 557 2 1 31 557 0
ROW 557 3 3 8 557 63
ROW 557 4 4 4 557 110
ROW 557 5 93 255 557 4
ROW 557 6 3 21 557 0
ROW 557 7 10 24 557 22
ROW 558 0 8 16 558 33
ROW 558 1 7 32 558 15
ROW 558 2 4 31 558 0
ROW 558 3 7 8 558 63
ROW 558 4 4 4 558 111
ROW 558 5 99 255 558 4
ROW 558 6 10 21 558 0
ROW 558 7 18 24 558 22
ROW 559 0 9 16 559 33
ROW 559 1 9 32 559 15
ROW 559 2 7 31 559 0
ROW 559 3 2 8 559 63
ROW 559 4 4 4 559 112
ROW 559 5 105 255 559 4
ROW 559 6 17 21 559 0
ROW 559 7 1 24 559 22
ROW 560 0 11 16 560 33
ROW 560 1 12 32 560 15
ROW 560 2 11 31 560 0
ROW 560 3 7 8 560 63
ROW 560 4 0 4 560 112
ROW 560 5 112 255 560 4
ROW 560 6 0 21 560 0
ROW 560 7 10 24 560 22
ROW 561 0 12 16 561 33
ROW 561 1 14 32 561 15
ROW 561 2 14 31 561 0
ROW 561 3 2 8 561 63
ROW 561 4 0 4 561 112
ROW 561 5 118 255 561 4
ROW 561 6 7 21 561 0
ROW 561 7 18 24 561 22
ROW 562 0 13 16 562 33
ROW 562 1 16 32 562 15
ROW 562 2 17 31 562 0
ROW 562 3 6 8 562 63
ROW 562 4 0 4 562 112
ROW 562 5 124 255 562 4
ROW 562 6 14 21 562 0
ROW 562 7 1 24 562 22
ROW 563 0 14 16 563 33
ROW 563 1 18 32 563 15
ROW 563 2 20 31 563 0
ROW 563 3 1 8 563 63
ROW 563 4 0 4 563 112
ROW 563 5 130 255 563 4
ROW 563 6 21 21 563 0
ROW 563 7 9 24 563 22
ROW 564 0 15 16 564 33
ROW 564 1 20 32 564 15
ROW 564 2 23 31 564 0
ROW 564 3 5 8 564 63
ROW 564 4 0 4 564 112
ROW 564 5 136 255 564 4
ROW 564 6 3 21 564 0
ROW 564 7 17 24 564 22
ROW 565 0 16 16 565 34
ROW 565 1 22 32 565 15
ROW 565 2 26 31 565 0
ROW 565 3 0 8 565 63
ROW 565 4 0 4 565 112
ROW 565 5 142 255 565 4
ROW 565 6 10 21 565 0
ROW 565 7 0 24 565 22
ROW 566 0 0 16 566 34
ROW 566 1 24 32 566 15
ROW 566 2 29 31 566 0
ROW 566 3 4 8 566 63
ROW 566 4 0 4 566 112
ROW 566 5 148 255 566 4
ROW 566 6 17 21 566 0
ROW 566 7 8 24 566 22
ROW 567 0 2 16 567 34
ROW 567 1 27 32 567 15
ROW 567 2 0 31 567 0
ROW 567 3 0 8 567 63
ROW 567 4 1 4 567 112
ROW 567 5 155 255 567 4
ROW 567 6 0 21 567 0
ROW 567 7 17 24 567 22
ROW 568 0 3 16 568 34
ROW 568 1 29 32 568 15
ROW 568 2 3 31 568 0
ROW 568 3 4 8 568 63
ROW 568 4 1 4 568 112
ROW 568 5 161 255 568 4
ROW 568 6 7 21 568 0
ROW 568 7 0 24 568 22
ROW 569 0 4 16 569 34
ROW 569 1 31 32 569 15
ROW 569 2 6 31 569 0
ROW 569 3 8 8 569 64
ROW 569 4 1 4 569 112
ROW 569 5 167 255 569 4
ROW 569 6 14 21 569 0
ROW 569 7 8 24 569 22
ROW 570 0 5 16 570 34
ROW 570 1 0 32 570 15
ROW 570 2 9 31 570 0
ROW 570 3 3 8 570 64
ROW 570 4 1 4 570 112
ROW 570 5 173 255 570 4
ROW 570 6 21 21 570 0
ROW 570 7 16 24 570 22
ROW 571 0 6 16 571 34
ROW 571 1 2 32 571 15
ROW 571 2 12 31 571 0
ROW 571 3 7 8 571 64
ROW 571 4 1 4 571 112
ROW 571 5 179 255 571 4
ROW 571 6 3 21 571 0
ROW 571 7 24 24 571 23
ROW 572 0 7 16 572 34
ROW 572 1 4 32 572 15
ROW 572 2 15 31 572 0
ROW 572 3 2 8 572 64
ROW 572 4 1 4 572 112
ROW 572 5 185 255 572 4
ROW 572 6 10 21 572 0
ROW 572 7 7 24 572 23
ROW 573 0 8 16 573 34
ROW 573 1 6 32 573 15
ROW 573 2 18 31 573 0
ROW 573 3 6 8 573 64
ROW 573 4 1 4 573 112
ROW 573 5 191 255 573 4
ROW 573 6 17 21 573 0
ROW 573 7 15 24 573 23
ROW 574 0 10 16 574 34
ROW 574 1 9 32 574 15
ROW 574 2 22 31 574 0
ROW 574 3 2 8 574 64
ROW 574 4 2 4 574 112
ROW 574 5 198 255 574 4
ROW 574 6 0 21 574 0
ROW 574 7 24 24 574 24
ROW 575 0 11 16 575 34
ROW 575 1 11 32 575 15
ROW 575 2 25 31 575 0
ROW 575 3 6 8 575 64
ROW 575 4 2 4 575 112
ROW 575 5 204 255 575 4
ROW 575 6 7 21 575 0
ROW 575 7 7 24 575 24
ROW 576 0 12 16 576 34
ROW 576 1 13 32 576 15
ROW 576 2 28 31 576 0
ROW 576 3 1 8 576 64
ROW 576 4 2 4 576 112
ROW 576 5 210 255 576 4
ROW 576 6 14 21 576 0
ROW 576 7 15 24 576 24
ROW 577 0 13 16 577 34
ROW 577 1 15 32 577 15
ROW 577 2 31 31 577 0
ROW 577 3 5 8 577 64
ROW 577 4 2 4 577 112
ROW 577 5 216 255 577 4
ROW 577 6 21 21 577 0
ROW 577 7 23 24 577 24
ROW 578 0 14 16 578 34
ROW 578 1 17 32 578 15
ROW 578 2 1 31 578 0
ROW 578 3 0 8 578 64
ROW 578 4 2 4 578 112
ROW 578 5 222 255 578 4
ROW 578 6 3 21 578 0
ROW 578 7 6 24 578 24
ROW 579 0 15 16 579 34
ROW 579 1 19 32 579 15
ROW 579 2 4 31 579 0
ROW 579 3 4 8 579 64
ROW 579 4 2 4 579 112
ROW 579 5 228 255 579 4
ROW 579 6 10 21 579 0
ROW 579 7 14 24 579 24
ROW 580 0 16 16 580 35
ROW 580 1 21 32 580 15
ROW 580 2 7 31 580 0
ROW 580 3 8 8 580 65
ROW 580 4 2 4 580 112
ROW 580 5 234 255 580 4
ROW 580 6 17 21 580 0
ROW 580 7 22 24 580 24
ROW 581 0 1 16 581 35
ROW 581 1 24 32 581 15
ROW 581 2 11 31 581 0
ROW 581 3 4 8 581 65
ROW 581 4 3 4 581 112
ROW 581 5 241 255 581 4
ROW 581 6 0 21 581 0
ROW 581 7 6 24 581 24
ROW 582 0 2 16 582 35
ROW 582 1 26 32 582 15
ROW 582 2 14 31 582 0
ROW 582 3 8 8 582 66
ROW 582 4 3 4 582 112
ROW 582 5 247 255 582 4
ROW 582 6 7 21 582 0
ROW 582 7 14 24 582 24
ROW 583 0 3 16 583 35
ROW 583 1 28 32 583 15
ROW 583 2 17 31 583 0
ROW 583 3 3 8 583 66
ROW 583 4 3 4 583 112
ROW 583 5 253 255 583 4
ROW 583 6 14 21 583 0
ROW 583 7 22 24 583 24
ROW 584 0 4 16 584 35
ROW 584 1 30 32 584 15
ROW 584 2 20 31 584 0
ROW 584 3 7 8 584 66
ROW 584 4 3 4 584 112
ROW 584 5 3 255 584 4
ROW 584 6 21 21 584 0
ROW 584 7 5 24 584 24
ROW 585 0 5 16 585 35
ROW 585 1 32 32 585 16
ROW 585 2 23 31 585 0
ROW 585 3 2 8 585 66
ROW 585 4 3 4 585 112
ROW 585 5 9 255 585 4
ROW 585 6 3 21 585 0
ROW 585 7 13 24 585 24
ROW 586 0 6 16 586 35
ROW 586 1 1 32 586 16
ROW 586 2 26 31 586 0
ROW 586 3 6 8 586 66
ROW 586 4 3 4 586 112
ROW 586 5 15 255 586 4
ROW 586 6 10 21 586 0
ROW 586 7 21 24 586 24
ROW 587 0 7 16 587 35
ROW 587 1 3 32 587 16
ROW 587 2 29 31 587 0
ROW 587 3 1 8 587 66
ROW 587 4 3 4 587 112
ROW 587 5 21 255 587 4
ROW 587 6 17 21 587 0
ROW 587 7 4 24 587 24
ROW 588 0 9 16 588 35
ROW 588 1 6 32 588 16
ROW 588 2 0 31 588 0
ROW 588 3 6 8 588 66
ROW 588 4 4 4 588 113
ROW 588 5 28 255 588 4
ROW 588 6 0 21 588 0
ROW 588 7 13 24 588 24
ROW 589 0 10 16 589 35
ROW 589 1 8 32 589 16
ROW 589 2 3 31 589 0
ROW 589 3 1 8 589 66
ROW 589 4 4 4 589 114
ROW 589 5 34 255 589 4
ROW 589 6 7 21 589 0
ROW 589 7 21 24 589 24
ROW 590 0 11 16 590 35
ROW 590 1 10 32 590 16
ROW 590 2 6 31 590 0
ROW 590 3 5 8 590 66
ROW 590 4 4 4 590 115
ROW 590 5 40 255 590 4
ROW 590 6 14 21 590 0
ROW 590 7 4 24 590 24
ROW 591 0 12 16 591 35
ROW 591 1 12 32 591 16
ROW 591 2 9 31 591 0
ROW 591 3 0 8 591 66
ROW 591 4 4 4 591 116
ROW 591 5 46 255 591 4
ROW 591 6 21 21 591 0
ROW 591 7 12 24 591 24
ROW 592 0 13 16 592 35
ROW 592 1 14 32 592 16
ROW 592 2 12 31 592 0
ROW 592 3 4 8 592 66
ROW 592 4 4 4 592 117
ROW 592 5 52 255 592 4
ROW 592 6 3 21 592 0
ROW 592 7 20 24 592 24
ROW 593 0 14 16 593 35
ROW 593 1 16 32 593 16
ROW 593 2 15 31 593 0
ROW 593 3 8 8 593 67
ROW 593 4 4 4 593 118
ROW 593 5 58 255 593 4
ROW 593 6 10 21 593 0
ROW 593 7 3 24 593 24
ROW 594 0 15 16 594 35
ROW 594 1 18 32 594 16
ROW 594 2 18 31 594 0
ROW 594 3 3 8 594 67
ROW 594 4 4 4 594 119
ROW 594 5 64 255 594 4
ROW 594 6 17 21 594 0
ROW 594 7 11 24 594 24
ROW 595 0 0 16 595 35
ROW 595 1 21 32 595 16
ROW 595 2 22 31 595 0
ROW 595 3 8 8 595 68
ROW 595 4 0 4 595 119
ROW 595 5 71 255 595 4
ROW 595 6 0 21 595 0
ROW 595 7 20 24 595 24
ROW 596 0 1 16 596 35
ROW 596 1 23 32 596 16
ROW 596 2 25 31 596 0
ROW 596 3 3 8 596 68
ROW 596 4 0 4 596 119
ROW 596 5 77 255 596 4
ROW 596 6 7 21 596 0
ROW 596 7 3 24 596 24
ROW 597 0 2 16 597 35
ROW 597 1 25 32 597 16
ROW 597 2 28 31 597 0
ROW 597 3 7 8 597 68
ROW 597 4 0 4 597 119
ROW 597 5 83 255 597 4
ROW 597 6 14 21 597 0
ROW 597 7 11 24 597 24
ROW 598 0 3 16 598 35
ROW 598 1 27 32 598 16
ROW 598 2 31 31 598 0
ROW 598 3 2 8 598 68
ROW 598 4 0 4 598 119
ROW 598 5 89 255 598 4
ROW 598 6 21 21 598 0
ROW 598 7 19 24 598 24
ROW 599 0 4 16 599 35
ROW 599 1 29 32 599 16
ROW 599 2 1 31 599 0
ROW 599 3 6 8 599 68
ROW 599 4 0 4 599 119
ROW 599 5 95 255 599 4
ROW 599 6 3 21 599 0
ROW 599 7 2 24 599 24
ROW 600 0 5 16 600 35
ROW 600 1 31 32 600 16
ROW 600 2 4 31 600 0
ROW 600 3 1 8 600 68
ROW 600 4 0 4 600 119
ROW 600 5 101 255 600 4
ROW 600 6 10 21 600 0
ROW 600 7 10 24 600 24
ROW 601 0 6 16 601 35
ROW 601 1 0 32 601 16
ROW 601 2 7 31 601 0
ROW 601 3 5 8 601 68
ROW 601 4 0 4 601 119
ROW 601 5 107 255 601 4
ROW 601 6 17 21 601 0
ROW 601 7 18 24 601 24
ROW 602 0 8 16 602 35
ROW 602 1 3 32 602 16
ROW 602 2 11 31 602 0
ROW 602 3 1 8 602 68
ROW 602 4 1 4 602 119
ROW 602 5 114 255 602 4
ROW 602 6 0 21 602 0
ROW 602 7 2 24 602 24
ROW 603 0 9 16 603 35
ROW 603 1 5 32 603 16
ROW 603 2 14 31 603 0
ROW 603 3 5 8 603 68
ROW 603 4 1 4 603 119
ROW 603 5 120 255 603 4
ROW 603 6 7 21 603 0
ROW 603 7 10 24 603 24
ROW 604 0 10 16 604 35
ROW 604 1 7 32 604 16
ROW 604 2 17 31 604 0
ROW 604 3 0 8 604 68
ROW 604 4 1 4 604 119
ROW 604 5 126 255 604 4
ROW 604 6 14 21 604 0
ROW 604 7 18 24 604 24
ROW 605 0 11 16 605 35
ROW 605 1 9 32 605 16
ROW 605 2 20 31 605 0
ROW 605 3 4 8 605 68
ROW 605 4 1 4 605 119
ROW 605 5 132 255 605 4
ROW 605 6 21 21 605 0
ROW 605 7 1 24 605 24
ROW 606 0 12 16 606 35
ROW 606 1 11 32 606 16
ROW 606 2 23 31 606 0
ROW 606 3 8 8 606 69
ROW 606 4 1 4 606 119
ROW 606 5 138 255 606 4
ROW 606 6 3 21 606 0
ROW 606 7 9 24 606 24
ROW 607 0 13 16 607 35
ROW 607 1 13 32 607 16
ROW 607 2 26 31 607 0
ROW 607 3 3 8 607 69
ROW 607 4 1 4 607 119
ROW 607 5 144 255 607 4
ROW 607 6 10 21 607 0
ROW 607 7 17 24 607 24
ROW 608 0 14 16 608 35
ROW 608 1 15 32 608 16
ROW 608 2 29 31 608 0
ROW 608 3 7 8 608 69
ROW 608 4 1 4 608 119
ROW 608 5 150 255 608 4
ROW 608 6 17 21 608 0
ROW 608 7 0 24 608 24
ROW 609 0 16 16 609 36
ROW 609 1 18 32 609 16
ROW 609 2 0 31 609 0
ROW 609 3 3 8 609 69
ROW 609 4 2 4 609 119
ROW 609 5 157 255 609 4
ROW 609 6 0 21 609 0
ROW 609 7 9 24 609 24
ROW 610 0 0 16 610 36
ROW 610 1 20 32 610 16
ROW 610 2 3 31 610 0
ROW 610 3 7 8 610 69
ROW 610 4 2 4 610 119
ROW 610 5 163 255 610 4
ROW 610 6 7 21 610 0
ROW 610 7 17 24 610 24
ROW 611 0 1 16 611 36
ROW 611 1 22 32 611 16
ROW 611 2 6 31 611 0
ROW 611 3 2 8 611 69
ROW 611 4 2 4 611 119
ROW 611 5 169 255 611 4
ROW 611 6 14 21 611 0
ROW 611 7 0 24 611 24
ROW 612 0 2 16 612 36
ROW 612 1 24 32 612 16
ROW 612 2 9 31 612 0
ROW 612 3 6 8 612 69
ROW 612 4 2 4 612 119
ROW 612 5 175 255 612 4
ROW 612 6 21 21 612 0
ROW 612 7 8 24 612 24
ROW 613 0 3 16 613 36
ROW 613 1 26 32 613 16
ROW 613 2 12 31 613 0
ROW 613 3 1 8 613 69
ROW 613 4 2 4 613 119
ROW 613 5 181 255 613 4
ROW 613 6 3 21 613 0
ROW 613 7 16 24 613 24
ROW 614 0 4 16 614 36
ROW 614 1 28 32 614 16
ROW 614 2 15 31 614 0
ROW 614 3 5 8 614 69
ROW 614 4 2 4 614 119
ROW 614 5 187 255 614 4
ROW 614 6 10 21 614 0
ROW 614 7 24 24 614 25
ROW 615 0 5 16 615 36
ROW 615 1 30 32 615 16
ROW 615 2 18 31 615 0
ROW 615 3 0 8 615 69
ROW 615 4 2 4 615 119
ROW 615 5 193 255 615 4
ROW 615 6 17 21 615 0
ROW 615 7 7 24 615 25
ROW 616 0 7 16 616 36
ROW 616 1 0 32 616 16
ROW 616 2 22 31 616 0
ROW 616 3 5 8 616 69
ROW 616 4 3 4 616 119
ROW 616 5 200 255 616 4
ROW 616 6 0 21 616 0
ROW 616 7 16 24 616 25
ROW 617 0 8 16 617 36
ROW 617 1 2 32 617 16
ROW 617 2 25 31 617 0
ROW 617 3 0 8 617 69
ROW 617 4 3 4 617 119
ROW 617 5 206 255 617 4
ROW 617 6 7 21 617 0
ROW 617 7 24 24 617 26
ROW 618 0 9 16 618 36
ROW 618 1 4 32 618 16
ROW 618 2 28 31 618 0
ROW 618 3 4 8 618 69
ROW 618 4 3 4 618 119
ROW 618 5 212 255 618 4
ROW 618 6 14 21 618 0
ROW 618 7 7 24 618 26
ROW 619 0 10 16 619 36
ROW 619 1 6 32 619 16
ROW 619 2 31 31 619 0
ROW 619 3 8 8 619 70
ROW 619 4 3 4 619 119
ROW 619 5 218 255 619 4
ROW 619 6 21 21 619 0
ROW 619 7 15 24 619 26
ROW 620 0 11 16 620 36
ROW 620 1 8 32 620 16
ROW 620 2 1 31 620 0
ROW 620 3 3 8 620 70
ROW 620 4 3 4 620 119
ROW 620 5 224 255 620 4
ROW 620 6 3 21 620 0
ROW 620 7 23 24 620 26
ROW 621 0 12 16 621 36
ROW 621 1 10 32 621 16
ROW 621 2 4 31 621 0
ROW 621 3 7 8 621 70
ROW 621 4 3 4 621 119
ROW 621 5 230 255 621 4
ROW 621 6 10 21 621 0
ROW 621 7 6 24 621 26
ROW 622 0 13 16 622 36
ROW 622 1 12 32 622 16
ROW 622 2 7 31 622 0
ROW 622 3 2 8 622 70
ROW 622 4 3 4 622 119
ROW 622 5 236 255 622 4
ROW 622 6 17 21 622 0
ROW 622 7 14 24 622 26
ROW 623 0 15 16 623 36
ROW 623 1 15 32 623 16
ROW 623 2 11 31 623 0
ROW 623 3 7 8 623 70
ROW 623 4 4 4 623 120
ROW 623 5 243 255 623 4
ROW 623 6 0 21 623 0
ROW 623 7 23 24 623 26
ROW 624 0 16 16 624 37
ROW 624 1 17 32 624 16
ROW 624 2 14 31 624 0
ROW 624 3 2 8 624 70
ROW 624 4 4 4 624 121
ROW 624 5 249 255 624 4
ROW 624 6 7 21 624 0
ROW 624 7 6 24 624 26
ROW 625 0 0 16 625 37
ROW 625 1 19 32 625 16
ROW 625 2 17 31 625 0
ROW 625 3 6 8 625 70
ROW 625 4 4 4 625 122
ROW 625 5 255 255 625 5
ROW 625 6 14 21 625 0
ROW 625 7 14 24 625 26
ROW 626 0 1 16 626 37
ROW 626 1 21 32 626 16
ROW 626 2 20 31 626 0
ROW 626 3 1 8 626 70
ROW 626 4 4 4 626 123
ROW 626 5 5 255 626 5
ROW 626 6 21 21 626 0
ROW 626 7 22 24 626 26
ROW 627 0 2 16 627 37
ROW 627 1 23 32 627 16
ROW 627 2 23 31 627 0
ROW 627 3 5 8 627 70
ROW 627 4 4 4 627 124
ROW 627 5 11 255 627 5
ROW 627 6 3 21 627 0
ROW 627 7 5 24 627 26
ROW 628 0 3 16 628 37
ROW 628 1 25 32 628 16
ROW 628 2 26 31 628 0
ROW 628 3 0 8 628 70
ROW 628 4 4 4 628 125
ROW 628 5 17 255 628 5
ROW 628 6 10 21 628 0
ROW 628 7 13 24 628 26
ROW 629 0 4 16 629 37
ROW 629 1 27 32 629 16
ROW 629 2 29 31 629 0
ROW 629 3 4 8 629 70
ROW 629 4 4 4 629 126
ROW 629 5 23 255 629 5
ROW 629 6 17 21 629 0
ROW 629 7 21 24 629 26
ROW 630 0 6 16 630 37
ROW 630 1 30 32 630 16
ROW 630 2 0 31 630 0
ROW 630 3 0 8 630 70
ROW 630 4 0 4 630 126
ROW 630 5 30 255 630 5
ROW 630 6 0 21 630 0
ROW 630 7 5 24 630 26
ROW 631 0 7 16 631 37
ROW 631 1 32 32 631 17
ROW 631 2 3 31 631 0
ROW 631 3 4 8 631 70
ROW 631 4 0 4 631 126
ROW 631 5 36 255 631 5
ROW 631 6 7 21 631 0
ROW 631 7 13 24 631 26
ROW 632 0 8 16 632 37
ROW 632 1 1 32 632 17
ROW 632 2 6 31 632 0
ROW 632 3 8 8 632 71
ROW 632 4 0 4 632 126
ROW 632 5 42 255 632 5
ROW 632 6 14 21 632 0
ROW 632 7 21 24 632 26
ROW 633 0 9 16 633 37
ROW 633 1 3 32 633 17
ROW 633 2 9 31 633 0
ROW 633 3 3 8 633 71
ROW 633 4 0 4 633 126
ROW 633 5 48 255 633 5
ROW 633 6 21 21 633 0
ROW 633 7 4 24 633 26
ROW 634 0 10 16 634 37
ROW 634 1 5 32 634 17
ROW 634 2 12 31 634 0
ROW 634 3 7 8 634 71
ROW 634 4 0 4 634 126
ROW 634 5 54 255 634 5
ROW 634 6 3 21 634 0
ROW 634 7 12 24 634 26
ROW 635 0 11 16 635 37
ROW 635 1 7 32 635 17
ROW 635 2 15 31 635 0
ROW 635 3 2 8 635 71
ROW 635 4 0 4 635 126
ROW 635 5 60 255 635 5
ROW 635 6 10 21 635 0
ROW 635 7 20 24 635 26
ROW 636 0 12 16 636 37
ROW 636 1 9 32 636 17
ROW 636 2 18 31 636 0
ROW 636 3 6 8 636 71
ROW 636 4 0 4 636 126
ROW 636 5 66 255 636 5
ROW 636 6 17 21 636 0
ROW 636 7 3 24 636 26
ROW 637 0 14 16 637 37
ROW 637 1 12 32 637 17
ROW 637 2 22 31 637 0
ROW 637 3 2 8 637 71
ROW 637 4 1 4 637 126
ROW 637 5 73 255 637 5
ROW 637 6 0 21 637 0
ROW 637 7 12 24 637 26
ROW 638 0 15 16 638 37
ROW 638 1 14 32 638 17
ROW 638 2 25 31 638 0
ROW 638 3 6 8 638 71
ROW 638 4 1 4 638 126
ROW 638 5 79 255 638 5
ROW 638 6 7 21 638 0
ROW 638 7 20 24 638 26
ROW 639 0 16 16 639 38
ROW 639 1 16 32 639 17
ROW 639 2 28 31 639 0
ROW 639 3 1 8 639 71
ROW 639 4 1 4 639 126
ROW 639 5 85 255 639 5
ROW 639 6 14 21 639 0
ROW 639 7 3 24 639 26
ROW 640 0 0 16 640 38
ROW 640 1 18 32 640 17
ROW 640 2 31 31 640 0
ROW 640 3 5 8 640 71
ROW 640 4 1 4 640 126
ROW 640 5 91 255 640 5
ROW 640 6 21 21 640 0
ROW 640 7 11 24 640 26
ROW 641 0 1 16 641 38
ROW 641 1 20 32 641 17
ROW 641 2 1 31 641 0
ROW 641 3 0 8 641 71
ROW 641 4 1 4 641 126
ROW 641 5 97 255 641 5
ROW 641 6 3 21 641 0
ROW 641 7 19 24 641 26
ROW 642 0 2 16 642 38
ROW 642 1 22 32 642 17
ROW 642 2 4 31 642 0
ROW 642 3 4 8 642 71
ROW 642 4 1 4 642 126
ROW 642 5 103 255 642 5
ROW 642 6 10 21 642 0
ROW 642 7 2 24 642 26
ROW 643 0 3 16 643 38
ROW 643 1 24 32 643 17
ROW 643 2 7 31 643 0
ROW 643 3 8 8 643 72
ROW 643 4 1 4 643 126
ROW 643 5 109 255 643 5
ROW 643 6 17 21 643 0
ROW 643 7 10 24 643 26
ROW 644 0 5 16 644 38
ROW 644 1 27 32 644 17
ROW 644 2 11 31 644 0
ROW 644 3 4 8 644 72
ROW 644 4 2 4 644 126
ROW 644 5 116 255 644 5
ROW 644 6 0 21 644 0
ROW 644 7 19 24 644 26
ROW 645 0 6 16 645 38
ROW 645 1 29 32 645 17
ROW 645 2 14 31 645 0
ROW 645 3 8 8 645 73
ROW 645 4 2 4 645 126
ROW 645 5 122 255 645 5
ROW 645 6 7 21 645 0
ROW 645 7 2 24 645 26
ROW 646 0 7 16 646 38
ROW 646 1 31 32 646 17
ROW 646 2 17 31 646 0
ROW 646 3 3 8 646 73
ROW 646 4 2 4 646 126
ROW 646 5 128 255 646 5
ROW 646 6 14 21 646 0
ROW 646 7 10 24 646 26
ROW 647 0 8 16 647 38
ROW 647 1 0 32 647 17
ROW 647 2 20 31 647 0
ROW 647 3 7 8 647 73
ROW 647 4 2 4 647 126
ROW 647 5 134 255 647 5
ROW 647 6 21 21 647 0
ROW 647 7 18 24 647 26
ROW 648 0 9 16 648 38
ROW 648 1 2 32 648 17
ROW 648 2 23 31 648 0
ROW 648 3 2 8 648 73
ROW 648 4 2 4 648 126
ROW 648 5 140 255 648 5
ROW 648 6 3 21 648 0
ROW 648 7 1 24 648 26
ROW 649 0 10 16 649 38
ROW 649 1 4 32 649 17
ROW 649 2 26 31 649 0
ROW 649 3 6 8 649 73
ROW 649 4 2 4 649 126
ROW 649 5 146 255 649 5
ROW 649 6 10 21 649 0
ROW 649 7 9 24 649 26
ROW 650 0 11 16 650 38
ROW 650 1 6 32 650 17
ROW 650 2 29 31 650 0
ROW 650 3 1 8 650 73
ROW 650 4 2 4 650 126
ROW 650 5 152 255 650 5
ROW 650 6 17 21 650 0
ROW 650 7 17 24 650 26
ROW 651 0 13 16 651 38
ROW 651 1 9 32 651 17
ROW 651 2 0 31 651 0
ROW 651 3 6 8 651 73
ROW 651 4 3 4 651 126
ROW 651 5 159 255 651 5
ROW 651 6 0 21 651 0
ROW 651 7 1 24 651 26
ROW 652 0 14 16 652 38
ROW 652 1 11 32 652 17
ROW 652 2 3 31 652 0
ROW 652 3 1 8 652 73
ROW 652 4 3 4 652 126
ROW 652 5 165 255 652 5
ROW 652 6 7 21 652 0
ROW 652 7 9 24 652 26
ROW 653 0 15 16 653 38
ROW 653 1 13 32 653 17
ROW 653 2 6 31 653 0
ROW 653 3 5 8 653 73
ROW 653 4 3 4 653 126
ROW 653 5 171 255 653 5
ROW 653 6 14 21 653 0
ROW 653 7 17 24 653 26
ROW 654 0 16 16 654 39
ROW 654 1 15 32 654 17
ROW 654 2 9 31 654 0
ROW 654 3 0 8 654 73
ROW 654 4 3 4 654 126
ROW 654 5 177 255 654 5
ROW 654 6 21 21 654 0
ROW 654 7 0 24 654 26
ROW 655 0 0 16 655 39
ROW 655 1 17 32 655 17
ROW 655 2 12 31 655 0
ROW 655 3 4 8 655 73
ROW 655 4 3 4 655 126
ROW 655 5 183 255 655 5
ROW 655 6 3 21 655 0
ROW 655 7 8 24 655 26
ROW 656 0 1 16 656 39
ROW 656 1 19 32 656 17
ROW 656 2 15 31 656 0
ROW 656 3 8 8 656 74
ROW 656 4 3 4 656 126
ROW 656 5 189 255 656 5
ROW 656 6 10 21 656 0
ROW 656 7 16 24 656 26
ROW 657 0 2 16 657 39
ROW 657 1 21 32 657 17
ROW 657 2 18 31 657 0
ROW 657 3 3 8 657 74
ROW 657 4 3 4 657 126
ROW 657 5 195 255 657 5
ROW 657 6 17 21 657 0
ROW 657 7 24 24 657 27
ROW 658 0 4 16 658 39
ROW 658 1 24 32 658 17
ROW 658 2 22 31 658 0
ROW 658 3 8 8 658 75
ROW 658 4 4 4 658 127
ROW 658 5 202 255 658 5
ROW 658 6 0 21 658 0
ROW 658 7 8 24 658 27
ROW 659 0 5 16 659 39
ROW 659 1 26 32 659 17
ROW 659 2 25 31 659 0
ROW 659 3 3 8 659 75
ROW 659 4 4 4 659 128
ROW 659 5 208 255 659 5
ROW 659 6 7 21 659 0
ROW 659 7 16 24 659 27
ROW 660 0 6 16 660 39
ROW 660 1 28 32 660 17
ROW 660 2 28 31 660 0
ROW 660 3 7 8 660 75
ROW 660 4 4 4 660 129
ROW 660 5 214 255 660 5
ROW 660 6 14 21 660 0
ROW 660 7 24 24 660 28
ROW 661 0 7 16 661 39
ROW 661 1 30 32 661 17
ROW 661 2 31 31 661 0
ROW 661 3 2 8 661 75
ROW 661 4 4 4 661 130
ROW 661 5 220 255 661 5
ROW 661 6 21 21 661 0
ROW 661 7 7 24 661 28
ROW 662 0 8 16 662 39
ROW 662 1 32 32 662 18
ROW 662 2 1 31 662 0
ROW 662 3 6 8 662 75
ROW 662 4 4 4 662 131
ROW 662 5 226 255 662 5
ROW 662 6 3 21 662 0
ROW 662 7 15 24 662 28
ROW 663 0 9 16 663 39
ROW 663 1 1 32 663 18
ROW 663 2 4 31 663 0
ROW 663 3 1 8 663 75
ROW 663 4 4 4 663 132
ROW 663 5 232 255 663 5
ROW 663 6 10 21 663 0
ROW 663 7 23 24 663 28
ROW 664 0 10 16 664 39
ROW 664 1 3 32 664 18
ROW 664 2 7 31 664 0
ROW 664 3 5 8 664 75
ROW 664 4 4 4 664 133
ROW 664 5 238 255 664 5
ROW 664 6 17 21 664 0
ROW 664 7 6 24 664 28
ROW 665 0 12 16 665 39
ROW 665 1 6 32 665 18
ROW 665 2 11 31 665 0
ROW 665 3 1 8 665 75
ROW 665 4 0 4 665 133
ROW 665 5 245 255 665 5
ROW 665 6 0 21 665 0
ROW 665 7 15 24 665 28
ROW 666 0 13 16 666 39
ROW 666 1 8 32 666 18
ROW 666 2 14 31 666 0
ROW 666 3 5 8 666 75
ROW 666 4 0 4 666 133
ROW 666 5 251 255 666 5
ROW 666 6 7 21 666 0
ROW 666 7 23 24 666 28
ROW 667 0 14 16 667 39
ROW 667 1 10 32 667 18
ROW 667 2 17 31 667 0
ROW 667 3 0 8 667 75
ROW 667 4 0 4 667 133
ROW 667 5 1 255 667 5
ROW 667 6 14 21 667 0
ROW 667 7 6 24 667 28
ROW 668 0 15 16 668 39
ROW 668 1 12 32 668 18
ROW 668 2 20 31 668 0
ROW 668 3 4 8 668 75
ROW 668 4 0 4 668 133
ROW 668 5 7 255 668 5
ROW 668 6 21 21 668 0
ROW 668 7 14 24 668 28
ROW 669 0 16 16 669 40
ROW 669 1 14 32 669 18
ROW 669 2 23 31 669 0
ROW 669 3 8 8 669 76
ROW 669 4 0 4 669 133
ROW 669 5 13 255 669 5
ROW 669 6 3 21 669 0
ROW 669 7 22 24 669 28
ROW 670 0 0 16 670 40
ROW 670 1 16 32 670 18
ROW 670 2 26 31 670 0
ROW 670 3 3 8 670 76
ROW 670 4 0 4 670 133
ROW 670 5 19 255 670 5
ROW 670 6 10 21 670 0
ROW 670 7 5 24 670 28
ROW 671 0 1 16 671 40
ROW 671 1 18 32 671 18
ROW 671 2 29 31 671 0
ROW 671 3 7 8 671 76
ROW 671 4 0 4 671 133
ROW 671 5 25 255 671 5
ROW 671 6 17 21 671 0
ROW 671 7 13 24 671 28
ROW 672 0 3 16 672 40
ROW 672 1 21 32 672 18
ROW 672 2 0 31 672 0
ROW 672 3 3 8 672 76
ROW 672 4 1 4 672 133
ROW 672 5 32 255 672 5
ROW 672 6 0 21 672 0
ROW 672 7 22 24 672 28
ROW 673 0 4 16 673 40
ROW 673 1 23 32 673 18
ROW 673 2 3 31 673 0
ROW 673 3 7 8 673 76
ROW 673 4 1 4 673 133
ROW 673 5 38 255 673 5
ROW 673 6 7 21 673 0
ROW 673 7 5 24 673 28
ROW 674 0 5 16 674 40
ROW 674 1 25 32 674 18
ROW 674 2 6 31 674 0
ROW 674 3 2 8 674 76
ROW 674 4 1 4 674 133
ROW 674 5 44 255 674 5
ROW 674 6 14 21 674 0
ROW 674 7 13 24 674 28
ROW 675 0 6 16 675 40
ROW 675 1 27 32 675 18
ROW 675 2 9 31 675 0
ROW 675 3 6 8 675 76
ROW 675 4 1 4 675 133
ROW 675 5 50 255 675 5
ROW 675 6 21 21 675 0
ROW 675 7 21 24 675 28
ROW 676 0 7 16 676 40
ROW 676 1 29 32 676 18
ROW 676 2 12 31 676 0
ROW 676 3 1 8 676 76
ROW 676 4 1 4 676 133
ROW 676 5 56 255 676 5
ROW 676 6 3 21 676 0
ROW 676 7 4 24 676 28
ROW 677 0 8 16 677 40
ROW 677 1 31 32 677 18
ROW 677 2 15 31 677 0
ROW 677 3 5 8 677 76
ROW 677 4 1 4 677 133
ROW 677 5 62 255 677 5
ROW 677 6 10 21 677 0
ROW 677 7 12 24 677 28
ROW 678 0 9 16 678 40
ROW 678 1 0 32 678 18
ROW 678 2 18 31 678 0
ROW 678 3 0 8 678 76
ROW 678 4 1 4 678 133
ROW 678 5 68 255 678 5
ROW 678 6 17 21 678 0
ROW 678 7 20 24 678 28
ROW 679 0 11 16 679 40
ROW 679 1 3 32 679 18
ROW 679 2 22 31 679 0
ROW 679 3 5 8 679 76
ROW 679 4 2 4 679 133
ROW 679 5 75 255 679 5
ROW 679 6 0 21 679 0
ROW 679 7 4 24 679 28
ROW 680 0 12 16 680 40
ROW 680 1 5 32 680 18
ROW 680 2 25 31 680 0
ROW 680 3 0 8 680 76
ROW 680 4 2 4 680 133
ROW 680 5 81 255 680 5
ROW 680 6 7 21 680 0
ROW 680 7 12 24 680 28
ROW 681 0 13 16 681 40
ROW 681 1 7 32 681 18
ROW 681 2 28 31 681 0
ROW 681 3 4 8 681 76
ROW 681 4 2 4 681 133
ROW 681 5 87 255 681 5
ROW 681 6 14 21 681 0
ROW 681 7 20 24 681 28
ROW 682 0 14 16 682 40
ROW 682 1 9 32 682 18
ROW 682 2 31 31 682 0
ROW 682 3 8 8 682 77
ROW 682 4 2 4 682 133
ROW 682 5 93 255 682 5
ROW 682 6 21 21 682 0
ROW 682 7 3 24 682 28
ROW 683 0 15 16 683 40
ROW 683 1 11 32 683 18
ROW 683 2 1 31 683 0
ROW 683 3 3 8 683 77
ROW 683 4 2 4 683 133
ROW 683 5 99 255 683 5
ROW 683 6 3 21 683 0
ROW 683 7 11 24 683 28
ROW 684 0 16 16 684 41
ROW 684 1 13 32 684 18
ROW 684 2 4 31 684 0
ROW 684 3 7 8 684 77
ROW 684 4 2 4 684 133
ROW 684 5 105 255 684 5
ROW 684 6 10 21 684 0
ROW 684 7 19 24 684 28
ROW 685 0 0 16 685 41
ROW 685 1 15 32 685 18
ROW 685 2 7 31 685 0
ROW 685 3 2 8 685 77
ROW 685 4 2 4 685 133
ROW 685 5 111 255 685 5
ROW 685 6 17 21 685 0
ROW 685 7 2 24 685 28
ROW 686 0 2 16 686 41
ROW 686 1 18 32 686 18
ROW 686 2 11 31 686 0
ROW 686 3 7 8 686 77
ROW 686 4 3 4 686 133
ROW 686 5 118 255 686 5
ROW 686 6 0 21 686 0
ROW 686 7 11 24 686 28
ROW 687 0 3 16 687 41
ROW 687 1 20 32 687 18
ROW 687 2 14 31 687 0
ROW 687 3 2 8 687 77
ROW 687 4 3 4 687 133
ROW 687 5 124 255 687 5
ROW 687 6 7 21 687 0
ROW 687 7 19 24 687 28
ROW 688 0 4 16 688 41
ROW 688 1 22 32 688 18
ROW 688 2 17 31 688 0
ROW 688 3 6 8 688 77
ROW 688 4 3 4 688 133
ROW 688 5 130 255 688 5
ROW 688 6 14 21 688 0
ROW 688 7 2 24 688 28
ROW 689 0 5 16 689 41
ROW 689 1 24 32 689 18
ROW 689 2 20 31 689 0
ROW 689 3 1 8 689 77
ROW 689 4 3 4 689 133
ROW 689 5 136 255 689 5
ROW 689 6 21 21 689 0
ROW 689 7 10 24 689 28
ROW 690 0 6 16 690 41
ROW 690 1 26 32 690 18
ROW 690 2 23 31 690 0
ROW 690 3 5 8 690 77
ROW 690 4 3 4 690 133
ROW 690 5 142 255 690 5
ROW 690 6 3 21 690 0
ROW 690 7 18 24 690 28
ROW 691 0 7 16 691 41
ROW 691 1 28 32 691 18
ROW 691 2 26 31 691 0
ROW 691 3 0 8 691 77
ROW 691 4 3 4 691 133
ROW 691 5 148 255 691 5
ROW 691 6 10 21 691 0
ROW 691 7 1 24 691 28
ROW 692 0 8 16 692 41
ROW 692 1 30 32 692 18
ROW 692 2 29 31 692 0
ROW 692 3 4 8 692 77
ROW 692 4 3 4 692 133
ROW 692 5 154 255 692 5
ROW 692 6 17 21 692 0
ROW 692 7 9 24 692 28
ROW 693 0 10 16 693 41
ROW 693 1 0 32 693 18
ROW 693 2 0 31 693 0
ROW 693 3 0 8 693 77
ROW 693 4 4 4 693 134
ROW 693 5 161 255 693 5
ROW 693 6 0 21 693 0
ROW 693 7 18 24 693 28
ROW 694 0 11 16 694 41
ROW 694 1 2 32 694 18
ROW 694 2 3 31 694 0
ROW 694 3 4 8 694 77
ROW 694 4 4 4 694 135
ROW 694 5 167 255 694 5
ROW 694 6 7 21 694 0
ROW 694 7 1 24 694 28
ROW 695 0 12 16 695 41
ROW 695 1 4 32 695 18
ROW 695 2 6 31 695 0
ROW 695 3 8 8 695 78
ROW 695 4 4 4 695 136
ROW 695 5 173 255 695 5
ROW 695 6 14 21 695 0
ROW 695 7 9 24 695 28
ROW 696 0 13 16 696 41
ROW 696 1 6 32 696 18
ROW 696 2 9 31 696 0
ROW 696 3 3 8 696 78
ROW 696 4 4 4 696 137
ROW 696 5 179 255 696 5
ROW 696 6 21 21 696 0
ROW 696 7 17 24 696 28
ROW 697 0 14 16 697 41
ROW 697 1 8 32 697 18
ROW 697 2 12 31 697 0
ROW 697 3 7 8 697 78
ROW 697 4 4 4 697 138
ROW 697 5 185 255 697 5
ROW 697 6 3 21 697 0
ROW 697 7 0 24 697 28
ROW 698 0 15 16 698 41
ROW 698 1 10 32 698 18
ROW 698 2 15 31 698 0
ROW 698 3 2 8 698 78
ROW 698 4 4 4 698 139
ROW 698 5 191 255 698 5
ROW 698 6 10 21 698 0
ROW 698 7 8 24 698 28
ROW 699 0 16 16 699 42
ROW 699 1 12 32 699 18
ROW 699 2 18 31 699 0
ROW 699 3 6 8 699 78
ROW 699 4 4 4 699 140
ROW 699 5 197 255 699 5
ROW 699 6 17 21 699 0
ROW 699 7 16 24 699 28
ROW 700 0 1 16 700 42
ROW 700 1 15 32 700 18
ROW 700 2 22 31 700 0
ROW 700 3 2 8 700 78
ROW 700 4 0 4 700 140
ROW 700 5 204 255 700 5
ROW 700 6 0 21 700 0
ROW 700 7 0 24 700 28
ROW 701 0 2 16 701 42
ROW 701 1 17 32 701 18
ROW 701 2 25 31 701 0
ROW 701 3 6 8 701 78
ROW 701 4 0 4 701 140
ROW 701 5 210 255 701 5
ROW 701 6 7 21 701 0
ROW 701 7 8 24 701 28
ROW 702 0 3 16 702 42
ROW 702 1 19 32 702 18
ROW 702 2 28 31 702 0
ROW 702 3 1 8 702 78
ROW 702 4 0 4 702 140
ROW 702 5 216 255 702 5
ROW 702 6 14 21 702 0
ROW 702 7 16 24 702 28
ROW 703 0 4 16 703 42
ROW 703 1 21 32 703 18
ROW 703 2 31 31 703 0
ROW 703 3 5 8 703 78
ROW 703 4 0 4 703 140
ROW 703 5 222 255 703 5
ROW 703 6 21 21 703 0
ROW 703 7 24 24 703 29
ROW 704 0 5 16 704 42
ROW 704 1 23 32 704 18
ROW 704 2 1 31 704 0
ROW 704 3 0 8 704 78
ROW 704 4 0 4 704 140
ROW 704 5 228 255 704 5
ROW 704 6 3 21 704 0
ROW 704 7 7 24 704 29
ROW 705 0 6 16 705 42
ROW 705 1 25 32 705 18
ROW 705 2 4 31 705 0
ROW 705 3 4 8 705 78
ROW 705 4 0 4 705 140
ROW 705 5 234 255 705 5
ROW 705 6 10 21 705 0
ROW 705 7 15 24 705 29
ROW 706 0 7 16 706 42
ROW 706 1 27 32 706 18
ROW 706 2 7 31 706 0
ROW 706 3 8 8 706 79
ROW 706 4 0 4 706 140
ROW 706 5 240 255 706 5
ROW 706 6 17 21 706 0
ROW 706 7 23 24 706 29
ROW 707 0 9 16 707 42
ROW 707 1 30 32 707 18
ROW 707 2 11 31 707 0
ROW 707 3 4 8 707 79
ROW 707 4 1 4 707 140
ROW 707 5 247 255 707 5
ROW 707 6 0 21 707 0
ROW 707 7 7 24 707 29
ROW 708 0 10 16 708 42
ROW 708 1 32 32 708 19
ROW 708 2 14 31 708 0
ROW 708 3 8 8 708 80
ROW 708 4 1 4 708 140
ROW 708 5 253 255 708 5
ROW 708 6 7 21 708 0
ROW 708 7 15 24 708 29
ROW 709 0 11 16 709 42
ROW 709 1 1 32 709 19
ROW 709 2 17 31 709 0
ROW 709 3 3 8 709 80
ROW 709 4 1 4 709 140
ROW 709 5 3 255 709 5
ROW 709 6 14 21 709 0
ROW 709 7 23 24 709 29
ROW 710 0 12 16 710 42
ROW 710 1 3 32 710 19
ROW 710 2 20 31 710 0
ROW 710 3 7 8 710 80
ROW 710 4 1 4 710 140
ROW 710 5 9 255 710 5
ROW 710 6 21 21 710 0
ROW 710 7 6 24 710 29
ROW 711 0 13 16 711 42
ROW 711 1 5 32 711 19
ROW 711 2 23 31 711 0
ROW 711 3 2 8 711 80
ROW 711 4 1 4 711 140
ROW 711 5 15 255 711 5
ROW 711 6 3 21 711 0
ROW 711 7 14 24 711 29
ROW 712 0 14 16 712 42
ROW 712 1 7 32 712 19
ROW 712 2 26 31 712 0
ROW 712 3 6 8 712 80
ROW 712 4 1 4 712 140
ROW 712 5 21 255 712 5
ROW 712 6 10 21 712 0
ROW 712 7 22 24 712 29
ROW 713 0 15 16 713 42
ROW 713 1 9 32 713 19
ROW 713 2 29 31 713 0
ROW 713 3 1 8 713 80
ROW 713 4 1 4 713 140
ROW 713 5 27 255 713 5
ROW 713 6 17 21 713 0
ROW 713 7 5 24 713 29
ROW 714 0 0 16 714 42
ROW 714 1 12 32 714 19
ROW 714 2 0 31 714 0
ROW 714 3 6 8 714 80
ROW 714 4 2 4 714 140
ROW 714 5 34 255 714 5
ROW 714 6 0 21 714 0
ROW 714 7 14 24 714 29
ROW 715 0 1 16 715 42
ROW 715 1 14 32 715 19
ROW 715 2 3 31 715 0
ROW 715 3 1 8 715 80
ROW 715 4 2 4 715 140
ROW 715 5 40 255 715 5
ROW 715 6 7 21 715 0
ROW 715 7 22 24 715 29
ROW 716 0 2 16 716 42
ROW 716 1 16 32 716 19
ROW 716 2 6 31 716 0
ROW 716 3 5 8 716 80
ROW 716 4 2 4 716 140
ROW 716 5 46 255 716 5
ROW 716 6 14 21 716 0
ROW 716 7 5 24 716 29
ROW 717 0 3 16 717 42
ROW 717 1 18 32 717 19
ROW 717 2 9 31 717 0
ROW 717 3 0 8 717 80
ROW 717 4 2 4 717 140
ROW 717 5 52 255 717 5
ROW 717 6 21 21 717 0
ROW 717 7 13 24 717 29
ROW 718 0 4 16 718 42
ROW 718 1 20 32 718 19
ROW 718 2 12 31 718 0
ROW 718 3 4 8 718 80
ROW 718 4 2 4 718 140
ROW 718 5 58 255 718 5
ROW 718 6 3 21 718 0
ROW 718 7 21 24 718 29
ROW 719 0 5 16 719 42
ROW 719 1 22 32 719 19
ROW 719 2 15 31 719 0
ROW 719 3 8 8 719 81
ROW 719 4 2 4 719 140
ROW 719 5 64 255 719 5
ROW 719 6 10 21 719 0
ROW 719 7 4 24 719 29
ROW 720 0 6 16 720 42
ROW 720 1 24 32 720 19
ROW 720 2 18 31 720 0
ROW 720 3 3 8 720 81
ROW 720 4 2 4 720 140
ROW 720 5 70 255 720 5
ROW 720 6 17 21 720 0
ROW 720 7 12 24 720 29
ROW 721 0 8 16 721 42
ROW 721 1 27 32 721 19
ROW 721 2 22 31 721 0
ROW 721 3 8 8 721 82
ROW 721 4 3 4 721 140
ROW 721 5 77 255 721 5
ROW 721 6 0 21 721 0
ROW 721 7 21 24 721 29
ROW 722 0 9 16 722 42
ROW 722 1 29 32 722 19
ROW 722 2 25 31 722 0
ROW 722 3 3 8 722 82
ROW 722 4 3 4 722 140
ROW 722 5 83 255 722 5
ROW 722 6 7 21 722 0
ROW 722 7 4 24 722 29
ROW 723 0 10 16 723 42
ROW 723 1 31 32 723 19
ROW 723 2 28 31 723 0
ROW 723 3 7 8 723 82
ROW 723 4 3 4 723 140
ROW 723 5 89 255 723 5
ROW 723 6 14 21 723 0
ROW 723 7 12 24 723 29
ROW 724 0 11 16 724 42
ROW 724 1 0 32 724 19
ROW 724 2 31 31 724 0
ROW 724 3 2 8 724 82
ROW 724 4 3 4 724 140
ROW 724 5 95 255 724 5
ROW 724 6 21 21 724 0
ROW 724 7 20 24 724 29
ROW 725 0 12 16 725 42
ROW 725 1 2 32 725 19
ROW 725 2 1 31 725 0
ROW 725 3 6 8 725 82
ROW 725 4 3 4 725 140
ROW 725 5 101 255 725 5
ROW 725 6 3 21 725 0
ROW 725 7 3 24 725 29
ROW 726 0 13 16 726 42
ROW 726 1 4 32 726 19
ROW 726 2 4 31 726 0
ROW 726 3 1 8 726 82
ROW 726 4 3 4 726 140
ROW 726 5 107 255 726 5
ROW 726 6 10 21 726 0
ROW 726 7 11 24 726 29
ROW 727 0 14 16 727 42
ROW 727 1 6 32 727 19
ROW 727 2 7 31 727 0
ROW 727 3 5 8 727 82
ROW 727 4 3 4 727 140
ROW 727 5 113 255 727 5
ROW 727 6 17 21 727 0
ROW 727 7 19 24 727 29
ROW 728 0 16 16 728 43
ROW 728 1 9 32 728 19
ROW 728 2 11 31 728 0
ROW 728 3 1 8 728 82
ROW 728 4 4 4 728 141
ROW 728 5 120 255 728 5
ROW 728 6 0 21 728 0
ROW 728 7 3 24 728 29
ROW 729 0 0 16 729 43
ROW 729 1 11 32 729 19
ROW 729 2 14 31 729 0
ROW 729 3 5 8 729 82
ROW 729 4 4 4 729 142
ROW 729 5 126 255 729 5
ROW 729 6 7 21 729 0
ROW 729 7 11 24 729 29
ROW 730 0 1 16 730 43
ROW 730 1 13 32 730 19
ROW 730 2 17 31 730 0
ROW 730 3 0 8 730 82
ROW 730 4 4 4 730 143
ROW 730 5 132 255 730 5
ROW 730 6 14 21 730 0
ROW 730 7 19 24 730 29
ROW 731 0 2 16 731 43
ROW 731 1 15 32 731 19
ROW 731 2 20 31 731 0
ROW 731 3 4 8 731 82
ROW 731 4 4 4 731 144
ROW 731 5 138 255 731 5
ROW 731 6 21 21 731 0
ROW 731 7 2 24 731 29
ROW 732 0 3 16 732 43
ROW 732 1 17 32 732 19
ROW 732 2 23 31 732 0
ROW 732 3 8 8 732 83
ROW 732 4 4 4 732 145
ROW 732 5 144 255 732 5
ROW 732 6 3 21 732 0
ROW 732 7 10 24 732 29
ROW 733 0 4 16 733 43
ROW 733 1 19 32 733 19
ROW 733 2 26 31 733 0
ROW 733 3 3 8 733 83
ROW 733 4 4 4 733 146
ROW 733 5 150 255 733 5
ROW 733 6 10 21 733 0
ROW 733 7 18 24 733 29
ROW 734 0 5 16 734 43
ROW 734 1 21 32 734 19
ROW 734 2 29 31 734 0
ROW 734 3 7 8 734 83
ROW 734 4 4 4 734 147
ROW 734 5 156 255 734 5
ROW 734 6 17 21 734 0
ROW 734 7 1 24 734 29
ROW 735 0 7 16 735 43
ROW 735 1 24 32 735 19
ROW 735 2 0 31 735 0
ROW 735 3 3 8 735 83
ROW 735 4 0 4 735 147
ROW 735 5 163 255 735 5
ROW 735 6 0 21 735 0
ROW 735 7 10 24 735 29
ROW 736 0 8 16 736 43
ROW 736 1 26 32 736 19
ROW 736 2 3 31 736 0
ROW 736 3 7 8 736 83
ROW 736 4 0 4 736 147
ROW 736 5 169 255 736 5
ROW 736 6 7 21 736 0
ROW 736 7 18 24 736 29
ROW 737 0 9 16 737 43
ROW 737 1 28 32 737 19
ROW 737 2 6 31 737 0
ROW 737 3 2 8 737 83
ROW 737 4 0 4 737 147
ROW 737 5 175 255 737 5
ROW 737 6 14 21 737 0
ROW 737 7 1 24 737 29
ROW 738 0 10 16 738 43
ROW 738 1 30 32 738 19
ROW 738 2 9 31 738 0
ROW 738 3 6 8 738 83
ROW 738 4 0 4 738 147
ROW 738 5 181 255 738 5
ROW 738 6 21 21 738 0
ROW 738 7 9 24 738 29
ROW 739 0 11 16 739 43
ROW 739 1 32 32 739 20
ROW 739 2 12 31 739 0
ROW 739 3 1 8 739 83
ROW 739 4 0 4 739 147
ROW 739 5 187 255 739 5
ROW 739 6 3 21 739 0
ROW 739 7 17 24 739 29
ROW 740 0 12 16 740 43
ROW 740 1 1 32 740 20
ROW 740 2 15 31 740 0
ROW 740 3 5 8 740 83
ROW 740 4 0 4 740 147
ROW 740 5 193 255 740 5
ROW 740 6 10 21 740 0
ROW 740 7 0 24 740 29
ROW 741 0 13 16 741 43
ROW 741 1 3 32 741 20
ROW 741 2 18 31 741 0
ROW 741 3 0 8 741 83
ROW 741 4 0 4 741 147
ROW 741 5 199 255 741 5
ROW 741 6 17 21 741 0
ROW 741 7 8 24 741 29
ROW 742 0 15 16 742 43
ROW 742 1 6 32 742 20
ROW 742 2 22 31 742 0
ROW 742 3 5 8 742 83
ROW 742 4 1 4 742 147
ROW 742 5 206 255 742 5
ROW 742 6 0 21 742 0
ROW 742 7 17 24 742 29
ROW 743 0 16 16 743 44
ROW 743 1 8 32 743 20
ROW 743 2 25 31 743 0
ROW 743 3 0 8 743 83
ROW 743 4 1 4 743 147
ROW 743 5 212 255 743 5
ROW 743 6 7 21 743 0
ROW 743 7 0 24 743 29
ROW 744 0 0 16 744 44
ROW 744 1 10 32 744 20
ROW 744 2 28 31 744 0
ROW 744 3 4 8 744 83
ROW 744 4 1 4 744 147
ROW 744 5 218 255 744 5
ROW 744 6 14 21 744 0
ROW 744 7 8 24 744 29
ROW 745 0 1 16 745 44
ROW 745 1 12 32 745 20
ROW 745 2 31 31 745 0
ROW 745 3 8 8 745 84
ROW 745 4 1 4 745 147
ROW 745 5 224 255 745 5
ROW 745 6 21 21 745 0
ROW 745 7 16 24 745 29
ROW 746 0 2 16 746 44
ROW 746 1 14 32 746 20
ROW 746 2 1 31 746 0
ROW 746 3 3 8 746 84
ROW 746 4 1 4 746 147
ROW 746 5 230 255 746 5
ROW 746 6 3 21 746 0
ROW 746 7 24 24 746 30
ROW 747 0 3 16 747 44
ROW 747 1 16 32 747 20
ROW 747 2 4 31 747 0
ROW 747 3 7 8 747 84
ROW 747 4 1 4 747 147
ROW 747 5 236 255 747 5
ROW 747 6 10 21 747 0
ROW 747 7 7 24 747 30
ROW 748 0 4 16 748 44
ROW 748 1 18 32 748 20
ROW 748 2 7 31 748 0
ROW 748 3 2 8 748 84
ROW 748 4 1 4 748 147
ROW 748 5 242 255 748 5
ROW 748 6 17 21 748 0
ROW 748 7 15 24 748 30
ROW 749 0 6 16 749 44
ROW 749 1 21 32 749 20
ROW 749 2 11 31 749 0
ROW 749 3 7 8 749 84
ROW 749 4 2 4 749 147
ROW 749 5 249 255 749 5
ROW 749 6 0 21 749 0
ROW 749 7 24 24 749 31
ROW 750 0 7 16 750 44
ROW 750 1 23 32 750 20
ROW 750 2 14 31 750 0
ROW 750 3 2 8 750 84
ROW 750 4 2 4 750 147
ROW 750 5 255 255 750 6
ROW 750 6 7 21 750 0
ROW 750 7 7 24 750 31
ROW 751 0 8 16 751 44
ROW 751 1 25 32 751 20
ROW 751 2 17 31 751 0
ROW 751 3 6 8 751 84
ROW 751 4 2 4 751 147
ROW 751 5 5 255 751 6
ROW 751 6 14 21 751 0
ROW 751 7 15 24 751 31
ROW 752 0 9 16 752 44
ROW 752 1 27 32 752 20
ROW 752 2 20 31 752 0
ROW 752 3 1 8 752 84
ROW 752 4 2 4 752 147
ROW 752 5 11 255 752 6
ROW 752 6 21 21 752 0
ROW 752 7 23 24 752 31
ROW 753 0 10 16 753 44
ROW 753 1 29 32 753 20
ROW 753 2 23 31 753 0
ROW 753 3 5 8 753 84
ROW 753 4 2 4 753 147
ROW 753 5 17 255 753 6
ROW 753 6 3 21 753 0
ROW 753 7 6 24 753 31
ROW 754 0 11 16 754 44
ROW 754 1 31 32 754 20
ROW 754 2 26 31 754 0
ROW 754 3 0 8 754 84
ROW 754 4 2 4 754 147
ROW 754 5 23 255 754 6
ROW 754 6 10 21 754 0
ROW 754 7 14 24 754 31
ROW 755 0 12 16 755 44
ROW 755 1 0 32 755 20
ROW 755 2 29 31 755 0
ROW 755 3 4 8 755 84
ROW 755 4 2 4 755 147
ROW 755 5 29 255 755 6
ROW 755 6 17 21 755 0
ROW 755 7 22 24 755 31
ROW 756 0 14 16 756 44
ROW 756 1 3 32 756 20
ROW 756 2 0 31 756 0
ROW 756 3 0 8 756 84
ROW 756 4 3 4 756 147
ROW 756 5 36 255 756 6
ROW 756 6 0 21 756 0
ROW 756 7 6 24 756 31
ROW 757 0 15 16 757 44
ROW 757 1 5 32 757 20
ROW 757 2 3 31 757 0
ROW 757 3 4 8 757 84
ROW 757 4 3 4 757 147
ROW 757 5 42 255 757 6
ROW 757 6 7 21 757 0
ROW 757 7 14 24 757 31
ROW 758 0 16 16 758 45
ROW 758 1 7 32 758 20
ROW 758 2 6 31 758 0
ROW 758 3 8 8 758 85
ROW 758 4 3 4 758 147
ROW 758 5 48 255 758 6
ROW 758 6 14 21 758 0
ROW 758 7 22 24 758 31
ROW 759 0 0 16 759 45
ROW 759 1 9 32 759 20
ROW 759 2 9 31 759 0
ROW 759 3 3 8 759 85
ROW 759 4 3 4 759 147
ROW 759 5 54 255 759 6
ROW 759 6 21 21 759 0
ROW 759 7 5 24 759 31
ROW 760 0 1 16 760 45
ROW 760 1 11 32 760 20
ROW 760 2 12 31 760 0
ROW 760 3 7 8 760 85
ROW 760 4 3 4 760 147
ROW 760 5 60 255 760 6
ROW 760 6 3 21 760 0
ROW 760 7 13 24 760 31
ROW 761 0 2 16 761 45
ROW 761 1 13 32 761 20
ROW 761 2 15 31 761 0
ROW 761 3 2 8 761 85
ROW 761 4 3 4 761 147
ROW 761 5 66 255 761 6
ROW 761 6 10 21 761 0
ROW 761 7 21 24 761 31
ROW 762 0 3 16 762 45
ROW 762 1 15 32 762 20
ROW 762 2 18 31 762 0
ROW 762 3 6 8 762 85
ROW 762 4 3 4 762 147
ROW 762 5 72 255 762 6
ROW 762 6 17 21 762 0
ROW 762 7 4 24 762 31
ROW 763 0 5 16 763 45
ROW 763 1 18 32 763 20
ROW 763 2 22 31 763 0
ROW 763 3 2 8 763 85
ROW 763 4 4 4 763 148
ROW 763 5 79 255 763 6
ROW 763 6 0 21 763 0
ROW 763 7 13 24 763 31
ROW 764 0 6 16 764 45
ROW 764 1 20 32 764 20
ROW 764 2 25 31 764 0
ROW 764 3 6 8 764 85
ROW 764 4 4 4 764 149
ROW 764 5 85 255 764 6
ROW 764 6 7 21 764 0
ROW 764 7 21 24 764 31
ROW 765 0 7 16 765 45
ROW 765 1 22 32 765 20
ROW 765 2 28 31 765 0
ROW 765 3 1 8 765 85
ROW 765 4 4 4 765 150
ROW 765 5 91 255 765 6
ROW 765 6 14 21 765 0
ROW 765 7 4 24 765 31
ROW 766 0 8 16 766 45
ROW 766 1 24 32 766 20
ROW 766 2 31 31 766 0
ROW 766 3 5 8 766 85
ROW 766 4 4 4 766 151
ROW 766 5 97 255 766 6
ROW 766 6 21 21 766 0
ROW 766 7 12 24 766 31
ROW 767 0 9 16 767 45
ROW 767 1 26 32 767 20
ROW 767 2 1 31 767 0
ROW 767 3 0 8 767 85
ROW 767 4 4 4 767 152
ROW 767 5 103 255 767 6
ROW 767 6 3 21 767 0
ROW 767 7 20 24 767 31
ROW 768 0 10 16 768 45
ROW 768 1 28 32 768 20
ROW 768 2 4 31 768 0
ROW 768 3 4 8 768 85
ROW 768 4 4 4 768 153
ROW 768 5 109 255 768 6
ROW 768 6 10 21 768 0
ROW 768 7 3 24 768 31
ROW 769 0 11 16 769 45
ROW 769 1 30 32 769 20
ROW 769 2 7 31 769 0
ROW 769 3 8 8 769 86
ROW 769 4 4 4 769 154
ROW 769 5 115 255 769 6
ROW 769 6 17 21 769 0
ROW 769 7 11 24 769 31
ROW 770 0 13 16 770 45
ROW 770 1 0 32 770 20
ROW 770 2 11 31 770 0
ROW 770 3 4 8 770 86
ROW 770 4 0 4 770 154
ROW 770 5 122 255 770 6
ROW 770 6 0 21 770 0
ROW 770 7 20 24 770 31
ROW 771 0 14 16 771 45
ROW 771 1 2 32 771 20
ROW 771 2 14 31 771 0
ROW 771 3 8 8 771 87
ROW 771 4 0 4 771 154
ROW 771 5 128 255 771 6
ROW 771 6 7 21 771 0
ROW 771 7 3 24 771 31
ROW 772 0 15 16 772 45
ROW 772 1 4 32 772 20
ROW 772 2 17 31 772 0
ROW 772 3 3 8 772 87
ROW 772 4 0 4 772 154
ROW 772 5 134 255 772 6
ROW 772 6 14 21 772 0
ROW 772 7 11 24 772 31
ROW 773 0 16 16 773 46
ROW 773 1 6 32 773 20
ROW 773 2 20 31 773 0
ROW 773 3 7 8 773 87
ROW 773 4 0 4 773 154
ROW 773 5 140 255 773 6
ROW 773 6 21 21 773 0
ROW 773 7 19 24 773 31
ROW 774 0 0 16 774 46
ROW 774 1 8 32 774 20
ROW 774 2 23 31 774 0
ROW 774 3 2 8 774 87
ROW 774 4 0 4 774 154
ROW 774 5 146 255 774 6
ROW 774 6 3 21 774 0
ROW 774 7 2 24 774 31
ROW 775 0 1 16 775 46
ROW 775 1 10 32 775 20
ROW 775 2 26 31 775 0
ROW 775 3 6 8 775 87
ROW 775 4 0 4 775 154
ROW 775 5 152 255 775 6
ROW 775 6 10 21 775 0
ROW 775 7 10 24 775 31
ROW 776 0 2 16 776 46
ROW 776 1 12 32 776 20
ROW 776 2 29 31 776 0
ROW 776 3 1 8 776 87
ROW 776 4 0 4 776 154
ROW 776 5 158 255 776 6
ROW 776 6 17 21 776 0
ROW 776 7 18 24 776 31
ROW 777 0 4 16 777 46
ROW 777 1 15 32 777 20
ROW 777 2 0 31 777 0
ROW 777 3 6 8 777 87
ROW 777 4 1 4 777 154
ROW 777 5 165 255 777 6
ROW 777 6 0 21 777 0
ROW 777 7 2 24 777 31
ROW 778 0 5 16 778 46
ROW 778 1 17 32 778 20
ROW 778 2 3 31 778 0
ROW 778 3 1 8 778 87
ROW 778 4 1 4 778 154
ROW 778 5 171 255 778 6
ROW 778 6 7 21 778 0
ROW 778 7 10 24 778 31
ROW 779 0 6 16 779 46
ROW 779 1 19 32 779 20
ROW 779 2 6 31 779 0
ROW 779 3 5 8 779 87
ROW 779 4 1 4 779 154
ROW 779 5 177 255 779 6
ROW 779 6 14 21 779 0
ROW 779 7 18 24 779 31
ROW 780 0 7 16 780 46
ROW 780 1 21 32 780 20
ROW 780 2 9 31 780 0
ROW 780 3 0 8 780 87
ROW 780 4 1 4 780 154
ROW 780 5 183 255 780 6
ROW 780 6 21 21 780 0
ROW 780 7 1 24 780 31
ROW 781 0 8 16 781 46
ROW 781 1 23 32 781 20
ROW 781 2 12 31 781 0
ROW 781 3 4 8 781 87
ROW 781 4 1 4 781 154
ROW 781 5 189 255 781 6
ROW 781 6 3 21 781 0
ROW 781 7 9 24 781 31
ROW 782 0 9 16 782 46
ROW 782 1 25 32 782 20
ROW 782 2 15 31 782 0
ROW 782 3 8 8 782 88
ROW 782 4 1 4 782 154
ROW 782 5 195 255 782 6
ROW 782 6 10 21 782 0
ROW 782 7 17 24 782 31
ROW 783 0 10 16 783 46
ROW 783 1 27 32 783 20
ROW 783 2 18 31 783 0
ROW 783 3 3 8 783 88
ROW 783 4 1 4 783 154
ROW 783 5 201 255 783 6
ROW 783 6 17 21 783 0
ROW 783 7 0 24 783 31
ROW 784 0 12 16 784 46
ROW 784 1 30 32 784 20
ROW 784 2 22 31 784 0
ROW 784 3 8 8 784 89
ROW 784 4 2 4 784 154
ROW 784 5 208 255 784 6
ROW 784 6 0 21 784 0
ROW 784 7 9 24 784 31
ROW 785 0 13 16 785 46
ROW 785 1 32 32 785 21
ROW 785 2 25 31 785 0
ROW 785 3 3 8 785 89
ROW 785 4 2 4 785 154
ROW 785 5 214 255 785 6
ROW 785 6 7 21 785 0
ROW 785 7 17 24 785 31
ROW 786 0 14 16 786 46
ROW 786 1 1 32 786 21
ROW 786 2 28 31 786 0
ROW 786 3 7 8 786 89
ROW 786 4 2 4 786 154
ROW 786 5 220 255 786 6
ROW 786 6 14 21 786 0
ROW 786 7 0 24 786 31
ROW 787 0 15 16 787 46
ROW 787 1 3 32 787 21
ROW 787 2 31 31 787 0
ROW 787 3 2 8 787 89
ROW 787 4 2 4 787 154
ROW 787 5 226 255 787 6
ROW 787 6 21 21 787 0
ROW 787 7 8 24 787 31
ROW 788 0 16 16 788 47
ROW 788 1 5 32 788 21
ROW 788 2 1 31 788 0
ROW 788 3 6 8 788 89
ROW 788 4 2 4 788 154
ROW 788 5 232 255 788 6
ROW 788 6 3 21 788 0
ROW 788 7 16 24 788 31
ROW 789 0 0 16 789 47
ROW 789 1 7 32 789 21
ROW 789 2 4 31 789 0
ROW 789 3 1 8 789 89
ROW 789 4 2 4 789 154
ROW 789 5 238 255 789 6
ROW 789 6 10 21 789 0
ROW 789 7 24 24 789 32
ROW 790 0 1 16 790 47
ROW 790 1 9 32 790 21
ROW 790 2 7 31 790 0
ROW 790 3 5 8 790 89
ROW 790 4 2 4 790 154
ROW 790 5 244 255 790 6
ROW 790 6 17 21 790 0
ROW 790 7 7 24 790 32
ROW 791 0 3 16 791 47
ROW 791 1 12 32 791 21
ROW 791 2 11 31 791 0
ROW 791 3 1 8 791 89
ROW 791 4 3 4 791 154
ROW 791 5 251 255 791 6
ROW 791 6 0 21 791 0
ROW 791 7 16 24 791 32
ROW 792 0 4 16 792 47
ROW 792 1 14 32 792 21
ROW 792 2 14 31 792 0
ROW 792 3 5 8 792 89
ROW 792 4 3 4 792 154
ROW 792 5 1 255 792 6
ROW 792 6 7 21 792 0
ROW 792 7 24 24 792 33
ROW 793 0 5 16 793 47
ROW 793 1 16 32 793 21
ROW 793 2 17 31 793 0
ROW 793 3 0 8 793 89
ROW 793 4 3 4 793 154
ROW 793 5 7 255 793 6
ROW 793 6 14 21 793 0
ROW 793 7 7 24 793 33
ROW 794 0 6 16 794 47
ROW 794 1 18 32 794 21
ROW 794 2 20 31 794 0
ROW 794 3 4 8 794 89
ROW 794 4 3 4 794 154
ROW 794 5 13 255 794 6
ROW 794 6 21 21 794 0
ROW 794 7 15 24 794 33
ROW 795 0 7 16 795 47
ROW 795 1 20 32 795 21
ROW 795 2 23 31 795 0
ROW 795 3 8 8 795 90
ROW 795 4 3 4 795 154
ROW 795 5 19 255 795 6
ROW 795 6 3 21 795 0
ROW 795 7 23 24 795 33
ROW 796 0 8 16 796 47
ROW 796 1 22 32 796 21
ROW 796 2 26 31 796 0
ROW 796 3 3 8 796 90
ROW 796 4 3 4 796 154
ROW 796 5 25 255 796 6
ROW 796 6 10 21 796 0
ROW 796 7 6 24 796 33
ROW 797 0 9 16 797 47
ROW 797 1 24 32 797 21
ROW 797 2 29 31 797 0
ROW 797 3 7 8 797 90
ROW 797 4 3 4 797 154
ROW 797 5 31 255 797 6
ROW 797 6 17 21 797 0
ROW 797 7 14 24 797 33
ROW 798 0 11 16 798 47
ROW 798 1 27 32 798 21
ROW 798 2 0 31 798 0
ROW 798 3 3 8 798 90
ROW 798 4 4 4 798 155
ROW 798 5 38 255 798 6
ROW 798 6 0 21 798 0
ROW 798 7 23 24 798 33
ROW 799 0 12 16 799 47
ROW 799 1 29 32 799 21
ROW 799 2 3 31 799 0
ROW 799 3 7 8 799 90
ROW 799 4 4 4 799 156
ROW 799 5 44 255 799 6
ROW 799 6 7 21 799 0
ROW 799 7 6 24 799 33
ROW 800 0 13 16 800 47
ROW 800 1 31 32 800 21
ROW 800 2 6 31 800 0
ROW 800 3 2 8 800 90
ROW 800 4 4 4 800 157
ROW 800 5 50 255 800 6
ROW 800 6 14 21 800 0
ROW 800 7 14 24 800 33
ROW 801 0 14 16 801 47
ROW 801 1 0 32 801 21
ROW 801 2 9 31 801 0
ROW 801 3 6 8 801 90
ROW 801 4 4 4 801 158
ROW 801 5 56 255 801 6
ROW 801 6 21 21 801 0
ROW 801 7 22 24 801 33
ROW 802 0 15 16 802 47
ROW 802 1 2 32 802 21
ROW 802 2 12 31 802 0
ROW 802 3 1 8 802 90
ROW 802 4 4 4 802 159
ROW 802 5 62 255 802 6
ROW 802 6 3 21 802 0
ROW 802 7 5 24 802 33
ROW 803 0 16 16 803 48
ROW 803 1 4 32 803 21
ROW 803 2 15 31 803 0
ROW 803 3 5 8 803 90
ROW 803 4 4 4 803 160
ROW 803 5 68 255 803 6
ROW 803 6 10 21 803 0
ROW 803 7 13 24 803 33
ROW 804 0 0 16 804 48
ROW 804 1 6 32 804 21
ROW 804 2 18 31 804 0
ROW 804 3 0 8 804 90
ROW 804 4 4 4 804 161
ROW 804 5 74 255 804 6
ROW 804 6 17 21 804 0
ROW 804 7 21 24 804 33
ROW 805 0 2 16 805 48
ROW 805 1 9 32 805 21
ROW 805 2 22 31 805 0
ROW 805 3 5 8 805 90
ROW 805 4 0 4 805 161
ROW 805 5 81 255 805 6
ROW 805 6 0 21 805 0
ROW 805 7 5 24 805 33
ROW 806 0 3 16 806 48
ROW 806 1 11 32 806 21
ROW 806 2 25 31 806 0
ROW 806 3 0 8 806 90
ROW 806 4 0 4 806 161
ROW 806 5 87 255 806 6
ROW 806 6 7 21 806 0
ROW 806 7 13 24 806 33
ROW 807 0 4 16 807 48
ROW 807 1 13 32 807 21
ROW 807 2 28 31 807 0
ROW 807 3 4 8 807 90
ROW 807 4 0 4 807 161
ROW 807 5 93 255 807 6
ROW 807 6 14 21 807 0
ROW 807 7 21 24 807 33
ROW 808 0 5 16 808 48
ROW 808 1 15 32 808 21
ROW 808 2 31 31 808 0
ROW 808 3 8 8 808 91
ROW 808 4 0 4 808 161
ROW 808 5 99 255 808 6
ROW 808 6 21 21 808 0
ROW 808 7 4 24 808 33
ROW 809 0 6 16 809 48
ROW 809 1 17 32 809 21
ROW 809 2 1 31 809 0
ROW 809 3 3 8 809 91
ROW 809 4 0 4 809 161
ROW 809 5 105 255 809 6
ROW 809 6 3 21 809 0
ROW 809 7 12 24 809 33
ROW 810 0 7 16 810 48
ROW 810 1 19 32 810 21
ROW 810 2 4 31 810 0
ROW 810 3 7 8 810 91
ROW 810 4 0 4 810 161
ROW 810 5 111 255 810 6
ROW 810 6 10 21 810 0
ROW 810 7 20 24 810 33
ROW 811 0 8 16 811 48
ROW 811 1 21 32 811 21
ROW 811 2 7 31 811 0
ROW 811 3 2 8 811 91
ROW 811 4 0 4 811 161
ROW 811 5 117 255 811 6
ROW 811 6 17 21 811 0
ROW 811 7 3 24 811 33
ROW 812 0 10 16 812 48
ROW 812 1 24 32 812 21
ROW 812 2 11 31 812 0
ROW 812 3 7 8 812 91
ROW 812 4 1 4 812 161
ROW 812 5 124 255 812 6
ROW 812 6 0 21 812 0
ROW 812 7 12 24 812 33
ROW 813 0 11 16 813 48
ROW 813 1 26 32 813 21
ROW 813 2 14 31 813 0
ROW 813 3 2 8 813 91
ROW 813 4 1 4 813 161
ROW 813 5 130 255 813 6
ROW 813 6 7 21 813 0
ROW 813 7 20 24 813 33
ROW 814 0 12 16 814 48
ROW 814 1 28 32 814 21
ROW 814 2 17 31 814 0
ROW 814 3 6 8 814 91
ROW 814 4 1 4 814 161
ROW 814 5 136 255 814 6
ROW 814 6 14 21 814 0
ROW 814 7 3 24 814 33
ROW 815 0 13 16 815 48
ROW 815 1 30 32 815 21
ROW 815 2 20 31 815 0
ROW 815 3 1 8 815 91
ROW 815 4 1 4 815 161
ROW 815 5 142 255 815 6
ROW 815 6 21 21 815 0
ROW 815 7 11 24 815 33
ROW 816 0 14 16 816 48
ROW 816 1 32 32 816 22
ROW 816 2 23 31 816 0
ROW 816 3 5 8 816 91
ROW 816 4 1 4 816 161
ROW 816 5 148 255 816 6
ROW 816 6 3 21 816 0
ROW 816 7 19 24 816 33
ROW 817 0 15 16 817 48
ROW 817 1 1 32 817 22
ROW 817 2 26 31 817 0
ROW 817 3 0 8 817 91
ROW 817 4 1 4 817 161
ROW 817 5 154 255 817 6
ROW 817 6 10 21 817 0
ROW 817 7 2 24 817 33
ROW 818 0 16 16 818 49
ROW 818 1 3 32 818 22
ROW 818 2 29 31 818 0
ROW 818 3 4 8 818 91
ROW 818 4 1 4 818 161
ROW 818 5 160 255 818 6
ROW 818 6 17 21 818 0
ROW 818 7 10 24 818 33
ROW 819 0 1 16 819 49
ROW 819 1 6 32 819 22
ROW 819 2 0 31 819 0
ROW 819 3 0 8 819 91
ROW 819 4 2 4 819 161
ROW 819 5 167 255 819 6
ROW 819 6 0 21 819 0
ROW 819 7 19 24 819 33
ROW 820 0 2 16 820 49
ROW 820 1 8 32 820 22
ROW 820 2 3 31 820 0
ROW 820 3 4 8 820 91
ROW 820 4 2 4 820 161
ROW 820 5 173 255 820 6
ROW 820 6 7 21 820 0
ROW 820 7 2 24 820 33
ROW 821 0 3 16 821 49
ROW 821 1 10 32 821 22
ROW 821 2 6 31 821 0
ROW 821 3 8 8 821 92
ROW 821 4 2 4 821 161
ROW 821 5 179 255 821 6
ROW 821 6 14 21 821 0
ROW 821 7 10 24 821 33
ROW 822 0 4 16 822 49
ROW 822 1 12 32 822 22
ROW 822 2 9 31 822 0
ROW 822 3 3 8 822 92
ROW 822 4 2 4 822 161
ROW 822 5 185 255 822 6
ROW 822 6 21 21 822 0
ROW 822 7 18 24 822 33
ROW 823 0 5 16 823 49
ROW 823 1 14 32 823 22
ROW 823 2 12 31 823 0
ROW 823 3 7 8 823 92
ROW 823 4 2 4 823 161
ROW 823 5 191 255 823 6
ROW 823 6 3 21 823 0
ROW 823 7 1 24 823 33
ROW 824 0 6 16 824 49
ROW 824 1 16 32 824 22
ROW 824 2 15 31 824 0
ROW 824 3 2 8 824 92
ROW 824 4 2 4 824 161
ROW 824 5 197 255 824 6
ROW 824 6 10 21 824 0
ROW 824 7 9 24 824 33
ROW 825 0 7 16 825 49
ROW 825 1 18 32 825 22
ROW 825 2 18 31 825 0
ROW 825 3 6 8 825 92
ROW 825 4 2 4 825 161
ROW 825 5 203 255 825 6
ROW 825 6 17 21 825 0
ROW 825 7 17 24 825 33
ROW 826 0 9 16 826 49
ROW 826 1 21 32 826 22
ROW 826 2 22 31 826 0
ROW 826 3 2 8 826 92
ROW 826 4 3 4 826 161
ROW 826 5 210 255 826 6
ROW 826 6 0 21 826 0
ROW 826 7 1 24 826 33
ROW 827 0 10 16 827 49
ROW 827 1 23 32 827 22
ROW 827 2 25 31 827 0
ROW 827 3 6 8 827 92
ROW 827 4 3 4 827 161
ROW 827 5 216 255 827 6
ROW 827 6 7 21 827 0
ROW 827 7 9 24 827 33
ROW 828 0 11 16 828 49
ROW 828 1 25 32 828 22
ROW 828 2 28 31 828 0
ROW 828 3 1 8 828 92
ROW 828 4 3 4 828 161
ROW 828 5 222 255 828 6
ROW 828 6 14 21 828 0
ROW 828 7 17 24 828 33
ROW 829 0 12 16 829 49
ROW 829 1 27 32 829 22
ROW 829 2 31 31 829 0
ROW 829 3 5 8 829 92
ROW 829 4 3 4 829 161
ROW 829 5 228 255 829 6
ROW 829 6 21 21 829 0
ROW 829 7 0 24 829 33
ROW 830 0 13 16 830 49
ROW 830 1 29 32 830 22
ROW 830 2 1 31 830 0
ROW 830 3 0 8 830 92
ROW 830 4 3 4 830 161
ROW 830 5 234 255 830 6
ROW 830 6 3 21 830 0
ROW 830 7 8 24 830 33
ROW 831 0 14 16 831 49
ROW 831 1 31 32 831 22
ROW 831 2 4 31 831 0
ROW 831 3 4 8 831 92
ROW 831 4 3 4 831 161
ROW 831 5 240 255 831 6
ROW 831 6 10 21 831 0
ROW 831 7 16 24 831 33
ROW 832 0 15 16 832 49
ROW 832 1 0 32 832 22
ROW 832 2 7 31 832 0
ROW 832 3 8 8 832 93
ROW 832 4 3 4 832 161
ROW 832 5 246 255 832 6
ROW 832 6 17 21 832 0
ROW 832 7 24 24 832 34
ROW 833 0 0 16 833 49
ROW 833 1 3 32 833 22
ROW 833 2 11 31 833 0
ROW 833 3 4 8 833 93
ROW 833 4 4 4 833 162
ROW 833 5 253 255 833 6
ROW 833 6 0 21 833 0
ROW 833 7 8 24 833 34
ROW 834 0 1 16 834 49
ROW 834 1 5 32 834 22
ROW 834 2 14 31 834 0
ROW 834 3 8 8 834 94
ROW 834 4 4 4 834 163
ROW 834 5 3 255 834 6
ROW 834 6 7 21 834 0
ROW 834 7 16 24 834 34
ROW 835 0 2 16 835 49
ROW 835 1 7 32 835 22
ROW 835 2 17 31 835 0
ROW 835 3 3 8 835 94
ROW 835 4 4 4 835 164
ROW 835 5 9 255 835 6
ROW 835 6 14 21 835 0
ROW 835 7 24 24 835 35
ROW 836 0 3 16 836 49
ROW 836 1 9 32 836 22
ROW 836 2 20 31 836 0
ROW 836 3 7 8 836 94
ROW 836 4 4 4 836 165
ROW 836 5 15 255 836 6
ROW 836 6 21 21 836 0
ROW 836 7 7 24 836 35
ROW 837 0 4 16 837 49
ROW 837 1 11 32 837 22
ROW 837 2 23 31 837 0
ROW 837 3 2 8 837 94
ROW 837 4 4 4 837 166
ROW 837 5 21 255 837 6
ROW 837 6 3 21 837 0
ROW 837 7 15 24 837 35
ROW 838 0 5 16 838 49
ROW 838 1 13 32 838 22
ROW 838 2 26 31 838 0
ROW 838 3 6 8 838 94
ROW 838 4 4 4 838 167
ROW 838 5 27 255 838 6
ROW 838 6 10 21 838 0
ROW 838 7 23 24 838 35
ROW 839 0 6 16 839 49
ROW 839 1 15 32 839 22
ROW 839 2 29 31 839 0
ROW 839 3 1 8 839 94
ROW 839 4 4 4 839 168
ROW 839 5 33 255 839 6
ROW 839 6 17 21 839 0
ROW 839 7 6 24 839 35
ROW 840 0 8 16 840 49
ROW 840 1 18 32 840 22
ROW 840 2 0 31 840 0
ROW 840 3 6 8 840 94
ROW 840 4 0 4 840 168
ROW 840 5 40 255 840 6
ROW 840 6 0 21 840 0
ROW 840 7 15 24 840 35
ROW 841 0 9 16 841 49
ROW 841 1 20 32 841 22
ROW 841 2 3 31 841 0
ROW 841 3 1 8 841 94
ROW 841 4 0 4 841 168
ROW 841 5 46 255 841 6
ROW 841 6 7 21 841 0
ROW 841 7 23 24 841 35
ROW 842 0 10 16 842 49
ROW 842 1 22 32 842 22
ROW 842 2 6 31 842 0
ROW 842 3 5 8 842 94
ROW 842 4 0 4 842 168
ROW 842 5 52 255 842 6
ROW 842 6 14 21 842 0
ROW 842 7 6 24 842 35
ROW 843 0 11 16 843 49
ROW 843 1 24 32 843 22
ROW 843 2 9 31 843 0
ROW 843 3 0 8 843 94
ROW 843 4 0 4 843 168
ROW 843 5 58 255 843 6
ROW 843 6 21 21 843 0
ROW 843 7 14 24 843 35
ROW 844 0 12 16 844 49
ROW 844 1 26 32 844 22
ROW 844 2 12 31 844 0
ROW 844 3 4 8 844 94
ROW 844 4 0 4 844 168
ROW 844 5 64 255 844 6
ROW 844 6 3 21 844 0
ROW 844 7 22 24 844 35
ROW 845 0 13 16 845 49
ROW 845 1 28 32 845 22
ROW 845 2 15 31 845 0
ROW 845 3 8 8 845 95
ROW 845 4 0 4 845 168
ROW 845 5 70 255 845 6
ROW 845 6 10 21 845 0
ROW 845 7 5 24 845 35
ROW 846 0 14 16 846 49
ROW 846 1 30 32 846 22
ROW 846 2 18 31 846 0
ROW 846 3 3 8 846 95
ROW 846 4 0 4 846 168
ROW 846 5 76 255 846 6
ROW 846 6 17 21 846 0
ROW 846 7 13 24 846 35
ROW 847 0 16 16 847 50
ROW 847 1 0 32 847 22
ROW 847 2 22 31 847 0
ROW 847 3 8 8 847 96
ROW 847 4 1 4 847 168
ROW 847 5 83 255 847 6
ROW 847 6 0 21 847 0
ROW 847 7 22 24 847 35
ROW 848 0 0 16 848 50
ROW 848 1 2 32 848 22
ROW 848 2 25 31 848 0
ROW 848 3 3 8 848 96
ROW 848 4 1 4 848 168
ROW 848 5 89 255 848 6
ROW 848 6 7 21 848 0
ROW 848 7 5 24 848 35
ROW 849 0 1 16 849 50
ROW 849 1 4 32 849 22
ROW 849 2 28 31 849 0
ROW 849 3 7 8 849 96
ROW 849 4 1 4 849 168
ROW 849 5 95 255 849 6
ROW 849 6 14 21 849 0
ROW 849 7 13 24 849 35
ROW 850 0 2 16 850 50
ROW 850 1 6 32 850 22
ROW 850 2 31 31 850 0
ROW 850 3 2 8 850 96
ROW 850 4 1 4 850 168
ROW 850 5 101 255 850 6
ROW 850 6 21 21 850 0
ROW 850 7 21 24 850 35
ROW 851 0 3 16 851 50
ROW 851 1 8 32 851 22
ROW 851 2 1 31 851 0
ROW 851 3 6 8 851 96
ROW 851 4 1 4 851 168
ROW 851 5 107 255 851 6
ROW 851 6 3 21 851 0
ROW 851 7 4 24 851 35
ROW 852 0 4 16 852 50
ROW 852 1 10 32 852 22
ROW 852 2 4 31 852 0
ROW 852 3 1 8 852 96
ROW 852 4 1 4 852 168
ROW 852 5 113 255 852 6
ROW 852 6 10 21 852 0
ROW 852 7 12 24 852 35
ROW 853 0 5 16 853 50
ROW 853 1 12 32 853 22
ROW 853 2 7 31 853 0
ROW 853 3 5 8 853 96
ROW 853 4 1 4 853 168
ROW 853 5 119 255 853 6
ROW 853 6 17 21 853 0
ROW 853 7 20 24 853 35
ROW 854 0 7 16 854 50
ROW 854 1 15 32 854 22
ROW 854 2 11 31 854 0
ROW 854 3 1 8 854 96
ROW 854 4 2 4 854 168
ROW 854 5 126 255 854 6
ROW 854 6 0 21 854 0
ROW 854 7 4 24 854 35
ROW 855 0 8 16 855 50
ROW 855 1 17 32 855 22
ROW 855 2 14 31 855 0
ROW 855 3 5 8 855 96
ROW 855 4 2 4 855 168
ROW 855 5 132 255 855 6
ROW 855 6 7 21 855 0
ROW 855 7 12 24 855 35
ROW 856 0 9 16 856 50
ROW 856 1 19 32 856 22
ROW 856 2 17 31 856 0
ROW 856 3 0 8 856 96
ROW 856 4 2 4 856 168
ROW 856 5 138 255 856 6
ROW 856 6 14 21 856 0
ROW 856 7 20 24 856 35
ROW 857 0 10 16 857 50
ROW 857 1 21 32 857 22
ROW 857 2 20 31 857 0
ROW 857 3 4 8 857 96
ROW 857 4 2 4 857 168
ROW 857 5 144 255 857 6
ROW 857 6 21 21 857 0
ROW 857 7 3 24 857 35
ROW 858 0 11 16 858 50
ROW 858 1 23 32 858 22
ROW 858 2 23 31 858 0
ROW 858 3 8 8 858 97
ROW 858 4 2 4 858 168
ROW 858 5 150 255 858 6
ROW 858 6 3 21 858 0
ROW 858 7 11 24 858 35
ROW 859 0 12 16 859 50
ROW 859 1 25 32 859 22
ROW 859 2 26 31 859 0
ROW 859 3 3 8 859 97
ROW 859 4 2 4 859 168
ROW 859 5 156 255 859 6
ROW 859 6 10 21 859 0
ROW 859 7 19 24 859 35
ROW 860 0 13 16 860 50
ROW 860 1 27 32 860 22
ROW 860 2 29 31 860 0
ROW 860 3 7 8 860 97
ROW 860 4 2 4 860 168
ROW 860 5 162 255 860 6
ROW 860 6 17 21 860 0
ROW 860 7 2 24 860 35
ROW 861 0 15 16 861 50
ROW 861 1 30 32 861 22
ROW 861 2 0 31 861 0
ROW 861 3 3 8 861 97
ROW 861 4 3 4 861 168
ROW 861 5 169 255 861 6
ROW 861 6 0 21 861 0
ROW 861 7 11 24 861 35
ROW 862 0 16 16 862 51
ROW 862 1 32 32 862 23
ROW 862 2 3 31 862 0
ROW 862 3 7 8 862 97
ROW 862 4 3 4 862 168
ROW 862 5 175 255 862 6
ROW 862 6 7 21 862 0
ROW 862 7 19 24 862 35
ROW 863 0 0 16 863 51
ROW 863 1 1 32 863 23
ROW 863 2 6 31 863 0
ROW 863 3 2 8 863 97
ROW 863 4 3 4 863 168
ROW 863 5 181 255 863 6
ROW 863 6 14 21 863 0
ROW 863 7 2 24 863 35
ROW 864 0 1 16 864 51
ROW 864 1 3 32 864 23
ROW 864 2 9 31 864 0
ROW 864 3 6 8 864 97
ROW 864 4 3 4 864 168
ROW 864 5 187 255 864 6
ROW 864 6 21 21 864 0
ROW 864 7 10 24 864 35
ROW 865 0 2 16 865 51
ROW 865 1 5 32 865 23
ROW 865 2 12 31 865 0
ROW 865 3 1 8 865 97
ROW 865 4 3 4 865 168
ROW 865 5 193 255 865 6
ROW 865 6 3 21 865 0
ROW 865 7 18 24 865 35
ROW 866 0 3 16 866 51
ROW 866 1 7 32 866 23
ROW 866 2 15 31 866 0
ROW 866 3 5 8 866 97
ROW 866 4 3 4 866 168
ROW 866 5 199 255 866 6
ROW 866 6 10 21 866 0
ROW 866 7 1 24 866 35
ROW 867 0 4 16 867 51
ROW 867 1 9 32 867 23
ROW 867 2 18 31 867 0
ROW 867 3 0 8 867 97
ROW 867 4 3 4 867 168
ROW 867 5 205 255 867 6
ROW 867 6 17 21 867 0
ROW 867 7 9 24 867 35
ROW 868 0 6 16 868 51
ROW 868 1 12 32 868 23
ROW 868 2 22 31 868 0
ROW 868 3 5 8 868 97
ROW 868 4 4 4 868 169
ROW 868 5 212 255 868 6
ROW 868 6 0 21 868 0
ROW 868 7 18 24 868 35
ROW 869 0 7 16 869 51
ROW 869 1 14 32 869 23
ROW 869 2 25 31 869 0
ROW 869 3 0 8 869 97
ROW 869 4 4 4 869 170
ROW 869 5 218 255 869 6
ROW 869 6 7 21 869 0
ROW 869 7 1 24 869 35
ROW 870 0 8 16 870 51
ROW 870 1 16 32 870 23
ROW 870 2 28 31 870 0
ROW 870 3 4 8 870 97
ROW 870 4 4 4 870 171
ROW 870 5 224 255 870 6
ROW 870 6 14 21 870 0
ROW 870 7 9 24 870 35
ROW 871 0 9 16 871 51
ROW 871 1 18 32 871 23
ROW 871 2 31 31 871 0
ROW 871 3 8 8 871 98
ROW 871 4 4 4 871 172
ROW 871 5 230 255 871 6
ROW 871 6 21 21 871 0
ROW 871 7 17 24 871 35
ROW 872 0 10 16 872 51
ROW 872 1 20 32 872 23
ROW 872 2 1 31 872 0
ROW 872 3 3 8 872 98
ROW 872 4 4 4 872 173
ROW 872 5 236 255 872 6
ROW 872 6 3 21 872 0
ROW 872 7 0 24 872 35
ROW 873 0 11 16 873 51
ROW 873 1 22 32 873 23
ROW 873 2 4 31 873 0
ROW 873 3 7 8 873 98
ROW 873 4 4 4 873 174
ROW 873 5 242 255 873 6
ROW 873 6 10 21 873 0
ROW 873 7 8 24 873 35
ROW 874 0 12 16 874 51
ROW 874 1 24 32 874 23
ROW 874 2 7 31 874 0
ROW 874 3 2 8 874 98
ROW 874 4 4 4 874 175
ROW 874 5 248 255 874 6
ROW 874 6 17 21 874 0
ROW 874 7 16 24 874 35
ROW 875 0 14 16 875 51
ROW 875 1 27 32 875 23
ROW 875 2 11 31 875 0
ROW 875 3 7 8 875 98
ROW 875 4 0 4 875 175
ROW 875 5 255 255 875 7
ROW 875 6 0 21 875 0
ROW 875 7 0 24 875 35
ROW 876 0 15 16 876 51
ROW 876 1 29 32 876 23
ROW 876 2 14 31 876 0
ROW 876 3 2 8 876 98
ROW 876 4 0 4 876 175
ROW 876 5 5 255 876 7
ROW 876 6 7 21 876 0
ROW 876 7 8 24 876 35
ROW 877 0 16 16 877 52
ROW 877 1 31 32 877 23
ROW 877 2 17 31 877 0
ROW 877 3 6 8 877 98
ROW 877 4 0 4 877 175
ROW 877 5 11 255 877 7
ROW 877 6 14 21 877 0
ROW 877 7 16 24 877 35
ROW 878 0 0 16 878 52
ROW 878 1 0 32 878 23
ROW 878 2 20 31 878 0
ROW 878 3 1 8 878 98
ROW 878 4 0 4 878 175
ROW 878 5 17 255 878 7
ROW 878 6 21 21 878 0
ROW 878 7 24 24 878 36
ROW 879 0 1 16 879 52
ROW 879 1 2 32 879 23
ROW 879 2 23 31 879 0
ROW 879 3 5 8 879 98
ROW 879 4 0 4 879 175
ROW 879 5 23 255 879 7
ROW 879 6 3 21 879 0
ROW 879 7 7 24 879 36
ROW 880 0 2 16 880 52
ROW 880 1 4 32 880 23
ROW 880 2 26 31 880 0
ROW 880 3 0 8 880 98
ROW 880 4 0 4 880 175
ROW 880 5 29 255 880 7
ROW 880 6 10 21 880 0
ROW 880 7 15 24 880 36
ROW 881 0 3 16 881 52
ROW 881 1 6 32 881 23
ROW 881 2 29 31 881 0
ROW 881 3 4 8 881 98
ROW 881 4 0 4 881 175
ROW 881 5 35 255 881 7
ROW 881 6 17 21 881 0
ROW 881 7 23 24 881 36
ROW 882 0 5 16 882 52
ROW 882 1 9 32 882 23
ROW 882 2 0 31 882 0
ROW 882 3 0 8 882 98
ROW 882 4 1 4 882 175
ROW 882 5 42 255 882 7
ROW 882 6 0 21 882 0
ROW 882 7 7 24 882 36
ROW 883 0 6 16 883 52
ROW 883 1 11 32 883 23
ROW 883 2 3 31 883 0
ROW 883 3 4 8 883 98
ROW 883 4 1 4 883 175
ROW 883 5 48 255 883 7
ROW 883 6 7 21 883 0
ROW 883 7 15 24 883 36
ROW 884 0 7 16 884 52
ROW 884 1 13 32 884 23
ROW 884 2 6 31 884 0
ROW 884 3 8 8 884 99
ROW 884 4 1 4 884 175
ROW 884 5 54 255 884 7
ROW 884 6 14 21 884 0
ROW 884 7 23 24 884 36
ROW 885 0 8 16 885 52
ROW 885 1 15 32 885 23
ROW 885 2 9 31 885 0
ROW 885 3 3 8 885 99
ROW 885 4 1 4 885 175
ROW 885 5 60 255 885 7
ROW 885 6 21 21 885 0
ROW 885 7 6 24 885 36
ROW 886 0 9 16 886 52
ROW 886 1 17 32 886 23
ROW 886 2 12 31 886 0
ROW 886 3 7 8 886 99
ROW 886 4 1 4 886 175
ROW 886 5 66 255 886 7
ROW 886 6 3 21 886 0
ROW 886 7 14 24 886 36
ROW 887 0 10 16 887 52
ROW 887 1 19 32 887 23
ROW 887 2 15 31 887 0
ROW 887 3 2 8 887 99
ROW 887 4 1 4 887 175
ROW 887 5 72 255 887 7
ROW 887 6 10 21 887 0
ROW 887 7 22 24 887 36
ROW 888 0 11 16 888 52
ROW 888 1 21 32 888 23
ROW 888 2 18 31 888 0
ROW 888 3 6 8 888 99
ROW 888 4 1 4 888 175
ROW 888 5 78 255 888 7
ROW 888 6 17 21 888 0
ROW 888 7 5 24 888 36
ROW 889 0 13 16 889 52
ROW 889 1 24 32 889 23
ROW 889 2 22 31 889 0
ROW 889 3 2 8 889 99
ROW 889 4 2 4 889 175
ROW 889 5 85 255 889 7
ROW 889 6 0 21 889 0
ROW 889 7 14 24 889 36
ROW 890 0 14 16 890 52
ROW 890 1 26 32 890 23
ROW 890 2 25 31 890 0
ROW 890 3 6 8 890 99
ROW 890 4 2 4 890 175
ROW 890 5 91 255 890 7
ROW 890 6 7 21 890 0
ROW 890 7 22 24 890 36
ROW 891 0 15 16 891 52
ROW 891 1 28 32 891 23
ROW 891 2 28 31 891 0
ROW 891 3 1 8 891 99
ROW 891 4 2 4 891 175
ROW 891 5 97 255 891 7
ROW 891 6 14 21 891 0
ROW 891 7 5 24 891 36
ROW 892 0 16 16 892 53
ROW 892 1 30 32 892 23
ROW 892 2 31 31 892 0
ROW 892 3 5 8 892 99
ROW 892 4 2 4 892 175
ROW 892 5 103 255 892 7
ROW 892 6 21 21 892 0
ROW 892 7 13 24 892 36
ROW 893 0 0 16 893 53
ROW 893 1 32 32 893 24
ROW 893 2 1 31 893 0
ROW 893 3 0 8 893 99
ROW 893 4 2 4 893 175
ROW 893 5 109 255 893 7
ROW 893 6 3 21 893 0
ROW 893 7 21 24 893 36
ROW 894 0 1 16 894 53
ROW 894 1 1 32 894 24
ROW 894 2 4 31 894 0
ROW 894 3 4 8 894 99
ROW 894 4 2 4 894 175
ROW 894 5 115 255 894 7
ROW 894 6 10 21 894 0
ROW 894 7 4 24 894 36
ROW 895 0 2 16 895 53
ROW 895 1 3 32 895 24
ROW 895 2 7 31 895 0
ROW 895 3 8 8 895 100
ROW 895 4 2 4 895 175
ROW 895 5 121 255 895 7
ROW 895 6 17 21 895 0
ROW 895 7 12 24 895 36
ROW 896 0 4 16 896 53
ROW 896 1 6 32 896 24
ROW 896 2 11 31 896 0
ROW 896 3 4 8 896 100
ROW 896 4 3 4 896 175
ROW 896 5 128 255 896 7
ROW 896 6 0 21 896 0
ROW 896 7 21 24 896 36
ROW 897 0 5 16 897 53
ROW 897 1 8 32 897 24
ROW 897 2 14 31 897 0
ROW 897 3 8 8 897 101
ROW 897 4 3 4 897 175
ROW 897 5 134 255 897 7
ROW 897 6 7 21 897 0
ROW 897 7 4 24 897 36
ROW 898 0 6 16 898 53
ROW 898 1 10 32 898 24
ROW 898 2 17 31 898 0
ROW 898 3 3 8 898 101
ROW 898 4 3 4 898 175
ROW 898 5 140 255 898 7
ROW 898 6 14 21 898 0
ROW 898 7 12 24 898 36
ROW 899 0 7 16 899 53
ROW 899 1 12 32 899 24
ROW 899 2 20 31 899 0
ROW 899 3 7 8 899 101
ROW 899 4 3 4 899 175
ROW 899 5 146 255 899 7
ROW 899 6 21 21 899 0
ROW 899 7 20 24 899 36
ROW 900 0 8 16 900 53
ROW 900 1 14 32 900 24
ROW 900 2 23 31 900 0
ROW 900 3 2 8 900 101
ROW 900 4 3 4 900 175
ROW 900 5 152 255 900 7
ROW 900 6 3 21 900 0
ROW 900 7 3 24 900 36
ROW 901 0 9 16 901 53
ROW 901 1 16 32 901 24
ROW 901 2 26 31 901 0
ROW 901 3 6 8 901 101
ROW 901 4 3 4 901 175
ROW 901 5 158 255 901 7
ROW 901 6 10 21 901 0
ROW 901 7 11 24 901 36
ROW 902 0 10 16 902 53
ROW 902 1 18 32 902 24
ROW 902 2 29 31 902 0
ROW 902 3 1 8 902 101
ROW 902 4 3 4 902 175
ROW 902 5 164 255 902 7
ROW 902 6 17 21 902 0
ROW 902 7 19 24 902 36
ROW 903 0 12 16 903 53
ROW 903 1 21 32 903 24
ROW 903 2 0 31 903 0
ROW 903 3 6 8 903 101
ROW 903 4 4 4 903 176
ROW 903 5 171 255 903 7
ROW 903 6 0 21 903 0
ROW 903 7 3 24 903 36
ROW 904 0 13 16 904 53
ROW 904 1 23 32 904 24
ROW 904 2 3 31 904 0
ROW 904 3 1 8 904 101
ROW 904 4 4 4 904 177
ROW 904 5 177 255 904 7
ROW 904 6 7 21 904 0
ROW 904 7 11 24 904 36
ROW 905 0 14 16 905 53
ROW 905 1 25 32 905 24
ROW 905 2 6 31 905 0
ROW 905 3 5 8 905 101
ROW 905 4 4 4 905 178
ROW 905 5 183 255 905 7
ROW 905 6 14 21 905 0
ROW 905 7 19 24 905 36
ROW 906 0 15 16 906 53
ROW 906 1 27 32 906 24
ROW 906 2 9 31 906 0
ROW 906 3 0 8 906 101
ROW 906 4 4 4 906 179
ROW 906 5 189 255 906 7
ROW 906 6 21 21 906 0
ROW 906 7 2 24 906 36
ROW 907 0 16 16 907 54
ROW 907 1 29 32 907 24
ROW 907 2 12 31 907 0
ROW 907 3 4 8 907 101
ROW 907 4 4 4 907 180
ROW 907 5 195 255 907 7
ROW 907 6 3 21 907 0
ROW 907 7 10 24 907 36
ROW 908 0 0 16 908 54
ROW 908 1 31 32 908 24
ROW 908 2 15 31 908 0
ROW 908 3 8 8 908 102
ROW 908 4 4 4 908 181
ROW 908 5 201 255 908 7
ROW 908 6 10 21 908 0
ROW 908 7 18 24 908 36
ROW 909 0 1 16 909 54
ROW 909 1 0 32 909 24
ROW 909 2 18 31 909 0
ROW 909 3 3 8 909 102
ROW 909 4 4 4 909 182
ROW 909 5 207 255 909 7
ROW 909 6 17 21 909 0
ROW 909 7 1 24 909 36
ROW 910 0 3 16 910 54
ROW 910 1 3 32 910 24
ROW 910 2 22 31 910 0
ROW 910 3 8 8 910 103
ROW 910 4 0 4 910 182
ROW 910 5 214 255 910 7
ROW 910 6 0 21 910 0
ROW 910 7 10 24 910 36
ROW 911 0 4 16 911 54
ROW 911 1 5 32 911 24
ROW 911 2 25 31 911 0
ROW 911 3 3 8 911 103
ROW 911 4 0 4 911 182
ROW 911 5 220 255 911 7
ROW 911 6 7 21 911 0
ROW 911 7 18 24 911 36
ROW 912 0 5 16 912 54
ROW 912 1 7 32 912 24
ROW 912 2 28 31 912 0
ROW 912 3 7 8 912 103
ROW 912 4 0 4 912 182
ROW 912 5 226 255 912 7
ROW 912 6 14 21 912 0
ROW 912 7 1 24 912 36
ROW 913 0 6 16 913 54
ROW 913 1 9 32 913 24
ROW 913 2 31 31 913 0
ROW 913 3 2 8 913 103
ROW 913 4 0 4 913 182
ROW 913 5 232 255 913 7
ROW 913 6 21 21 913 0
ROW 913 7 9 24 913 36
ROW 914 0 7 16 914 54
ROW 914 1 11 32 914 24
ROW 914 2 1 31 914 0
ROW 914 3 6 8 914 103
ROW 914 4 0 4 914 182
ROW 914 5 238 255 914 7
ROW 914 6 3 21 914 0
ROW 914 7 17 24 914 36
ROW 915 0 8 16 915 54
ROW 915 1 13 32 915 24
ROW 915 2 4 31 915 0
ROW 915 3 1 8 915 103
ROW 915 4 0 4 915 182
ROW 915 5 244 255 915 7
ROW 915 6 10 21 915 0
ROW 915 7 0 24 915 36
ROW 916 0 9 16 916 54
ROW 916 1 15 32 916 24
ROW 916 2 7 31 916 0
ROW 916 3 5 8 916 103
ROW 916 4 0 4 916 182
ROW 916 5 250 255 916 7
ROW 916 6 17 21 916 0
ROW 916 7 8 24 916 36
ROW 917 0 11 16 917 54
ROW 917 1 18 32 917 24
ROW 917 2 11 31 917 0
ROW 917 3 1 8 917 103
ROW 917 4 1 4 917 182
ROW 917 5 1 255 917 7
ROW 917 6 0 21 917 0
ROW 917 7 17 24 917 36
ROW 918 0 12 16 918 54
ROW 918 1 20 32 918 24
ROW 918 2 14 31 918 0
ROW 918 3 5 8 918 103
ROW 918 4 1 4 918 182
ROW 918 5 7 255 918 7
ROW 918 6 7 21 918 0
ROW 918 7 0 24 918 36
ROW 919 0 13 16 919 54
ROW 919 1 22 32 919 24
ROW 919 2 17 31 919 0
ROW 919 3 0 8 919 103
ROW 919 4 1 4 919 182
ROW 919 5 13 255 919 7
ROW 919 6 14 21 919 0
ROW 919 7 8 24 919 36
ROW 920 0 14 16 920 54
ROW 920 1 24 32 920 24
ROW 920 2 20 31 920 0
ROW 920 3 4 8 920 103
ROW 920 4 1 4 920 182
ROW 920 5 19 255 920 7
ROW 920 6 21 21 920 0
ROW 920 7 16 24 920 36
ROW 921 0 15 16 921 54
ROW 921 1 26 32 921 24
ROW 921 2 23 31 921 0
ROW 921 3 8 8 921 104
ROW 921 4 1 4 921 182
ROW 921 5 25 255 921 7
ROW 921 6 3 21 921 0
ROW 921 7 24 24 921 37
ROW 922 0 16 16 922 55
ROW 922 1 28 32 922 24
ROW 922 2 26 31 922 0
ROW 922 3 3 8 922 104
ROW 922 4 1 4 922 182
ROW 922 5 31 255 922 7
ROW 922 6 10 21 922 0
ROW 922 7 7 24 922 37
ROW 923 0 0 16 923 55
ROW 923 1 30 32 923 24
ROW 923 2 29 31 923 0
ROW 923 3 7 8 923 104
ROW 923 4 1 4 923 182
ROW 923 5 37 255 923 7
ROW 923 6 17 21 923 0
ROW 923 7 15 24 923 37
ROW 924 0 2 16 924 55
ROW 924 1 0 32 924 24
ROW 924 2 0 31 924 0
ROW 924 3 3 8 924 104
ROW 924 4 2 4 924 182
ROW 924 5 44 255 924 7
ROW 924 6 0 21 924 0
ROW 924 7 24 24 924 38
ROW 925 0 3 16 925 55
ROW 925 1 2 32 925 24
ROW 925 2 3 31 925 0
ROW 925 3 7 8 925 104
ROW 925 4 2 4 925 182
ROW 925 5 50 255 925 7
ROW 925 6 7 21 925 0
ROW 925 7 7 24 925 38
ROW 926 0 4 16 926 55
ROW 926 1 4 32 926 24
ROW 926 2 6 31 926 0
ROW 926 3 2 8 926 104
ROW 926 4 2 4 926 182
ROW 926 5 56 255 926 7
ROW 926 6 14 21 926 0
ROW 926 7 15 24 926 38
ROW 927 0 5 16 927 55
ROW 927 1 6 32 927 24
ROW 927 2 9 31 927 0
ROW 927 3 6 8 927 104
ROW 927 4 2 4 927 182
ROW 927 5 62 255 927 7
ROW 927 6 21 21 927 0
ROW 927 7 23 24 927 38
ROW 928 0 6 16 928 55
ROW 928 1 8 32 928 24
ROW 928 2 12 31 928 0
ROW 928 3 1 8 928 104
ROW 928 4 2 4 928 182
ROW 928 5 68 255 928 7
ROW 928 6 3 21 928 0
ROW 928 7 6 24 928 38
ROW 929 0 7 16 929 55
ROW 929 1 10 32 929 24
ROW 929 2 15 31 929 0
ROW 929 3 5 8 929 104
ROW 929 4 2 4 929 182
ROW 929 5 74 255 929 7
ROW 929 6 10 21 929 0
ROW 929 7 14 24 929 38
ROW 930 0 8 16 930 55
ROW 930 1 12 32 930 24
ROW 930 2 18 31 930 0
ROW 930 3 0 8 930 104
ROW 930 4 2 4 930 182
ROW 930 5 80 255 930 7
ROW 930 6 17 21 930 0
ROW 930 7 22 24 930 38
ROW 931 0 10 16 931 55
ROW 931 1 15 32 931 24
ROW 931 2 22 31 931 0
ROW 931 3 5 8 931 104
ROW 931 4 3 4 931 182
ROW 931 5 87 255 931 7
ROW 931 6 0 21 931 0
ROW 931 7 6 24 931 38
ROW 932 0 11 16 932 55
ROW 932 1 17 32 932 24
ROW 932 2 25 31 932 0
ROW 932 3 0 8 932 104
ROW 932 4 3 4 932 182
ROW 932 5 93 255 932 7
ROW 932 6 7 21 932 0
ROW 932 7 14 24 932 38
ROW 933 0 12 16 933 55
ROW 933 1 19 32 933 24
ROW 933 2 28 31 933 0
ROW 933 3 4 8 933 104
ROW 933 4 3 4 933 182
ROW 933 5 99 255 933 7
ROW 933 6 14 21 933 0
ROW 933 7 22 24 933 38
ROW 934 0 13 16 934 55
ROW 934 1 21 32 934 24
ROW 934 2 31 31 934 0
ROW 934 3 8 8 934 105
ROW 934 4 3 4 934 182
ROW 934 5 105 255 934 7
ROW 934 6 21 21 934 0
ROW 934 7 5 24 934 38
ROW 935 0 14 16 935 55
ROW 935 1 23 32 935 24
ROW 935 2 1 31 935 0
ROW 935 3 3 8 935 105
ROW 935 4 3 4 935 182
ROW 935 5 111 255 935 7
ROW 935 6 3 21 935 0
ROW 935 7 13 24 935 38
ROW 936 0 15 16 936 55
ROW 936 1 25 32 936 24
ROW 936 2 4 31 936 0
ROW 936 3 7 8 936 105
ROW 936 4 3 4 936 182
ROW 936 5 117 255 936 7
ROW 936 6 10 21 936 0
ROW 936 7 21 24 936 38
ROW 937 0 16 16 937 56
ROW 937 1 27 32 937 24
ROW 937 2 7 31 937 0
ROW 937 3 2 8 937 105
ROW 937 4 3 4 937 182
ROW 937 5 123 255 937 7
ROW 937 6 17 21 937 0
ROW 937 7 4 24 937 38
ROW 938 0 1 16 938 56
ROW 938 1 30 32 938 24
ROW 938 2 11 31 938 0
ROW 938 3 7 8 938 105
ROW 938 4 4 4 938 183
ROW 938 5 130 255 938 7
ROW 938 6 0 21 938 0
ROW 938 7 13 24 938 38
ROW 939 0 2 16 939 56
ROW 939 1 32 32 939 25
ROW 939 2 14 31 939 0
ROW 939 3 2 8 939 105
ROW 939 4 4 4 939 184
ROW 939 5 136 255 939 7
ROW 939 6 7 21 939 0
ROW 939 7 21 24 939 38
ROW 940 0 3 16 940 56
ROW 940 1 1 32 940 25
ROW 940 2 17 31 940 0
ROW 940 3 6 8 940 105
ROW 940 4 4 4 940 185
ROW 940 5 142 255 940 7
ROW 940 6 14 21 940 0
ROW 940 7 4 24 940 38
ROW 941 0 4 16 941 56
ROW 941 1 3 32 941 25
ROW 941 2 20 31 941 0
ROW 941 3 1 8 941 105
ROW 941 4 4 4 941 186
ROW 941 5 148 255 941 7
ROW 941 6 21 21 941 0
ROW 941 7 12 24 941 38
ROW 942 0 5 16 942 56
ROW 942 1 5 32 942 25
ROW 942 2 23 31 942 0
ROW 942 3 5 8 942 105
ROW 942 4 4 4 942 187
ROW 942 5 154 255 942 7
ROW 942 6 3 21 942 0
ROW 942 7 20 24 942 38
ROW 943 0 6 16 943 56
ROW 943 1 7 32 943 25
ROW 943 2 26 31 943 0
ROW 943 3 0 8 943 105
ROW 943 4 4 4 943 188
ROW 943 5 160 255 943 7
ROW 943 6 10 21 943 0
ROW 943 7 3 24 943 38
ROW 944 0 7 16 944 56
ROW 944 1 9 32 944 25
ROW 944 2 29 31 944 0
ROW 944 3 4 8 944 105
ROW 944 4 4 4 944 189
ROW 944 5 166 255 944 7
ROW 944 6 17 21 944 0
ROW 944 7 11 24 944 38
ROW 945 0 9 16 945 56
ROW 945 1 12 32 945 25
ROW 945 2 0 31 945 0
ROW 945 3 0 8 945 105
ROW 945 4 0 4 945 189
ROW 945 5 173 255 945 7
ROW 945 6 0 21 945 0
ROW 945 7 20 24 945 38
ROW 946 0 10 16 946 56
ROW 946 1 14 32 946 25
ROW 946 2 3 31 946 0
ROW 946 3 4 8 946 105
ROW 946 4 0 4 946 189
ROW 946 5 179 255 946 7
ROW 946 6 7 21 946 0
ROW 946 7 3 24 946 38
ROW 947 0 11 16 947 56
ROW 947 1 16 32 947 25
ROW 947 2 6 31 947 0
ROW 947 3 8 8 947 106
ROW 947 4 0 4 947 189
ROW 947 5 185 255 947 7
ROW 947 6 14 21 947 0
ROW 947 7 11 24 947 38
ROW 948 0 12 16 948 56
ROW 948 1 18 32 948 25
ROW 948 2 9 31 948 0
ROW 948 3 3 8 948 106
ROW 948 4 0 4 948 189
ROW 948 5 191 255 948 7
ROW 948 6 21 21 948 0
ROW 948 7 19 24 948 38
ROW 949 0 13 16 949 56
ROW 949 1 20 32 949 25
ROW 949 2 12 31 949 0
ROW 949 3 7 8 949 106
ROW 949 4 0 4 949 189
ROW 949 5 197 255 949 7
ROW 949 6 3 21 949 0
ROW 949 7 2 24 949 38
ROW 950 0 14 16 950 56
ROW 950 1 22 32 950 25
ROW 950 2 15 31 950 0
ROW 950 3 2 8 950 106
ROW 950 4 0 4 950 189
ROW 950 5 203 255 950 7
ROW 950 6 10 21 950 0
ROW 950 7 10 24 950 38
ROW 951 0 15 16 951 56
ROW 951 1 24 32 951 25
ROW 951 2 18 31 951 0
ROW 951 3 6 8 951 106
ROW 951 4 0 4 951 189
ROW 951 5 209 255 951 7
ROW 951 6 17 21 951 0
ROW 951 7 18 24 951 38
ROW 952 0 0 16 952 56
ROW 952 1 27 32 952 25
ROW 952 2 22 31 952 0
ROW 952 3 2 8 952 106
ROW 952 4 1 4 952 189
ROW 952 5 216 255 952 7
ROW 952 6 0 21 952 0
ROW 952 7 2 24 952 38
ROW 953 0 1 16 953 56
ROW 953 1 29 32 953 25
ROW 953 2 25 31 953 0
ROW 953 3 6 8 953 106
ROW 953 4 1 4 953 189
ROW 953 5 222 255 953 7
ROW 953 6 7 21 953 0
ROW 953 7 10 24 953 38
ROW 954 0 2 16 954 56
ROW 954 1 31 32 954 25
ROW 954 2 28 31 954 0
ROW 954 3 1 8 954 106
ROW 954 4 1 4 954 189
ROW 954 5 228 255 954 7
ROW 954 6 14 21 954 0
ROW 954 7 18 24 954 38
ROW 955 0 3 16 955 56
ROW 955 1 0 32 955 25
ROW 955 2 31 31 955 0
ROW 955 3 5 8 955 106
ROW 955 4 1 4 955 189
ROW 955 5 234 255 955 7
ROW 955 6 21 21 955 0
ROW 955 7 1 24 955 38
ROW 956 0 4 16 956 56
ROW 956 1 2 32 956 25
ROW 956 2 1 31 956 0
ROW 956 3 0 8 956 106
ROW 956 4 1 4 956 189
ROW 956 5 240 255 956 7
ROW 956 6 3 21 956 0
ROW 956 7 9 24 956 38
ROW 957 0 5 16 957 56
ROW 957 1 4 32 957 25
ROW 957 2 4 31 957 0
ROW 957 3 4 8 957 106
ROW 957 4 1 4 957 189
ROW 957 5 246 255 957 7
ROW 957 6 10 21 957 0
ROW 957 7 17 24 957 38
ROW 958 0 6 16 958 56
ROW 958 1 6 32 958 25
ROW 958 2 7 31 958 0
ROW 958 3 8 8 958 107
ROW 958 4 1 4 958 189
ROW 958 5 252 255 958 7
ROW 958 6 17 21 958 0
ROW 958 7 0 24 958 38
ROW 959 0 8 16 959 56
ROW 959 1 9 32 959 25
ROW 959 2 11 31 959 0
ROW 959 3 4 8 959 107
ROW 959 4 2 4 959 189
ROW 959 5 3 255 959 7
ROW 959 6 0 21 959 0
ROW 959 7 9 24 959 38
ROW 960 0 9 16 960 56
ROW 960 1 11 32 960 25
ROW 960 2 14 31 960 0
ROW 960 3 8 8 960 108
ROW 960 4 2 4 960 189
ROW 960 5 9 255 960 7
ROW 960 6 7 21 960 0
ROW 960 7 17 24 960 38
ROW 961 0 10 16 961 56
ROW 961 1 13 32 961 25
ROW 961 2 17 31 961 0
ROW 961 3 3 8 961 108
ROW 961 4 2 4 961 189
ROW 961 5 15 255 961 7
ROW 961 6 14 21 961 0
ROW 961 7 0 24 961 38
ROW 962 0 11 16 962 56
ROW 962 1 15 32 962 25
ROW 962 2 20 31 962 0
ROW 962 3 7 8 962 108
ROW 962 4 2 4 962 189
ROW 962 5 21 255 962 7
ROW 962 6 21 21 962 0
ROW 962 7 8 24 962 38
ROW 963 0 12 16 963 56
ROW 963 1 17 32 963 25
ROW 963 2 23 31 963 0
ROW 963 3 2 8 963 108
ROW 963 4 2 4 963 189
ROW 963 5 27 255 963 7
ROW 963 6 3 21 963 0
ROW 963 7 16 24 963 38
ROW 964 0 13 16 964 56
ROW 964 1 19 32 964 25
ROW 964 2 26 31 964 0
ROW 964 3 6 8 964 108
ROW 964 4 2 4 964 189
ROW 964 5 33 255 964 7
ROW 964 6 10 21 964 0
ROW 964 7 24 24 964 39
ROW 965 0 14 16 965 56
ROW 965 1 21 32 965 25
ROW 965 2 29 31 965 0
ROW 965 3 1 8 965 108
ROW 965 4 2 4 965 189
ROW 965 5 39 255 965 7
ROW 965 6 17 21 965 0
ROW 965 7 7 24 965 39
ROW 966 0 16 16 966 57
ROW 966 1 24 32 966 25
ROW 966 2 0 31 966 0
ROW 966 3 6 8 966 108
ROW 966 4 3 4 966 189
ROW 966 5 46 255 966 7
ROW 966 6 0 21 966 0
ROW 966 7 16 24 966 39
ROW 967 0 0 16 967 57
ROW 967 1 26 32 967 25
ROW 967 2 3 31 967 0
ROW 967 3 1 8 967 108
ROW 967 4 3 4 967 189
ROW 967 5 52 255 967 7
ROW 967 6 7 21 967 0
ROW 967 7 24 24 967 40
ROW 968 0 1 16 968 57
ROW 968 1 28 32 968 25
ROW 968 2 6 31 968 0
ROW 968 3 5 8 968 108
ROW 968 4 3 4 968 189
ROW 968 5 58 255 968 7
ROW 968 6 14 21 968 0
ROW 968 7 7 24 968 40
ROW 969 0 2 16 969 57
ROW 969 1 30 32 969 25
ROW 969 2 9 31 969 0
ROW 969 3 0 8 969 108
ROW 969 4 3 4 969 189
ROW 969 5 64 255 969 7
ROW 969 6 21 21 969 0
ROW 969 7 15 24 969 40
ROW 970 0 3 16 970 57
ROW 970 1 32 32 970 26
ROW 970 2 12 31 970 0
ROW 970 3 4 8 970 108
ROW 970 4 3 4 970 189
ROW 970 5 70 255 970 7
ROW 970 6 3 21 970 0
ROW 970 7 23 24 970 40
ROW 971 0 4 16 971 57
ROW 971 1 1 32 971 26
ROW 971 2 15 31 971 0
ROW 971 3 8 8 971 109
ROW 971 4 3 4 971 189
ROW 971 5 76 255 971 7
ROW 971 6 10 21 971 0
ROW 971 7 6 24 971 40
ROW 972 0 5 16 972 57
ROW 972 1 3 32 972 26
ROW 972 2 18 31 972 0
ROW 972 3 3 8 972 109
ROW 972 4 3 4 972 189
ROW 972 5 82 255 972 7
ROW 972 6 17 21 972 0
ROW 972 7 14 24 972 40
ROW 973 0 7 16 973 57
ROW 973 1 6 32 973 26
ROW 973 2 22 31 973 0
ROW 973 3 8 8 973 110
ROW 973 4 4 4 973 190
ROW 973 5 89 255 973 7
ROW 973 6 0 21 973 0
ROW 973 7 23 24 973 40
ROW 974 0 8 16 974 57
ROW 974 1 8 32 974 26
ROW 974 2 25 31 974 0
ROW 974 3 3 8 974 110
ROW 974 4 4 4 974 191
ROW 974 5 95 255 974 7
ROW 974 6 7 21 974 0
ROW 974 7 6 24 974 40
ROW 975 0 9 16 975 57
ROW 975 1 10 32 975 26
ROW 975 2 28 31 975 0
ROW 975 3 7 8 975 110
ROW 975 4 4 4 975 192
ROW 975 5 101 255 975 7
ROW 975 6 14 21 975 0
ROW 975 7 14 24 975 40
ROW 976 0 10 16 976 57
ROW 976 1 12 32 976 26
ROW 976 2 31 31 976 0
ROW 976 3 2 8 976 110
ROW 976 4 4 4 976 193
ROW 976 5 107 255 976 7
ROW 976 6 21 21 976 0
ROW 976 7 22 24 976 40
ROW 977 0 11 16 977 57
ROW 977 1 14 32 977 26
ROW 977 2 1 31 977 0
ROW 977 3 6 8 977 110
ROW 977 4 4 4 977 194
ROW 977 5 113 255 977 7
ROW 977 6 3 21 977 0
ROW 977 7 5 24 977 40
ROW 978 0 12 16 978 57
ROW 978 1 16 32 978 26
ROW 978 2 4 31 978 0
ROW 978 3 1 8 978 110
ROW 978 4 4 4 978 195
ROW 978 5 119 255 978 7
ROW 978 6 10 21 978 0
ROW 978 7 13 24 978 40
ROW 979 0 13 16 979 57
ROW 979 1 18 32 979 26
ROW 979 2 7 31 979 0
ROW 979 3 5 8 979 110
ROW 979 4 4 4 979 196
ROW 979 5 125 255 979 7
ROW 979 6 17 21 979 0
ROW 979 7 21 24 979 40
ROW 980 0 15 16 980 57
ROW 980 1 21 32 980 26
ROW 980 2 11 31 980 0
ROW 980 3 1 8 980 110
ROW 980 4 0 4 980 196
ROW 980 5 132 255 980 7
ROW 980 6 0 21 980 0
ROW 980 7 5 24 980 40
ROW 981 0 16 16 981 58
ROW 981 1 23 32 981 26
ROW 981 2 14 31 981 0
ROW 981 3 5 8 981 110
ROW 981 4 0 4 981 196
ROW 981 5 138 255 981 7
ROW 981 6 7 21 981 0
ROW 981 7 13 24 981 40
ROW 982 0 0 16 982 58
ROW 982 1 25 32 982 26
ROW 982 2 17 31 982 0
ROW 982 3 0 8 982 110
ROW 982 4 0 4 982 196
ROW 982 5 144 255 982 7
ROW 982 6 14 21 982 0
ROW 982 7 21 24 982 40
ROW 983 0 1 16 983 58
ROW 983 1 27 32 983 26
ROW 983 2 20 31 983 0
ROW 983 3 4 8 983 110
ROW 983 4 0 4 983 196
ROW 983 5 150 255 983 7
ROW 983 6 21 21 983 0
ROW 983 7 4 24 983 40
ROW 984 0 2 16 984 58
ROW 984 1 29 32 984 26
ROW 984 2 23 31 984 0
ROW 984 3 8 8 984 111
ROW 984 4 0 4 984 196
ROW 984 5 156 255 984 7
ROW 984 6 3 21 984 0
ROW 984 7 12 24 984 40
ROW 985 0 3 16 985 58
ROW 985 1 31 32 985 26
ROW 985 2 26 31 985 0
ROW 985 3 3 8 985 111
ROW 985 4 0 4 985 196
ROW 985 5 162 255 985 7
ROW 985 6 10 21 985 0
ROW 985 7 20 24 985 40
ROW 986 0 4 16 986 58
ROW 986 1 0 32 986 26
ROW 986 2 29 31 986 0
ROW 986 3 7 8 986 111
ROW 986 4 0 4 986 196
ROW 986 5 168 255 986 7
ROW 986 6 17 21 986 0
ROW 986 7 3 24 986 40
ROW 987 0 6 16 987 58
ROW 987 1 3 32 987 26
ROW 987 2 0 31 987 0
ROW 987 3 3 8 987 111
ROW 987 4 1 4 987 196
ROW 987 5 175 255 987 7
ROW 987 6 0 21 987 0
ROW 987 7 12 24 987 40
ROW 988 0 7 16 988 58
ROW 988 1 5 32 988 26
ROW 988 2 3 31 988 0
ROW 988 3 7 8 988 111
ROW 988 4 1 4 988 196
ROW 988 5 181 255 988 7
ROW 988 6 7 21 988 0
ROW 988 7 20 24 988 40
ROW 989 0 8 16 989 58
ROW 989 1 7 32 989 26
ROW 989 2 6 31 989 0
ROW 989 3 2 8 989 111
ROW 989 4 1 4 989 196
ROW 989 5 187 255 989 7
ROW 989 6 14 21 989 0
ROW 989 7 3 24 989 40
ROW 990 0 9 16 990 58
ROW 990 1 9 32 990 26
ROW 990 2 9 31 990 0
ROW 990 3 6 8 990 111
ROW 990 4 1 4 990 196
ROW 990 5 193 255 990 7
ROW 990 6 21 21 990 0
ROW 990 7 11 24 990 40
ROW 991 0 10 16 991 58
ROW 991 1 11 32 991 26
ROW 991 2 12 31 991 0
ROW 991 3 1 8 991 111
ROW 991 4 1 4 991 196
ROW 991 5 199 255 991 7
ROW 991 6 3 21 991 0
ROW 991 7 19 24 991 40
ROW 992 0 11 16 992 58
ROW 992 1 13 32 992 26
ROW 992 2 15 31 992 0
ROW 992 3 5 8 992 111
ROW 992 4 1 4 992 196
ROW 992 5 205 255 992 7
ROW 992 6 10 21 992 0
ROW 992 7 2 24 992 40
ROW 993 0 12 16 993 58
ROW 993 1 15 32 993 26
ROW 993 2 18 31 993 0
ROW 993 3 0 8 993 111
ROW 993 4 1 4 993 196
ROW 993 5 211 255 993 7
ROW 993 6 17 21 993 0
ROW 993 7 10 24 993 40
ROW 994 0 14 16 994 58
ROW 994 1 18 32 994 26
ROW 994 2 22 31 994 0
ROW 994 3 5 8 994 111
ROW 994 4 2 4 994 196
ROW 994 5 218 255 994 7
ROW 994 6 0 21 994 0
ROW 994 7 19 24 994 40
ROW 995 0 15 16 995 58
ROW 995 1 20 32 995 26
ROW 995 2 25 31 995 0
ROW 995 3 0 8 995 111
ROW 995 4 2 4 995 196
ROW 995 5 224 255 995 7
ROW 995 6 7 21 995 0
ROW 995 7 2 24 995 40
ROW 996 0 16 16 996 59
ROW 996 1 22 32 996 26
ROW 996 2 28 31 996 0
ROW 996 3 4 8 996 111
ROW 996 4 2 4 996 196
ROW 996 5 230 255 996 7
ROW 996 6 14 21 996 0
ROW 996 7 10 24 996 40
ROW 997 0 0 16 997 59
ROW 997 1 24 32 997 26
ROW 997 2 31 31 997 0
ROW 997 3 8 8 997 112
ROW 997 4 2 4 997 196
ROW 997 5 236 255 997 7
ROW 997 6 21 21 997 0
ROW 997 7 18 24 997 40
ROW 998 0 1 16 998 59
ROW 998 1 26 32 998 26
ROW 998 2 1 31 998 0
ROW 998 3 3 8 998 112
ROW 998 4 2 4 998 196
ROW 998 5 242 255 998 7
ROW 998 6 3 21 998 0
ROW 998 7 1 24 998 40
ROW 999 0 2 16 999 59
ROW 999 1 28 32 999 26
ROW 999 2 4 31 999 0
ROW 999 3 7 8 999 112
ROW 999 4 2 4 999 196
ROW 999 5 248 255 999 7
ROW 999 6 10 21 999 0
ROW 999 7 9 24 999 40
ROW 1000 0 3 16 1000 59
ROW 1000 1 30 32 1000 26
ROW 1000 2 7 31 1000 0
ROW 1000 3 2 8 1000 112
ROW 1000 4 2 4 1000 196
ROW 1000 5 254 255 1000 7
ROW 1000 6 17 21 1000 0
ROW 1000 7 17 24 1000 40
ROW 1001 0 5 16 1001 59
ROW 1001 1 0 32 1001 26
ROW 1001 2 11 31 1001 0
ROW 1001 3 7 8 1001 112
ROW 1001 4 3 4 1001 196
ROW 1001 5 5 255 1001 7
ROW 1001 6 0 21 1001 0
ROW 1001 7 1 24 1001 40
ROW 1002 0 6 16 1002 59
ROW 1002 1 2 32 1002 26
ROW 1002 2 14 31 1002 0
ROW 1002 3 2 8 1002 112
ROW 1002 4 3 4 1002 196
ROW 1002 5 11 255 1002 7
ROW 1002 6 7 21 1002 0
ROW 1002 7 9 24 1002 40
ROW 1003 0 7 16 1003 59
ROW 1003 1 4 32 1003 26
ROW 1003 2 17 31 1003 0
ROW 1003 3 6 8 1003 112
ROW 1003 4 3 4 1003 196
ROW 1003 5 17 255 1003 7
ROW 1003 6 14 21 1003 0
ROW 1003 7 17 24 1003 40
ROW 1004 0 8 16 1004 59
ROW 1004 1 6 32 1004 26
ROW 1004 2 20 31 1004 0
ROW 1004 3 1 8 1004 112
ROW 1004 4 3 4 1004 196
ROW 1004 5 23 255 1004 7
ROW 1004 6 21 21 1004 0
ROW 1004 7 0 24 1004 40
ROW 1005 0 9 16 1005 59
ROW 1005 1 8 32 1005 26
ROW 1005 2 23 31 1005 0
ROW 1005 3 5 8 1005 112
ROW 1005 4 3 4 1005 196
ROW 1005 5 29 255 1005 7
ROW 1005 6 3 21 1005 0
ROW 1005 7 8 24 1005 40
ROW 1006 0 10 16 1006 59
ROW 1006 1 10 32 1006 26
ROW 1006 2 26 31 1006 0
ROW 1006 3 0 8 1006 112
ROW 1006 4 3 4 1006 196
ROW 1006 5 35 255 1006 7
ROW 1006 6 10 21 1006 0
ROW 1006 7 16 24 1006 40
ROW 1007 0 11 16 1007 59
ROW 1007 1 12 32 1007 26
ROW 1007 2 29 31 1007 0
ROW 1007 3 4 8 1007 112
ROW 1007 4 3 4 1007 196
ROW 1007 5 41 255 1007 7
ROW 1007 6 17 21 1007 0
ROW 1007 7 24 24 1007 41
ROW 1008 0 13 16 1008 59
ROW 1008 1 15 32 1008 26
ROW 1008 2 0 31 1008 0
ROW 1008 3 0 8 1008 112
ROW 1008 4 4 4 1008 197
ROW 1008 5 48 255 1008 7
ROW 1008 6 0 21 1008 0
ROW 1008 7 8 24 1008 41
ROW 1009 0 14 16 1009 59
ROW 1009 1 17 32 1009 26
ROW 1009 2 3 31 1009 0
ROW 1009 3 4 8 1009 112
ROW 1009 4 4 4 1009 198
ROW 1009 5 54 255 1009 7
ROW 1009 6 7 21 1009 0
ROW 1009 7 16 24 1009 41
ROW 1010 0 15 16 1010 59
ROW 1010 1 19 32 1010 26
ROW 1010 2 6 31 1010 0
ROW 1010 3 8 8 1010 113
ROW 1010 4 4 4 1010 199
ROW 1010 5 60 255 1010 7
ROW 1010 6 14 21 1010 0
ROW 1010 7 24 24 1010 42
ROW 1011 0 16 16 1011 60
ROW 1011 1 21 32 1011 26
ROW 1011 2 9 31 1011 0
ROW 1011 3 3 8 1011 113
ROW 1011 4 4 4 1011 200
ROW 1011 5 66 255 1011 7
ROW 1011 6 21 21 1011 0
ROW 1011 7 7 24 1011 42
ROW 1012 0 0 16 1012 60
ROW 1012 1 23 32 1012 26
ROW 1012 2 12 31 1012 0
ROW 1012 3 7 8 1012 113
ROW 1012 4 4 4 1012 201
ROW 1012 5 72 255 1012 7
ROW 1012 6 3 21 1012 0
ROW 1012 7 15 24 1012 42
ROW 1013 0 1 16 1013 60
ROW 1013 1 25 32 1013 26
ROW 1013 2 15 31 1013 0
ROW 1013 3 2 8 1013 113
ROW 1013 4 4 4 1013 202
ROW 1013 5 78 255 1013 7
ROW 1013 6 10 21 1013 0
ROW 1013 7 23 24 1013 42
ROW 1014 0 2 16 1014 60
ROW 1014 1 27 32 1014 26
ROW 1014 2 18 31 1014 0
ROW 1014 3 6 8 1014 113
ROW 1014 4 4 4 1014 203
ROW 1014 5 84 255 1014 7
ROW 1014 6 17 21 1014 0
ROW 1014 7 6 24 1014 42
ROW 1015 0 4 16 1015 60
ROW 1015 1 30 32 1015 26
ROW 1015 2 22 31 1015 0
ROW 1015 3 2 8 1015 113
ROW 1015 4 0 4 1015 203
ROW 1015 5 91 255 1015 7
ROW 1015 6 0 21 1015 0
ROW 1015 7 15 24 1015 42
ROW 1016 0 5 16 1016 60
ROW 1016 1 32 32 1016 27
ROW 1016 2 25 31 1016 0
ROW 1016 3 6 8 1016 113
ROW 1016 4 0 4 1016 203
ROW 1016 5 97 255 1016 7
ROW 1016 6 7 21 1016 0
ROW 1016 7 23 24 1016 42
ROW 1017 0 6 16 1017 60
ROW 1017 1 1 32 1017 27
ROW 1017 2 28 31 1017 0
ROW 1017 3 1 8 1017 113
ROW 1017 4 0 4 1017 203
ROW 1017 5 103 255 1017 7
ROW 1017 6 14 21 1017 0
ROW 1017 7 6 24 1017 42
ROW 1018 0 7 16 1018 60
ROW 1018 1 3 32 1018 27
ROW 1018 2 31 31 1018 0
ROW 1018 3 5 8 1018 113
ROW 1018 4 0 4 1018 203
ROW 1018 5 109 255 1018 7
ROW 1018 6 21 21 1018 0
ROW 1018 7 14 24 1018 42
ROW 1019 0 8 16 1019 60
ROW 1019 1 5 32 1019 27
ROW 1019 2 1 31 1019 0
ROW 1019 3 0 8 1019 113
ROW 1019 4 0 4 1019 203
ROW 1019 5 115 255 1019 7
ROW 1019 6 3 21 1019 0
ROW 1019 7 22 24 1019 42
ROW 1020 0 9 16 1020 60
ROW 1020 1 7 32 1020 27
ROW 1020 2 4 31 1020 0
ROW 1020 3 4 8 1020 113
ROW 1020 4 0 4 1020 203
ROW 1020 5 121 255 1020 7
ROW 1020 6 10 21 1020 0
ROW 1020 7 5 24 1020 42
ROW 1021 0 10 16 1021 60
ROW 1021 1 9 32 1021 27
ROW 1021 2 7 31 1021 0
ROW 1021 3 8 8 1021 114
ROW 1021 4 0 4 1021 203
ROW 1021 5 127 255 1021 7
ROW 1021 6 17 21 1021 0
ROW 1021 7 13 24 1021 42
ROW 1022 0 12 16 1022 60
ROW 1022 1 12 32 1022 27
ROW 1022 2 11 31 1022 0
ROW 1022 3 4 8 1022 114
ROW 1022 4 1 4 1022 203
ROW 1022 5 134 255 1022 7
ROW 1022 6 0 21 1022 0
ROW 1022 7 22 24 1022 42
ROW 1023 0 13 16 1023 60
ROW 1023 1 14 32 1023 27
ROW 1023 2 14 31 1023 0
ROW 1023 3 8 8 1023 115
ROW 1023 4 1 4 1023 203
ROW 1023 5 140 255 1023 7
ROW 1023 6 7 21 1023 0
ROW 1023 7 5 24 1023 42
ROW 1024 0 14 16 1024 60
ROW 1024 1 16 32 1024 27
ROW 1024 2 17 31 1024 0
ROW 1024 3 3 8 1024 115
ROW 1024 4 1 4 1024 203
ROW 1024 5 146 255 1024 7
ROW 1024 6 14 21 1024 0
ROW 1024 7 13 24 1024 42
ROW 1025 0 15 16 1025 60
ROW 1025 1 18 32 1025 27
ROW 1025 2 20 31 1025 0
ROW 1025 3 7 8 1025 115
ROW 1025 4 1 4 1025 203
ROW 1025 5 152 255 1025 7
ROW 1025 6 21 21 1025 0
ROW 1025 7 21 24 1025 42
ROW 1026 0 16 16 1026 61
ROW 1026 1 20 32 1026 27
ROW 1026 2 23 31 1026 0
ROW 1026 3 2 8 1026 115
ROW 1026 4 1 4 1026 203
ROW 1026 5 158 255 1026 7
ROW 1026 6 3 21 1026 0
ROW 1026 7 4 24 1026 42
ROW 1027 0 0 16 1027 61
ROW 1027 1 22 32 1027 27
ROW 1027 2 26 31 1027 0
ROW 1027 3 6 8 1027 115
ROW 1027 4 1 4 1027 203
ROW 1027 5 164 255 1027 7
ROW 1027 6 10 21 1027 0
ROW 1027 7 12 24 1027 42
ROW 1028 0 1 16 1028 61
ROW 1028 1 24 32 1028 27
ROW 1028 2 29 31 1028 0
ROW 1028 3 1 8 1028 115
ROW 1028 4 1 4 1028 203
ROW 1028 5 170 255 1028 7
ROW 1028 6 17 21 1028 0
ROW 1028 7 20 24 1028 42
ROW 1029 0 3 16 1029 61
ROW 1029 1 27 32 1029 27
ROW 1029 2 0 31 1029 0
ROW 1029 3 6 8 1029 115
ROW 1029 4 2 4 1029 203
ROW 1029 5 177 255 1029 7
ROW 1029 6 0 21 1029 0
ROW 1029 7 4 24 1029 42
ROW 1030 0 4 16 1030 61
ROW 1030 1 29 32 1030 27
ROW 1030 2 3 31 1030 0
ROW 1030 3 1 8 1030 115
ROW 1030 4 2 4 1030 203
ROW 1030 5 183 255 1030 7
ROW 1030 6 7 21 1030 0
ROW 1030 7 12 24 1030 42
ROW 1031 0 5 16 1031 61
ROW 1031 1 31 32 1031 27
ROW 1031 2 6 31 1031 0
ROW 1031 3 5 8 1031 115
ROW 1031 4 2 4 1031 203
ROW 1031 5 189 255 1031 7
ROW 1031 6 14 21 1031 0
ROW 1031 7 20 24 1031 42
ROW 1032 0 6 16 1032 61
ROW 1032 1 0 32 1032 27
ROW 1032 2 9 31 1032 0
ROW 1032 3 0 8 1032 115
ROW 1032 4 2 4 1032 203
ROW 1032 5 195 255 1032 7
ROW 1032 6 21 21 1032 0
ROW 1032 7 3 24 1032 42
ROW 1033 0 7 16 1033 61
ROW 1033 1 2 32 1033 27
ROW 1033 2 12 31 1033 0
ROW 1033 3 4 8 1033 115
ROW 1033 4 2 4 1033 203
ROW 1033 5 201 255 1033 7
ROW 1033 6 3 21 1033 0
ROW 1033 7 11 24 1033 42
ROW 1034 0 8 16 1034 61
ROW 1034 1 4 32 1034 27
ROW 1034 2 15 31 1034 0
ROW 1034 3 8 8 1034 116
ROW 1034 4 2 4 1034 203
ROW 1034 5 207 255 1034 7
ROW 1034 6 10 21 1034 0
ROW 1034 7 19 24 1034 42
ROW 1035 0 9 16 1035 61
ROW 1035 1 6 32 1035 27
ROW 1035 2 18 31 1035 0
ROW 1035 3 3 8 1035 116
ROW 1035 4 2 4 1035 203
ROW 1035 5 213 255 1035 7
ROW 1035 6 17 21 1035 0
ROW 1035 7 2 24 1035 42
ROW 1036 0 11 16 1036 61
ROW 1036 1 9 32 1036 27
ROW 1036 2 22 31 1036 0
ROW 1036 3 8 8 1036 117
ROW 1036 4 3 4 1036 203
ROW 1036 5 220 255 1036 7
ROW 1036 6 0 21 1036 0
ROW 1036 7 11 24 1036 42
ROW 1037 0 12 16 1037 61
ROW 1037 1 11 32 1037 27
ROW 1037 2 25 31 1037 0
ROW 1037 3 3 8 1037 117
ROW 1037 4 3 4 1037 203
ROW 1037 5 226 255 1037 7
ROW 1037 6 7 21 1037 0
ROW 1037 7 19 24 1037 42
ROW 1038 0 13 16 1038 61
ROW 1038 1 13 32 1038 27
ROW 1038 2 28 31 1038 0
ROW 1038 3 7 8 1038 117
ROW 1038 4 3 4 1038 203
ROW 1038 5 232 255 1038 7
ROW 1038 6 14 21 1038 0
ROW 1038 7 2 24 1038 42
ROW 1039 0 14 16 1039 61
ROW 1039 1 15 32 1039 27
ROW 1039 2 31 31 1039 0
ROW 1039 3 2 8 1039 117
ROW 1039 4 3 4 1039 203
ROW 1039 5 238 255 1039 7
ROW 1039 6 21 21 1039 0
ROW 1039 7 10 24 1039 42
ROW 1040 0 15 16 1040 61
ROW 1040 1 17 32 1040 27
ROW 1040 2 1 31 1040 0
ROW 1040 3 6 8 1040 117
ROW 1040 4 3 4 1040 203
ROW 1040 5 244 255 1040 7
ROW 1040 6 3 21 1040 0
ROW 1040 7 18 24 1040 42
ROW 1041 0 16 16 1041 62
ROW 1041 1 19 32 1041 27
ROW 1041 2 4 31 1041 0
ROW 1041 3 1 8 1041 117
ROW 1041 4 3 4 1041 203
ROW 1041 5 250 255 1041 7
ROW 1041 6 10 21 1041 0
ROW 1041 7 1 24 1041 42
ROW 1042 0 0 16 1042 62
ROW 1042 1 21 32 1042 27
ROW 1042 2 7 31 1042 0
ROW 1042 3 5 8 1042 117
ROW 1042 4 3 4 1042 203
ROW 1042 5 0 255 1042 7
ROW 1042 6 17 21 1042 0
ROW 1042 7 9 24 1042 42
ROW 1043 0 2 16 1043 62
ROW 1043 1 24 32 1043 27
ROW 1043 2 11 31 1043 0
ROW 1043 3 1 8 1043 117
ROW 1043 4 4 4 1043 204
ROW 1043 5 7 255 1043 7
ROW 1043 6 0 21 1043 0
ROW 1043 7 18 24 1043 42
ROW 1044 0 3 16 1044 62
ROW 1044 1 26 32 1044 27
ROW 1044 2 14 31 1044 0
ROW 1044 3 5 8 1044 117
ROW 1044 4 4 4 1044 205
ROW 1044 5 13 255 1044 7
ROW 1044 6 7 21 1044 0
ROW 1044 7 1 24 1044 42
ROW 1045 0 4 16 1045 62
ROW 1045 1 28 32 1045 27
ROW 1045 2 17 31 1045 0
ROW 1045 3 0 8 1045 117
ROW 1045 4 4 4 1045 206
ROW 1045 5 19 255 1045 7
ROW 1045 6 14 21 1045 0
ROW 1045 7 9 24 1045 42
ROW 1046 0 5 16 1046 62
ROW 1046 1 30 32 1046 27
ROW 1046 2 20 31 1046 0
ROW 1046 3 4 8 1046 117
ROW 1046 4 4 4 1046 207
ROW 1046 5 25 255 1046 7
ROW 1046 6 21 21 1046 0
ROW 1046 7 17 24 1046 42
ROW 1047 0 6 16 1047 62
ROW 1047 1 32 32 1047 28
ROW 1047 2 23 31 1047 0
ROW 1047 3 8 8 1047 118
ROW 1047 4 4 4 1047 208
ROW 1047 5 31 255 1047 7
ROW 1047 6 3 21 1047 0
ROW 1047 7 0 24 1047 42
ROW 1048 0 7 16 1048 62
ROW 1048 1 1 32 1048 28
ROW 1048 2 26 31 1048 0
ROW 1048 3 3 8 1048 118
ROW 1048 4 4 4 1048 209
ROW 1048 5 37 255 1048 7
ROW 1048 6 10 21 1048 0
ROW 1048 7 8 24 1048 42
ROW 1049 0 8 16 1049 62
ROW 1049 1 3 32 1049 28
ROW 1049 2 29 31 1049 0
ROW 1049 3 7 8 1049 118
ROW 1049 4 4 4 1049 210
ROW 1049 5 43 255 1049 7
ROW 1049 6 17 21 1049 0
ROW 1049 7 16 24 1049 42
ROW 1050 0 10 16 1050 62
ROW 1050 1 6 32 1050 28
ROW 1050 2 0 31 1050 0
ROW 1050 3 3 8 1050 118
ROW 1050 4 0 4 1050 210
ROW 1050 5 50 255 1050 7
ROW 1050 6 0 21 1050 0
ROW 1050 7 0 24 1050 42
ROW 1051 0 11 16 1051 62
ROW 1051 1 8 32 1051 28
ROW 1051 2 3 31 1051 0
ROW 1051 3 7 8 1051 118
ROW 1051 4 0 4 1051 210
ROW 1051 5 56 255 1051 7
ROW 1051 6 7 21 1051 0
ROW 1051 7 8 24 1051 42
ROW 1052 0 12 16 1052 62
ROW 1052 1 10 32 1052 28
ROW 1052 2 6 31 1052 0
ROW 1052 3 2 8 1052 118
ROW 1052 4 0 4 1052 210
ROW 1052 5 62 255 1052 7
ROW 1052 6 14 21 1052 0
ROW 1052 7 16 24 1052 42
ROW 1053 0 13 16 1053 62
ROW 1053 1 12 32 1053 28
ROW 1053 2 9 31 1053 0
ROW 1053 3 6 8 1053 118
ROW 1053 4 0 4 1053 210
ROW 1053 5 68 255 1053 7
ROW 1053 6 21 21 1053 0
ROW 1053 7 24 24 1053 43
ROW 1054 0 14 16 1054 62
ROW 1054 1 14 32 1054 28
ROW 1054 2 12 31 1054 0
ROW 1054 3 1 8 1054 118
ROW 1054 4 0 4 1054 210
ROW 1054 5 74 255 1054 7
ROW 1054 6 3 21 1054 0
ROW 1054 7 7 24 1054 43
ROW 1055 0 15 16 1055 62
ROW 1055 1 16 32 1055 28
ROW 1055 2 15 31 1055 0
ROW 1055 3 5 8 1055 118
ROW 1055 4 0 4 1055 210
ROW 1055 5 80 255 1055 7
ROW 1055 6 10 21 1055 0
ROW 1055 7 15 24 1055 43
ROW 1056 0 16 16 1056 63
ROW 1056 1 18 32 1056 28
ROW 1056 2 18 31 1056 0
ROW 1056 3 0 8 1056 118
ROW 1056 4 0 4 1056 210
ROW 1056 5 86 255 1056 7
ROW 1056 6 17 21 1056 0
ROW 1056 7 23 24 1056 43
ROW 1057 0 1 16 1057 63
ROW 1057 1 21 32 1057 28
ROW 1057 2 22 31 1057 0
ROW 1057 3 5 8 1057 118
ROW 1057 4 1 4 1057 210
ROW 1057 5 93 255 1057 7
ROW 1057 6 0 21 1057 0
ROW 1057 7 7 24 1057 43
ROW 1058 0 2 16 1058 63
ROW 1058 1 23 32 1058 28
ROW 1058 2 25 31 1058 0
ROW 1058 3 0 8 1058 118
ROW 1058 4 1 4 1058 210
ROW 1058 5 99 255 1058 7
ROW 1058 6 7 21 1058 0
ROW 1058 7 15 24 1058 43
ROW 1059 0 3 16 1059 63
ROW 1059 1 25 32 1059 28
ROW 1059 2 28 31 1059 0
ROW 1059 3 4 8 1059 118
ROW 1059 4 1 4 1059 210
ROW 1059 5 105 255 1059 7
ROW 1059 6 14 21 1059 0
ROW 1059 7 23 24 1059 43
ROW 1060 0 4 16 1060 63
ROW 1060 1 27 32 1060 28
ROW 1060 2 31 31 1060 0
ROW 1060 3 8 8 1060 119
ROW 1060 4 1 4 1060 210
ROW 1060 5 111 255 1060 7
ROW 1060 6 21 21 1060 0
ROW 1060 7 6 24 1060 43
ROW 1061 0 5 16 1061 63
ROW 1061 1 29 32 1061 28
ROW 1061 2 1 31 1061 0
ROW 1061 3 3 8 1061 119
ROW 1061 4 1 4 1061 210
ROW 1061 5 117 255 1061 7
ROW 1061 6 3 21 1061 0
ROW 1061 7 14 24 1061 43
ROW 1062 0 6 16 1062 63
ROW 1062 1 31 32 1062 28
ROW 1062 2 4 31 1062 0
ROW 1062 3 7 8 1062 119
ROW 1062 4 1 4 1062 210
ROW 1062 5 123 255 1062 7
ROW 1062 6 10 21 1062 0
ROW 1062 7 22 24 1062 43
ROW 1063 0 7 16 1063 63
ROW 1063 1 0 32 1063 28
ROW 1063 2 7 31 1063 0
ROW 1063 3 2 8 1063 119
ROW 1063 4 1 4 1063 210
ROW 1063 5 129 255 1063 7
ROW 1063 6 17 21 1063 0
ROW 1063 7 5 24 1063 43
ROW 1064 0 9 16 1064 63
ROW 1064 1 3 32 1064 28
ROW 1064 2 11 31 1064 0
ROW 1064 3 7 8 1064 119
ROW 1064 4 2 4 1064 210
ROW 1064 5 136 255 1064 7
ROW 1064 6 0 21 1064 0
ROW 1064 7 14 24 1064 43
ROW 1065 0 10 16 1065 63
ROW 1065 1 5 32 1065 28
ROW 1065 2 14 31 1065 0
ROW 1065 3 2 8 1065 119
ROW 1065 4 2 4 1065 210
ROW 1065 5 142 255 1065 7
ROW 1065 6 7 21 1065 0
ROW 1065 7 22 24 1065 43
ROW 1066 0 11 16 1066 63
ROW 1066 1 7 32 1066 28
ROW 1066 2 17 31 1066 0
ROW 1066 3 6 8 1066 119
ROW 1066 4 2 4 1066 210
ROW 1066 5 148 255 1066 7
ROW 1066 6 14 21 1066 0
ROW 1066 7 5 24 1066 43
ROW 1067 0 12 16 1067 63
ROW 1067 1 9 32 1067 28
ROW 1067 2 20 31 1067 0
ROW 1067 3 1 8 1067 119
ROW 1067 4 2 4 1067 210
ROW 1067 5 154 255 1067 7
ROW 1067 6 21 21 1067 0
ROW 1067 7 13 24 1067 43
ROW 1068 0 13 16 1068 63
ROW 1068 1 11 32 1068 28
ROW 1068 2 23 31 1068 0
ROW 1068 3 5 8 1068 119
ROW 1068 4 2 4 1068 210
ROW 1068 5 160 255 1068 7
ROW 1068 6 3 21 1068 0
ROW 1068 7 21 24 1068 43
ROW 1069 0 14 16 1069 63
ROW 1069 1 13 32 1069 28
ROW 1069 2 26 31 1069 0
ROW 1069 3 0 8 1069 119
ROW 1069 4 2 4 1069 210
ROW 1069 5 166 255 1069 7
ROW 1069 6 10 21 1069 0
ROW 1069 7 4 24 1069 43
ROW 1070 0 15 16 1070 63
ROW 1070 1 15 32 1070 28
ROW 1070 2 29 31 1070 0
ROW 1070 3 4 8 1070 119
ROW 1070 4 2 4 1070 210
ROW 1070 5 172 255 1070 7
ROW 1070 6 17 21 1070 0
ROW 1070 7 12 24 1070 43
ROW 1071 0 0 16 1071 63
ROW 1071 1 18 32 1071 28
ROW 1071 2 0 31 1071 0
ROW 1071 3 0 8 1071 119
ROW 1071 4 3 4 1071 210
ROW 1071 5 179 255 1071 7
ROW 1071 6 0 21 1071 0
ROW 1071 7 21 24 1071 43
ROW 1072 0 1 16 1072 63
ROW 1072 1 20 32 1072 28
ROW 1072 2 3 31 1072 0
ROW 1072 3 4 8 1072 119
ROW 1072 4 3 4 1072 210
ROW 1072 5 185 255 1072 7
ROW 1072 6 7 21 1072 0
ROW 1072 7 4 24 1072 43
ROW 1073 0 2 16 1073 63
ROW 1073 1 22 32 1073 28
ROW 1073 2 6 31 1073 0
ROW 1073 3 8 8 1073 120
ROW 1073 4 3 4 1073 210
ROW 1073 5 191 255 1073 7
ROW 1073 6 14 21 1073 0
ROW 1073 7 12 24 1073 43
ROW 1074 0 3 16 1074 63
ROW 1074 1 24 32 1074 28
ROW 1074 2 9 31 1074 0
ROW 1074 3 3 8 1074 120
ROW 1074 4 3 4 1074 210
ROW 1074 5 197 255 1074 7
ROW 1074 6 21 21 1074 0
ROW 1074 7 20 24 1074 43
ROW 1075 0 4 16 1075 63
ROW 1075 1 26 32 1075 28
ROW 1075 2 12 31 1075 0
ROW 1075 3 7 8 1075 120
ROW 1075 4 3 4 1075 210
ROW 1075 5 203 255 1075 7
ROW 1075 6 3 21 1075 0
ROW 1075 7 3 24 1075 43
ROW 1076 0 5 16 1076 63
ROW 1076 1 28 32 1076 28
ROW 1076 2 15 31 1076 0
ROW 1076 3 2 8 1076 120
ROW 1076 4 3 4 1076 210
ROW 1076 5 209 255 1076 7
ROW 1076 6 10 21 1076 0
ROW 1076 7 11 24 1076 43
ROW 1077 0 6 16 1077 63
ROW 1077 1 30 32 1077 28
ROW 1077 2 18 31 1077 0
ROW 1077 3 6 8 1077 120
ROW 1077 4 3 4 1077 210
ROW 1077 5 215 255 1077 7
ROW 1077 6 17 21 1077 0
ROW 1077 7 19 24 1077 43
ROW 1078 0 8 16 1078 63
ROW 1078 1 0 32 1078 28
ROW 1078 2 22 31 1078 0
ROW 1078 3 2 8 1078 120
ROW 1078 4 4 4 1078 211
ROW 1078 5 222 255 1078 7
ROW 1078 6 0 21 1078 0
ROW 1078 7 3 24 1078 43
ROW 1079 0 9 16 1079 63
ROW 1079 1 2 32 1079 28
ROW 1079 2 25 31 1079 0
ROW 1079 3 6 8 1079 120
ROW 1079 4 4 4 1079 212
ROW 1079 5 228 255 1079 7
ROW 1079 6 7 21 1079 0
ROW 1079 7 11 24 1079 43
ROW 1080 0 10 16 1080 63
ROW 1080 1 4 32 1080 28
ROW 1080 2 28 31 1080 0
ROW 1080 3 1 8 1080 120
ROW 1080 4 4 4 1080 213
ROW 1080 5 234 255 1080 7
ROW 1080 6 14 21 1080 0
ROW 1080 7 19 24 1080 43
ROW 1081 0 11 16 1081 63
ROW 1081 1 6 32 1081 28
ROW 1081 2 31 31 1081 0
ROW 1081 3 5 8 1081 120
ROW 1081 4 4 4 1081 214
ROW 1081 5 240 255 1081 7
ROW 1081 6 21 21 1081 0
ROW 1081 7 2 24 1081 43
ROW 1082 0 12 16 1082 63
ROW 1082 1 8 32 1082 28
ROW 1082 2 1 31 1082 0
ROW 1082 3 0 8 1082 120
ROW 1082 4 4 4 1082 215
ROW 1082 5 246 255 1082 7
ROW 1082 6 3 21 1082 0
ROW 1082 7 10 24 1082 43
ROW 1083 0 13 16 1083 63
ROW 1083 1 10 32 1083 28
ROW 1083 2 4 31 1083 0
ROW 1083 3 4 8 1083 120
ROW 1083 4 4 4 1083 216
ROW 1083 5 252 255 1083 7
ROW 1083 6 10 21 1083 0
ROW 1083 7 18 24 1083 43
ROW 1084 0 14 16 1084 63
ROW 1084 1 12 32 1084 28
ROW 1084 2 7 31 1084 0
ROW 1084 3 8 8 1084 121
ROW 1084 4 4 4 1084 217
ROW 1084 5 2 255 1084 7
ROW 1084 6 17 21 1084 0
ROW 1084 7 1 24 1084 43
ROW 1085 0 16 16 1085 64
ROW 1085 1 15 32 1085 28
ROW 1085 2 11 31 1085 0
ROW 1085 3 4 8 1085 121
ROW 1085 4 0 4 1085 217
ROW 1085 5 9 255 1085 7
ROW 1085 6 0 21 1085 0
ROW 1085 7 10 24 1085 43
ROW 1086 0 0 16 1086 64
ROW 1086 1 17 32 1086 28
ROW 1086 2 14 31 1086 0
ROW 1086 3 8 8 1086 122
ROW 1086 4 0 4 1086 217
ROW 1086 5 15 255 1086 7
ROW 1086 6 7 21 1086 0
ROW 1086 7 18 24 1086 43
ROW 1087 0 1 16 1087 64
ROW 1087 1 19 32 1087 28
ROW 1087 2 17 31 1087 0
ROW 1087 3 3 8 1087 122
ROW 1087 4 0 4 1087 217
ROW 1087 5 21 255 1087 7
ROW 1087 6 14 21 1087 0
ROW 1087 7 1 24 1087 43
ROW 1088 0 2 16 1088 64
ROW 1088 1 21 32 1088 28
ROW 1088 2 20 31 1088 0
ROW 1088 3 7 8 1088 122
ROW 1088 4 0 4 1088 217
ROW 1088 5 27 255 1088 7
ROW 1088 6 21 21 1088 0
ROW 1088 7 9 24 1088 43
ROW 1089 0 3 16 1089 64
ROW 1089 1 23 32 1089 28
ROW 1089 2 23 31 1089 0
ROW 1089 3 2 8 1089 122
ROW 1089 4 0 4 1089 217
ROW 1089 5 33 255 1089 7
ROW 1089 6 3 21 1089 0
ROW 1089 7 17 24 1089 43
ROW 1090 0 4 16 1090 64
ROW 1090 1 25 32 1090 28
ROW 1090 2 26 31 1090 0
ROW 1090 3 6 8 1090 122
ROW 1090 4 0 4 1090 217
ROW 1090 5 39 255 1090 7
ROW 1090 6 10 21 1090 0
ROW 1090 7 0 24 1090 43
ROW 1091 0 5 16 1091 64
ROW 1091 1 27 32 1091 28
ROW 1091 2 29 31 1091 0
ROW 1091 3 1 8 1091 122
ROW 1091 4 0 4 1091 217
ROW 1091 5 45 255 1091 7
ROW 1091 6 17 21 1091 0
ROW 1091 7 8 24 1091 43
ROW 1092 0 7 16 1092 64
ROW 1092 1 30 32 1092 28
ROW 1092 2 0 31 1092 0
ROW 1092 3 6 8 1092 122
ROW 1092 4 1 4 1092 217
ROW 1092 5 52 255 1092 7
ROW 1092 6 0 21 1092 0
ROW 1092 7 17 24 1092 43
ROW 1093 0 8 16 1093 64
ROW 1093 1 32 32 1093 29
ROW 1093 2 3 31 1093 0
ROW 1093 3 1 8 1093 122
ROW 1093 4 1 4 1093 217
ROW 1093 5 58 255 1093 7
ROW 1093 6 7 21 1093 0
ROW 1093 7 0 24 1093 43
ROW 1094 0 9 16 1094 64
ROW 1094 1 1 32 1094 29
ROW 1094 2 6 31 1094 0
ROW 1094 3 5 8 1094 122
ROW 1094 4 1 4 1094 217
ROW 1094 5 64 255 1094 7
ROW 1094 6 14 21 1094 0
ROW 1094 7 8 24 1094 43
ROW 1095 0 10 16 1095 64
ROW 1095 1 3 32 1095 29
ROW 1095 2 9 31 1095 0
ROW 1095 3 0 8 1095 122
ROW 1095 4 1 4 1095 217
ROW 1095 5 70 255 1095 7
ROW 1095 6 21 21 1095 0
ROW 1095 7 16 24 1095 43
ROW 1096 0 11 16 1096 64
ROW 1096 1 5 32 1096 29
ROW 1096 2 12 31 1096 0
ROW 1096 3 4 8 1096 122
ROW 1096 4 1 4 1096 217
ROW 1096 5 76 255 1096 7
ROW 1096 6 3 21 1096 0
ROW 1096 7 24 24 1096 44
ROW 1097 0 12 16 1097 64
ROW 1097 1 7 32 1097 29
ROW 1097 2 15 31 1097 0
ROW 1097 3 8 8 1097 123
ROW 1097 4 1 4 1097 217
ROW 1097 5 82 255 1097 7
ROW 1097 6 10 21 1097 0
ROW 1097 7 7 24 1097 44
ROW 1098 0 13 16 1098 64
ROW 1098 1 9 32 1098 29
ROW 1098 2 18 31 1098 0
ROW 1098 3 3 8 1098 123
ROW 1098 4 1 4 1098 217
ROW 1098 5 88 255 1098 7
ROW 1098 6 17 21 1098 0
ROW 1098 7 15 24 1098 44
ROW 1099 0 15 16 1099 64
ROW 1099 1 12 32 1099 29
ROW 1099 2 22 31 1099 0
ROW 1099 3 8 8 1099 124
ROW 1099 4 2 4 1099 217
ROW 1099 5 95 255 1099 7
ROW 1099 6 0 21 1099 0
ROW 1099 7 24 24 1099 45
ROW 1100 0 16 16 1100 65
ROW 1100 1 14 32 1100 29
ROW 1100 2 25 31 1100 0
ROW 1100 3 3 8 1100 124
ROW 1100 4 2 4 1100 217
ROW 1100 5 101 255 1100 7
ROW 1100 6 7 21 1100 0
ROW 1100 7 7 24 1100 45
ROW 1101 0 0 16 1101 65
ROW 1101 1 16 32 1101 29
ROW 1101 2 28 31 1101 0
ROW 1101 3 7 8 1101 124
ROW 1101 4 2 4 1101 217
ROW 1101 5 107 255 1101 7
ROW 1101 6 14 21 1101 0
ROW 1101 7 15 24 1101 45
ROW 1102 0 1 16 1102 65
ROW 1102 1 18 32 1102 29
ROW 1102 2 31 31 1102 0
ROW 1102 3 2 8 1102 124
ROW 1102 4 2 4 1102 217
ROW 1102 5 113 255 1102 7
ROW 1102 6 21 21 1102 0
ROW 1102 7 23 24 1102 45
ROW 1103 0 2 16 1103 65
ROW 1103 1 20 32 1103 29
ROW 1103 2 1 31 1103 0
ROW 1103 3 6 8 1103 124
ROW 1103 4 2 4 1103 217
ROW 1103 5 119 255 1103 7
ROW 1103 6 3 21 1103 0
ROW 1103 7 6 24 1103 45
ROW 1104 0 3 16 1104 65
ROW 1104 1 22 32 1104 29
ROW 1104 2 4 31 1104 0
ROW 1104 3 1 8 1104 124
ROW 1104 4 2 4 1104 217
ROW 1104 5 125 255 1104 7
ROW 1104 6 10 21 1104 0
ROW 1104 7 14 24 1104 45
ROW 1105 0 4 16 1105 65
ROW 1105 1 24 32 1105 29
ROW 1105 2 7 31 1105 0
ROW 1105 3 5 8 1105 124
ROW 1105 4 2 4 1105 217
ROW 1105 5 131 255 1105 7
ROW 1105 6 17 21 1105 0
ROW 1105 7 22 24 1105 45
ROW 1106 0 6 16 1106 65
ROW 1106 1 27 32 1106 29
ROW 1106 2 11 31 1106 0
ROW 1106 3 1 8 1106 124
ROW 1106 4 3 4 1106 217
ROW 1106 5 138 255 1106 7
ROW 1106 6 0 21 1106 0
ROW 1106 7 6 24 1106 45
ROW 1107 0 7 16 1107 65
ROW 1107 1 29 32 1107 29
ROW 1107 2 14 31 1107 0
ROW 1107 3 5 8 1107 124
ROW 1107 4 3 4 1107 217
ROW 1107 5 144 255 1107 7
ROW 1107 6 7 21 1107 0
ROW 1107 7 14 24 1107 45
ROW 1108 0 8 16 1108 65
ROW 1108 1 31 32 1108 29
ROW 1108 2 17 31 1108 0
ROW 1108 3 0 8 1108 124
ROW 1108 4 3 4 1108 217
ROW 1108 5 150 255 1108 7
ROW 1108 6 14 21 1108 0
ROW 1108 7 22 24 1108 45
ROW 1109 0 9 16 1109 65
ROW 1109 1 0 32 1109 29
ROW 1109 2 20 31 1109 0
ROW 1109 3 4 8 1109 124
ROW 1109 4 3 4 1109 217
ROW 1109 5 156 255 1109 7
ROW 1109 6 21 21 1109 0
ROW 1109 7 5 24 1109 45
ROW 1110 0 10 16 1110 65
ROW 1110 1 2 32 1110 29
ROW 1110 2 23 31 1110 0
ROW 1110 3 8 8 1110 125
ROW 1110 4 3 4 1110 217
ROW 1110 5 162 255 1110 7
ROW 1110 6 3 21 1110 0
ROW 1110 7 13 24 1110 45
ROW 1111 0 11 16 1111 65
ROW 1111 1 4 32 1111 29
ROW 1111 2 26 31 1111 0
ROW 1111 3 3 8 1111 125
ROW 1111 4 3 4 1111 217
ROW 1111 5 168 255 1111 7
ROW 1111 6 10 21 1111 0
ROW 1111 7 21 24 1111 45
ROW 1112 0 12 16 1112 65
ROW 1112 1 6 32 1112 29
ROW 1112 2 29 31 1112 0
ROW 1112 3 7 8 1112 125
ROW 1112 4 3 4 1112 217
ROW 1112 5 174 255 1112 7
ROW 1112 6 17 21 1112 0
ROW 1112 7 4 24 1112 45
ROW 1113 0 14 16 1113 65
ROW 1113 1 9 32 1113 29
ROW 1113 2 0 31 1113 0
ROW 1113 3 3 8 1113 125
ROW 1113 4 4 4 1113 218
ROW 1113 5 181 255 1113 7
ROW 1113 6 0 21 1113 0
ROW 1113 7 13 24 1113 45
ROW 1114 0 15 16 1114 65
ROW 1114 1 11 32 1114 29
ROW 1114 2 3 31 1114 0
ROW 1114 3 7 8 1114 125
ROW 1114 4 4 4 1114 219
ROW 1114 5 187 255 1114 7
ROW 1114 6 7 21 1114 0
ROW 1114 7 21 24 1114 45
ROW 1115 0 16 16 1115 66
ROW 1115 1 13 32 1115 29
ROW 1115 2 6 31 1115 0
ROW 1115 3 2 8 1115 125
ROW 1115 4 4 4 1115 220
ROW 1115 5 193 255 1115 7
ROW 1115 6 14 21 1115 0
ROW 1115 7 4 24 1115 45
ROW 1116 0 0 16 1116 66
ROW 1116 1 15 32 1116 29
ROW 1116 2 9 31 1116 0
ROW 1116 3 6 8 1116 125
ROW 1116 4 4 4 1116 221
ROW 1116 5 199 255 1116 7
ROW 1116 6 21 21 1116 0
ROW 1116 7 12 24 1116 45
ROW 1117 0 1 16 1117 66
ROW 1117 1 17 32 1117 29
ROW 1117 2 12 31 1117 0
ROW 1117 3 1 8 1117 125
ROW 1117 4 4 4 1117 222
ROW 1117 5 205 255 1117 7
ROW 1117 6 3 21 1117 0
ROW 1117 7 20 24 1117 45
ROW 1118 0 2 16 1118 66
ROW 1118 1 19 32 1118 29
ROW 1118 2 15 31 1118 0
ROW 1118 3 5 8 1118 125
ROW 1118 4 4 4 1118 223
ROW 1118 5 211 255 1118 7
ROW 1118 6 10 21 1118 0
ROW 1118 7 3 24 1118 45
ROW 1119 0 3 16 1119 66
ROW 1119 1 21 32 1119 29
ROW 1119 2 18 31 1119 0
ROW 1119 3 0 8 1119 125
ROW 1119 4 4 4 1119 224
ROW 1119 5 217 255 1119 7
ROW 1119 6 17 21 1119 0
ROW 1119 7 11 24 1119 45
ROW 1120 0 5 16 1120 66
ROW 1120 1 24 32 1120 29
ROW 1120 2 22 31 1120 0
ROW 1120 3 5 8 1120 125
ROW 1120 4 0 4 1120 224
ROW 1120 5 224 255 1120 7
ROW 1120 6 0 21 1120 0
ROW 1120 7 20 24 1120 45
ROW 1121 0 6 16 1121 66
ROW 1121 1 26 32 1121 29
ROW 1121 2 25 31 1121 0
ROW 1121 3 0 8 1121 125
ROW 1121 4 0 4 1121 224
ROW 1121 5 230 255 1121 7
ROW 1121 6 7 21 1121 0
ROW 1121 7 3 24 1121 45
ROW 1122 0 7 16 1122 66
ROW 1122 1 28 32 1122 29
ROW 1122 2 28 31 1122 0
ROW 1122 3 4 8 1122 125
ROW 1122 4 0 4 1122 224
ROW 1122 5 236 255 1122 7
ROW 1122 6 14 21 1122 0
ROW 1122 7 11 24 1122 45
ROW 1123 0 8 16 1123 66
ROW 1123 1 30 32 1123 29
ROW 1123 2 31 31 1123 0
ROW 1123 3 8 8 1123 126
ROW 1123 4 0 4 1123 224
ROW 1123 5 242 255 1123 7
ROW 1123 6 21 21 1123 0
ROW 1123 7 19 24 1123 45
ROW 1124 0 9 16 1124 66
ROW 1124 1 32 32 1124 30
ROW 1124 2 1 31 1124 0
ROW 1124 3 3 8 1124 126
ROW 1124 4 0 4 1124 224
ROW 1124 5 248 255 1124 7
ROW 1124 6 3 21 1124 0
ROW 1124 7 2 24 1124 45
ROW 1125 0 10 16 1125 66
ROW 1125 1 1 32 1125 30
ROW 1125 2 4 31 1125 0
ROW 1125 3 7 8 1125 126
ROW 1125 4 0 4 1125 224
ROW 1125 5 254 255 1125 7
ROW 1125 6 10 21 1125 0
ROW 1125 7 10 24 1125 45
ROW 1126 0 11 16 1126 66
ROW 1126 1 3 32 1126 30
ROW 1126 2 7 31 1126 0
ROW 1126 3 2 8 1126 126
ROW 1126 4 0 4 1126 224
ROW 1126 5 4 255 1126 7
ROW 1126 6 17 21 1126 0
ROW 1126 7 18 24 1126 45
ROW 1127 0 13 16 1127 66
ROW 1127 1 6 32 1127 30
ROW 1127 2 11 31 1127 0
ROW 1127 3 7 8 1127 126
ROW 1127 4 1 4 1127 224
ROW 1127 5 11 255 1127 7
ROW 1127 6 0 21 1127 0
ROW 1127 7 2 24 1127 45
ROW 1128 0 14 16 1128 66
ROW 1128 1 8 32 1128 30
ROW 1128 2 14 31 1128 0
ROW 1128 3 2 8 1128 126
ROW 1128 4 1 4 1128 224
ROW 1128 5 17 255 1128 7
ROW 1128 6 7 21 1128 0
ROW 1128 7 10 24 1128 45
ROW 1129 0 15 16 1129 66
ROW 1129 1 10 32 1129 30
ROW 1129 2 17 31 1129 0
ROW 1129 3 6 8 1129 126
ROW 1129 4 1 4 1129 224
ROW 1129 5 23 255 1129 7
ROW 1129 6 14 21 1129 0
ROW 1129 7 18 24 1129 45
ROW 1130 0 16 16 1130 67
ROW 1130 1 12 32 1130 30
ROW 1130 2 20 31 1130 0
ROW 1130 3 1 8 1130 126
ROW 1130 4 1 4 1130 224
ROW 1130 5 29 255 1130 7
ROW 1130 6 21 21 1130 0
ROW 1130 7 1 24 1130 45
ROW 1131 0 0 16 1131 67
ROW 1131 1 14 32 1131 30
ROW 1131 2 23 31 1131 0
ROW 1131 3 5 8 1131 126
ROW 1131 4 1 4 1131 224
ROW 1131 5 35 255 1131 7
ROW 1131 6 3 21 1131 0
ROW 1131 7 9 24 1131 45
ROW 1132 0 1 16 1132 67
ROW 1132 1 16 32 1132 30
ROW 1132 2 26 31 1132 0
ROW 1132 3 0 8 1132 126
ROW 1132 4 1 4 1132 224
ROW 1132 5 41 255 1132 7
ROW 1132 6 10 21 1132 0
ROW 1132 7 17 24 1132 45
ROW 1133 0 2 16 1133 67
ROW 1133 1 18 32 1133 30
ROW 1133 2 29 31 1133 0
ROW 1133 3 4 8 1133 126
ROW 1133 4 1 4 1133 224
ROW 1133 5 47 255 1133 7
ROW 1133 6 17 21 1133 0
ROW 1133 7 0 24 1133 45
ROW 1134 0 4 16 1134 67
ROW 1134 1 21 32 1134 30
ROW 1134 2 0 31 1134 0
ROW 1134 3 0 8 1134 126
ROW 1134 4 2 4 1134 224
ROW 1134 5 54 255 1134 7
ROW 1134 6 0 21 1134 0
ROW 1134 7 9 24 1134 45
ROW 1135 0 5 16 1135 67
ROW 1135 1 23 32 1135 30
ROW 1135 2 3 31 1135 0
ROW 1135 3 4 8 1135 126
ROW 1135 4 2 4 1135 224
ROW 1135 5 60 255 1135 7
ROW 1135 6 7 21 1135 0
ROW 1135 7 17 24 1135 45
ROW 1136 0 6 16 1136 67
ROW 1136 1 25 32 1136 30
ROW 1136 2 6 31 1136 0
ROW 1136 3 8 8 1136 127
ROW 1136 4 2 4 1136 224
ROW 1136 5 66 255 1136 7
ROW 1136 6 14 21 1136 0
ROW 1136 7 0 24 1136 45
ROW 1137 0 7 16 1137 67
ROW 1137 1 27 32 1137 30
ROW 1137 2 9 31 1137 0
ROW 1137 3 3 8 1137 127
ROW 1137 4 2 4 1137 224
ROW 1137 5 72 255 1137 7
ROW 1137 6 21 21 1137 0
ROW 1137 7 8 24 1137 45
ROW 1138 0 8 16 1138 67
ROW 1138 1 29 32 1138 30
ROW 1138 2 12 31 1138 0
ROW 1138 3 7 8 1138 127
ROW 1138 4 2 4 1138 224
ROW 1138 5 78 255 1138 7
ROW 1138 6 3 21 1138 0
ROW 1138 7 16 24 1138 45
ROW 1139 0 9 16 1139 67
ROW 1139 1 31 32 1139 30
ROW 1139 2 15 31 1139 0
ROW 1139 3 2 8 1139 127
ROW 1139 4 2 4 1139 224
ROW 1139 5 84 255 1139 7
ROW 1139 6 10 21 1139 0
ROW 1139 7 24 24 1139 46
ROW 1140 0 10 16 1140 67
ROW 1140 1 0 32 1140 30
ROW 1140 2 18 31 1140 0
ROW 1140 3 6 8 1140 127
ROW 1140 4 2 4 1140 224
ROW 1140 5 90 255 1140 7
ROW 1140 6 17 21 1140 0
ROW 1140 7 7 24 1140 46
ROW 1141 0 12 16 1141 67
ROW 1141 1 3 32 1141 30
ROW 1141 2 22 31 1141 0
ROW 1141 3 2 8 1141 127
ROW 1141 4 3 4 1141 224
ROW 1141 5 97 255 1141 7
ROW 1141 6 0 21 1141 0
ROW 1141 7 16 24 1141 46
ROW 1142 0 13 16 1142 67
ROW 1142 1 5 32 1142 30
ROW 1142 2 25 31 1142 0
ROW 1142 3 6 8 1142 127
ROW 1142 4 3 4 1142 224
ROW 1142 5 103 255 1142 7
ROW 1142 6 7 21 1142 0
ROW 1142 7 24 24 1142 47
ROW 1143 0 14 16 1143 67
ROW 1143 1 7 32 1143 30
ROW 1143 2 28 31 1143 0
ROW 1143 3 1 8 1143 127
ROW 1143 4 3 4 1143 224
ROW 1143 5 109 255 1143 7
ROW 1143 6 14 21 1143 0
ROW 1143 7 7 24 1143 47
ROW 1144 0 15 16 1144 67
ROW 1144 1 9 32 1144 30
ROW 1144 2 31 31 1144 0
ROW 1144 3 5 8 1144 127
ROW 1144 4 3 4 1144 224
ROW 1144 5 115 255 1144 7
ROW 1144 6 21 21 1144 0
ROW 1144 7 15 24 1144 47
ROW 1145 0 16 16 1145 68
ROW 1145 1 11 32 1145 30
ROW 1145 2 1 31 1145 0
ROW 1145 3 0 8 1145 127
ROW 1145 4 3 4 1145 224
ROW 1145 5 121 255 1145 7
ROW 1145 6 3 21 1145 0
ROW 1145 7 23 24 1145 47
ROW 1146 0 0 16 1146 68
ROW 1146 1 13 32 1146 30
ROW 1146 2 4 31 1146 0
ROW 1146 3 4 8 1146 127
ROW 1146 4 3 4 1146 224
ROW 1146 5 127 255 1146 7
ROW 1146 6 10 21 1146 0
ROW 1146 7 6 24 1146 47
ROW 1147 0 1 16 1147 68
ROW 1147 1 15 32 1147 30
ROW 1147 2 7 31 1147 0
ROW 1147 3 8 8 1147 128
ROW 1147 4 3 4 1147 224
ROW 1147 5 133 255 1147 7
ROW 1147 6 17 21 1147 0
ROW 1147 7 14 24 1147 47
ROW 1148 0 3 16 1148 68
ROW 1148 1 18 32 1148 30
ROW 1148 2 11 31 1148 0
ROW 1148 3 4 8 1148 128
ROW 1148 4 4 4 1148 225
ROW 1148 5 140 255 1148 7
ROW 1148 6 0 21 1148 0
ROW 1148 7 23 24 1148 47
ROW 1149 0 4 16 1149 68
ROW 1149 1 20 32 1149 30
ROW 1149 2 14 31 1149 0
ROW 1149 3 8 8 1149 129
ROW 1149 4 4 4 1149 226
ROW 1149 5 146 255 1149 7
ROW 1149 6 7 21 1149 0
ROW 1149 7 6 24 1149 47
ROW 1150 0 5 16 1150 68
ROW 1150 1 22 32 1150 30
ROW 1150 2 17 31 1150 0
ROW 1150 3 3 8 1150 129
ROW 1150 4 4 4 1150 227
ROW 1150 5 152 255 1150 7
ROW 1150 6 14 21 1150 0
ROW 1150 7 14 24 1150 47
ROW 1151 0 6 16 1151 68
ROW 1151 1 24 32 1151 30
ROW 1151 2 20 31 1151 0
ROW 1151 3 7 8 1151 129
ROW 1151 4 4 4 1151 228
ROW 1151 5 158 255 1151 7
ROW 1151 6 21 21 1151 0
ROW 1151 7 22 24 1151 47
ROW 1152 0 7 16 1152 68
ROW 1152 1 26 32 1152 30
ROW 1152 2 23 31 1152 0
ROW 1152 3 2 8 1152 129
ROW 1152 4 4 4 1152 229
ROW 1152 5 164 255 1152 7
ROW 1152 6 3 21 1152 0
ROW 1152 7 5 24 1152 47
ROW 1153 0 8 16 1153 68
ROW 1153 1 28 32 1153 30
ROW 1153 2 26 31 1153 0
ROW 1153 3 6 8 1153 129
ROW 1153 4 4 4 1153 230
ROW 1153 5 170 255 1153 7
ROW 1153 6 10 21 1153 0
ROW 1153 7 13 24 1153 47
ROW 1154 0 9 16 1154 68
ROW 1154 1 30 32 1154 30
ROW 1154 2 29 31 1154 0
ROW 1154 3 1 8 1154 129
ROW 1154 4 4 4 1154 231
ROW 1154 5 176 255 1154 7
ROW 1154 6 17 21 1154 0
ROW 1154 7 21 24 1154 47
ROW 1155 0 11 16 1155 68
ROW 1155 1 0 32 1155 30
ROW 1155 2 0 31 1155 0
ROW 1155 3 6 8 1155 129
ROW 1155 4 0 4 1155 231
ROW 1155 5 183 255 1155 7
ROW 1155 6 0 21 1155 0
ROW 1155 7 5 24 1155 47
ROW 1156 0 12 16 1156 68
ROW 1156 1 2 32 1156 30
ROW 1156 2 3 31 1156 0
ROW 1156 3 1 8 1156 129
ROW 1156 4 0 4 1156 231
ROW 1156 5 189 255 1156 7
ROW 1156 6 7 21 1156 0
ROW 1156 7 13 24 1156 47
ROW 1157 0 13 16 1157 68
ROW 1157 1 4 32 1157 30
ROW 1157 2 6 31 1157 0
ROW 1157 3 5 8 1157 129
ROW 1157 4 0 4 1157 231
ROW 1157 5 195 255 1157 7
ROW 1157 6 14 21 1157 0
ROW 1157 7 21 24 1157 47
ROW 1158 0 14 16 1158 68
ROW 1158 1 6 32 1158 30
ROW 1158 2 9 31 1158 0
ROW 1158 3 0 8 1158 129
ROW 1158 4 0 4 1158 231
ROW 1158 5 201 255 1158 7
ROW 1158 6 21 21 1158 0
ROW 1158 7 4 24 1158 47
ROW 1159 0 15 16 1159 68
ROW 1159 1 8 32 1159 30
ROW 1159 2 12 31 1159 0
ROW 1159 3 4 8 1159 129
ROW 1159 4 0 4 1159 231
ROW 1159 5 207 255 1159 7
ROW 1159 6 3 21 1159 0
ROW 1159 7 12 24 1159 47
ROW 1160 0 16 16 1160 69
ROW 1160 1 10 32 1160 30
ROW 1160 2 15 31 1160 0
ROW 1160 3 8 8 1160 130
ROW 1160 4 0 4 1160 231
ROW 1160 5 213 255 1160 7
ROW 1160 6 10 21 1160 0
ROW 1160 7 20 24 1160 47
ROW 1161 0 0 16 1161 69
ROW 1161 1 12 32 1161 30
ROW 1161 2 18 31 1161 0
ROW 1161 3 3 8 1161 130
ROW 1161 4 0 4 1161 231
ROW 1161 5 219 255 1161 7
ROW 1161 6 17 21 1161 0
ROW 1161 7 3 24 1161 47
ROW 1162 0 2 16 1162 69
ROW 1162 1 15 32 1162 30
ROW 1162 2 22 31 1162 0
ROW 1162 3 8 8 1162 131
ROW 1162 4 1 4 1162 231
ROW 1162 5 226 255 1162 7
ROW 1162 6 0 21 1162 0
ROW 1162 7 12 24 1162 47
ROW 1163 0 3 16 1163 69
ROW 1163 1 17 32 1163 30
ROW 1163 2 25 31 1163 0
ROW 1163 3 3 8 1163 131
ROW 1163 4 1 4 1163 231
ROW 1163 5 232 255 1163 7
ROW 1163 6 7 21 1163 0
ROW 1163 7 20 24 1163 47
ROW 1164 0 4 16 1164 69
ROW 1164 1 19 32 1164 30
ROW 1164 2 28 31 1164 0
ROW 1164 3 7 8 1164 131
ROW 1164 4 1 4 1164 231
ROW 1164 5 238 255 1164 7
ROW 1164 6 14 21 1164 0
ROW 1164 7 3 24 1164 47
ROW 1165 0 5 16 1165 69
ROW 1165 1 21 32 1165 30
ROW 1165 2 31 31 1165 0
ROW 1165 3 2 8 1165 131
ROW 1165 4 1 4 1165 231
ROW 1165 5 244 255 1165 7
ROW 1165 6 21 21 1165 0
ROW 1165 7 11 24 1165 47
ROW 1166 0 6 16 1166 69
ROW 1166 1 23 32 1166 30
ROW 1166 2 1 31 1166 0
ROW 1166 3 6 8 1166 131
ROW 1166 4 1 4 1166 231
ROW 1166 5 250 255 1166 7
ROW 1166 6 3 21 1166 0
ROW 1166 7 19 24 1166 47
ROW 1167 0 7 16 1167 69
ROW 1167 1 25 32 1167 30
ROW 1167 2 4 31 1167 0
ROW 1167 3 1 8 1167 131
ROW 1167 4 1 4 1167 231
ROW 1167 5 0 255 1167 7
ROW 1167 6 10 21 1167 0
ROW 1167 7 2 24 1167 47
ROW 1168 0 8 16 1168 69
ROW 1168 1 27 32 1168 30
ROW 1168 2 7 31 1168 0
ROW 1168 3 5 8 1168 131
ROW 1168 4 1 4 1168 231
ROW 1168 5 6 255 1168 7
ROW 1168 6 17 21 1168 0
ROW 1168 7 10 24 1168 47
ROW 1169 0 10 16 1169 69
ROW 1169 1 30 32 1169 30
ROW 1169 2 11 31 1169 0
ROW 1169 3 1 8 1169 131
ROW 1169 4 2 4 1169 231
ROW 1169 5 13 255 1169 7
ROW 1169 6 0 21 1169 0
ROW 1169 7 19 24 1169 47
ROW 1170 0 11 16 1170 69
ROW 1170 1 32 32 1170 31
ROW 1170 2 14 31 1170 0
ROW 1170 3 5 8 1170 131
ROW 1170 4 2 4 1170 231
ROW 1170 5 19 255 1170 7
ROW 1170 6 7 21 1170 0
ROW 1170 7 2 24 1170 47
ROW 1171 0 12 16 1171 69
ROW 1171 1 1 32 1171 31
ROW 1171 2 17 31 1171 0
ROW 1171 3 0 8 1171 131
ROW 1171 4 2 4 1171 231
ROW 1171 5 25 255 1171 7
ROW 1171 6 14 21 1171 0
ROW 1171 7 10 24 1171 47
ROW 1172 0 13 16 1172 69
ROW 1172 1 3 32 1172 31
ROW 1172 2 20 31 1172 0
ROW 1172 3 4 8 1172 131
ROW 1172 4 2 4 1172 231
ROW 1172 5 31 255 1172 7
ROW 1172 6 21 21 1172 0
ROW 1172 7 18 24 1172 47
ROW 1173 0 14 16 1173 69
ROW 1173 1 5 32 1173 31
ROW 1173 2 23 31 1173 0
ROW 1173 3 8 8 1173 132
ROW 1173 4 2 4 1173 231
ROW 1173 5 37 255 1173 7
ROW 1173 6 3 21 1173 0
ROW 1173 7 1 24 1173 47
ROW 1174 0 15 16 1174 69
ROW 1174 1 7 32 1174 31
ROW 1174 2 26 31 1174 0
ROW 1174 3 3 8 1174 132
ROW 1174 4 2 4 1174 231
ROW 1174 5 43 255 1174 7
ROW 1174 6 10 21 1174 0
ROW 1174 7 9 24 1174 47
ROW 1175 0 16 16 1175 70
ROW 1175 1 9 32 1175 31
ROW 1175 2 29 31 1175 0
ROW 1175 3 7 8 1175 132
ROW 1175 4 2 4 1175 231
ROW 1175 5 49 255 1175 7
ROW 1175 6 17 21 1175 0
ROW 1175 7 17 24 1175 47
ROW 1176 0 1 16 1176 70
ROW 1176 1 12 32 1176 31
ROW 1176 2 0 31 1176 0
ROW 1176 3 3 8 1176 132
ROW 1176 4 3 4 1176 231
ROW 1176 5 56 255 1176 7
ROW 1176 6 0 21 1176 0
ROW 1176 7 1 24 1176 47
ROW 1177 0 2 16 1177 70
ROW 1177 1 14 32 1177 31
ROW 1177 2 3 31 1177 0
ROW 1177 3 7 8 1177 132
ROW 1177 4 3 4 1177 231
ROW 1177 5 62 255 1177 7
ROW 1177 6 7 21 1177 0
ROW 1177 7 9 24 1177 47
ROW 1178 0 3 16 1178 70
ROW 1178 1 16 32 1178 31
ROW 1178 2 6 31 1178 0
ROW 1178 3 2 8 1178 132
ROW 1178 4 3 4 1178 231
ROW 1178 5 68 255 1178 7
ROW 1178 6 14 21 1178 0
ROW 1178 7 17 24 1178 47
ROW 1179 0 4 16 1179 70
ROW 1179 1 18 32 1179 31
ROW 1179 2 9 31 1179 0
ROW 1179 3 6 8 1179 132
ROW 1179 4 3 4 1179 231
ROW 1179 5 74 255 1179 7
ROW 1179 6 21 21 1179 0
ROW 1179 7 0 24 1179 47
ROW 1180 0 5 16 1180 70
ROW 1180 1 20 32 1180 31
ROW 1180 2 12 31 1180 0
ROW 1180 3 1 8 1180 132
ROW 1180 4 3 4 1180 231
ROW 1180 5 80 255 1180 7
ROW 1180 6 3 21 1180 0
ROW 1180 7 8 24 1180 47
ROW 1181 0 6 16 1181 70
ROW 1181 1 22 32 1181 31
ROW 1181 2 15 31 1181 0
ROW 1181 3 5 8 1181 132
ROW 1181 4 3 4 1181 231
ROW 1181 5 86 255 1181 7
ROW 1181 6 10 21 1181 0
ROW 1181 7 16 24 1181 47
ROW 1182 0 7 16 1182 70
ROW 1182 1 24 32 1182 31
ROW 1182 2 18 31 1182 0
ROW 1182 3 0 8 1182 132
ROW 1182 4 3 4 1182 231
ROW 1182 5 92 255 1182 7
ROW 1182 6 17 21 1182 0
ROW 1182 7 24 24 1182 48
ROW 1183 0 9 16 1183 70
ROW 1183 1 27 32 1183 31
ROW 1183 2 22 31 1183 0
ROW 1183 3 5 8 1183 132
ROW 1183 4 4 4 1183 232
ROW 1183 5 99 255 1183 7
ROW 1183 6 0 21 1183 0
ROW 1183 7 8 24 1183 48
ROW 1184 0 10 16 1184 70
ROW 1184 1 29 32 1184 31
ROW 1184 2 25 31 1184 0
ROW 1184 3 0 8 1184 132
ROW 1184 4 4 4 1184 233
ROW 1184 5 105 255 1184 7
ROW 1184 6 7 21 1184 0
ROW 1184 7 16 24 1184 48
ROW 1185 0 11 16 1185 70
ROW 1185 1 31 32 1185 31
ROW 1185 2 28 31 1185 0
ROW 1185 3 4 8 1185 132
ROW 1185 4 4 4 1185 234
ROW 1185 5 111 255 1185 7
ROW 1185 6 14 21 1185 0
ROW 1185 7 24 24 1185 49
ROW 1186 0 12 16 1186 70
ROW 1186 1 0 32 1186 31
ROW 1186 2 31 31 1186 0
ROW 1186 3 8 8 1186 133
ROW 1186 4 4 4 1186 235
ROW 1186 5 117 255 1186 7
ROW 1186 6 21 21 1186 0
ROW 1186 7 7 24 1186 49
ROW 1187 0 13 16 1187 70
ROW 1187 1 2 32 1187 31
ROW 1187 2 1 31 1187 0
ROW 1187 3 3 8 1187 133
ROW 1187 4 4 4 1187 236
ROW 1187 5 123 255 1187 7
ROW 1187 6 3 21 1187 0
ROW 1187 7 15 24 1187 49
ROW 1188 0 14 16 1188 70
ROW 1188 1 4 32 1188 31
ROW 1188 2 4 31 1188 0
ROW 1188 3 7 8 1188 133
ROW 1188 4 4 4 1188 237
ROW 1188 5 129 255 1188 7
ROW 1188 6 10 21 1188 0
ROW 1188 7 23 24 1188 49
ROW 1189 0 15 16 1189 70
ROW 1189 1 6 32 1189 31
ROW 1189 2 7 31 1189 0
ROW 1189 3 2 8 1189 133
ROW 1189 4 4 4 1189 238
ROW 1189 5 135 255 1189 7
ROW 1189 6 17 21 1189 0
ROW 1189 7 6 24 1189 49
ROW 1190 0 0 16 1190 70
ROW 1190 1 9 32 1190 31
ROW 1190 2 11 31 1190 0
ROW 1190 3 7 8 1190 133
ROW 1190 4 0 4 1190 238
ROW 1190 5 142 255 1190 7
ROW 1190 6 0 21 1190 0
ROW 1190 7 15 24 1190 49
ROW 1191 0 1 16 1191 70
ROW 1191 1 11 32 1191 31
ROW 1191 2 14 31 1191 0
ROW 1191 3 2 8 1191 133
ROW 1191 4 0 4 1191 238
ROW 1191 5 148 255 1191 7
ROW 1191 6 7 21 1191 0
ROW 1191 7 23 24 1191 49
ROW 1192 0 2 16 1192 70
ROW 1192 1 13 32 1192 31
ROW 1192 2 17 31 1192 0
ROW 1192 3 6 8 1192 133
ROW 1192 4 0 4 1192 238
ROW 1192 5 154 255 1192 7
ROW 1192 6 14 21 1192 0
ROW 1192 7 6 24 1192 49
ROW 1193 0 3 16 1193 70
ROW 1193 1 15 32 1193 31
ROW 1193 2 20 31 1193 0
ROW 1193 3 1 8 1193 133
ROW 1193 4 0 4 1193 238
ROW 1193 5 160 255 1193 7
ROW 1193 6 21 21 1193 0
ROW 1193 7 14 24 1193 49
ROW 1194 0 4 16 1194 70
ROW 1194 1 17 32 1194 31
ROW 1194 2 23 31 1194 0
ROW 1194 3 5 8 1194 133
ROW 1194 4 0 4 1194 238
ROW 1194 5 166 255 1194 7
ROW 1194 6 3 21 1194 0
ROW 1194 7 22 24 1194 49
ROW 1195 0 5 16 1195 70
ROW 1195 1 19 32 1195 31
ROW 1195 2 26 31 1195 0
ROW 1195 3 0 8 1195 133
ROW 1195 4 0 4 1195 238
ROW 1195 5 172 255 1195 7
ROW 1195 6 10 21 1195 0
ROW 1195 7 5 24 1195 49
ROW 1196 0 6 16 1196 70
ROW 1196 1 21 32 1196 31
ROW 1196 2 29 31 1196 0
ROW 1196 3 4 8 1196 133
ROW 1196 4 0 4 1196 238
ROW 1196 5 178 255 1196 7
ROW 1196 6 17 21 1196 0
ROW 1196 7 13 24 1196 49
ROW 1197 0 8 16 1197 70
ROW 1197 1 24 32 1197 31
ROW 1197 2 0 31 1197 0
ROW 1197 3 0 8 1197 133
ROW 1197 4 1 4 1197 238
ROW 1197 5 185 255 1197 7
ROW 1197 6 0 21 1197 0
ROW 1197 7 22 24 1197 49
ROW 1198 0 9 16 1198 70
ROW 1198 1 26 32 1198 31
ROW 1198 2 3 31 1198 0
ROW 1198 3 4 8 1198 133
ROW 1198 4 1 4 1198 238
ROW 1198 5 191 255 1198 7
ROW 1198 6 7 21 1198 0
ROW 1198 7 5 24 1198 49
ROW 1199 0 10 16 1199 70
ROW 1199 1 28 32 1199 31
ROW 1199 2 6 31 1199 0
ROW 1199 3 8 8 1199 134
ROW 1199 4 1 4 1199 238
ROW 1199 5 197 255 1199 7
ROW 1199 6 14 21 1199 0
ROW 1199 7 13 24 1199 49
ROW 1200 0 11 16 1200 70
ROW 1200 1 30 32 1200 31
ROW 1200 2 9 31 1200 0
ROW 1200 3 3 8 1200 134
ROW 1200 4 1 4 1200 238
ROW 1200 5 203 255 1200 7
ROW 1200 6 21 21 1200 0
ROW 1200 7 21 24 1200 49
ROW 1201 0 12 16 1201 70
ROW 1201 1 32 32 1201 32
ROW 1201 2 12 31 1201 0
ROW 1201 3 7 8 1201 134
ROW 1201 4 1 4 1201 238
ROW 1201 5 209 255 1201 7
ROW 1201 6 3 21 1201 0
ROW 1201 7 4 24 1201 49
ROW 1202 0 13 16 1202 70
ROW 1202 1 1 32 1202 32
ROW 1202 2 15 31 1202 0
ROW 1202 3 2 8 1202 134
ROW 1202 4 1 4 1202 238
ROW 1202 5 215 255 1202 7
ROW 1202 6 10 21 1202 0
ROW 1202 7 12 24 1202 49
ROW 1203 0 14 16 1203 70
ROW 1203 1 3 32 1203 32
ROW 1203 2 18 31 1203 0
ROW 1203 3 6 8 1203 134
ROW 1203 4 1 4 1203 238
ROW 1203 5 221 255 1203 7
ROW 1203 6 17 21 1203 0
ROW 1203 7 20 24 1203 49
ROW 1204 0 16 16 1204 71
ROW 1204 1 6 32 1204 32
ROW 1204 2 22 31 1204 0
ROW 1204 3 2 8 1204 134
ROW 1204 4 2 4 1204 238
ROW 1204 5 228 255 1204 7
ROW 1204 6 0 21 1204 0
ROW 1204 7 4 24 1204 49
ROW 1205 0 0 16 1205 71
ROW 1205 1 8 32 1205 32
ROW 1205 2 25 31 1205 0
ROW 1205 3 6 8 1205 134
ROW 1205 4 2 4 1205 238
ROW 1205 5 234 255 1205 7
ROW 1205 6 7 21 1205 0
ROW 1205 7 12 24 1205 49
ROW 1206 0 1 16 1206 71
ROW 1206 1 10 32 1206 32
ROW 1206 2 28 31 1206 0
ROW 1206 3 1 8 1206 134
ROW 1206 4 2 4 1206 238
ROW 1206 5 240 255 1206 7
ROW 1206 6 14 21 1206 0
ROW 1206 7 20 24 1206 49
ROW 1207 0 2 16 1207 71
ROW 1207 1 12 32 1207 32
ROW 1207 2 31 31 1207 0
ROW 1207 3 5 8 1207 134
ROW 1207 4 2 4 1207 238
ROW 1207 5 246 255 1207 7
ROW 1207 6 21 21 1207 0
ROW 1207 7 3 24 1207 49
ROW 1208 0 3 16 1208 71
ROW 1208 1 14 32 1208 32
ROW 1208 2 1 31 1208 0
ROW 1208 3 0 8 1208 134
ROW 1208 4 2 4 1208 238
ROW 1208 5 252 255 1208 7
ROW 1208 6 3 21 1208 0
ROW 1208 7 11 24 1208 49
ROW 1209 0 4 16 1209 71
ROW 1209 1 16 32 1209 32
ROW 1209 2 4 31 1209 0
ROW 1209 3 4 8 1209 134
ROW 1209 4 2 4 1209 238
ROW 1209 5 2 255 1209 7
ROW 1209 6 10 21 1209 0
ROW 1209 7 19 24 1209 49
ROW 1210 0 5 16 1210 71
ROW 1210 1 18 32 1210 32
ROW 1210 2 7 31 1210 0
ROW 1210 3 8 8 1210 135
ROW 1210 4 2 4 1210 238
ROW 1210 5 8 255 1210 7
ROW 1210 6 17 21 1210 0
ROW 1210 7 2 24 1210 49
ROW 1211 0 7 16 1211 71
ROW 1211 1 21 32 1211 32
ROW 1211 2 11 31 1211 0
ROW 1211 3 4 8 1211 135
ROW 1211 4 3 4 1211 238
ROW 1211 5 15 255 1211 7
ROW 1211 6 0 21 1211 0
ROW 1211 7 11 24 1211 49
ROW 1212 0 8 16 1212 71
ROW 1212 1 23 32 1212 32
ROW 1212 2 14 31 1212 0
ROW 1212 3 8 8 1212 136
ROW 1212 4 3 4 1212 238
ROW 1212 5 21 255 1212 7
ROW 1212 6 7 21 1212 0
ROW 1212 7 19 24 1212 49
ROW 1213 0 9 16 1213 71
ROW 1213 1 25 32 1213 32
ROW 1213 2 17 31 1213 0
ROW 1213 3 3 8 1213 136
ROW 1213 4 3 4 1213 238
ROW 1213 5 27 255 1213 7
ROW 1213 6 14 21 1213 0
ROW 1213 7 2 24 1213 49
ROW 1214 0 10 16 1214 71
ROW 1214 1 27 32 1214 32
ROW 1214 2 20 31 1214 0
ROW 1214 3 7 8 1214 136
ROW 1214 4 3 4 1214 238
ROW 1214 5 33 255 1214 7
ROW 1214 6 21 21 1214 0
ROW 1214 7 10 24 1214 49
ROW 1215 0 11 16 1215 71
ROW 1215 1 29 32 1215 32
ROW 1215 2 23 31 1215 0
ROW 1215 3 2 8 1215 136
ROW 1215 4 3 4 1215 238
ROW 1215 5 39 255 1215 7
ROW 1215 6 3 21 1215 0
ROW 1215 7 18 24 1215 49
ROW 1216 0 12 16 1216 71
ROW 1216 1 31 32 1216 32
ROW 1216 2 26 31 1216 0
ROW 1216 3 6 8 1216 136
ROW 1216 4 3 4 1216 238
ROW 1216 5 45 255 1216 7
ROW 1216 6 10 21 1216 0
ROW 1216 7 1 24 1216 49
ROW 1217 0 13 16 1217 71
ROW 1217 1 0 32 1217 32
ROW 1217 2 29 31 1217 0
ROW 1217 3 1 8 1217 136
ROW 1217 4 3 4 1217 238
ROW 1217 5 51 255 1217 7
ROW 1217 6 17 21 1217 0
ROW 1217 7 9 24 1217 49
ROW 1218 0 15 16 1218 71
ROW 1218 1 3 32 1218 32
ROW 1218 2 0 31 1218 0
ROW 1218 3 6 8 1218 136
ROW 1218 4 4 4 1218 239
ROW 1218 5 58 255 1218 7
ROW 1218 6 0 21 1218 0
ROW 1218 7 18 24 1218 49
ROW 1219 0 16 16 1219 72
ROW 1219 1 5 32 1219 32
ROW 1219 2 3 31 1219 0
ROW 1219 3 1 8 1219 136
ROW 1219 4 4 4 1219 240
ROW 1219 5 64 255 1219 7
ROW 1219 6 7 21 1219 0
ROW 1219 7 1 24 1219 49
ROW 1220 0 0 16 1220 72
ROW 1220 1 7 32 1220 32
ROW 1220 2 6 31 1220 0
ROW 1220 3 5 8 1220 136
ROW 1220 4 4 4 1220 241
ROW 1220 5 70 255 1220 7
ROW 1220 6 14 21 1220 0
ROW 1220 7 9 24 1220 49
ROW 1221 0 1 16 1221 72
ROW 1221 1 9 32 1221 32
ROW 1221 2 9 31 1221 0
ROW 1221 3 0 8 1221 136
ROW 1221 4 4 4 1221 242
ROW 1221 5 76 255 1221 7
ROW 1221 6 21 21 1221 0
ROW 1221 7 17 24 1221 49
ROW 1222 0 2 16 1222 72
ROW 1222 1 11 32 1222 32
ROW 1222 2 12 31 1222 0
ROW 1222 3 4 8 1222 136
ROW 1222 4 4 4 1222 243
ROW 1222 5 82 255 1222 7
ROW 1222 6 3 21 1222 0
ROW 1222 7 0 24 1222 49
ROW 1223 0 3 16 1223 72
ROW 1223 1 13 32 1223 32
ROW 1223 2 15 31 1223 0
ROW 1223 3 8 8 1223 137
ROW 1223 4 4 4 1223 244
ROW 1223 5 88 255 1223 7
ROW 1223 6 10 21 1223 0
ROW 1223 7 8 24 1223 49
ROW 1224 0 4 16 1224 72
ROW 1224 1 15 32 1224 32
ROW 1224 2 18 31 1224 0
ROW 1224 3 3 8 1224 137
ROW 1224 4 4 4 1224 245
ROW 1224 5 94 255 1224 7
ROW 1224 6 17 21 1224 0
ROW 1224 7 16 24 1224 49
ROW 1225 0 6 16 1225 72
ROW 1225 1 18 32 1225 32
ROW 1225 2 22 31 1225 0
ROW 1225 3 8 8 1225 138
ROW 1225 4 0 4 1225 245
ROW 1225 5 101 255 1225 7
ROW 1225 6 0 21 1225 0
ROW 1225 7 0 24 1225 49
ROW 1226 0 7 16 1226 72
ROW 1226 1 20 32 1226 32
ROW 1226 2 25 31 1226 0
ROW 1226 3 3 8 1226 138
ROW 1226 4 0 4 1226 245
ROW 1226 5 107 255 1226 7
ROW 1226 6 7 21 1226 0
ROW 1226 7 8 24 1226 49
ROW 1227 0 8 16 1227 72
ROW 1227 1 22 32 1227 32
ROW 1227 2 28 31 1227 0
ROW 1227 3 7 8 1227 138
ROW 1227 4 0 4 1227 245
ROW 1227 5 113 255 1227 7
ROW 1227 6 14 21 1227 0
ROW 1227 7 16 24 1227 49
ROW 1228 0 9 16 1228 72
ROW 1228 1 24 32 1228 32
ROW 1228 2 31 31 1228 0
ROW 1228 3 2 8 1228 138
ROW 1228 4 0 4 1228 245
ROW 1228 5 119 255 1228 7
ROW 1228 6 21 21 1228 0
ROW 1228 7 24 24 1228 50
ROW 1229 0 10 16 1229 72
ROW 1229 1 26 32 1229 32
ROW 1229 2 1 31 1229 0
ROW 1229 3 6 8 1229 138
ROW 1229 4 0 4 1229 245
ROW 1229 5 125 255 1229 7
ROW 1229 6 3 21 1229 0
ROW 1229 7 7 24 1229 50
ROW 1230 0 11 16 1230 72
ROW 1230 1 28 32 1230 32
ROW 1230 2 4 31 1230 0
ROW 1230 3 1 8 1230 138
ROW 1230 4 0 4 1230 245
ROW 1230 5 131 255 1230 7
ROW 1230 6 10 21 1230 0
ROW 1230 7 15 24 1230 50
ROW 1231 0 12 16 1231 72
ROW 1231 1 30 32 1231 32
ROW 1231 2 7 31 1231 0
ROW 1231 3 5 8 1231 138
ROW 1231 4 0 4 1231 245
ROW 1231 5 137 255 1231 7
ROW 1231 6 17 21 1231 0
ROW 1231 7 23 24 1231 50
ROW 1232 0 14 16 1232 72
ROW 1232 1 0 32 1232 32
ROW 1232 2 11 31 1232 0
ROW 1232 3 1 8 1232 138
ROW 1232 4 1 4 1232 245
ROW 1232 5 144 255 1232 7
ROW 1232 6 0 21 1232 0
ROW 1232 7 7 24 1232 50
ROW 1233 0 15 16 1233 72
ROW 1233 1 2 32 1233 32
ROW 1233 2 14 31 1233 0
ROW 1233 3 5 8 1233 138
ROW 1233 4 1 4 1233 245
ROW 1233 5 150 255 1233 7
ROW 1233 6 7 21 1233 0
ROW 1233 7 15 24 1233 50
ROW 1234 0 16 16 1234 73
ROW 1234 1 4 32 1234 32
ROW 1234 2 17 31 1234 0
ROW 1234 3 0 8 1234 138
ROW 1234 4 1 4 1234 245
ROW 1234 5 156 255 1234 7
ROW 1234 6 14 21 1234 0
ROW 1234 7 23 24 1234 50
ROW 1235 0 0 16 1235 73
ROW 1235 1 6 32 1235 32
ROW 1235 2 20 31 1235 0
ROW 1235 3 4 8 1235 138
ROW 1235 4 1 4 1235 245
ROW 1235 5 162 255 1235 7
ROW 1235 6 21 21 1235 0
ROW 1235 7 6 24 1235 50
ROW 1236 0 1 16 1236 73
ROW 1236 1 8 32 1236 32
ROW 1236 2 23 31 1236 0
ROW 1236 3 8 8 1236 139
ROW 1236 4 1 4 1236 245
ROW 1236 5 168 255 1236 7
ROW 1236 6 3 21 1236 0
ROW 1236 7 14 24 1236 50
ROW 1237 0 2 16 1237 73
ROW 1237 1 10 32 1237 32
ROW 1237 2 26 31 1237 0
ROW 1237 3 3 8 1237 139
ROW 1237 4 1 4 1237 245
ROW 1237 5 174 255 1237 7
ROW 1237 6 10 21 1237 0
ROW 1237 7 22 24 1237 50
ROW 1238 0 3 16 1238 73
ROW 1238 1 12 32 1238 32
ROW 1238 2 29 31 1238 0
ROW 1238 3 7 8 1238 139
ROW 1238 4 1 4 1238 245
ROW 1238 5 180 255 1238 7
ROW 1238 6 17 21 1238 0
ROW 1238 7 5 24 1238 50
ROW 1239 0 5 16 1239 73
ROW 1239 1 15 32 1239 32
ROW 1239 2 0 31 1239 0
ROW 1239 3 3 8 1239 139
ROW 1239 4 2 4 1239 245
ROW 1239 5 187 255 1239 7
ROW 1239 6 0 21 1239 0
ROW 1239 7 14 24 1239 50
ROW 1240 0 6 16 1240 73
ROW 1240 1 17 32 1240 32
ROW 1240 2 3 31 1240 0
ROW 1240 3 7 8 1240 139
ROW 1240 4 2 4 1240 245
ROW 1240 5 193 255 1240 7
ROW 1240 6 7 21 1240 0
ROW 1240 7 22 24 1240 50
ROW 1241 0 7 16 1241 73
ROW 1241 1 19 32 1241 32
ROW 1241 2 6 31 1241 0
ROW 1241 3 2 8 1241 139
ROW 1241 4 2 4 1241 245
ROW 1241 5 199 255 1241 7
ROW 1241 6 14 21 1241 0
ROW 1241 7 5 24 1241 50
ROW 1242 0 8 16 1242 73
ROW 1242 1 21 32 1242 32
ROW 1242 2 9 31 1242 0
ROW 1242 3 6 8 1242 139
ROW 1242 4 2 4 1242 245
ROW 1242 5 205 255 1242 7
ROW 1242 6 21 21 1242 0
ROW 1242 7 13 24 1242 50
ROW 1243 0 9 16 1243 73
ROW 1243 1 23 32 1243 32
ROW 1243 2 12 31 1243 0
ROW 1243 3 1 8 1243 139
ROW 1243 4 2 4 1243 245
ROW 1243 5 211 255 1243 7
ROW 1243 6 3 21 1243 0
ROW 1243 7 21 24 1243 50
ROW 1244 0 10 16 1244 73
ROW 1244 1 25 32 1244 32
ROW 1244 2 15 31 1244 0
ROW 1244 3 5 8 1244 139
ROW 1244 4 2 4 1244 245
ROW 1244 5 217 255 1244 7
ROW 1244 6 10 21 1244 0
ROW 1244 7 4 24 1244 50
ROW 1245 0 11 16 1245 73
ROW 1245 1 27 32 1245 32
ROW 1245 2 18 31 1245 0
ROW 1245 3 0 8 1245 139
ROW 1245 4 2 4 1245 245
ROW 1245 5 223 255 1245 7
ROW 1245 6 17 21 1245 0
ROW 1245 7 12 24 1245 50
ROW 1246 0 13 16 1246 73
ROW 1246 1 30 32 1246 32
ROW 1246 2 22 31 1246 0
ROW 1246 3 5 8 1246 139
ROW 1246 4 3 4 1246 245
ROW 1246 5 230 255 1246 7
ROW 1246 6 0 21 1246 0
ROW 1246 7 21 24 1246 50
ROW 1247 0 14 16 1247 73
ROW 1247 1 32 32 1247 33
ROW 1247 2 25 31 1247 0
ROW 1247 3 0 8 1247 139
ROW 1247 4 3 4 1247 245
ROW 1247 5 236 255 1247 7
ROW 1247 6 7 21 1247 0
ROW 1247 7 4 24 1247 50
ROW 1248 0 15 16 1248 73
ROW 1248 1 1 32 1248 33
ROW 1248 2 28 31 1248 0
ROW 1248 3 4 8 1248 139
ROW 1248 4 3 4 1248 245
ROW 1248 5 242 255 1248 7
ROW 1248 6 14 21 1248 0
ROW 1248 7 12 24 1248 50
ROW 1249 0 16 16 1249 74
ROW 1249 1 3 32 1249 33
ROW 1249 2 31 31 1249 0
ROW 1249 3 8 8 1249 140
ROW 1249 4 3 4 1249 245
ROW 1249 5 248 255 1249 7
ROW 1249 6 21 21 1249 0
ROW 1249 7 20 24 1249 50
ROW 1250 0 0 16 1250 74
ROW 1250 1 5 32 1250 33
ROW 1250 2 1 31 1250 0
ROW 1250 3 3 8 1250 140
ROW 1250 4 3 4 1250 245
ROW 1250 5 254 255 1250 7
ROW 1250 6 3 21 1250 0
ROW 1250 7 3 24 1250 50
ROW 1251 0 1 16 1251 74
ROW 1251 1 7 32 1251 33
ROW 1251 2 4 31 1251 0
ROW 1251 3 7 8 1251 140
ROW 1251 4 3 4 1251 245
ROW 1251 5 4 255 1251 7
ROW 1251 6 10 21 1251 0
ROW 1251 7 11 24 1251 50
ROW 1252 0 2 16 1252 74
ROW 1252 1 9 32 1252 33
ROW 1252 2 7 31 1252 0
ROW 1252 3 2 8 1252 140
ROW 1252 4 3 4 1252 245
ROW 1252 5 10 255 1252 7
ROW 1252 6 17 21 1252 0
ROW 1252 7 19 24 1252 50
ROW 1253 0 4 16 1253 74
ROW 1253 1 12 32 1253 33
ROW 1253 2 11 31 1253 0
ROW 1253 3 7 8 1253 140
ROW 1253 4 4 4 1253 246
ROW 1253 5 17 255 1253 7
ROW 1253 6 0 21 1253 0
ROW 1253 7 3 24 1253 50
ROW 1254 0 5 16 1254 74
ROW 1254 1 14 32 1254 33
ROW 1254 2 14 31 1254 0
ROW 1254 3 2 8 1254 140
ROW 1254 4 4 4 1254 247
ROW 1254 5 23 255 1254 7
ROW 1254 6 7 21 1254 0
ROW 1254 7 11 24 1254 50
ROW 1255 0 6 16 1255 74
ROW 1255 1 16 32 1255 33
ROW 1255 2 17 31 1255 0
ROW 1255 3 6 8 1255 140
ROW 1255 4 4 4 1255 248
ROW 1255 5 29 255 1255 7
ROW 1255 6 14 21 1255 0
ROW 1255 7 19 24 1255 50
ROW 1256 0 7 16 1256 74
ROW 1256 1 18 32 1256 33
ROW 1256 2 20 31 1256 0
ROW 1256 3 1 8 1256 140
ROW 1256 4 4 4 1256 249
ROW 1256 5 35 255 1256 7
ROW 1256 6 21 21 1256 0
ROW 1256 7 2 24 1256 50
ROW 1257 0 8 16 1257 74
ROW 1257 1 20 32 1257 33
ROW 1257 2 23 31 1257 0
ROW 1257 3 5 8 1257 140
ROW 1257 4 4 4 1257 250
ROW 1257 5 41 255 1257 7
ROW 1257 6 3 21 1257 0
ROW 1257 7 10 24 1257 50
ROW 1258 0 9 16 1258 74
ROW 1258 1 22 32 1258 33
ROW 1258 2 26 31 1258 0
ROW 1258 3 0 8 1258 140
ROW 1258 4 4 4 1258 251
ROW 1258 5 47 255 1258 7
ROW 1258 6 10 21 1258 0
ROW 1258 7 18 24 1258 50
ROW 1259 0 10 16 1259 74
ROW 1259 1 24 32 1259 33
ROW 1259 2 29 31 1259 0
ROW 1259 3 4 8 1259 140
ROW 1259 4 4 4 1259 252
ROW 1259 5 53 255 1259 7
ROW 1259 6 17 21 1259 0
ROW 1259 7 1 24 1259 50
ROW 1260 0 12 16 1260 74
ROW 1260 1 27 32 1260 33
ROW 1260 2 0 31 1260 0
ROW 1260 3 0 8 1260 140
ROW 1260 4 0 4 1260 252
ROW 1260 5 60 255 1260 7
ROW 1260 6 0 21 1260 0
ROW 1260 7 10 24 1260 50
ROW 1261 0 13 16 1261 74
ROW 1261 1 29 32 1261 33
ROW 1261 2 3 31 1261 0
ROW 1261 3 4 8 1261 140
ROW 1261 4 0 4 1261 252
ROW 1261 5 66 255 1261 7
ROW 1261 6 7 21 1261 0
ROW 1261 7 18 24 1261 50
ROW 1262 0 14 16 1262 74
ROW 1262 1 31 32 1262 33
ROW 1262 2 6 31 1262 0
ROW 1262 3 8 8 1262 141
ROW 1262 4 0 4 1262 252
ROW 1262 5 72 255 1262 7
ROW 1262 6 14 21 1262 0
ROW 1262 7 1 24 1262 50
ROW 1263 0 15 16 1263 74
ROW 1263 1 0 32 1263 33
ROW 1263 2 9 31 1263 0
ROW 1263 3 3 8 1263 141
ROW 1263 4 0 4 1263 252
ROW 1263 5 78 255 1263 7
ROW 1263 6 21 21 1263 0
ROW 1263 7 9 24 1263 50
ROW 1264 0 16 16 1264 75
ROW 1264 1 2 32 1264 33
ROW 1264 2 12 31 1264 0
ROW 1264 3 7 8 1264 141
ROW 1264 4 0 4 1264 252
ROW 1264 5 84 255 1264 7
ROW 1264 6 3 21 1264 0
ROW 1264 7 17 24 1264 50
ROW 1265 0 0 16 1265 75
ROW 1265 1 4 32 1265 33
ROW 1265 2 15 31 1265 0
ROW 1265 3 2 8 1265 141
ROW 1265 4 0 4 1265 252
ROW 1265 5 90 255 1265 7
ROW 1265 6 10 21 1265 0
ROW 1265 7 0 24 1265 50
ROW 1266 0 1 16 1266 75
ROW 1266 1 6 32 1266 33
ROW 1266 2 18 31 1266 0
ROW 1266 3 6 8 1266 141
ROW 1266 4 0 4 1266 252
ROW 1266 5 96 255 1266 7
ROW 1266 6 17 21 1266 0
ROW 1266 7 8 24 1266 50
ROW 1267 0 3 16 1267 75
ROW 1267 1 9 32 1267 33
ROW 1267 2 22 31 1267 0
ROW 1267 3 2 8 1267 141
ROW 1267 4 1 4 1267 252
ROW 1267 5 103 255 1267 7
ROW 1267 6 0 21 1267 0
ROW 1267 7 17 24 1267 50
ROW 1268 0 4 16 1268 75
ROW 1268 1 11 32 1268 33
ROW 1268 2 25 31 1268 0
ROW 1268 3 6 8 1268 141
ROW 1268 4 1 4 1268 252
ROW 1268 5 109 255 1268 7
ROW 1268 6 7 21 1268 0
ROW 1268 7 0 24 1268 50
ROW 1269 0 5 16 1269 75
ROW 1269 1 13 32 1269 33
ROW 1269 2 28 31 1269 0
ROW 1269 3 1 8 1269 141
ROW 1269 4 1 4 1269 252
ROW 1269 5 115 255 1269 7
ROW 1269 6 14 21 1269 0
ROW 1269 7 8 24 1269 50
ROW 1270 0 6 16 1270 75
ROW 1270 1 15 32 1270 33
ROW 1270 2 31 31 1270 0
ROW 1270 3 5 8 1270 141
ROW 1270 4 1 4 1270 252
ROW 1270 5 121 255 1270 7
ROW 1270 6 21 21 1270 0
ROW 1270 7 16 24 1270 50
ROW 1271 0 7 16 1271 75
ROW 1271 1 17 32 1271 33
ROW 1271 2 1 31 1271 0
ROW 1271 3 0 8 1271 141
ROW 1271 4 1 4 1271 252
ROW 1271 5 127 255 1271 7
ROW 1271 6 3 21 1271 0
ROW 1271 7 24 24 1271 51
ROW 1272 0 8 16 1272 75
ROW 1272 1 19 32 1272 33
ROW 1272 2 4 31 1272 0
ROW 1272 3 4 8 1272 141
ROW 1272 4 1 4 1272 252
ROW 1272 5 133 255 1272 7
ROW 1272 6 10 21 1272 0
ROW 1272 7 7 24 1272 51
ROW 1273 0 9 16 1273 75
ROW 1273 1 21 32 1273 33
ROW 1273 2 7 31 1273 0
ROW 1273 3 8 8 1273 142
ROW 1273 4 1 4 1273 252
ROW 1273 5 139 255 1273 7
ROW 1273 6 17 21 1273 0
ROW 1273 7 15 24 1273 51
ROW 1274 0 11 16 1274 75
ROW 1274 1 24 32 1274 33
ROW 1274 2 11 31 1274 0
ROW 1274 3 4 8 1274 142
ROW 1274 4 2 4 1274 252
ROW 1274 5 146 255 1274 7
ROW 1274 6 0 21 1274 0
ROW 1274 7 24 24 1274 52
ROW 1275 0 12 16 1275 75
ROW 1275 1 26 32 1275 33
ROW 1275 2 14 31 1275 0
ROW 1275 3 8 8 1275 143
ROW 1275 4 2 4 1275 252
ROW 1275 5 152 255 1275 7
ROW 1275 6 7 21 1275 0
ROW 1275 7 7 24 1275 52
ROW 1276 0 13 16 1276 75
ROW 1276 1 28 32 1276 33
ROW 1276 2 17 31 1276 0
ROW 1276 3 3 8 1276 143
ROW 1276 4 2 4 1276 252
ROW 1276 5 158 255 1276 7
ROW 1276 6 14 21 1276 0
ROW 1276 7 15 24 1276 52
ROW 1277 0 14 16 1277 75
ROW 1277 1 30 32 1277 33
ROW 1277 2 20 31 1277 0
ROW 1277 3 7 8 1277 143
ROW 1277 4 2 4 1277 252
ROW 1277 5 164 255 1277 7
ROW 1277 6 21 21 1277 0
ROW 1277 7 23 24 1277 52
ROW 1278 0 15 16 1278 75
ROW 1278 1 32 32 1278 34
ROW 1278 2 23 31 1278 0
ROW 1278 3 2 8 1278 143
ROW 1278 4 2 4 1278 252
ROW 1278 5 170 255 1278 7
ROW 1278 6 3 21 1278 0
ROW 1278 7 6 24 1278 52
ROW 1279 0 16 16 1279 76
ROW 1279 1 1 32 1279 34
ROW 1279 2 26 31 1279 0
ROW 1279 3 6 8 1279 143
ROW 1279 4 2 4 1279 252
ROW 1279 5 176 255 1279 7
ROW 1279 6 10 21 1279 0
ROW 1279 7 14 24 1279 52
ROW 1280 0 0 16 1280 76
ROW 1280 1 3 32 1280 34
ROW 1280 2 29 31 1280 0
ROW 1280 3 1 8 1280 143
ROW 1280 4 2 4 1280 252
ROW 1280 5 182 255 1280 7
ROW 1280 6 17 21 1280 0
ROW 1280 7 22 24 1280 52
ROW 1281 0 2 16 1281 76
ROW 1281 1 6 32 1281 34
ROW 1281 2 0 31 1281 0
ROW 1281 3 6 8 1281 143
ROW 1281 4 3 4 1281 252
ROW 1281 5 189 255 1281 7
ROW 1281 6 0 21 1281 0
ROW 1281 7 6 24 1281 52
ROW 1282 0 3 16 1282 76
ROW 1282 1 8 32 1282 34
ROW 1282 2 3 31 1282 0
ROW 1282 3 1 8 1282 143
ROW 1282 4 3 4 1282 252
ROW 1282 5 195 255 1282 7
ROW 1282 6 7 21 1282 0
ROW 1282 7 14 24 1282 52
ROW 1283 0 4 16 1283 76
ROW 1283 1 10 32 1283 34
ROW 1283 2 6 31 1283 0
ROW 1283 3 5 8 1283 143
ROW 1283 4 3 4 1283 252
ROW 1283 5 201 255 1283 7
ROW 1283 6 14 21 1283 0
ROW 1283 7 22 24 1283 52
ROW 1284 0 5 16 1284 76
ROW 1284 1 12 32 1284 34
ROW 1284 2 9 31 1284 0
ROW 1284 3 0 8 1284 143
ROW 1284 4 3 4 1284 252
ROW 1284 5 207 255 1284 7
ROW 1284 6 21 21 1284 0
ROW 1284 7 5 24 1284 52
ROW 1285 0 6 16 1285 76
ROW 1285 1 14 32 1285 34
ROW 1285 2 12 31 1285 0
ROW 1285 3 4 8 1285 143
ROW 1285 4 3 4 1285 252
ROW 1285 5 213 255 1285 7
ROW 1285 6 3 21 1285 0
ROW 1285 7 13 24 1285 52
ROW 1286 0 7 16 1286 76
ROW 1286 1 16 32 1286 34
ROW 1286 2 15 31 1286 0
ROW 1286 3 8 8 1286 144
ROW 1286 4 3 4 1286 252
ROW 1286 5 219 255 1286 7
ROW 1286 6 10 21 1286 0
ROW 1286 7 21 24 1286 52
ROW 1287 0 8 16 1287 76
ROW 1287 1 18 32 1287 34
ROW 1287 2 18 31 1287 0
ROW 1287 3 3 8 1287 144
ROW 1287 4 3 4 1287 252
ROW 1287 5 225 255 1287 7
ROW 1287 6 17 21 1287 0
ROW 1287 7 4 24 1287 52
ROW 1288 0 10 16 1288 76
ROW 1288 1 21 32 1288 34
ROW 1288 2 22 31 1288 0
ROW 1288 3 8 8 1288 145
ROW 1288 4 4 4 1288 253
ROW 1288 5 232 255 1288 7
ROW 1288 6 0 21 1288 0
ROW 1288 7 13 24 1288 52
ROW 1289 0 11 16 1289 76
ROW 1289 1 23 32 1289 34
ROW 1289 2 25 31 1289 0
ROW 1289 3 3 8 1289 145
ROW 1289 4 4 4 1289 254
ROW 1289 5 238 255 1289 7
ROW 1289 6 7 21 1289 0
ROW 1289 7 21 24 1289 52
ROW 1290 0 12 16 1290 76
ROW 1290 1 25 32 1290 34
ROW 1290 2 28 31 1290 0
ROW 1290 3 7 8 1290 145
ROW 1290 4 4 4 1290 255
ROW 1290 5 244 255 1290 7
ROW 1290 6 14 21 1290 0
ROW 1290 7 4 24 1290 52
ROW 1291 0 13 16 1291 76
ROW 1291 1 27 32 1291 34
ROW 1291 2 31 31 1291 0
ROW 1291 3 2 8 1291 145
ROW 1291 4 4 4 1291 256
ROW 1291 5 250 255 1291 7
ROW 1291 6 21 21 1291 0
ROW 1291 7 12 24 1291 52
ROW 1292 0 14 16 1292 76
ROW 1292 1 29 32 1292 34
ROW 1292 2 1 31 1292 0
ROW 1292 3 6 8 1292 145
ROW 1292 4 4 4 1292 257
ROW 1292 5 0 255 1292 7
ROW 1292 6 3 21 1292 0
ROW 1292 7 20 24 1292 52
ROW 1293 0 15 16 1293 76
ROW 1293 1 31 32 1293 34
ROW 1293 2 4 31 1293 0
ROW 1293 3 1 8 1293 145
ROW 1293 4 4 4 1293 258
ROW 1293 5 6 255 1293 7
ROW 1293 6 10 21 1293 0
ROW 1293 7 3 24 1293 52
ROW 1294 0 16 16 1294 77
ROW 1294 1 0 32 1294 34
ROW 1294 2 7 31 1294 0
ROW 1294 3 5 8 1294 145
ROW 1294 4 4 4 1294 259
ROW 1294 5 12 255 1294 7
ROW 1294 6 17 21 1294 0
ROW 1294 7 11 24 1294 52
ROW 1295 0 1 16 1295 77
ROW 1295 1 3 32 1295 34
ROW 1295 2 11 31 1295 0
ROW 1295 3 1 8 1295 145
ROW 1295 4 0 4 1295 259
ROW 1295 5 19 255 1295 7
ROW 1295 6 0 21 1295 0
ROW 1295 7 20 24 1295 52
ROW 1296 0 2 16 1296 77
ROW 1296 1 5 32 1296 34
ROW 1296 2 14 31 1296 0
ROW 1296 3 5 8 1296 145
ROW 1296 4 0 4 1296 259
ROW 1296 5 25 255 1296 7
ROW 1296 6 7 21 1296 0
ROW 1296 7 3 24 1296 52
ROW 1297 0 3 16 1297 77
ROW 1297 1 7 32 1297 34
ROW 1297 2 17 31 1297 0
ROW 1297 3 0 8 1297 145
ROW 1297 4 0 4 1297 259
ROW 1297 5 31 255 1297 7
ROW 1297 6 14 21 1297 0
ROW 1297 7 11 24 1297 52
ROW 1298 0 4 16 1298 77
ROW 1298 1 9 32 1298 34
ROW 1298 2 20 31 1298 0
ROW 1298 3 4 8 1298 145
ROW 1298 4 0 4 1298 259
ROW 1298 5 37 255 1298 7
ROW 1298 6 21 21 1298 0
ROW 1298 7 19 24 1298 52
ROW 1299 0 5 16 1299 77
ROW 1299 1 11 32 1299 34
ROW 1299 2 23 31 1299 0
ROW 1299 3 8 8 1299 146
ROW 1299 4 0 4 1299 259
ROW 1299 5 43 255 1299 7
ROW 1299 6 3 21 1299 0
ROW 1299 7 2 24 1299 52
ROW 1300 0 6 16 1300 77
ROW 1300 1 13 32 1300 34
ROW 1300 2 26 31 1300 0
ROW 1300 3 3 8 1300 146
ROW 1300 4 0 4 1300 259
ROW 1300 5 49 255 1300 7
ROW 1300 6 10 21 1300 0
ROW 1300 7 10 24 1300 52
ROW 1301 0 7 16 1301 77
ROW 1301 1 15 32 1301 34
ROW 1301 2 29 31 1301 0
ROW 1301 3 7 8 1301 146
ROW 1301 4 0 4 1301 259
ROW 1301 5 55 255 1301 7
ROW 1301 6 17 21 1301 0
ROW 1301 7 18 24 1301 52
ROW 1302 0 9 16 1302 77
ROW 1302 1 18 32 1302 34
ROW 1302 2 0 31 1302 0
ROW 1302 3 3 8 1302 146
ROW 1302 4 1 4 1302 259
ROW 1302 5 62 255 1302 7
ROW 1302 6 0 21 1302 0
ROW 1302 7 2 24 1302 52
ROW 1303 0 10 16 1303 77
ROW 1303 1 20 32 1303 34
ROW 1303 2 3 31 1303 0
ROW 1303 3 7 8 1303 146
ROW 1303 4 1 4 1303 259
ROW 1303 5 68 255 1303 7
ROW 1303 6 7 21 1303 0
ROW 1303 7 10 24 1303 52
ROW 1304 0 11 16 1304 77
ROW 1304 1 22 32 1304 34
ROW 1304 2 6 31 1304 0
ROW 1304 3 2 8 1304 146
ROW 1304 4 1 4 1304 259
ROW 1304 5 74 255 1304 7
ROW 1304 6 14 21 1304 0
ROW 1304 7 18 24 1304 52
ROW 1305 0 12 16 1305 77
ROW 1305 1 24 32 1305 34
ROW 1305 2 9 31 1305 0
ROW 1305 3 6 8 1305 146
ROW 1305 4 1 4 1305 259
ROW 1305 5 80 255 1305 7
ROW 1305 6 21 21 1305 0
ROW 1305 7 1 24 1305 52
ROW 1306 0 13 16 1306 77
ROW 1306 1 26 32 1306 34
ROW 1306 2 12 31 1306 0
ROW 1306 3 1 8 1306 146
ROW 1306 4 1 4 1306 259
ROW 1306 5 86 255 1306 7
ROW 1306 6 3 21 1306 0
ROW 1306 7 9 24 1306 52
ROW 1307 0 14 16 1307 77
ROW 1307 1 28 32 1307 34
ROW 1307 2 15 31 1307 0
ROW 1307 3 5 8 1307 146
ROW 1307 4 1 4 1307 259
ROW 1307 5 92 255 1307 7
ROW 1307 6 10 21 1307 0
ROW 1307 7 17 24 1307 52
ROW 1308 0 15 16 1308 77
ROW 1308 1 30 32 1308 34
ROW 1308 2 18 31 1308 0
ROW 1308 3 0 8 1308 146
ROW 1308 4 1 4 1308 259
ROW 1308 5 98 255 1308 7
ROW 1308 6 17 21 1308 0
ROW 1308 7 0 24 1308 52
ROW 1309 0 0 16 1309 77
ROW 1309 1 0 32 1309 34
ROW 1309 2 22 31 1309 0
ROW 1309 3 5 8 1309 146
ROW 1309 4 2 4 1309 259
ROW 1309 5 105 255 1309 7
ROW 1309 6 0 21 1309 0
ROW 1309 7 9 24 1309 52
ROW 1310 0 1 16 1310 77
ROW 1310 1 2 32 1310 34
ROW 1310 2 25 31 1310 0
ROW 1310 3 0 8 1310 146
ROW 1310 4 2 4 1310 259
ROW 1310 5 111 255 1310 7
ROW 1310 6 7 21 1310 0
ROW 1310 7 17 24 1310 52
ROW 1311 0 2 16 1311 77
ROW 1311 1 4 32 1311 34
ROW 1311 2 28 31 1311 0
ROW 1311 3 4 8 1311 146
ROW 1311 4 2 4 1311 259
ROW 1311 5 117 255 1311 7
ROW 1311 6 14 21 1311 0
ROW 1311 7 0 24 1311 52
ROW 1312 0 3 16 1312 77
ROW 1312 1 6 32 1312 34
ROW 1312 2 31 31 1312 0
ROW 1312 3 8 8 1312 147
ROW 1312 4 2 4 1312 259
ROW 1312 5 123 255 1312 7
ROW 1312 6 21 21 1312 0
ROW 1312 7 8 24 1312 52
ROW 1313 0 4 16 1313 77
ROW 1313 1 8 32 1313 34
ROW 1313 2 1 31 1313 0
ROW 1313 3 3 8 1313 147
ROW 1313 4 2 4 1313 259
ROW 1313 5 129 255 1313 7
ROW 1313 6 3 21 1313 0
ROW 1313 7 16 24 1313 52
ROW 1314 0 5 16 1314 77
ROW 1314 1 10 32 1314 34
ROW 1314 2 4 31 1314 0
ROW 1314 3 7 8 1314 147
ROW 1314 4 2 4 1314 259
ROW 1314 5 135 255 1314 7
ROW 1314 6 10 21 1314 0
ROW 1314 7 24 24 1314 53
ROW 1315 0 6 16 1315 77
ROW 1315 1 12 32 1315 34
ROW 1315 2 7 31 1315 0
ROW 1315 3 2 8 1315 147
ROW 1315 4 2 4 1315 259
ROW 1315 5 141 255 1315 7
ROW 1315 6 17 21 1315 0
ROW 1315 7 7 24 1315 53
ROW 1316 0 8 16 1316 77
ROW 1316 1 15 32 1316 34
ROW 1316 2 11 31 1316 0
ROW 1316 3 7 8 1316 147
ROW 1316 4 3 4 1316 259
ROW 1316 5 148 255 1316 7
ROW 1316 6 0 21 1316 0
ROW 1316 7 16 24 1316 53
ROW 1317 0 9 16 1317 77
ROW 1317 1 17 32 1317 34
ROW 1317 2 14 31 1317 0
ROW 1317 3 2 8 1317 147
ROW 1317 4 3 4 1317 259
ROW 1317 5 154 255 1317 7
ROW 1317 6 7 21 1317 0
ROW 1317 7 24 24 1317 54
ROW 1318 0 10 16 1318 77
ROW 1318 1 19 32 1318 34
ROW 1318 2 17 31 1318 0
ROW 1318 3 6 8 1318 147
ROW 1318 4 3 4 1318 259
ROW 1318 5 160 255 1318 7
ROW 1318 6 14 21 1318 0
ROW 1318 7 7 24 1318 54
ROW 1319 0 11 16 1319 77
ROW 1319 1 21 32 1319 34
ROW 1319 2 20 31 1319 0
ROW 1319 3 1 8 1319 147
ROW 1319 4 3 4 1319 259
ROW 1319 5 166 255 1319 7
ROW 1319 6 21 21 1319 0
ROW 1319 7 15 24 1319 54
ROW 1320 0 12 16 1320 77
ROW 1320 1 23 32 1320 34
ROW 1320 2 23 31 1320 0
ROW 1320 3 5 8 1320 147
ROW 1320 4 3 4 1320 259
ROW 1320 5 172 255 1320 7
ROW 1320 6 3 21 1320 0
ROW 1320 7 23 24 1320 54
ROW 1321 0 13 16 1321 77
ROW 1321 1 25 32 1321 34
ROW 1321 2 26 31 1321 0
ROW 1321 3 0 8 1321 147
ROW 1321 4 3 4 1321 259
ROW 1321 5 178 255 1321 7
ROW 1321 6 10 21 1321 0
ROW 1321 7 6 24 1321 54
ROW 1322 0 14 16 1322 77
ROW 1322 1 27 32 1322 34
ROW 1322 2 29 31 1322 0
ROW 1322 3 4 8 1322 147
ROW 1322 4 3 4 1322 259
ROW 1322 5 184 255 1322 7
ROW 1322 6 17 21 1322 0
ROW 1322 7 14 24 1322 54
ROW 1323 0 16 16 1323 78
ROW 1323 1 30 32 1323 34
ROW 1323 2 0 31 1323 0
ROW 1323 3 0 8 1323 147
ROW 1323 4 4 4 1323 260
ROW 1323 5 191 255 1323 7
ROW 1323 6 0 21 1323 0
ROW 1323 7 23 24 1323 54
ROW 1324 0 0 16 1324 78
ROW 1324 1 32 32 1324 35
ROW 1324 2 3 31 1324 0
ROW 1324 3 4 8 1324 147
ROW 1324 4 4 4 1324 261
ROW 1324 5 197 255 1324 7
ROW 1324 6 7 21 1324 0
ROW 1324 7 6 24 1324 54
ROW 1325 0 1 16 1325 78
ROW 1325 1 1 32 1325 35
ROW 1325 2 6 31 1325 0
ROW 1325 3 8 8 1325 148
ROW 1325 4 4 4 1325 262
ROW 1325 5 203 255 1325 7
ROW 1325 6 14 21 1325 0
ROW 1325 7 14 24 1325 54
ROW 1326 0 2 16 1326 78
ROW 1326 1 3 32 1326 35
ROW 1326 2 9 31 1326 0
ROW 1326 3 3 8 1326 148
ROW 1326 4 4 4 1326 263
ROW 1326 5 209 255 1326 7
ROW 1326 6 21 21 1326 0
ROW 1326 7 22 24 1326 54
ROW 1327 0 3 16 1327 78
ROW 1327 1 5 32 1327 35
ROW 1327 2 12 31 1327 0
ROW 1327 3 7 8 1327 148
ROW 1327 4 4 4 1327 264
ROW 1327 5 215 255 1327 7
ROW 1327 6 3 21 1327 0
ROW 1327 7 5 24 1327 54
ROW 1328 0 4 16 1328 78
ROW 1328 1 7 32 1328 35
ROW 1328 2 15 31 1328 0
ROW 1328 3 2 8 1328 148
ROW 1328 4 4 4 1328 265
ROW 1328 5 221 255 1328 7
ROW 1328 6 10 21 1328 0
ROW 1328 7 13 24 1328 54
ROW 1329 0 5 16 1329 78
ROW 1329 1 9 32 1329 35
ROW 1329 2 18 31 1329 0
ROW 1329 3 6 8 1329 148
ROW 1329 4 4 4 1329 266
ROW 1329 5 227 255 1329 7
ROW 1329 6 17 21 1329 0
ROW 1329 7 21 24 1329 54
ROW 1330 0 7 16 1330 78
ROW 1330 1 12 32 1330 35
ROW 1330 2 22 31 1330 0
ROW 1330 3 2 8 1330 148
ROW 1330 4 0 4 1330 266
ROW 1330 5 234 255 1330 7
ROW 1330 6 0 21 1330 0
ROW 1330 7 5 24 1330 54
ROW 1331 0 8 16 1331 78
ROW 1331 1 14 32 1331 35
ROW 1331 2 25 31 1331 0
ROW 1331 3 6 8 1331 148
ROW 1331 4 0 4 1331 266
ROW 1331 5 240 255 1331 7
ROW 1331 6 7 21 1331 0
ROW 1331 7 13 24 1331 54
ROW 1332 0 9 16 1332 78
ROW 1332 1 16 32 1332 35
ROW 1332 2 28 31 1332 0
ROW 1332 3 1 8 1332 148
ROW 1332 4 0 4 1332 266
ROW 1332 5 246 255 1332 7
ROW 1332 6 14 21 1332 0
ROW 1332 7 21 24 1332 54
ROW 1333 0 10 16 1333 78
ROW 1333 1 18 32 1333 35
ROW 1333 2 31 31 1333 0
ROW 1333 3 5 8 1333 148
ROW 1333 4 0 4 1333 266
ROW 1333 5 252 255 1333 7
ROW 1333 6 21 21 1333 0
ROW 1333 7 4 24 1333 54
ROW 1334 0 11 16 1334 78
ROW 1334 1 20 32 1334 35
ROW 1334 2 1 31 1334 0
ROW 1334 3 0 8 1334 148
ROW 1334 4 0 4 1334 266
ROW 1334 5 2 255 1334 7
ROW 1334 6 3 21 1334 0
ROW 1334 7 12 24 1334 54
ROW 1335 0 12 16 1335 78
ROW 1335 1 22 32 1335 35
ROW 1335 2 4 31 1335 0
ROW 1335 3 4 8 1335 148
ROW 1335 4 0 4 1335 266
ROW 1335 5 8 255 1335 7
ROW 1335 6 10 21 1335 0
ROW 1335 7 20 24 1335 54
ROW 1336 0 13 16 1336 78
ROW 1336 1 24 32 1336 35
ROW 1336 2 7 31 1336 0
ROW 1336 3 8 8 1336 149
ROW 1336 4 0 4 1336 266
ROW 1336 5 14 255 1336 7
ROW 1336 6 17 21 1336 0
ROW 1336 7 3 24 1336 54
ROW 1337 0 15 16 1337 78
ROW 1337 1 27 32 1337 35
ROW 1337 2 11 31 1337 0
ROW 1337 3 4 8 1337 149
ROW 1337 4 1 4 1337 266
ROW 1337 5 21 255 1337 7
ROW 1337 6 0 21 1337 0
ROW 1337 7 12 24 1337 54
ROW 1338 0 16 16 1338 79
ROW 1338 1 29 32 1338 35
ROW 1338 2 14 31 1338 0
ROW 1338 3 8 8 1338 150
ROW 1338 4 1 4 1338 266
ROW 1338 5 27 255 1338 7
ROW 1338 6 7 21 1338 0
ROW 1338 7 20 24 1338 54
ROW 1339 0 0 16 1339 79
ROW 1339 1 31 32 1339 35
ROW 1339 2 17 31 1339 0
ROW 1339 3 3 8 1339 150
ROW 1339 4 1 4 1339 266
ROW 1339 5 33 255 1339 7
ROW 1339 6 14 21 1339 0
ROW 1339 7 3 24 1339 54
ROW 1340 0 1 16 1340 79
ROW 1340 1 0 32 1340 35
ROW 1340 2 20 31 1340 0
ROW 1340 3 7 8 1340 150
ROW 1340 4 1 4 1340 266
ROW 1340 5 39 255 1340 7
ROW 1340 6 21 21 1340 0
ROW 1340 7 11 24 1340 54
ROW 1341 0 2 16 1341 79
ROW 1341 1 2 32 1341 35
ROW 1341 2 23 31 1341 0
ROW 1341 3 2 8 1341 150
ROW 1341 4 1 4 1341 266
ROW 1341 5 45 255 1341 7
ROW 1341 6 3 21 1341 0
ROW 1341 7 19 24 1341 54
ROW 1342 0 3 16 1342 79
ROW 1342 1 4 32 1342 35
ROW 1342 2 26 31 1342 0
ROW 1342 3 6 8 1342 150
ROW 1342 4 1 4 1342 266
ROW 1342 5 51 255 1342 7
ROW 1342 6 10 21 1342 0
ROW 1342 7 2 24 1342 54
ROW 1343 0 4 16 1343 79
ROW 1343 1 6 32 1343 35
ROW 1343 2 29 31 1343 0
ROW 1343 3 1 8 1343 150
ROW 1343 4 1 4 1343 266
ROW 1343 5 57 255 1343 7
ROW 1343 6 17 21 1343 0
ROW 1343 7 10 24 1343 54
ROW 1344 0 6 16 1344 79
ROW 1344 1 9 32 1344 35
ROW 1344 2 0 31 1344 0
ROW 1344 3 6 8 1344 150
ROW 1344 4 2 4 1344 266
ROW 1344 5 64 255 1344 7
ROW 1344 6 0 21 1344 0
ROW 1344 7 19 24 1344 54
ROW 1345 0 7 16 1345 79
ROW 1345 1 11 32 1345 35
ROW 1345 2 3 31 1345 0
ROW 1345 3 1 8 1345 150
ROW 1345 4 2 4 1345 266
ROW 1345 5 70 255 1345 7
ROW 1345 6 7 21 1345 0
ROW 1345 7 2 24 1345 54
ROW 1346 0 8 16 1346 79
ROW 1346 1 13 32 1346 35
ROW 1346 2 6 31 1346 0
ROW 1346 3 5 8 1346 150
ROW 1346 4 2 4 1346 266
ROW 1346 5 76 255 1346 7
ROW 1346 6 14 21 1346 0
ROW 1346 7 10 24 1346 54
ROW 1347 0 9 16 1347 79
ROW 1347 1 15 32 1347 35
ROW 1347 2 9 31 1347 0
ROW 1347 3 0 8 1347 150
ROW 1347 4 2 4 1347 266
ROW 1347 5 82 255 1347 7
ROW 1347 6 21 21 1347 0
ROW 1347 7 18 24 1347 54
ROW 1348 0 10 16 1348 79
ROW 1348 1 17 32 1348 35
ROW 1348 2 12 31 1348 0
ROW 1348 3 4 8 1348 150
ROW 1348 4 2 4 1348 266
ROW 1348 5 88 255 1348 7
ROW 1348 6 3 21 1348 0
ROW 1348 7 1 24 1348 54
ROW 1349 0 11 16 1349 79
ROW 1349 1 19 32 1349 35
ROW 1349 2 15 31 1349 0
ROW 1349 3 8 8 1349 151
ROW 1349 4 2 4 1349 266
ROW 1349 5 94 255 1349 7
ROW 1349 6 10 21 1349 0
ROW 1349 7 9 24 1349 54
ROW 1350 0 12 16 1350 79
ROW 1350 1 21 32 1350 35
ROW 1350 2 18 31 1350 0
ROW 1350 3 3 8 1350 151
ROW 1350 4 2 4 1350 266
ROW 1350 5 100 255 1350 7
ROW 1350 6 17 21 1350 0
ROW 1350 7 17 24 1350 54
ROW 1351 0 14 16 1351 79
ROW 1351 1 24 32 1351 35
ROW 1351 2 22 31 1351 0
ROW 1351 3 8 8 1351 152
ROW 1351 4 3 4 1351 266
ROW 1351 5 107 255 1351 7
ROW 1351 6 0 21 1351 0
ROW 1351 7 1 24 1351 54
ROW 1352 0 15 16 1352 79
ROW 1352 1 26 32 1352 35
ROW 1352 2 25 31 1352 0
ROW 1352 3 3 8 1352 152
ROW 1352 4 3 4 1352 266
ROW 1352 5 113 255 1352 7
ROW 1352 6 7 21 1352 0
ROW 1352 7 9 24 1352 54
ROW 1353 0 16 16 1353 80
ROW 1353 1 28 32 1353 35
ROW 1353 2 28 31 1353 0
ROW 1353 3 7 8 1353 152
ROW 1353 4 3 4 1353 266
ROW 1353 5 119 255 1353 7
ROW 1353 6 14 21 1353 0
ROW 1353 7 17 24 1353 54
ROW 1354 0 0 16 1354 80
ROW 1354 1 30 32 1354 35
ROW 1354 2 31 31 1354 0
ROW 1354 3 2 8 1354 152
ROW 1354 4 3 4 1354 266
ROW 1354 5 125 255 1354 7
ROW 1354 6 21 21 1354 0
ROW 1354 7 0 24 1354 54
ROW 1355 0 1 16 1355 80
ROW 1355 1 32 32 1355 36
ROW 1355 2 1 31 1355 0
ROW 1355 3 6 8 1355 152
ROW 1355 4 3 4 1355 266
ROW 1355 5 131 255 1355 7
ROW 1355 6 3 21 1355 0
ROW 1355 7 8 24 1355 54
ROW 1356 0 2 16 1356 80
ROW 1356 1 1 32 1356 36
ROW 1356 2 4 31 1356 0
ROW 1356 3 1 8 1356 152
ROW 1356 4 3 4 1356 266
ROW 1356 5 137 255 1356 7
ROW 1356 6 10 21 1356 0
ROW 1356 7 16 24 1356 54
ROW 1357 0 3 16 1357 80
ROW 1357 1 3 32 1357 36
ROW 1357 2 7 31 1357 0
ROW 1357 3 5 8 1357 152
ROW 1357 4 3 4 1357 266
ROW 1357 5 143 255 1357 7
ROW 1357 6 17 21 1357 0
ROW 1357 7 24 24 1357 55
ROW 1358 0 5 16 1358 80
ROW 1358 1 6 32 1358 36
ROW 1358 2 11 31 1358 0
ROW 1358 3 1 8 1358 152
ROW 1358 4 4 4 1358 267
ROW 1358 5 150 255 1358 7
ROW 1358 6 0 21 1358 0
ROW 1358 7 8 24 1358 55
ROW 1359 0 6 16 1359 80
ROW 1359 1 8 32 1359 36
ROW 1359 2 14 31 1359 0
ROW 1359 3 5 8 1359 152
ROW 1359 4 4 4 1359 268
ROW 1359 5 156 255 1359 7
ROW 1359 6 7 21 1359 0
ROW 1359 7 16 24 1359 55
ROW 1360 0 7 16 1360 80
ROW 1360 1 10 32 1360 36
ROW 1360 2 17 31 1360 0
ROW 1360 3 0 8 1360 152
ROW 1360 4 4 4 1360 269
ROW 1360 5 162 255 1360 7
ROW 1360 6 14 21 1360 0
ROW 1360 7 24 24 1360 56
ROW 1361 0 8 16 1361 80
ROW 1361 1 12 32 1361 36
ROW 1361 2 20 31 1361 0
ROW 1361 3 4 8 1361 152
ROW 1361 4 4 4 1361 270
ROW 1361 5 168 255 1361 7
ROW 1361 6 21 21 1361 0
ROW 1361 7 7 24 1361 56
ROW 1362 0 9 16 1362 80
ROW 1362 1 14 32 1362 36
ROW 1362 2 23 31 1362 0
ROW 1362 3 8 8 1362 153
ROW 1362 4 4 4 1362 271
ROW 1362 5 174 255 1362 7
ROW 1362 6 3 21 1362 0
ROW 1362 7 15 24 1362 56
ROW 1363 0 10 16 1363 80
ROW 1363 1 16 32 1363 36
ROW 1363 2 26 31 1363 0
ROW 1363 3 3 8 1363 153
ROW 1363 4 4 4 1363 272
ROW 1363 5 180 255 1363 7
ROW 1363 6 10 21 1363 0
ROW 1363 7 23 24 1363 56
ROW 1364 0 11 16 1364 80
ROW 1364 1 18 32 1364 36
ROW 1364 2 29 31 1364 0
ROW 1364 3 7 8 1364 153
ROW 1364 4 4 4 1364 273
ROW 1364 5 186 255 1364 7
ROW 1364 6 17 21 1364 0
ROW 1364 7 6 24 1364 56
ROW 1365 0 13 16 1365 80
ROW 1365 1 21 32 1365 36
ROW 1365 2 0 31 1365 0
ROW 1365 3 3 8 1365 153
ROW 1365 4 0 4 1365 273
ROW 1365 5 193 255 1365 7
ROW 1365 6 0 21 1365 0
ROW 1365 7 15 24 1365 56
ROW 1366 0 14 16 1366 80
ROW 1366 1 23 32 1366 36
ROW 1366 2 3 31 1366 0
ROW 1366 3 7 8 1366 153
ROW 1366 4 0 4 1366 273
ROW 1366 5 199 255 1366 7
ROW 1366 6 7 21 1366 0
ROW 1366 7 23 24 1366 56
ROW 1367 0 15 16 1367 80
ROW 1367 1 25 32 1367 36
ROW 1367 2 6 31 1367 0
ROW 1367 3 2 8 1367 153
ROW 1367 4 0 4 1367 273
ROW 1367 5 205 255 1367 7
ROW 1367 6 14 21 1367 0
ROW 1367 7 6 24 1367 56
ROW 1368 0 16 16 1368 81
ROW 1368 1 27 32 1368 36
ROW 1368 2 9 31 1368 0
ROW 1368 3 6 8 1368 153
ROW 1368 4 0 4 1368 273
ROW 1368 5 211 255 1368 7
ROW 1368 6 21 21 1368 0
ROW 1368 7 14 24 1368 56
ROW 1369 0 0 16 1369 81
ROW 1369 1 29 32 1369 36
ROW 1369 2 12 31 1369 0
ROW 1369 3 1 8 1369 153
ROW 1369 4 0 4 1369 273
ROW 1369 5 217 255 1369 7
ROW 1369 6 3 21 1369 0
ROW 1369 7 22 24 1369 56
ROW 1370 0 1 16 1370 81
ROW 1370 1 31 32 1370 36
ROW 1370 2 15 31 1370 0
ROW 1370 3 5 8 1370 153
ROW 1370 4 0 4 1370 273
ROW 1370 5 223 255 1370 7
ROW 1370 6 10 21 1370 0
ROW 1370 7 5 24 1370 56
ROW 1371 0 2 16 1371 81
ROW 1371 1 0 32 1371 36
ROW 1371 2 18 31 1371 0
ROW 1371 3 0 8 1371 153
ROW 1371 4 0 4 1371 273
ROW 1371 5 229 255 1371 7
ROW 1371 6 17 21 1371 0
ROW 1371 7 13 24 1371 56
ROW 1372 0 4 16 1372 81
ROW 1372 1 3 32 1372 36
ROW 1372 2 22 31 1372 0
ROW 1372 3 5 8 1372 153
ROW 1372 4 1 4 1372 273
ROW 1372 5 236 255 1372 7
ROW 1372 6 0 21 1372 0
ROW 1372 7 22 24 1372 56
ROW 1373 0 5 16 1373 81
ROW 1373 1 5 32 1373 36
ROW 1373 2 25 31 1373 0
ROW 1373 3 0 8 1373 153
ROW 1373 4 1 4 1373 273
ROW 1373 5 242 255 1373 7
ROW 1373 6 7 21 1373 0
ROW 1373 7 5 24 1373 56
ROW 1374 0 6 16 1374 81
ROW 1374 1 7 32 1374 36
ROW 1374 2 28 31 1374 0
ROW 1374 3 4 8 1374 153
ROW 1374 4 1 4 1374 273
ROW 1374 5 248 255 1374 7
ROW 1374 6 14 21 1374 0
ROW 1374 7 13 24 1374 56
ROW 1375 0 7 16 1375 81
ROW 1375 1 9 32 1375 36
ROW 1375 2 31 31 1375 0
ROW 1375 3 8 8 1375 154
ROW 1375 4 1 4 1375 273
ROW 1375 5 254 255 1375 7
ROW 1375 6 21 21 1375 0
ROW 1375 7 21 24 1375 56
ROW 1376 0 8 16 1376 81
ROW 1376 1 11 32 1376 36
ROW 1376 2 1 31 1376 0
ROW 1376 3 3 8 1376 154
ROW 1376 4 1 4 1376 273
ROW 1376 5 4 255 1376 7
ROW 1376 6 3 21 1376 0
ROW 1376 7 4 24 1376 56
ROW 1377 0 9 16 1377 81
ROW 1377 1 13 32 1377 36
ROW 1377 2 4 31 1377 0
ROW 1377 3 7 8 1377 154
ROW 1377 4 1 4 1377 273
ROW 1377 5 10 255 1377 7
ROW 1377 6 10 21 1377 0
ROW 1377 7 12 24 1377 56
ROW 1378 0 10 16 1378 81
ROW 1378 1 15 32 1378 36
ROW 1378 2 7 31 1378 0
ROW 1378 3 2 8 1378 154
ROW 1378 4 1 4 1378 273
ROW 1378 5 16 255 1378 7
ROW 1378 6 17 21 1378 0
ROW 1378 7 20 24 1378 56
ROW 1379 0 12 16 1379 81
ROW 1379 1 18 32 1379 36
ROW 1379 2 11 31 1379 0
ROW 1379 3 7 8 1379 154
ROW 1379 4 2 4 1379 273
ROW 1379 5 23 255 1379 7
ROW 1379 6 0 21 1379 0
ROW 1379 7 4 24 1379 56
ROW 1380 0 13 16 1380 81
ROW 1380 1 20 32 1380 36
ROW 1380 2 14 31 1380 0
ROW 1380 3 2 8 1380 154
ROW 1380 4 2 4 1380 273
ROW 1380 5 29 255 1380 7
ROW 1380 6 7 21 1380 0
ROW 1380 7 12 24 1380 56
ROW 1381 0 14 16 1381 81
ROW 1381 1 22 32 1381 36
ROW 1381 2 17 31 1381 0
ROW 1381 3 6 8 1381 154
ROW 1381 4 2 4 1381 273
ROW 1381 5 35 255 1381 7
ROW 1381 6 14 21 1381 0
ROW 1381 7 20 24 1381 56
ROW 1382 0 15 16 1382 81
ROW 1382 1 24 32 1382 36
ROW 1382 2 20 31 1382 0
ROW 1382 3 1 8 1382 154
ROW 1382 4 2 4 1382 273
ROW 1382 5 41 255 1382 7
ROW 1382 6 21 21 1382 0
ROW 1382 7 3 24 1382 56
ROW 1383 0 16 16 1383 82
ROW 1383 1 26 32 1383 36
ROW 1383 2 23 31 1383 0
ROW 1383 3 5 8 1383 154
ROW 1383 4 2 4 1383 273
ROW 1383 5 47 255 1383 7
ROW 1383 6 3 21 1383 0
ROW 1383 7 11 24 1383 56
ROW 1384 0 0 16 1384 82
ROW 1384 1 28 32 1384 36
ROW 1384 2 26 31 1384 0
ROW 1384 3 0 8 1384 154
ROW 1384 4 2 4 1384 273
ROW 1384 5 53 255 1384 7
ROW 1384 6 10 21 1384 0
ROW 1384 7 19 24 1384 56
ROW 1385 0 1 16 1385 82
ROW 1385 1 30 32 1385 36
ROW 1385 2 29 31 1385 0
ROW 1385 3 4 8 1385 154
ROW 1385 4 2 4 1385 273
ROW 1385 5 59 255 1385 7
ROW 1385 6 17 21 1385 0
ROW 1385 7 2 24 1385 56
ROW 1386 0 3 16 1386 82
ROW 1386 1 0 32 1386 36
ROW 1386 2 0 31 1386 0
ROW 1386 3 0 8 1386 154
ROW 1386 4 3 4 1386 273
ROW 1386 5 66 255 1386 7
ROW 1386 6 0 21 1386 0
ROW 1386 7 11 24 1386 56
ROW 1387 0 4 16 1387 82
ROW 1387 1 2 32 1387 36
ROW 1387 2 3 31 1387 0
ROW 1387 3 4 8 1387 154
ROW 1387 4 3 4 1387 273
ROW 1387 5 72 255 1387 7
ROW 1387 6 7 21 1387 0
ROW 1387 7 19 24 1387 56
ROW 1388 0 5 16 1388 82
ROW 1388 1 4 32 1388 36
ROW 1388 2 6 31 1388 0
ROW 1388 3 8 8 1388 155
ROW 1388 4 3 4 1388 273
ROW 1388 5 78 255 1388 7
ROW 1388 6 14 21 1388 0
ROW 1388 7 2 24 1388 56
ROW 1389 0 6 16 1389 82
ROW 1389 1 6 32 1389 36
ROW 1389 2 9 31 1389 0
ROW 1389 3 3 8 1389 155
ROW 1389 4 3 4 1389 273
ROW 1389 5 84 255 1389 7
ROW 1389 6 21 21 1389 0
ROW 1389 7 10 24 1389 56
ROW 1390 0 7 16 1390 82
ROW 1390 1 8 32 1390 36
ROW 1390 2 12 31 1390 0
ROW 1390 3 7 8 1390 155
ROW 1390 4 3 4 1390 273
ROW 1390 5 90 255 1390 7
ROW 1390 6 3 21 1390 0
ROW 1390 7 18 24 1390 56
ROW 1391 0 8 16 1391 82
ROW 1391 1 10 32 1391 36
ROW 1391 2 15 31 1391 0
ROW 1391 3 2 8 1391 155
ROW 1391 4 3 4 1391 273
ROW 1391 5 96 255 1391 7
ROW 1391 6 10 21 1391 0
ROW 1391 7 1 24 1391 56
ROW 1392 0 9 16 1392 82
ROW 1392 1 12 32 1392 36
ROW 1392 2 18 31 1392 0
ROW 1392 3 6 8 1392 155
ROW 1392 4 3 4 1392 273
ROW 1392 5 102 255 1392 7
ROW 1392 6 17 21 1392 0
ROW 1392 7 9 24 1392 56
ROW 1393 0 11 16 1393 82
ROW 1393 1 15 32 1393 36
ROW 1393 2 22 31 1393 0
ROW 1393 3 2 8 1393 155
ROW 1393 4 4 4 1393 274
ROW 1393 5 109 255 1393 7
ROW 1393 6 0 21 1393 0
ROW 1393 7 18 24 1393 56
ROW 1394 0 12 16 1394 82
ROW 1394 1 17 32 1394 36
ROW 1394 2 25 31 1394 0
ROW 1394 3 6 8 1394 155
ROW 1394 4 4 4 1394 275
ROW 1394 5 115 255 1394 7
ROW 1394 6 7 21 1394 0
ROW 1394 7 1 24 1394 56
ROW 1395 0 13 16 1395 82
ROW 1395 1 19 32 1395 36
ROW 1395 2 28 31 1395 0
ROW 1395 3 1 8 1395 155
ROW 1395 4 4 4 1395 276
ROW 1395 5 121 255 1395 7
ROW 1395 6 14 21 1395 0
ROW 1395 7 9 24 1395 56
ROW 1396 0 14 16 1396 82
ROW 1396 1 21 32 1396 36
ROW 1396 2 31 31 1396 0
ROW 1396 3 5 8 1396 155
ROW 1396 4 4 4 1396 277
ROW 1396 5 127 255 1396 7
ROW 1396 6 21 21 1396 0
ROW 1396 7 17 24 1396 56
ROW 1397 0 15 16 1397 82
ROW 1397 1 23 32 1397 36
ROW 1397 2 1 31 1397 0
ROW 1397 3 0 8 1397 155
ROW 1397 4 4 4 1397 278
ROW 1397 5 133 255 1397 7
ROW 1397 6 3 21 1397 0
ROW 1397 7 0 24 1397 56
ROW 1398 0 16 16 1398 83
ROW 1398 1 25 32 1398 36
ROW 1398 2 4 31 1398 0
ROW 1398 3 4 8 1398 155
ROW 1398 4 4 4 1398 279
ROW 1398 5 139 255 1398 7
ROW 1398 6 10 21 1398 0
ROW 1398 7 8 24 1398 56
ROW 1399 0 0 16 1399 83
ROW 1399 1 27 32 1399 36
ROW 1399 2 7 31 1399 0
ROW 1399 3 8 8 1399 156
ROW 1399 4 4 4 1399 280
ROW 1399 5 145 255 1399 7
ROW 1399 6 17 21 1399 0
ROW 1399 7 16 24 1399 56
ROW 1400 0 2 16 1400 83
ROW 1400 1 30 32 1400 36
ROW 1400 2 11 31 1400 0
ROW 1400 3 4 8 1400 156
ROW 1400 4 0 4 1400 280
ROW 1400 5 152 255 1400 7
ROW 1400 6 0 21 1400 0
ROW 1400 7 0 24 1400 56
ROW 1401 0 3 16 1401 83
ROW 1401 1 32 32 1401 37
ROW 1401 2 14 31 1401 0
ROW 1401 3 8 8 1401 157
ROW 1401 4 0 4 1401 280
ROW 1401 5 158 255 1401 7
ROW 1401 6 7 21 1401 0
ROW 1401 7 8 24 1401 56
ROW 1402 0 4 16 1402 83
ROW 1402 1 1 32 1402 37
ROW 1402 2 17 31 1402 0
ROW 1402 3 3 8 1402 157
ROW 1402 4 0 4 1402 280
ROW 1402 5 164 255 1402 7
ROW 1402 6 14 21 1402 0
ROW 1402 7 16 24 1402 56
ROW 1403 0 5 16 1403 83
ROW 1403 1 3 32 1403 37
ROW 1403 2 20 31 1403 0
ROW 1403 3 7 8 1403 157
ROW 1403 4 0 4 1403 280
ROW 1403 5 170 255 1403 7
ROW 1403 6 21 21 1403 0
ROW 1403 7 24 24 1403 57
ROW 1404 0 6 16 1404 83
ROW 1404 1 5 32 1404 37
ROW 1404 2 23 31 1404 0
ROW 1404 3 2 8 1404 157
ROW 1404 4 0 4 1404 280
ROW 1404 5 176 255 1404 7
ROW 1404 6 3 21 1404 0
ROW 1404 7 7 24 1404 57
ROW 1405 0 7 16 1405 83
ROW 1405 1 7 32 1405 37
ROW 1405 2 26 31 1405 0
ROW 1405 3 6 8 1405 157
ROW 1405 4 0 4 1405 280
ROW 1405 5 182 255 1405 7
ROW 1405 6 10 21 1405 0
ROW 1405 7 15 24 1405 57
ROW 1406 0 8 16 1406 83
ROW 1406 1 9 32 1406 37
ROW 1406 2 29 31 1406 0
ROW 1406 3 1 8 1406 157
ROW 1406 4 0 4 1406 280
ROW 1406 5 188 255 1406 7
ROW 1406 6 17 21 1406 0
ROW 1406 7 23 24 1406 57
ROW 1407 0 10 16 1407 83
ROW 1407 1 12 32 1407 37
ROW 1407 2 0 31 1407 0
ROW 1407 3 6 8 1407 157
ROW 1407 4 1 4 1407 280
ROW 1407 5 195 255 1407 7
ROW 1407 6 0 21 1407 0
ROW 1407 7 7 24 1407 57
ROW 1408 0 11 16 1408 83
ROW 1408 1 14 32 1408 37
ROW 1408 2 3 31 1408 0
ROW 1408 3 1 8 1408 157
ROW 1408 4 1 4 1408 280
ROW 1408 5 201 255 1408 7
ROW 1408 6 7 21 1408 0
ROW 1408 7 15 24 1408 57
ROW 1409 0 12 16 1409 83
ROW 1409 1 16 32 1409 37
ROW 1409 2 6 31 1409 0
ROW 1409 3 5 8 1409 157
ROW 1409 4 1 4 1409 280
ROW 1409 5 207 255 1409 7
ROW 1409 6 14 21 1409 0
ROW 1409 7 23 24 1409 57
ROW 1410 0 13 16 1410 83
ROW 1410 1 18 32 1410 37
ROW 1410 2 9 31 1410 0
ROW 1410 3 0 8 1410 157
ROW 1410 4 1 4 1410 280
ROW 1410 5 213 255 1410 7
ROW 1410 6 21 21 1410 0
ROW 1410 7 6 24 1410 57
ROW 1411 0 14 16 1411 83
ROW 1411 1 20 32 1411 37
ROW 1411 2 12 31 1411 0
ROW 1411 3 4 8 1411 157
ROW 1411 4 1 4 1411 280
ROW 1411 5 219 255 1411 7
ROW 1411 6 3 21 1411 0
ROW 1411 7 14 24 1411 57
ROW 1412 0 15 16 1412 83
ROW 1412 1 22 32 1412 37
ROW 1412 2 15 31 1412 0
ROW 1412 3 8 8 1412 158
ROW 1412 4 1 4 1412 280
ROW 1412 5 225 255 1412 7
ROW 1412 6 10 21 1412 0
ROW 1412 7 22 24 1412 57
ROW 1413 0 16 16 1413 84
ROW 1413 1 24 32 1413 37
ROW 1413 2 18 31 1413 0
ROW 1413 3 3 8 1413 158
ROW 1413 4 1 4 1413 280
ROW 1413 5 231 255 1413 7
ROW 1413 6 17 21 1413 0
ROW 1413 7 5 24 1413 57
ROW 1414 0 1 16 1414 84
ROW 1414 1 27 32 1414 37
ROW 1414 2 22 31 1414 0
ROW 1414 3 8 8 1414 159
ROW 1414 4 2 4 1414 280
ROW 1414 5 238 255 1414 7
ROW 1414 6 0 21 1414 0
ROW 1414 7 14 24 1414 57
ROW 1415 0 2 16 1415 84
ROW 1415 1 29 32 1415 37
ROW 1415 2 25 31 1415 0
ROW 1415 3 3 8 1415 159
ROW 1415 4 2 4 1415 280
ROW 1415 5 244 255 1415 7
ROW 1415 6 7 21 1415 0
ROW 1415 7 22 24 1415 57
ROW 1416 0 3 16 1416 84
ROW 1416 1 31 32 1416 37
ROW 1416 2 28 31 1416 0
ROW 1416 3 7 8 1416 159
ROW 1416 4 2 4 1416 280
ROW 1416 5 250 255 1416 7
ROW 1416 6 14 21 1416 0
ROW 1416 7 5 24 1416 57
ROW 1417 0 4 16 1417 84
ROW 1417 1 0 32 1417 37
ROW 1417 2 31 31 1417 0
ROW 1417 3 2 8 1417 159
ROW 1417 4 2 4 1417 280
ROW 1417 5 0 255 1417 7
ROW 1417 6 21 21 1417 0
ROW 1417 7 13 24 1417 57
ROW 1418 0 5 16 1418 84
ROW 1418 1 2 32 1418 37
ROW 1418 2 1 31 1418 0
ROW 1418 3 6 8 1418 159
ROW 1418 4 2 4 1418 280
ROW 1418 5 6 255 1418 7
ROW 1418 6 3 21 1418 0
ROW 1418 7 21 24 1418 57
ROW 1419 0 6 16 1419 84
ROW 1419 1 4 32 1419 37
ROW 1419 2 4 31 1419 0
ROW 1419 3 1 8 1419 159
ROW 1419 4 2 4 1419 280
ROW 1419 5 12 255 1419 7
ROW 1419 6 10 21 1419 0
ROW 1419 7 4 24 1419 57
ROW 1420 0 7 16 1420 84
ROW 1420 1 6 32 1420 37
ROW 1420 2 7 31 1420 0
ROW 1420 3 5 8 1420 159
ROW 1420 4 2 4 1420 280
ROW 1420 5 18 255 1420 7
ROW 1420 6 17 21 1420 0
ROW 1420 7 12 24 1420 57
ROW 1421 0 9 16 1421 84
ROW 1421 1 9 32 1421 37
ROW 1421 2 11 31 1421 0
ROW 1421 3 1 8 1421 159
ROW 1421 4 3 4 1421 280
ROW 1421 5 25 255 1421 7
ROW 1421 6 0 21 1421 0
ROW 1421 7 21 24 1421 57
ROW 1422 0 10 16 1422 84
ROW 1422 1 11 32 1422 37
ROW 1422 2 14 31 1422 0
ROW 1422 3 5 8 1422 159
ROW 1422 4 3 4 1422 280
ROW 1422 5 31 255 1422 7
ROW 1422 6 7 21 1422 0
ROW 1422 7 4 24 1422 57
ROW 1423 0 11 16 1423 84
ROW 1423 1 13 32 1423 37
ROW 1423 2 17 31 1423 0
ROW 1423 3 0 8 1423 159
ROW 1423 4 3 4 1423 280
ROW 1423 5 37 255 1423 7
ROW 1423 6 14 21 1423 0
ROW 1423 7 12 24 1423 57
ROW 1424 0 12 16 1424 84
ROW 1424 1 15 32 1424 37
ROW 1424 2 20 31 1424 0
ROW 1424 3 4 8 1424 159
ROW 1424 4 3 4 1424 280
ROW 1424 5 43 255 1424 7
ROW 1424 6 21 21 1424 0
ROW 1424 7 20 24 1424 57
ROW 1425 0 13 16 1425 84
ROW 1425 1 17 32 1425 37
ROW 1425 2 23 31 1425 0
ROW 1425 3 8 8 1425 160
ROW 1425 4 3 4 1425 280
ROW 1425 5 49 255 1425 7
ROW 1425 6 3 21 1425 0
ROW 1425 7 3 24 1425 57
ROW 1426 0 14 16 1426 84
ROW 1426 1 19 32 1426 37
ROW 1426 2 26 31 1426 0
ROW 1426 3 3 8 1426 160
ROW 1426 4 3 4 1426 280
ROW 1426 5 55 255 1426 7
ROW 1426 6 10 21 1426 0
ROW 1426 7 11 24 1426 57
ROW 1427 0 15 16 1427 84
ROW 1427 1 21 32 1427 37
ROW 1427 2 29 31 1427 0
ROW 1427 3 7 8 1427 160
ROW 1427 4 3 4 1427 280
ROW 1427 5 61 255 1427 7
ROW 1427 6 17 21 1427 0
ROW 1427 7 19 24 1427 57
ROW 1428 0 0 16 1428 84
ROW 1428 1 24 32 1428 37
ROW 1428 2 0 31 1428 0
ROW 1428 3 3 8 1428 160
ROW 1428 4 4 4 1428 281
ROW 1428 5 68 255 1428 7
ROW 1428 6 0 21 1428 0
ROW 1428 7 3 24 1428 57
ROW 1429 0 1 16 1429 84
ROW 1429 1 26 32 1429 37
ROW 1429 2 3 31 1429 0
ROW 1429 3 7 8 1429 160
ROW 1429 4 4 4 1429 282
ROW 1429 5 74 255 1429 7
ROW 1429 6 7 21 1429 0
ROW 1429 7 11 24 1429 57
ROW 1430 0 2 16 1430 84
ROW 1430 1 28 32 1430 37
ROW 1430 2 6 31 1430 0
ROW 1430 3 2 8 1430 160
ROW 1430 4 4 4 1430 283
ROW 1430 5 80 255 1430 7
ROW 1430 6 14 21 1430 0
ROW 1430 7 19 24 1430 57
ROW 1431 0 3 16 1431 84
ROW 1431 1 30 32 1431 37
ROW 1431 2 9 31 1431 0
ROW 1431 3 6 8 1431 160
ROW 1431 4 4 4 1431 284
ROW 1431 5 86 255 1431 7
ROW 1431 6 21 21 1431 0
ROW 1431 7 2 24 1431 57
ROW 1432 0 4 16 1432 84
ROW 1432 1 32 32 1432 38
ROW 1432 2 12 31 1432 0
ROW 1432 3 1 8 1432 160
ROW 1432 4 4 4 1432 285
ROW 1432 5 92 255 1432 7
ROW 1432 6 3 21 1432 0
ROW 1432 7 10 24 1432 57
ROW 1433 0 5 16 1433 84
ROW 1433 1 1 32 1433 38
ROW 1433 2 15 31 1433 0
ROW 1433 3 5 8 1433 160
ROW 1433 4 4 4 1433 286
ROW 1433 5 98 255 1433 7
ROW 1433 6 10 21 1433 0
ROW 1433 7 18 24 1433 57
ROW 1434 0 6 16 1434 84
ROW 1434 1 3 32 1434 38
ROW 1434 2 18 31 1434 0
ROW 1434 3 0 8 1434 160
ROW 1434 4 4 4 1434 287
ROW 1434 5 104 255 1434 7
ROW 1434 6 17 21 1434 0
ROW 1434 7 1 24 1434 57
ROW 1435 0 8 16 1435 84
ROW 1435 1 6 32 1435 38
ROW 1435 2 22 31 1435 0
ROW 1435 3 5 8 1435 160
ROW 1435 4 0 4 1435 287
ROW 1435 5 111 255 1435 7
ROW 1435 6 0 21 1435 0
ROW 1435 7 10 24 1435 57
ROW 1436 0 9 16 1436 84
ROW 1436 1 8 32 1436 38
ROW 1436 2 25 31 1436 0
ROW 1436 3 0 8 1436 160
ROW 1436 4 0 4 1436 287
ROW 1436 5 117 255 1436 7
ROW 1436 6 7 21 1436 0
ROW 1436 7 18 24 1436 57
ROW 1437 0 10 16 1437 84
ROW 1437 1 10 32 1437 38
ROW 1437 2 28 31 1437 0
ROW 1437 3 4 8 1437 160
ROW 1437 4 0 4 1437 287
ROW 1437 5 123 255 1437 7
ROW 1437 6 14 21 1437 0
ROW 1437 7 1 24 1437 57
ROW 1438 0 11 16 1438 84
ROW 1438 1 12 32 1438 38
ROW 1438 2 31 31 1438 0
ROW 1438 3 8 8 1438 161
ROW 1438 4 0 4 1438 287
ROW 1438 5 129 255 1438 7
ROW 1438 6 21 21 1438 0
ROW 1438 7 9 24 1438 57
ROW 1439 0 12 16 1439 84
ROW 1439 1 14 32 1439 38
ROW 1439 2 1 31 1439 0
ROW 1439 3 3 8 1439 161
ROW 1439 4 0 4 1439 287
ROW 1439 5 135 255 1439 7
ROW 1439 6 3 21 1439 0
ROW 1439 7 17 24 1439 57
ROW 1440 0 13 16 1440 84
ROW 1440 1 16 32 1440 38
ROW 1440 2 4 31 1440 0
ROW 1440 3 7 8 1440 161
ROW 1440 4 0 4 1440 287
ROW 1440 5 141 255 1440 7
ROW 1440 6 10 21 1440 0
ROW 1440 7 0 24 1440 57
ROW 1441 0 14 16 1441 84
ROW 1441 1 18 32 1441 38
ROW 1441 2 7 31 1441 0
ROW 1441 3 2 8 1441 161
ROW 1441 4 0 4 1441 287
ROW 1441 5 147 255 1441 7
ROW 1441 6 17 21 1441 0
ROW 1441 7 8 24 1441 57
ROW 1442 0 16 16 1442 85
ROW 1442 1 21 32 1442 38
ROW 1442 2 11 31 1442 0
ROW 1442 3 7 8 1442 161
ROW 1442 4 1 4 1442 287
ROW 1442 5 154 255 1442 7
ROW 1442 6 0 21 1442 0
ROW 1442 7 17 24 1442 57
ROW 1443 0 0 16 1443 85
ROW 1443 1 23 32 1443 38
ROW 1443 2 14 31 1443 0
ROW 1443 3 2 8 1443 161
ROW 1443 4 1 4 1443 287
ROW 1443 5 160 255 1443 7
ROW 1443 6 7 21 1443 0
ROW 1443 7 0 24 1443 57
ROW 1444 0 1 16 1444 85
ROW 1444 1 25 32 1444 38
ROW 1444 2 17 31 1444 0
ROW 1444 3 6 8 1444 161
ROW 1444 4 1 4 1444 287
ROW 1444 5 166 255 1444 7
ROW 1444 6 14 21 1444 0
ROW 1444 7 8 24 1444 57
ROW 1445 0 2 16 1445 85
ROW 1445 1 27 32 1445 38
ROW 1445 2 20 31 1445 0
ROW 1445 3 1 8 1445 161
ROW 1445 4 1 4 1445 287
ROW 1445 5 172 255 1445 7
ROW 1445 6 21 21 1445 0
ROW 1445 7 16 24 1445 57
ROW 1446 0 3 16 1446 85
ROW 1446 1 29 32 1446 38
ROW 1446 2 23 31 1446 0
ROW 1446 3 5 8 1446 161
ROW 1446 4 1 4 1446 287
ROW 1446 5 178 255 1446 7
ROW 1446 6 3 21 1446 0
ROW 1446 7 24 24 1446 58
ROW 1447 0 4 16 1447 85
ROW 1447 1 31 32 1447 38
ROW 1447 2 26 31 1447 0
ROW 1447 3 0 8 1447 161
ROW 1447 4 1 4 1447 287
ROW 1447 5 184 255 1447 7
ROW 1447 6 10 21 1447 0
ROW 1447 7 7 24 1447 58
ROW 1448 0 5 16 1448 85
ROW 1448 1 0 32 1448 38
ROW 1448 2 29 31 1448 0
ROW 1448 3 4 8 1448 161
ROW 1448 4 1 4 1448 287
ROW 1448 5 190 255 1448 7
ROW 1448 6 17 21 1448 0
ROW 1448 7 15 24 1448 58
ROW 1449 0 7 16 1449 85
ROW 1449 1 3 32 1449 38
ROW 1449 2 0 31 1449 0
ROW 1449 3 0 8 1449 161
ROW 1449 4 2 4 1449 287
ROW 1449 5 197 255 1449 7
ROW 1449 6 0 21 1449 0
ROW 1449 7 24 24 1449 59
ROW 1450 0 8 16 1450 85
ROW 1450 1 5 32 1450 38
ROW 1450 2 3 31 1450 0
ROW 1450 3 4 8 1450 161
ROW 1450 4 2 4 1450 287
ROW 1450 5 203 255 1450 7
ROW 1450 6 7 21 1450 0
ROW 1450 7 7 24 1450 59
ROW 1451 0 9 16 1451 85
ROW 1451 1 7 32 1451 38
ROW 1451 2 6 31 1451 0
ROW 1451 3 8 8 1451 162
ROW 1451 4 2 4 1451 287
ROW 1451 5 209 255 1451 7
ROW 1451 6 14 21 1451 0
ROW 1451 7 15 24 1451 59
ROW 1452 0 10 16 1452 85
ROW 1452 1 9 32 1452 38
ROW 1452 2 9 31 1452 0
ROW 1452 3 3 8 1452 162
ROW 1452 4 2 4 1452 287
ROW 1452 5 215 255 1452 7
ROW 1452 6 21 21 1452 0
ROW 1452 7 23 24 1452 59
ROW 1453 0 11 16 1453 85
ROW 1453 1 11 32 1453 38
ROW 1453 2 12 31 1453 0
ROW 1453 3 7 8 1453 162
ROW 1453 4 2 4 1453 287
ROW 1453 5 221 255 1453 7
ROW 1453 6 3 21 1453 0
ROW 1453 7 6 24 1453 59
ROW 1454 0 12 16 1454 85
ROW 1454 1 13 32 1454 38
ROW 1454 2 15 31 1454 0
ROW 1454 3 2 8 1454 162
ROW 1454 4 2 4 1454 287
ROW 1454 5 227 255 1454 7
ROW 1454 6 10 21 1454 0
ROW 1454 7 14 24 1454 59
ROW 1455 0 13 16 1455 85
ROW 1455 1 15 32 1455 38
ROW 1455 2 18 31 1455 0
ROW 1455 3 6 8 1455 162
ROW 1455 4 2 4 1455 287
ROW 1455 5 233 255 1455 7
ROW 1455 6 17 21 1455 0
ROW 1455 7 22 24 1455 59
ROW 1456 0 15 16 1456 85
ROW 1456 1 18 32 1456 38
ROW 1456 2 22 31 1456 0
ROW 1456 3 2 8 1456 162
ROW 1456 4 3 4 1456 287
ROW 1456 5 240 255 1456 7
ROW 1456 6 0 21 1456 0
ROW 1456 7 6 24 1456 59
ROW 1457 0 16 16 1457 86
ROW 1457 1 20 32 1457 38
ROW 1457 2 25 31 1457 0
ROW 1457 3 6 8 1457 162
ROW 1457 4 3 4 1457 287
ROW 1457 5 246 255 1457 7
ROW 1457 6 7 21 1457 0
ROW 1457 7 14 24 1457 59
ROW 1458 0 0 16 1458 86
ROW 1458 1 22 32 1458 38
ROW 1458 2 28 31 1458 0
ROW 1458 3 1 8 1458 162
ROW 1458 4 3 4 1458 287
ROW 1458 5 252 255 1458 7
ROW 1458 6 14 21 1458 0
ROW 1458 7 22 24 1458 59
ROW 1459 0 1 16 1459 86
ROW 1459 1 24 32 1459 38
ROW 1459 2 31 31 1459 0
ROW 1459 3 5 8 1459 162
ROW 1459 4 3 4 1459 287
ROW 1459 5 2 255 1459 7
ROW 1459 6 21 21 1459 0
ROW 1459 7 5 24 1459 59
ROW 1460 0 2 16 1460 86
ROW 1460 1 26 32 1460 38
ROW 1460 2 1 31 1460 0
ROW 1460 3 0 8 1460 162
ROW 1460 4 3 4 1460 287
ROW 1460 5 8 255 1460 7
ROW 1460 6 3 21 1460 0
ROW 1460 7 13 24 1460 59
ROW 1461 0 3 16 1461 86
ROW 1461 1 28 32 1461 38
ROW 1461 2 4 31 1461 0
ROW 1461 3 4 8 1461 162
ROW 1461 4 3 4 1461 287
ROW 1461 5 14 255 1461 7
ROW 1461 6 10 21 1461 0
ROW 1461 7 21 24 1461 59
ROW 1462 0 4 16 1462 86
ROW 1462 1 30 32 1462 38
ROW 1462 2 7 31 1462 0
ROW 1462 3 8 8 1462 163
ROW 1462 4 3 4 1462 287
ROW 1462 5 20 255 1462 7
ROW 1462 6 17 21 1462 0
ROW 1462 7 4 24 1462 59
ROW 1463 0 6 16 1463 86
ROW 1463 1 0 32 1463 38
ROW 1463 2 11 31 1463 0
ROW 1463 3 4 8 1463 163
ROW 1463 4 4 4 1463 288
ROW 1463 5 27 255 1463 7
ROW 1463 6 0 21 1463 0
ROW 1463 7 13 24 1463 59
ROW 1464 0 7 16 1464 86
ROW 1464 1 2 32 1464 38
ROW 1464 2 14 31 1464 0
ROW 1464 3 8 8 1464 164
ROW 1464 4 4 4 1464 289
ROW 1464 5 33 255 1464 7
ROW 1464 6 7 21 1464 0
ROW 1464 7 21 24 1464 59
ROW 1465 0 8 16 1465 86
ROW 1465 1 4 32 1465 38
ROW 1465 2 17 31 1465 0
ROW 1465 3 3 8 1465 164
ROW 1465 4 4 4 1465 290
ROW 1465 5 39 255 1465 7
ROW 1465 6 14 21 1465 0
ROW 1465 7 4 24 1465 59
ROW 1466 0 9 16 1466 86
ROW 1466 1 6 32 1466 38
ROW 1466 2 20 31 1466 0
ROW 1466 3 7 8 1466 164
ROW 1466 4 4 4 1466 291
ROW 1466 5 45 255 1466 7
ROW 1466 6 21 21 1466 0
ROW 1466 7 12 24 1466 59
ROW 1467 0 10 16 1467 86
ROW 1467 1 8 32 1467 38
ROW 1467 2 23 31 1467 0
ROW 1467 3 2 8 1467 164
ROW 1467 4 4 4 1467 292
ROW 1467 5 51 255 1467 7
ROW 1467 6 3 21 1467 0
ROW 1467 7 20 24 1467 59
ROW 1468 0 11 16 1468 86
ROW 1468 1 10 32 1468 38
ROW 1468 2 26 31 1468 0
ROW 1468 3 6 8 1468 164
ROW 1468 4 4 4 1468 293
ROW 1468 5 57 255 1468 7
ROW 1468 6 10 21 1468 0
ROW 1468 7 3 24 1468 59
ROW 1469 0 12 16 1469 86
ROW 1469 1 12 32 1469 38
ROW 1469 2 29 31 1469 0
ROW 1469 3 1 8 1469 164
ROW 1469 4 4 4 1469 294
ROW 1469 5 63 255 1469 7
ROW 1469 6 17 21 1469 0
ROW 1469 7 11 24 1469 59
ROW 1470 0 14 16 1470 86
ROW 1470 1 15 32 1470 38
ROW 1470 2 0 31 1470 0
ROW 1470 3 6 8 1470 164
ROW 1470 4 0 4 1470 294
ROW 1470 5 70 255 1470 7
ROW 1470 6 0 21 1470 0
ROW 1470 7 20 24 1470 59
ROW 1471 0 15 16 1471 86
ROW 1471 1 17 32 1471 38
ROW 1471 2 3 31 1471 0
ROW 1471 3 1 8 1471 164
ROW 1471 4 0 4 1471 294
ROW 1471 5 76 255 1471 7
ROW 1471 6 7 21 1471 0
ROW 1471 7 3 24 1471 59
ROW 1472 0 16 16 1472 87
ROW 1472 1 19 32 1472 38
ROW 1472 2 6 31 1472 0
ROW 1472 3 5 8 1472 164
ROW 1472 4 0 4 1472 294
ROW 1472 5 82 255 1472 7
ROW 1472 6 14 21 1472 0
ROW 1472 7 11 24 1472 59
ROW 1473 0 0 16 1473 87
ROW 1473 1 21 32 1473 38
ROW 1473 2 9 31 1473 0
ROW 1473 3 0 8 1473 164
ROW 1473 4 0 4 1473 294
ROW 1473 5 88 255 1473 7
ROW 1473 6 21 21 1473 0
ROW 1473 7 19 24 1473 59
ROW 1474 0 1 16 1474 87
ROW 1474 1 23 32 1474 38
ROW 1474 2 12 31 1474 0
ROW 1474 3 4 8 1474 164
ROW 1474 4 0 4 1474 294
ROW 1474 5 94 255 1474 7
ROW 1474 6 3 21 1474 0
ROW 1474 7 2 24 1474 59
ROW 1475 0 2 16 1475 87
ROW 1475 1 25 32 1475 38
ROW 1475 2 15 31 1475 0
ROW 1475 3 8 8 1475 165
ROW 1475 4 0 4 1475 294
ROW 1475 5 100 255 1475 7
ROW 1475 6 10 21 1475 0
ROW 1475 7 10 24 1475 59
ROW 1476 0 3 16 1476 87
ROW 1476 1 27 32 1476 38
ROW 1476 2 18 31 1476 0
ROW 1476 3 3 8 1476 165
ROW 1476 4 0 4 1476 294
ROW 1476 5 106 255 1476 7
ROW 1476 6 17 21 1476 0
ROW 1476 7 18 24 1476 59
ROW 1477 0 5 16 1477 87
ROW 1477 1 30 32 1477 38
ROW 1477 2 22 31 1477 0
ROW 1477 3 8 8 1477 166
ROW 1477 4 1 4 1477 294
ROW 1477 5 113 255 1477 7
ROW 1477 6 0 21 1477 0
ROW 1477 7 2 24 1477 59
ROW 1478 0 6 16 1478 87
ROW 1478 1 32 32 1478 39
ROW 1478 2 25 31 1478 0
ROW 1478 3 3 8 1478 166
ROW 1478 4 1 4 1478 294
ROW 1478 5 119 255 1478 7
ROW 1478 6 7 21 1478 0
ROW 1478 7 10 24 1478 59
ROW 1479 0 7 16 1479 87
ROW 1479 1 1 32 1479 39
ROW 1479 2 28 31 1479 0
ROW 1479 3 7 8 1479 166
ROW 1479 4 1 4 1479 294
ROW 1479 5 125 255 1479 7
ROW 1479 6 14 21 1479 0
ROW 1479 7 18 24 1479 59
ROW 1480 0 8 16 1480 87
ROW 1480 1 3 32 1480 39
ROW 1480 2 31 31 1480 0
ROW 1480 3 2 8 1480 166
ROW 1480 4 1 4 1480 294
ROW 1480 5 131 255 1480 7
ROW 1480 6 21 21 1480 0
ROW 1480 7 1 24 1480 59
ROW 1481 0 9 16 1481 87
ROW 1481 1 5 32 1481 39
ROW 1481 2 1 31 1481 0
ROW 1481 3 6 8 1481 166
ROW 1481 4 1 4 1481 294
ROW 1481 5 137 255 1481 7
ROW 1481 6 3 21 1481 0
ROW 1481 7 9 24 1481 59
ROW 1482 0 10 16 1482 87
ROW 1482 1 7 32 1482 39
ROW 1482 2 4 31 1482 0
ROW 1482 3 1 8 1482 166
ROW 1482 4 1 4 1482 294
ROW 1482 5 143 255 1482 7
ROW 1482 6 10 21 1482 0
ROW 1482 7 17 24 1482 59
ROW 1483 0 11 16 1483 87
ROW 1483 1 9 32 1483 39
ROW 1483 2 7 31 1483 0
ROW 1483 3 5 8 1483 166
ROW 1483 4 1 4 1483 294
ROW 1483 5 149 255 1483 7
ROW 1483 6 17 21 1483 0
ROW 1483 7 0 24 1483 59
ROW 1484 0 13 16 1484 87
ROW 1484 1 12 32 1484 39
ROW 1484 2 11 31 1484 0
ROW 1484 3 1 8 1484 166
ROW 1484 4 2 4 1484 294
ROW 1484 5 156 255 1484 7
ROW 1484 6 0 21 1484 0
ROW 1484 7 9 24 1484 59
ROW 1485 0 14 16 1485 87
ROW 1485 1 14 32 1485 39
ROW 1485 2 14 31 1485 0
ROW 1485 3 5 8 1485 166
ROW 1485 4 2 4 1485 294
ROW 1485 5 162 255 1485 7
ROW 1485 6 7 21 1485 0
ROW 1485 7 17 24 1485 59
ROW 1486 0 15 16 1486 87
ROW 1486 1 16 32 1486 39
ROW 1486 2 17 31 1486 0
ROW 1486 3 0 8 1486 166
ROW 1486 4 2 4 1486 294
ROW 1486 5 168 255 1486 7
ROW 1486 6 14 21 1486 0
ROW 1486 7 0 24 1486 59
ROW 1487 0 16 16 1487 88
ROW 1487 1 18 32 1487 39
ROW 1487 2 20 31 1487 0
ROW 1487 3 4 8 1487 166
ROW 1487 4 2 4 1487 294
ROW 1487 5 174 255 1487 7
ROW 1487 6 21 21 1487 0
ROW 1487 7 8 24 1487 59
ROW 1488 0 0 16 1488 88
ROW 1488 1 20 32 1488 39
ROW 1488 2 23 31 1488 0
ROW 1488 3 8 8 1488 167
ROW 1488 4 2 4 1488 294
ROW 1488 5 180 255 1488 7
ROW 1488 6 3 21 1488 0
ROW 1488 7 16 24 1488 59
ROW 1489 0 1 16 1489 88
ROW 1489 1 22 32 1489 39
ROW 1489 2 26 31 1489 0
ROW 1489 3 3 8 1489 167
ROW 1489 4 2 4 1489 294
ROW 1489 5 186 255 1489 7
ROW 1489 6 10 21 1489 0
ROW 1489 7 24 24 1489 60
ROW 1490 0 2 16 1490 88
ROW 1490 1 24 32 1490 39
ROW 1490 2 29 31 1490 0
ROW 1490 3 7 8 1490 167
ROW 1490 4 2 4 1490 294
ROW 1490 5 192 255 1490 7
ROW 1490 6 17 21 1490 0
ROW 1490 7 7 24 1490 60
ROW 1491 0 4 16 1491 88
ROW 1491 1 27 32 1491 39
ROW 1491 2 0 31 1491 0
ROW 1491 3 3 8 1491 167
ROW 1491 4 3 4 1491 294
ROW 1491 5 199 255 1491 7
ROW 1491 6 0 21 1491 0
ROW 1491 7 16 24 1491 60
ROW 1492 0 5 16 1492 88
ROW 1492 1 29 32 1492 39
ROW 1492 2 3 31 1492 0
ROW 1492 3 7 8 1492 167
ROW 1492 4 3 4 1492 294
ROW 1492 5 205 255 1492 7
ROW 1492 6 7 21 1492 0
ROW 1492 7 24 24 1492 61
ROW 1493 0 6 16 1493 88
ROW 1493 1 31 32 1493 39
ROW 1493 2 6 31 1493 0
ROW 1493 3 2 8 1493 167
ROW 1493 4 3 4 1493 294
ROW 1493 5 211 255 1493 7
ROW 1493 6 14 21 1493 0
ROW 1493 7 7 24 1493 61
ROW 1494 0 7 16 1494 88
ROW 1494 1 0 32 1494 39
ROW 1494 2 9 31 1494 0
ROW 1494 3 6 8 1494 167
ROW 1494 4 3 4 1494 294
ROW 1494 5 217 255 1494 7
ROW 1494 6 21 21 1494 0
ROW 1494 7 15 24 1494 61
ROW 1495 0 8 16 1495 88
ROW 1495 1 2 32 1495 39
ROW 1495 2 12 31 1495 0
ROW 1495 3 1 8 1495 167
ROW 1495 4 3 4 1495 294
ROW 1495 5 223 255 1495 7
ROW 1495 6 3 21 1495 0
ROW 1495 7 23 24 1495 61
ROW 1496 0 9 16 1496 88
ROW 1496 1 4 32 1496 39
ROW 1496 2 15 31 1496 0
ROW 1496 3 5 8 1496 167
ROW 1496 4 3 4 1496 294
ROW 1496 5 229 255 1496 7
ROW 1496 6 10 21 1496 0
ROW 1496 7 6 24 1496 61
ROW 1497 0 10 16 1497 88
ROW 1497 1 6 32 1497 39
ROW 1497 2 18 31 1497 0
ROW 1497 3 0 8 1497 167
ROW 1497 4 3 4 1497 294
ROW 1497 5 235 255 1497 7
ROW 1497 6 17 21 1497 0
ROW 1497 7 14 24 1497 61
ROW 1498 0 12 16 1498 88
ROW 1498 1 9 32 1498 39
ROW 1498 2 22 31 1498 0
ROW 1498 3 5 8 1498 167
ROW 1498 4 4 4 1498 295
ROW 1498 5 242 255 1498 7
ROW 1498 6 0 21 1498 0
ROW 1498 7 23 24 1498 61
ROW 1499 0 13 16 1499 88
ROW 1499 1 11 32 1499 39
ROW 1499 2 25 31 1499 0
ROW 1499 3 0 8 1499 167
ROW 1499 4 4 4 1499 296
ROW 1499 5 248 255 1499 7
ROW 1499 6 7 21 1499 0
ROW 1499 7 6 24 1499 61
ROW 1500 0 14 16 1500 88
ROW 1500 1 13 32 1500 39
ROW 1500 2 28 31 1500 0
ROW 1500 3 4 8 1500 167
ROW 1500 4 4 4 1500 297
ROW 1500 5 254 255 1500 7
ROW 1500 6 14 21 1500 0
ROW 1500 7 14 24 1500 61
ROW 1501 0 15 16 1501 88
ROW 1501 1 15 32 1501 39
ROW 1501 2 31 31 1501 0
ROW 1501 3 8 8 1501 168
ROW 1501 4 4 4 1501 298
ROW 1501 5 4 255 1501 7
ROW 1501 6 21 21 1501 0
ROW 1501 7 22 24 1501 61
ROW 1502 0 16 16 1502 89
ROW 1502 1 17 32 1502 39
ROW 1502 2 1 31 1502 0
ROW 1502 3 3 8 1502 168
ROW 1502 4 4 4 1502 299
ROW 1502 5 10 255 1502 7
ROW 1502 6 3 21 1502 0
ROW 1502 7 5 24 1502 61
ROW 1503 0 0 16 1503 89
ROW 1503 1 19 32 1503 39
ROW 1503 2 4 31 1503 0
ROW 1503 3 7 8 1503 168
ROW 1503 4 4 4 1503 300
ROW 1503 5 16 255 1503 7
ROW 1503 6 10 21 1503 0
ROW 1503 7 13 24 1503 61
ROW 1504 0 1 16 1504 89
ROW 1504 1 21 32 1504 39
ROW 1504 2 7 31 1504 0
ROW 1504 3 2 8 1504 168
ROW 1504 4 4 4 1504 301
ROW 1504 5 22 255 1504 7
ROW 1504 6 17 21 1504 0
ROW 1504 7 21 24 1504 61
ROW 1505 0 3 16 1505 89
ROW 1505 1 24 32 1505 39
ROW 1505 2 11 31 1505 0
ROW 1505 3 7 8 1505 168
ROW 1505 4 0 4 1505 301
ROW 1505 5 29 255 1505 7
ROW 1505 6 0 21 1505 0
ROW 1505 7 5 24 1505 61
ROW 1506 0 4 16 1506 89
ROW 1506 1 26 32 1506 39
ROW 1506 2 14 31 1506 0
ROW 1506 3 2 8 1506 168
ROW 1506 4 0 4 1506 301
ROW 1506 5 35 255 1506 7
ROW 1506 6 7 21 1506 0
ROW 1506 7 13 24 1506 61
ROW 1507 0 5 16 1507 89
ROW 1507 1 28 32 1507 39
ROW 1507 2 17 31 1507 0
ROW 1507 3 6 8 1507 168
ROW 1507 4 0 4 1507 301
ROW 1507 5 41 255 1507 7
ROW 1507 6 14 21 1507 0
ROW 1507 7 21 24 1507 61
ROW 1508 0 6 16 1508 89
ROW 1508 1 30 32 1508 39
ROW 1508 2 20 31 1508 0
ROW 1508 3 1 8 1508 168
ROW 1508 4 0 4 1508 301
ROW 1508 5 47 255 1508 7
ROW 1508 6 21 21 1508 0
ROW 1508 7 4 24 1508 61
ROW 1509 0 7 16 1509 89
ROW 1509 1 32 32 1509 40
ROW 1509 2 23 31 1509 0
ROW 1509 3 5 8 1509 168
ROW 1509 4 0 4 1509 301
ROW 1509 5 53 255 1509 7
ROW 1509 6 3 21 1509 0
ROW 1509 7 12 24 1509 61
ROW 1510 0 8 16 1510 89
ROW 1510 1 1 32 1510 40
ROW 1510 2 26 31 1510 0
ROW 1510 3 0 8 1510 168
ROW 1510 4 0 4 1510 301
ROW 1510 5 59 255 1510 7
ROW 1510 6 10 21 1510 0
ROW 1510 7 20 24 1510 61
ROW 1511 0 9 16 1511 89
ROW 1511 1 3 32 1511 40
ROW 1511 2 29 31 1511 0
ROW 1511 3 4 8 1511 168
ROW 1511 4 0 4 1511 301
ROW 1511 5 65 255 1511 7
ROW 1511 6 17 21 1511 0
ROW 1511 7 3 24 1511 61
ROW 1512 0 11 16 1512 89
ROW 1512 1 6 32 1512 40
ROW 1512 2 0 31 1512 0
ROW 1512 3 0 8 1512 168
ROW 1512 4 1 4 1512 301
ROW 1512 5 72 255 1512 7
ROW 1512 6 0 21 1512 0
ROW 1512 7 12 24 1512 61
ROW 1513 0 12 16 1513 89
ROW 1513 1 8 32 1513 40
ROW 1513 2 3 31 1513 0
ROW 1513 3 4 8 1513 168
ROW 1513 4 1 4 1513 301
ROW 1513 5 78 255 1513 7
ROW 1513 6 7 21 1513 0
ROW 1513 7 20 24 1513 61
ROW 1514 0 13 16 1514 89
ROW 1514 1 10 32 1514 40
ROW 1514 2 6 31 1514 0
ROW 1514 3 8 8 1514 169
ROW 1514 4 1 4 1514 301
ROW 1514 5 84 255 1514 7
ROW 1514 6 14 21 1514 0
ROW 1514 7 3 24 1514 61
ROW 1515 0 14 16 1515 89
ROW 1515 1 12 32 1515 40
ROW 1515 2 9 31 1515 0
ROW 1515 3 3 8 1515 169
ROW 1515 4 1 4 1515 301
ROW 1515 5 90 255 1515 7
ROW 1515 6 21 21 1515 0
ROW 1515 7 11 24 1515 61
ROW 1516 0 15 16 1516 89
ROW 1516 1 14 32 1516 40
ROW 1516 2 12 31 1516 0
ROW 1516 3 7 8 1516 169
ROW 1516 4 1 4 1516 301
ROW 1516 5 96 255 1516 7
ROW 1516 6 3 21 1516 0
ROW 1516 7 19 24 1516 61
ROW 1517 0 16 16 1517 90
ROW 1517 1 16 32 1517 40
ROW 1517 2 15 31 1517 0
ROW 1517 3 2 8 1517 169
ROW 1517 4 1 4 1517 301
ROW 1517 5 102 255 1517 7
ROW 1517 6 10 21 1517 0
ROW 1517 7 2 24 1517 61
ROW 1518 0 0 16 1518 90
ROW 1518 1 18 32 1518 40
ROW 1518 2 18 31 1518 0
ROW 1518 3 6 8 1518 169
ROW 1518 4 1 4 1518 301
ROW 1518 5 108 255 1518 7
ROW 1518 6 17 21 1518 0
ROW 1518 7 10 24 1518 61
ROW 1519 0 2 16 1519 90
ROW 1519 1 21 32 1519 40
ROW 1519 2 22 31 1519 0
ROW 1519 3 2 8 1519 169
ROW 1519 4 2 4 1519 301
ROW 1519 5 115 255 1519 7
ROW 1519 6 0 21 1519 0
ROW 1519 7 19 24 1519 61
ROW 1520 0 3 16 1520 90
ROW 1520 1 23 32 1520 40
ROW 1520 2 25 31 1520 0
ROW 1520 3 6 8 1520 169
ROW 1520 4 2 4 1520 301
ROW 1520 5 121 255 1520 7
ROW 1520 6 7 21 1520 0
ROW 1520 7 2 24 1520 61
ROW 1521 0 4 16 1521 90
ROW 1521 1 25 32 1521 40
ROW 1521 2 28 31 1521 0
ROW 1521 3 1 8 1521 169
ROW 1521 4 2 4 1521 301
ROW 1521 5 127 255 1521 7
ROW 1521 6 14 21 1521 0
ROW 1521 7 10 24 1521 61
ROW 1522 0 5 16 1522 90
ROW 1522 1 27 32 1522 40
ROW 1522 2 31 31 1522 0
ROW 1522 3 5 8 1522 169
ROW 1522 4 2 4 1522 301
ROW 1522 5 133 255 1522 7
ROW 1522 6 21 21 1522 0
ROW 1522 7 18 24 1522 61
ROW 1523 0 6 16 1523 90
ROW 1523 1 29 32 1523 40
ROW 1523 2 1 31 1523 0
ROW 1523 3 0 8 1523 169
ROW 1523 4 2 4 1523 301
ROW 1523 5 139 255 1523 7
ROW 1523 6 3 21 1523 0
ROW 1523 7 1 24 1523 61
ROW 1524 0 7 16 1524 90
ROW 1524 1 31 32 1524 40
ROW 1524 2 4 31 1524 0
ROW 1524 3 4 8 1524 169
ROW 1524 4 2 4 1524 301
ROW 1524 5 145 255 1524 7
ROW 1524 6 10 21 1524 0
ROW 1524 7 9 24 1524 61
ROW 1525 0 8 16 1525 90
ROW 1525 1 0 32 1525 40
ROW 1525 2 7 31 1525 0
ROW 1525 3 8 8 1525 170
ROW 1525 4 2 4 1525 301
ROW 1525 5 151 255 1525 7
ROW 1525 6 17 21 1525 0
ROW 1525 7 17 24 1525 61
ROW 1526 0 10 16 1526 90
ROW 1526 1 3 32 1526 40
ROW 1526 2 11 31 1526 0
ROW 1526 3 4 8 1526 170
ROW 1526 4 3 4 1526 301
ROW 1526 5 158 255 1526 7
ROW 1526 6 0 21 1526 0
ROW 1526 7 1 24 1526 61
ROW 1527 0 11 16 1527 90
ROW 1527 1 5 32 1527 40
ROW 1527 2 14 31 1527 0
ROW 1527 3 8 8 1527 171
ROW 1527 4 3 4 1527 301
ROW 1527 5 164 255 1527 7
ROW 1527 6 7 21 1527 0
ROW 1527 7 9 24 1527 61
ROW 1528 0 12 16 1528 90
ROW 1528 1 7 32 1528 40
ROW 1528 2 17 31 1528 0
ROW 1528 3 3 8 1528 171
ROW 1528 4 3 4 1528 301
ROW 1528 5 170 255 1528 7
ROW 1528 6 14 21 1528 0
ROW 1528 7 17 24 1528 61
ROW 1529 0 13 16 1529 90
ROW 1529 1 9 32 1529 40
ROW 1529 2 20 31 1529 0
ROW 1529 3 7 8 1529 171
ROW 1529 4 3 4 1529 301
ROW 1529 5 176 255 1529 7
ROW 1529 6 21 21 1529 0
ROW 1529 7 0 24 1529 61
ROW 1530 0 14 16 1530 90
ROW 1530 1 11 32 1530 40
ROW 1530 2 23 31 1530 0
ROW 1530 3 2 8 1530 171
ROW 1530 4 3 4 1530 301
ROW 1530 5 182 255 1530 7
ROW 1530 6 3 21 1530 0
ROW 1530 7 8 24 1530 61
ROW 1531 0 15 16 1531 90
ROW 1531 1 13 32 1531 40
ROW 1531 2 26 31 1531 0
ROW 1531 3 6 8 1531 171
ROW 1531 4 3 4 1531 301
ROW 1531 5 188 255 1531 7
ROW 1531 6 10 21 1531 0
ROW 1531 7 16 24 1531 61
ROW 1532 0 16 16 1532 91
ROW 1532 1 15 32 1532 40
ROW 1532 2 29 31 1532 0
ROW 1532 3 1 8 1532 171
ROW 1532 4 3 4 1532 301
ROW 1532 5 194 255 1532 7
ROW 1532 6 17 21 1532 0
ROW 1532 7 24 24 1532 62
ROW 1533 0 1 16 1533 91
ROW 1533 1 18 32 1533 40
ROW 1533 2 0 31 1533 0
ROW 1533 3 6 8 1533 171
ROW 1533 4 4 4 1533 302
ROW 1533 5 201 255 1533 7
ROW 1533 6 0 21 1533 0
ROW 1533 7 8 24 1533 62
ROW 1534 0 2 16 1534 91
ROW 1534 1 20 32 1534 40
ROW 1534 2 3 31 1534 0
ROW 1534 3 1 8 1534 171
ROW 1534 4 4 4 1534 303
ROW 1534 5 207 255 1534 7
ROW 1534 6 7 21 1534 0
ROW 1534 7 16 24 1534 62
ROW 1535 0 3 16 1535 91
ROW 1535 1 22 32 1535 40
ROW 1535 2 6 31 1535 0
ROW 1535 3 5 8 1535 171
ROW 1535 4 4 4 1535 304
ROW 1535 5 213 255 1535 7
ROW 1535 6 14 21 1535 0
ROW 1535 7 24 24 1535 63
ROW 1536 0 4 16 1536 91
ROW 1536 1 24 32 1536 40
ROW 1536 2 9 31 1536 0
ROW 1536 3 0 8 1536 171
ROW 1536 4 4 4 1536 305
ROW 1536 5 219 255 1536 7
ROW 1536 6 21 21 1536 0
ROW 1536 7 7 24 1536 63
ROW 1537 0 5 16 1537 91
ROW 1537 1 26 32 1537 40
ROW 1537 2 12 31 1537 0
ROW 1537 3 4 8 1537 171
ROW 1537 4 4 4 1537 306
ROW 1537 5 225 255 1537 7
ROW 1537 6 3 21 1537 0
ROW 1537 7 15 24 1537 63
ROW 1538 0 6 16 1538 91
ROW 1538 1 28 32 1538 40
ROW 1538 2 15 31 1538 0
ROW 1538 3 8 8 1538 172
ROW 1538 4 4 4 1538 307
ROW 1538 5 231 255 1538 7
ROW 1538 6 10 21 1538 0
ROW 1538 7 23 24 1538 63
ROW 1539 0 7 16 1539 91
ROW 1539 1 30 32 1539 40
ROW 1539 2 18 31 1539 0
ROW 1539 3 3 8 1539 172
ROW 1539 4 4 4 1539 308
ROW 1539 5 237 255 1539 7
ROW 1539 6 17 21 1539 0
ROW 1539 7 6 24 1539 63
ROW 1540 0 9 16 1540 91
ROW 1540 1 0 32 1540 40
ROW 1540 2 22 31 1540 0
ROW 1540 3 8 8 1540 173
ROW 1540 4 0 4 1540 308
ROW 1540 5 244 255 1540 7
ROW 1540 6 0 21 1540 0
ROW 1540 7 15 24 1540 63
ROW 1541 0 10 16 1541 91
ROW 1541 1 2 32 1541 40
ROW 1541 2 25 31 1541 0
ROW 1541 3 3 8 1541 173
ROW 1541 4 0 4 1541 308
ROW 1541 5 250 255 1541 7
ROW 1541 6 7 21 1541 0
ROW 1541 7 23 24 1541 63
ROW 1542 0 11 16 1542 91
ROW 1542 1 4 32 1542 40
ROW 1542 2 28 31 1542 0
ROW 1542 3 7 8 1542 173
ROW 1542 4 0 4 1542 308
ROW 1542 5 0 255 1542 7
ROW 1542 6 14 21 1542 0
ROW 1542 7 6 24 1542 63
ROW 1543 0 12 16 1543 91
ROW 1543 1 6 32 1543 40
ROW 1543 2 31 31 1543 0
ROW 1543 3 2 8 1543 173
ROW 1543 4 0 4 1543 308
ROW 1543 5 6 255 1543 7
ROW 1543 6 21 21 1543 0
ROW 1543 7 14 24 1543 63
ROW 1544 0 13 16 1544 91
ROW 1544 1 8 32 1544 40
ROW 1544 2 1 31 1544 0
ROW 1544 3 6 8 1544 173
ROW 1544 4 0 4 1544 308
ROW 1544 5 12 255 1544 7
ROW 1544 6 3 21 1544 0
ROW 1544 7 22 24 1544 63
ROW 1545 0 14 16 1545 91
ROW 1545 1 10 32 1545 40
ROW 1545 2 4 31 1545 0
ROW 1545 3 1 8 1545 173
ROW 1545 4 0 4 1545 308
ROW 1545 5 18 255 1545 7
ROW 1545 6 10 21 1545 0
ROW 1545 7 5 24 1545 63
ROW 1546 0 15 16 1546 91
ROW 1546 1 12 32 1546 40
ROW 1546 2 7 31 1546 0
ROW 1546 3 5 8 1546 173
ROW 1546 4 0 4 1546 308
ROW 1546 5 24 255 1546 7
ROW 1546 6 17 21 1546 0
ROW 1546 7 13 24 1546 63
ROW 1547 0 0 16 1547 91
ROW 1547 1 15 32 1547 40
ROW 1547 2 11 31 1547 0
ROW 1547 3 1 8 1547 173
ROW 1547 4 1 4 1547 308
ROW 1547 5 31 255 1547 7
ROW 1547 6 0 21 1547 0
ROW 1547 7 22 24 1547 63
ROW 1548 0 1 16 1548 91
ROW 1548 1 17 32 1548 40
ROW 1548 2 14 31 1548 0
ROW 1548 3 5 8 1548 173
ROW 1548 4 1 4 1548 308
ROW 1548 5 37 255 1548 7
ROW 1548 6 7 21 1548 0
ROW 1548 7 5 24 1548 63
ROW 1549 0 2 16 1549 91
ROW 1549 1 19 32 1549 40
ROW 1549 2 17 31 1549 0
ROW 1549 3 0 8 1549 173
ROW 1549 4 1 4 1549 308
ROW 1549 5 43 255 1549 7
ROW 1549 6 14 21 1549 0
ROW 1549 7 13 24 1549 63
ROW 1550 0 3 16 1550 91
ROW 1550 1 21 32 1550 40
ROW 1550 2 20 31 1550 0
ROW 1550 3 4 8 1550 173
ROW 1550 4 1 4 1550 308
ROW 1550 5 49 255 1550 7
ROW 1550 6 21 21 1550 0
ROW 1550 7 21 24 1550 63
ROW 1551 0 4 16 1551 91
ROW 1551 1 23 32 1551 40
ROW 1551 2 23 31 1551 0
ROW 1551 3 8 8 1551 174
ROW 1551 4 1 4 1551 308
ROW 1551 5 55 255 1551 7
ROW 1551 6 3 21 1551 0
ROW 1551 7 4 24 1551 63
ROW 1552 0 5 16 1552 91
ROW 1552 1 25 32 1552 40
ROW 1552 2 26 31 1552 0
ROW 1552 3 3 8 1552 174
ROW 1552 4 1 4 1552 308
ROW 1552 5 61 255 1552 7
ROW 1552 6 10 21 1552 0
ROW 1552 7 12 24 1552 63
ROW 1553 0 6 16 1553 91
ROW 1553 1 27 32 1553 40
ROW 1553 2 29 31 1553 0
ROW 1553 3 7 8 1553 174
ROW 1553 4 1 4 1553 308
ROW 1553 5 67 255 1553 7
ROW 1553 6 17 21 1553 0
ROW 1553 7 20 24 1553 63
ROW 1554 0 8 16 1554 91
ROW 1554 1 30 32 1554 40
ROW 1554 2 0 31 1554 0
ROW 1554 3 3 8 1554 174
ROW 1554 4 2 4 1554 308
ROW 1554 5 74 255 1554 7
ROW 1554 6 0 21 1554 0
ROW 1554 7 4 24 1554 63
ROW 1555 0 9 16 1555 91
ROW 1555 1 32 32 1555 41
ROW 1555 2 3 31 1555 0
ROW 1555 3 7 8 1555 174
ROW 1555 4 2 4 1555 308
ROW 1555 5 80 255 1555 7
ROW 1555 6 7 21 1555 0
ROW 1555 7 12 24 1555 63
ROW 1556 0 10 16 1556 91
ROW 1556 1 1 32 1556 41
ROW 1556 2 6 31 1556 0
ROW 1556 3 2 8 1556 174
ROW 1556 4 2 4 1556 308
ROW 1556 5 86 255 1556 7
ROW 1556 6 14 21 1556 0
ROW 1556 7 20 24 1556 63
ROW 1557 0 11 16 1557 91
ROW 1557 1 3 32 1557 41
ROW 1557 2 9 31 1557 0
ROW 1557 3 6 8 1557 174
ROW 1557 4 2 4 1557 308
ROW 1557 5 92 255 1557 7
ROW 1557 6 21 21 1557 0
ROW 1557 7 3 24 1557 63
ROW 1558 0 12 16 1558 91
ROW 1558 1 5 32 1558 41
ROW 1558 2 12 31 1558 0
ROW 1558 3 1 8 1558 174
ROW 1558 4 2 4 1558 308
ROW 1558 5 98 255 1558 7
ROW 1558 6 3 21 1558 0
ROW 1558 7 11 24 1558 63
ROW 1559 0 13 16 1559 91
ROW 1559 1 7 32 1559 41
ROW 1559 2 15 31 1559 0
ROW 1559 3 5 8 1559 174
ROW 1559 4 2 4 1559 308
ROW 1559 5 104 255 1559 7
ROW 1559 6 10 21 1559 0
ROW 1559 7 19 24 1559 63
ROW 1560 0 14 16 1560 91
ROW 1560 1 9 32 1560 41
ROW 1560 2 18 31 1560 0
ROW 1560 3 0 8 1560 174
ROW 1560 4 2 4 1560 308
ROW 1560 5 110 255 1560 7
ROW 1560 6 17 21 1560 0
ROW 1560 7 2 24 1560 63
ROW 1561 0 16 16 1561 92
ROW 1561 1 12 32 1561 41
ROW 1561 2 22 31 1561 0
ROW 1561 3 5 8 1561 174
ROW 1561 4 3 4 1561 308
ROW 1561 5 117 255 1561 7
ROW 1561 6 0 21 1561 0
ROW 1561 7 11 24 1561 63
ROW 1562 0 0 16 1562 92
ROW 1562 1 14 32 1562 41
ROW 1562 2 25 31 1562 0
ROW 1562 3 0 8 1562 174
ROW 1562 4 3 4 1562 308
ROW 1562 5 123 255 1562 7
ROW 1562 6 7 21 1562 0
ROW 1562 7 19 24 1562 63
ROW 1563 0 1 16 1563 92
ROW 1563 1 16 32 1563 41
ROW 1563 2 28 31 1563 0
ROW 1563 3 4 8 1563 174
ROW 1563 4 3 4 1563 308
ROW 1563 5 129 255 1563 7
ROW 1563 6 14 21 1563 0
ROW 1563 7 2 24 1563 63
ROW 1564 0 2 16 1564 92
ROW 1564 1 18 32 1564 41
ROW 1564 2 31 31 1564 0
ROW 1564 3 8 8 1564 175
ROW 1564 4 3 4 1564 308
ROW 1564 5 135 255 1564 7
ROW 1564 6 21 21 1564 0
ROW 1564 7 10 24 1564 63
ROW 1565 0 3 16 1565 92
ROW 1565 1 20 32 1565 41
ROW 1565 2 1 31 1565 0
ROW 1565 3 3 8 1565 175
ROW 1565 4 3 4 1565 308
ROW 1565 5 141 255 1565 7
ROW 1565 6 3 21 1565 0
ROW 1565 7 18 24 1565 63
ROW 1566 0 4 16 1566 92
ROW 1566 1 22 32 1566 41
ROW 1566 2 4 31 1566 0
ROW 1566 3 7 8 1566 175
ROW 1566 4 3 4 1566 308
ROW 1566 5 147 255 1566 7
ROW 1566 6 10 21 1566 0
ROW 1566 7 1 24 1566 63
ROW 1567 0 5 16 1567 92
ROW 1567 1 24 32 1567 41
ROW 1567 2 7 31 1567 0
ROW 1567 3 2 8 1567 175
ROW 1567 4 3 4 1567 308
ROW 1567 5 153 255 1567 7
ROW 1567 6 17 21 1567 0
ROW 1567 7 9 24 1567 63
ROW 1568 0 7 16 1568 92
ROW 1568 1 27 32 1568 41
ROW 1568 2 11 31 1568 0
ROW 1568 3 7 8 1568 175
ROW 1568 4 4 4 1568 309
ROW 1568 5 160 255 1568 7
ROW 1568 6 0 21 1568 0
ROW 1568 7 18 24 1568 63
ROW 1569 0 8 16 1569 92
ROW 1569 1 29 32 1569 41
ROW 1569 2 14 31 1569 0
ROW 1569 3 2 8 1569 175
ROW 1569 4 4 4 1569 310
ROW 1569 5 166 255 1569 7
ROW 1569 6 7 21 1569 0
ROW 1569 7 1 24 1569 63
ROW 1570 0 9 16 1570 92
ROW 1570 1 31 32 1570 41
ROW 1570 2 17 31 1570 0
ROW 1570 3 6 8 1570 175
ROW 1570 4 4 4 1570 311
ROW 1570 5 172 255 1570 7
ROW 1570 6 14 21 1570 0
ROW 1570 7 9 24 1570 63
ROW 1571 0 10 16 1571 92
ROW 1571 1 0 32 1571 41
ROW 1571 2 20 31 1571 0
ROW 1571 3 1 8 1571 175
ROW 1571 4 4 4 1571 312
ROW 1571 5 178 255 1571 7
ROW 1571 6 21 21 1571 0
ROW 1571 7 17 24 1571 63
ROW 1572 0 11 16 1572 92
ROW 1572 1 2 32 1572 41
ROW 1572 2 23 31 1572 0
ROW 1572 3 5 8 1572 175
ROW 1572 4 4 4 1572 313
ROW 1572 5 184 255 1572 7
ROW 1572 6 3 21 1572 0
ROW 1572 7 0 24 1572 63
ROW 1573 0 12 16 1573 92
ROW 1573 1 4 32 1573 41
ROW 1573 2 26 31 1573 0
ROW 1573 3 0 8 1573 175
ROW 1573 4 4 4 1573 314
ROW 1573 5 190 255 1573 7
ROW 1573 6 10 21 1573 0
ROW 1573 7 8 24 1573 63
ROW 1574 0 13 16 1574 92
ROW 1574 1 6 32 1574 41
ROW 1574 2 29 31 1574 0
ROW 1574 3 4 8 1574 175
ROW 1574 4 4 4 1574 315
ROW 1574 5 196 255 1574 7
ROW 1574 6 17 21 1574 0
ROW 1574 7 16 24 1574 63
ROW 1575 0 15 16 1575 92
ROW 1575 1 9 32 1575 41
ROW 1575 2 0 31 1575 0
ROW 1575 3 0 8 1575 175
ROW 1575 4 0 4 1575 315
ROW 1575 5 203 255 1575 7
ROW 1575 6 0 21 1575 0
ROW 1575 7 0 24 1575 63
ROW 1576 0 16 16 1576 93
ROW 1576 1 11 32 1576 41
ROW 1576 2 3 31 1576 0
ROW 1576 3 4 8 1576 175
ROW 1576 4 0 4 1576 315
ROW 1576 5 209 255 1576 7
ROW 1576 6 7 21 1576 0
ROW 1576 7 8 24 1576 63
ROW 1577 0 0 16 1577 93
ROW 1577 1 13 32 1577 41
ROW 1577 2 6 31 1577 0
ROW 1577 3 8 8 1577 176
ROW 1577 4 0 4 1577 315
ROW 1577 5 215 255 1577 7
ROW 1577 6 14 21 1577 0
ROW 1577 7 16 24 1577 63
ROW 1578 0 1 16 1578 93
ROW 1578 1 15 32 1578 41
ROW 1578 2 9 31 1578 0
ROW 1578 3 3 8 1578 176
ROW 1578 4 0 4 1578 315
ROW 1578 5 221 255 1578 7
ROW 1578 6 21 21 1578 0
ROW 1578 7 24 24 1578 64
ROW 1579 0 2 16 1579 93
ROW 1579 1 17 32 1579 41
ROW 1579 2 12 31 1579 0
ROW 1579 3 7 8 1579 176
ROW 1579 4 0 4 1579 315
ROW 1579 5 227 255 1579 7
ROW 1579 6 3 21 1579 0
ROW 1579 7 7 24 1579 64
ROW 1580 0 3 16 1580 93
ROW 1580 1 19 32 1580 41
ROW 1580 2 15 31 1580 0
ROW 1580 3 2 8 1580 176
ROW 1580 4 0 4 1580 315
ROW 1580 5 233 255 1580 7
ROW 1580 6 10 21 1580 0
ROW 1580 7 15 24 1580 64
ROW 1581 0 4 16 1581 93
ROW 1581 1 21 32 1581 41
ROW 1581 2 18 31 1581 0
ROW 1581 3 6 8 1581 176
ROW 1581 4 0 4 1581 315
ROW 1581 5 239 255 1581 7
ROW 1581 6 17 21 1581 0
ROW 1581 7 23 24 1581 64
ROW 1582 0 6 16 1582 93
ROW 1582 1 24 32 1582 41
ROW 1582 2 22 31 1582 0
ROW 1582 3 2 8 1582 176
ROW 1582 4 1 4 1582 315
ROW 1582 5 246 255 1582 7
ROW 1582 6 0 21 1582 0
ROW 1582 7 7 24 1582 64
ROW 1583 0 7 16 1583 93
ROW 1583 1 26 32 1583 41
ROW 1583 2 25 31 1583 0
ROW 1583 3 6 8 1583 176
ROW 1583 4 1 4 1583 315
ROW 1583 5 252 255 1583 7
ROW 1583 6 7 21 1583 0
ROW 1583 7 15 24 1583 64
ROW 1584 0 8 16 1584 93
ROW 1584 1 28 32 1584 41
ROW 1584 2 28 31 1584 0
ROW 1584 3 1 8 1584 176
ROW 1584 4 1 4 1584 315
ROW 1584 5 2 255 1584 7
ROW 1584 6 14 21 1584 0
ROW 1584 7 23 24 1584 64
ROW 1585 0 9 16 1585 93
ROW 1585 1 30 32 1585 41
ROW 1585 2 31 31 1585 0
ROW 1585 3 5 8 1585 176
ROW 1585 4 1 4 1585 315
ROW 1585 5 8 255 1585 7
ROW 1585 6 21 21 1585 0
ROW 1585 7 6 24 1585 64
ROW 1586 0 10 16 1586 93
ROW 1586 1 32 32 1586 42
ROW 1586 2 1 31 1586 0
ROW 1586 3 0 8 1586 176
ROW 1586 4 1 4 1586 315
ROW 1586 5 14 255 1586 7
ROW 1586 6 3 21 1586 0
ROW 1586 7 14 24 1586 64
ROW 1587 0 11 16 1587 93
ROW 1587 1 1 32 1587 42
ROW 1587 2 4 31 1587 0
ROW 1587 3 4 8 1587 176
ROW 1587 4 1 4 1587 315
ROW 1587 5 20 255 1587 7
ROW 1587 6 10 21 1587 0
ROW 1587 7 22 24 1587 64
ROW 1588 0 12 16 1588 93
ROW 1588 1 3 32 1588 42
ROW 1588 2 7 31 1588 0
ROW 1588 3 8 8 1588 177
ROW 1588 4 1 4 1588 315
ROW 1588 5 26 255 1588 7
ROW 1588 6 17 21 1588 0
ROW 1588 7 5 24 1588 64
ROW 1589 0 14 16 1589 93
ROW 1589 1 6 32 1589 42
ROW 1589 2 11 31 1589 0
ROW 1589 3 4 8 1589 177
ROW 1589 4 2 4 1589 315
ROW 1589 5 33 255 1589 7
ROW 1589 6 0 21 1589 0
ROW 1589 7 14 24 1589 64
ROW 1590 0 15 16 1590 93
ROW 1590 1 8 32 1590 42
ROW 1590 2 14 31 1590 0
ROW 1590 3 8 8 1590 178
ROW 1590 4 2 4 1590 315
ROW 1590 5 39 255 1590 7
ROW 1590 6 7 21 1590 0
ROW 1590 7 22 24 1590 64
ROW 1591 0 16 16 1591 94
ROW 1591 1 10 32 1591 42
ROW 1591 2 17 31 1591 0
ROW 1591 3 3 8 1591 178
ROW 1591 4 2 4 1591 315
ROW 1591 5 45 255 1591 7
ROW 1591 6 14 21 1591 0
ROW 1591 7 5 24 1591 64
ROW 1592 0 0 16 1592 94
ROW 1592 1 12 32 1592 42
ROW 1592 2 20 31 1592 0
ROW 1592 3 7 8 1592 178
ROW 1592 4 2 4 1592 315
ROW 1592 5 51 255 1592 7
ROW 1592 6 21 21 1592 0
ROW 1592 7 13 24 1592 64
ROW 1593 0 1 16 1593 94
ROW 1593 1 14 32 1593 42
ROW 1593 2 23 31 1593 0
ROW 1593 3 2 8 1593 178
ROW 1593 4 2 4 1593 315
ROW 1593 5 57 255 1593 7
ROW 1593 6 3 21 1593 0
ROW 1593 7 21 24 1593 64
ROW 1594 0 2 16 1594 94
ROW 1594 1 16 32 1594 42
ROW 1594 2 26 31 1594 0
ROW 1594 3 6 8 1594 178
ROW 1594 4 2 4 1594 315
ROW 1594 5 63 255 1594 7
ROW 1594 6 10 21 1594 0
ROW 1594 7 4 24 1594 64
ROW 1595 0 3 16 1595 94
ROW 1595 1 18 32 1595 42
ROW 1595 2 29 31 1595 0
ROW 1595 3 1 8 1595 178
ROW 1595 4 2 4 1595 315
ROW 1595 5 69 255 1595 7
ROW 1595 6 17 21 1595 0
ROW 1595 7 12 24 1595 64
ROW 1596 0 5 16 1596 94
ROW 1596 1 21 32 1596 42
ROW 1596 2 0 31 1596 0
ROW 1596 3 6 8 1596 178
ROW 1596 4 3 4 1596 315
ROW 1596 5 76 255 1596 7
ROW 1596 6 0 21 1596 0
ROW 1596 7 21 24 1596 64
ROW 1597 0 6 16 1597 94
ROW 1597 1 23 32 1597 42
ROW 1597 2 3 31 1597 0
ROW 1597 3 1 8 1597 178
ROW 1597 4 3 4 1597 315
ROW 1597 5 82 255 1597 7
ROW 1597 6 7 21 1597 0
ROW 1597 7 4 24 1597 64
ROW 1598 0 7 16 1598 94
ROW 1598 1 25 32 1598 42
ROW 1598 2 6 31 1598 0
ROW 1598 3 5 8 1598 178
ROW 1598 4 3 4 1598 315
ROW 1598 5 88 255 1598 7
ROW 1598 6 14 21 1598 0
ROW 1598 7 12 24 1598 64
ROW 1599 0 8 16 1599 94
ROW 1599 1 27 32 1599 42
ROW 1599 2 9 31 1599 0
ROW 1599 3 0 8 1599 178
ROW 1599 4 3 4 1599 315
ROW 1599 5 94 255 1599 7
ROW 1599 6 21 21 1599 0
ROW 1599 7 20 24 1599 64
ROW 1600 0 9 16 1600 94
ROW 1600 1 29 32 1600 42
ROW 1600 2 12 31 1600 0
ROW 1600 3 4 8 1600 178
ROW 1600 4 3 4 1600 315
ROW 1600 5 100 255 1600 7
ROW 1600 6 3 21 1600 0
ROW 1600 7 3 24 1600 64
ROW 1601 0 10 16 1601 94
ROW 1601 1 31 32 1601 42
ROW 1601 2 15 31 1601 0
ROW 1601 3 8 8 1601 179
ROW 1601 4 3 4 1601 315
ROW 1601 5 106 255 1601 7
ROW 1601 6 10 21 1601 0
ROW 1601 7 11 24 1601 64
ROW 1602 0 11 16 1602 94
ROW 1602 1 0 32 1602 42
ROW 1602 2 18 31 1602 0
ROW 1602 3 3 8 1602 179
ROW 1602 4 3 4 1602 315
ROW 1602 5 112 255 1602 7
ROW 1602 6 17 21 1602 0
ROW 1602 7 19 24 1602 64
ROW 1603 0 13 16 1603 94
ROW 1603 1 3 32 1603 42
ROW 1603 2 22 31 1603 0
ROW 1603 3 8 8 1603 180
ROW 1603 4 4 4 1603 316
ROW 1603 5 119 255 1603 7
ROW 1603 6 0 21 1603 0
ROW 1603 7 3 24 1603 64
ROW 1604 0 14 16 1604 94
ROW 1604 1 5 32 1604 42
ROW 1604 2 25 31 1604 0
ROW 1604 3 3 8 1604 180
ROW 1604 4 4 4 1604 317
ROW 1604 5 125 255 1604 7
ROW 1604 6 7 21 1604 0
ROW 1604 7 11 24 1604 64
ROW 1605 0 15 16 1605 94
ROW 1605 1 7 32 1605 42
ROW 1605 2 28 31 1605 0
ROW 1605 3 7 8 1605 180
ROW 1605 4 4 4 1605 318
ROW 1605 5 131 255 1605 7
ROW 1605 6 14 21 1605 0
ROW 1605 7 19 24 1605 64
ROW 1606 0 16 16 1606 95
ROW 1606 1 9 32 1606 42
ROW 1606 2 31 31 1606 0
ROW 1606 3 2 8 1606 180
ROW 1606 4 4 4 1606 319
ROW 1606 5 137 255 1606 7
ROW 1606 6 21 21 1606 0
ROW 1606 7 2 24 1606 64
ROW 1607 0 0 16 1607 95
ROW 1607 1 11 32 1607 42
ROW 1607 2 1 31 1607 0
ROW 1607 3 6 8 1607 180
ROW 1607 4 4 4 1607 320
ROW 1607 5 143 255 1607 7
ROW 1607 6 3 21 1607 0
ROW 1607 7 10 24 1607 64
ROW 1608 0 1 16 1608 95
ROW 1608 1 13 32 1608 42
ROW 1608 2 4 31 1608 0
ROW 1608 3 1 8 1608 180
ROW 1608 4 4 4 1608 321
ROW 1608 5 149 255 1608 7
ROW 1608 6 10 21 1608 0
ROW 1608 7 18 24 1608 64
ROW 1609 0 2 16 1609 95
ROW 1609 1 15 32 1609 42
ROW 1609 2 7 31 1609 0
ROW 1609 3 5 8 1609 180
ROW 1609 4 4 4 1609 322
ROW 1609 5 155 255 1609 7
ROW 1609 6 17 21 1609 0
ROW 1609 7 1 24 1609 64
ROW 1610 0 4 16 1610 95
ROW 1610 1 18 32 1610 42
ROW 1610 2 11 31 1610 0
ROW 1610 3 1 8 1610 180
ROW 1610 4 0 4 1610 322
ROW 1610 5 162 255 1610 7
ROW 1610 6 0 21 1610 0
ROW 1610 7 10 24 1610 64
ROW 1611 0 5 16 1611 95
ROW 1611 1 20 32 1611 42
ROW 1611 2 14 31 1611 0
ROW 1611 3 5 8 1611 180
ROW 1611 4 0 4 1611 322
ROW 1611 5 168 255 1611 7
ROW 1611 6 7 21 1611 0
ROW 1611 7 18 24 1611 64
ROW 1612 0 6 16 1612 95
ROW 1612 1 22 32 1612 42
ROW 1612 2 17 31 1612 0
ROW 1612 3 0 8 1612 180
ROW 1612 4 0 4 1612 322
ROW 1612 5 174 255 1612 7
ROW 1612 6 14 21 1612 0
ROW 1612 7 1 24 1612 64
ROW 1613 0 7 16 1613 95
ROW 1613 1 24 32 1613 42
ROW 1613 2 20 31 1613 0
ROW 1613 3 4 8 1613 180
ROW 1613 4 0 4 1613 322
ROW 1613 5 180 255 1613 7
ROW 1613 6 21 21 1613 0
ROW 1613 7 9 24 1613 64
ROW 1614 0 8 16 1614 95
ROW 1614 1 26 32 1614 42
ROW 1614 2 23 31 1614 0
ROW 1614 3 8 8 1614 181
ROW 1614 4 0 4 1614 322
ROW 1614 5 186 255 1614 7
ROW 1614 6 3 21 1614 0
ROW 1614 7 17 24 1614 64
ROW 1615 0 9 16 1615 95
ROW 1615 1 28 32 1615 42
ROW 1615 2 26 31 1615 0
ROW 1615 3 3 8 1615 181
ROW 1615 4 0 4 1615 322
ROW 1615 5 192 255 1615 7
ROW 1615 6 10 21 1615 0
ROW 1615 7 0 24 1615 64
ROW 1616 0 10 16 1616 95
ROW 1616 1 30 32 1616 42
ROW 1616 2 29 31 1616 0
ROW 1616 3 7 8 1616 181
ROW 1616 4 0 4 1616 322
ROW 1616 5 198 255 1616 7
ROW 1616 6 17 21 1616 0
ROW 1616 7 8 24 1616 64
ROW 1617 0 12 16 1617 95
ROW 1617 1 0 32 1617 42
ROW 1617 2 0 31 1617 0
ROW 1617 3 3 8 1617 181
ROW 1617 4 1 4 1617 322
ROW 1617 5 205 255 1617 7
ROW 1617 6 0 21 1617 0
ROW 1617 7 17 24 1617 64
ROW 1618 0 13 16 1618 95
ROW 1618 1 2 32 1618 42
ROW 1618 2 3 31 1618 0
ROW 1618 3 7 8 1618 181
ROW 1618 4 1 4 1618 322
ROW 1618 5 211 255 1618 7
ROW 1618 6 7 21 1618 0
ROW 1618 7 0 24 1618 64
ROW 1619 0 14 16 1619 95
ROW 1619 1 4 32 1619 42
ROW 1619 2 6 31 1619 0
ROW 1619 3 2 8 1619 181
ROW 1619 4 1 4 1619 322
ROW 1619 5 217 255 1619 7
ROW 1619 6 14 21 1619 0
ROW 1619 7 8 24 1619 64
ROW 1620 0 15 16 1620 95
ROW 1620 1 6 32 1620 42
ROW 1620 2 9 31 1620 0
ROW 1620 3 6 8 1620 181
ROW 1620 4 1 4 1620 322
ROW 1620 5 223 255 1620 7
ROW 1620 6 21 21 1620 0
ROW 1620 7 16 24 1620 64
ROW 1621 0 16 16 1621 96
ROW 1621 1 8 32 1621 42
ROW 1621 2 12 31 1621 0
ROW 1621 3 1 8 1621 181
ROW 1621 4 1 4 1621 322
ROW 1621 5 229 255 1621 7
ROW 1621 6 3 21 1621 0
ROW 1621 7 24 24 1621 65
ROW 1622 0 0 16 1622 96
ROW 1622 1 10 32 1622 42
ROW 1622 2 15 31 1622 0
ROW 1622 3 5 8 1622 181
ROW 1622 4 1 4 1622 322
ROW 1622 5 235 255 1622 7
ROW 1622 6 10 21 1622 0
ROW 1622 7 7 24 1622 65
ROW 1623 0 1 16 1623 96
ROW 1623 1 12 32 1623 42
ROW 1623 2 18 31 1623 0
ROW 1623 3 0 8 1623 181
ROW 1623 4 1 4 1623 322
ROW 1623 5 241 255 1623 7
ROW 1623 6 17 21 1623 0
ROW 1623 7 15 24 1623 65
ROW 1624 0 3 16 1624 96
ROW 1624 1 15 32 1624 42
ROW 1624 2 22 31 1624 0
ROW 1624 3 5 8 1624 181
ROW 1624 4 2 4 1624 322
ROW 1624 5 248 255 1624 7
ROW 1624 6 0 21 1624 0
ROW 1624 7 24 24 1624 66
ROW 1625 0 4 16 1625 96
ROW 1625 1 17 32 1625 42
ROW 1625 2 25 31 1625 0
ROW 1625 3 0 8 1625 181
ROW 1625 4 2 4 1625 322
ROW 1625 5 254 255 1625 7
ROW 1625 6 7 21 1625 0
ROW 1625 7 7 24 1625 66
ROW 1626 0 5 16 1626 96
ROW 1626 1 19 32 1626 42
ROW 1626 2 28 31 1626 0
ROW 1626 3 4 8 1626 181
ROW 1626 4 2 4 1626 322
ROW 1626 5 4 255 1626 7
ROW 1626 6 14 21 1626 0
ROW 1626 7 15 24 1626 66
ROW 1627 0 6 16 1627 96
ROW 1627 1 21 32 1627 42
ROW 1627 2 31 31 1627 0
ROW 1627 3 8 8 1627 182
ROW 1627 4 2 4 1627 322
ROW 1627 5 10 255 1627 7
ROW 1627 6 21 21 1627 0
ROW 1627 7 23 24 1627 66
ROW 1628 0 7 16 1628 96
ROW 1628 1 23 32 1628 42
ROW 1628 2 1 31 1628 0
ROW 1628 3 3 8 1628 182
ROW 1628 4 2 4 1628 322
ROW 1628 5 16 255 1628 7
ROW 1628 6 3 21 1628 0
ROW 1628 7 6 24 1628 66
ROW 1629 0 8 16 1629 96
ROW 1629 1 25 32 1629 42
ROW 1629 2 4 31 1629 0
ROW 1629 3 7 8 1629 182
ROW 1629 4 2 4 1629 322
ROW 1629 5 22 255 1629 7
ROW 1629 6 10 21 1629 0
ROW 1629 7 14 24 1629 66
ROW 1630 0 9 16 1630 96
ROW 1630 1 27 32 1630 42
ROW 1630 2 7 31 1630 0
ROW 1630 3 2 8 1630 182
ROW 1630 4 2 4 1630 322
ROW 1630 5 28 255 1630 7
ROW 1630 6 17 21 1630 0
ROW 1630 7 22 24 1630 66
ROW 1631 0 11 16 1631 96
ROW 1631 1 30 32 1631 42
ROW 1631 2 11 31 1631 0
ROW 1631 3 7 8 1631 182
ROW 1631 4 3 4 1631 322
ROW 1631 5 35 255 1631 7
ROW 1631 6 0 21 1631 0
ROW 1631 7 6 24 1631 66
ROW 1632 0 12 16 1632 96
ROW 1632 1 32 32 1632 43
ROW 1632 2 14 31 1632 0
ROW 1632 3 2 8 1632 182
ROW 1632 4 3 4 1632 322
ROW 1632 5 41 255 1632 7
ROW 1632 6 7 21 1632 0
ROW 1632 7 14 24 1632 66
ROW 1633 0 13 16 1633 96
ROW 1633 1 1 32 1633 43
ROW 1633 2 17 31 1633 0
ROW 1633 3 6 8 1633 182
ROW 1633 4 3 4 1633 322
ROW 1633 5 47 255 1633 7
ROW 1633 6 14 21 1633 0
ROW 1633 7 22 24 1633 66
ROW 1634 0 14 16 1634 96
ROW 1634 1 3 32 1634 43
ROW 1634 2 20 31 1634 0
ROW 1634 3 1 8 1634 182
ROW 1634 4 3 4 1634 322
ROW 1634 5 53 255 1634 7
ROW 1634 6 21 21 1634 0
ROW 1634 7 5 24 1634 66
ROW 1635 0 15 16 1635 96
ROW 1635 1 5 32 1635 43
ROW 1635 2 23 31 1635 0
ROW 1635 3 5 8 1635 182
ROW 1635 4 3 4 1635 322
ROW 1635 5 59 255 1635 7
ROW 1635 6 3 21 1635 0
ROW 1635 7 13 24 1635 66
ROW 1636 0 16 16 1636 97
ROW 1636 1 7 32 1636 43
ROW 1636 2 26 31 1636 0
ROW 1636 3 0 8 1636 182
ROW 1636 4 3 4 1636 322
ROW 1636 5 65 255 1636 7
ROW 1636 6 10 21 1636 0
ROW 1636 7 21 24 1636 66
ROW 1637 0 0 16 1637 97
ROW 1637 1 9 32 1637 43
ROW 1637 2 29 31 1637 0
ROW 1637 3 4 8 1637 182
ROW 1637 4 3 4 1637 322
ROW 1637 5 71 255 1637 7
ROW 1637 6 17 21 1637 0
ROW 1637 7 4 24 1637 66
ROW 1638 0 2 16 1638 97
ROW 1638 1 12 32 1638 43
ROW 1638 2 0 31 1638 0
ROW 1638 3 0 8 1638 182
ROW 1638 4 4 4 1638 323
ROW 1638 5 78 255 1638 7
ROW 1638 6 0 21 1638 0
ROW 1638 7 13 24 1638 66
ROW 1639 0 3 16 1639 97
ROW 1639 1 14 32 1639 43
ROW 1639 2 3 31 1639 0
ROW 1639 3 4 8 1639 182
ROW 1639 4 4 4 1639 324
ROW 1639 5 84 255 1639 7
ROW 1639 6 7 21 1639 0
ROW 1639 7 21 24 1639 66
ROW 1640 0 4 16 1640 97
ROW 1640 1 16 32 1640 43
ROW 1640 2 6 31 1640 0
ROW 1640 3 8 8 1640 183
ROW 1640 4 4 4 1640 325
ROW 1640 5 90 255 1640 7
ROW 1640 6 14 21 1640 0
ROW 1640 7 4 24 1640 66
ROW 1641 0 5 16 1641 97
ROW 1641 1 18 32 1641 43
ROW 1641 2 9 31 1641 0
ROW 1641 3 3 8 1641 183
ROW 1641 4 4 4 1641 326
ROW 1641 5 96 255 1641 7
ROW 1641 6 21 21 1641 0
ROW 1641 7 12 24 1641 66
ROW 1642 0 6 16 1642 97
ROW 1642 1 20 32 1642 43
ROW 1642 2 12 31 1642 0
ROW 1642 3 7 8 1642 183
ROW 1642 4 4 4 1642 327
ROW 1642 5 102 255 1642 7
ROW 1642 6 3 21 1642 0
ROW 1642 7 20 24 1642 66
ROW 1643 0 7 16 1643 97
ROW 1643 1 22 32 1643 43
ROW 1643 2 15 31 1643 0
ROW 1643 3 2 8 1643 183
ROW 1643 4 4 4 1643 328
ROW 1643 5 108 255 1643 7
ROW 1643 6 10 21 1643 0
ROW 1643 7 3 24 1643 66
ROW 1644 0 8 16 1644 97
ROW 1644 1 24 32 1644 43
ROW 1644 2 18 31 1644 0
ROW 1644 3 6 8 1644 183
ROW 1644 4 4 4 1644 329
ROW 1644 5 114 255 1644 7
ROW 1644 6 17 21 1644 0
ROW 1644 7 11 24 1644 66
ROW 1645 0 10 16 1645 97
ROW 1645 1 27 32 1645 43
ROW 1645 2 22 31 1645 0
ROW 1645 3 2 8 1645 183
ROW 1645 4 0 4 1645 329
ROW 1645 5 121 255 1645 7
ROW 1645 6 0 21 1645 0
ROW 1645 7 20 24 1645 66
ROW 1646 0 11 16 1646 97
ROW 1646 1 29 32 1646 43
ROW 1646 2 25 31 1646 0
ROW 1646 3 6 8 1646 183
ROW 1646 4 0 4 1646 329
ROW 1646 5 127 255 1646 7
ROW 1646 6 7 21 1646 0
ROW 1646 7 3 24 1646 66
ROW 1647 0 12 16 1647 97
ROW 1647 1 31 32 1647 43
ROW 1647 2 28 31 1647 0
ROW 1647 3 1 8 1647 183
ROW 1647 4 0 4 1647 329
ROW 1647 5 133 255 1647 7
ROW 1647 6 14 21 1647 0
ROW 1647 7 11 24 1647 66
ROW 1648 0 13 16 1648 97
ROW 1648 1 0 32 1648 43
ROW 1648 2 31 31 1648 0
ROW 1648 3 5 8 1648 183
ROW 1648 4 0 4 1648 329
ROW 1648 5 139 255 1648 7
ROW 1648 6 21 21 1648 0
ROW 1648 7 19 24 1648 66
ROW 1649 0 14 16 1649 97
ROW 1649 1 2 32 1649 43
ROW 1649 2 1 31 1649 0
ROW 1649 3 0 8 1649 183
ROW 1649 4 0 4 1649 329
ROW 1649 5 145 255 1649 7
ROW 1649 6 3 21 1649 0
ROW 1649 7 2 24 1649 66
ROW 1650 0 15 16 1650 97
ROW 1650 1 4 32 1650 43
ROW 1650 2 4 31 1650 0
ROW 1650 3 4 8 1650 183
ROW 1650 4 0 4 1650 329
ROW 1650 5 151 255 1650 7
ROW 1650 6 10 21 1650 0
ROW 1650 7 10 24 1650 66
ROW 1651 0 16 16 1651 98
ROW 1651 1 6 32 1651 43
ROW 1651 2 7 31 1651 0
ROW 1651 3 8 8 1651 184
ROW 1651 4 0 4 1651 329
ROW 1651 5 157 255 1651 7
ROW 1651 6 17 21 1651 0
ROW 1651 7 18 24 1651 66
ROW 1652 0 1 16 1652 98
ROW 1652 1 9 32 1652 43
ROW 1652 2 11 31 1652 0
ROW 1652 3 4 8 1652 184
ROW 1652 4 1 4 1652 329
ROW 1652 5 164 255 1652 7
ROW 1652 6 0 21 1652 0
ROW 1652 7 2 24 1652 66
ROW 1653 0 2 16 1653 98
ROW 1653 1 11 32 1653 43
ROW 1653 2 14 31 1653 0
ROW 1653 3 8 8 1653 185
ROW 1653 4 1 4 1653 329
ROW 1653 5 170 255 1653 7
ROW 1653 6 7 21 1653 0
ROW 1653 7 10 24 1653 66
ROW 1654 0 3 16 1654 98
ROW 1654 1 13 32 1654 43
ROW 1654 2 17 31 1654 0
ROW 1654 3 3 8 1654 185
ROW 1654 4 1 4 1654 329
ROW 1654 5 176 255 1654 7
ROW 1654 6 14 21 1654 0
ROW 1654 7 18 24 1654 66
ROW 1655 0 4 16 1655 98
ROW 1655 1 15 32 1655 43
ROW 1655 2 20 31 1655 0
ROW 1655 3 7 8 1655 185
ROW 1655 4 1 4 1655 329
ROW 1655 5 182 255 1655 7
ROW 1655 6 21 21 1655 0
ROW 1655 7 1 24 1655 66
ROW 1656 0 5 16 1656 98
ROW 1656 1 17 32 1656 43
ROW 1656 2 23 31 1656 0
ROW 1656 3 2 8 1656 185
ROW 1656 4 1 4 1656 329
ROW 1656 5 188 255 1656 7
ROW 1656 6 3 21 1656 0
ROW 1656 7 9 24 1656 66
ROW 1657 0 6 16 1657 98
ROW 1657 1 19 32 1657 43
ROW 1657 2 26 31 1657 0
ROW 1657 3 6 8 1657 185
ROW 1657 4 1 4 1657 329
ROW 1657 5 194 255 1657 7
ROW 1657 6 10 21 1657 0
ROW 1657 7 17 24 1657 66
ROW 1658 0 7 16 1658 98
ROW 1658 1 21 32 1658 43
ROW 1658 2 29 31 1658 0
ROW 1658 3 1 8 1658 185
ROW 1658 4 1 4 1658 329
ROW 1658 5 200 255 1658 7
ROW 1658 6 17 21 1658 0
ROW 1658 7 0 24 1658 66
ROW 1659 0 9 16 1659 98
ROW 1659 1 24 32 1659 43
ROW 1659 2 0 31 1659 0
ROW 1659 3 6 8 1659 185
ROW 1659 4 2 4 1659 329
ROW 1659 5 207 255 1659 7
ROW 1659 6 0 21 1659 0
ROW 1659 7 9 24 1659 66
ROW 1660 0 10 16 1660 98
ROW 1660 1 26 32 1660 43
ROW 1660 2 3 31 1660 0
ROW 1660 3 1 8 1660 185
ROW 1660 4 2 4 1660 329
ROW 1660 5 213 255 1660 7
ROW 1660 6 7 21 1660 0
ROW 1660 7 17 24 1660 66
ROW 1661 0 11 16 1661 98
ROW 1661 1 28 32 1661 43
ROW 1661 2 6 31 1661 0
ROW 1661 3 5 8 1661 185
ROW 1661 4 2 4 1661 329
ROW 1661 5 219 255 1661 7
ROW 1661 6 14 21 1661 0
ROW 1661 7 0 24 1661 66
ROW 1662 0 12 16 1662 98
ROW 1662 1 30 32 1662 43
ROW 1662 2 9 31 1662 0
ROW 1662 3 0 8 1662 185
ROW 1662 4 2 4 1662 329
ROW 1662 5 225 255 1662 7
ROW 1662 6 21 21 1662 0
ROW 1662 7 8 24 1662 66
ROW 1663 0 13 16 1663 98
ROW 1663 1 32 32 1663 44
ROW 1663 2 12 31 1663 0
ROW 1663 3 4 8 1663 185
ROW 1663 4 2 4 1663 329
ROW 1663 5 231 255 1663 7
ROW 1663 6 3 21 1663 0
ROW 1663 7 16 24 1663 66
ROW 1664 0 14 16 1664 98
ROW 1664 1 1 32 1664 44
ROW 1664 2 15 31 1664 0
ROW 1664 3 8 8 1664 186
ROW 1664 4 2 4 1664 329
ROW 1664 5 237 255 1664 7
ROW 1664 6 10 21 1664 0
ROW 1664 7 24 24 1664 67
ROW 1665 0 15 16 1665 98
ROW 1665 1 3 32 1665 44
ROW 1665 2 18 31 1665 0
ROW 1665 3 3 8 1665 186
ROW 1665 4 2 4 1665 329
ROW 1665 5 243 255 1665 7
ROW 1665 6 17 21 1665 0
ROW 1665 7 7 24 1665 67
ROW 1666 0 0 16 1666 98
ROW 1666 1 6 32 1666 44
ROW 1666 2 22 31 1666 0
ROW 1666 3 8 8 1666 187
ROW 1666 4 3 4 1666 329
ROW 1666 5 250 255 1666 7
ROW 1666 6 0 21 1666 0
ROW 1666 7 16 24 1666 67
ROW 1667 0 1 16 1667 98
ROW 1667 1 8 32 1667 44
ROW 1667 2 25 31 1667 0
ROW 1667 3 3 8 1667 187
ROW 1667 4 3 4 1667 329
ROW 1667 5 0 255 1667 7
ROW 1667 6 7 21 1667 0
ROW 1667 7 24 24 1667 68
ROW 1668 0 2 16 1668 98
ROW 1668 1 10 32 1668 44
ROW 1668 2 28 31 1668 0
ROW 1668 3 7 8 1668 187
ROW 1668 4 3 4 1668 329
ROW 1668 5 6 255 1668 7
ROW 1668 6 14 21 1668 0
ROW 1668 7 7 24 1668 68
ROW 1669 0 3 16 1669 98
ROW 1669 1 12 32 1669 44
ROW 1669 2 31 31 1669 0
ROW 1669 3 2 8 1669 187
ROW 1669 4 3 4 1669 329
ROW 1669 5 12 255 1669 7
ROW 1669 6 21 21 1669 0
ROW 1669 7 15 24 1669 68
ROW 1670 0 4 16 1670 98
ROW 1670 1 14 32 1670 44
ROW 1670 2 1 31 1670 0
ROW 1670 3 6 8 1670 187
ROW 1670 4 3 4 1670 329
ROW 1670 5 18 255 1670 7
ROW 1670 6 3 21 1670 0
ROW 1670 7 23 24 1670 68
ROW 1671 0 5 16 1671 98
ROW 1671 1 16 32 1671 44
ROW 1671 2 4 31 1671 0
ROW 1671 3 1 8 1671 187
ROW 1671 4 3 4 1671 329
ROW 1671 5 24 255 1671 7
ROW 1671 6 10 21 1671 0
ROW 1671 7 6 24 1671 68
ROW 1672 0 6 16 1672 98
ROW 1672 1 18 32 1672 44
ROW 1672 2 7 31 1672 0
ROW 1672 3 5 8 1672 187
ROW 1672 4 3 4 1672 329
ROW 1672 5 30 255 1672 7
ROW 1672 6 17 21 1672 0
ROW 1672 7 14 24 1672 68
ROW 1673 0 8 16 1673 98
ROW 1673 1 21 32 1673 44
ROW 1673 2 11 31 1673 0
ROW 1673 3 1 8 1673 187
ROW 1673 4 4 4 1673 330
ROW 1673 5 37 255 1673 7
ROW 1673 6 0 21 1673 0
ROW 1673 7 23 24 1673 68
ROW 1674 0 9 16 1674 98
ROW 1674 1 23 32 1674 44
ROW 1674 2 14 31 1674 0
ROW 1674 3 5 8 1674 187
ROW 1674 4 4 4 1674 331
ROW 1674 5 43 255 1674 7
ROW 1674 6 7 21 1674 0
ROW 1674 7 6 24 1674 68
ROW 1675 0 10 16 1675 98
ROW 1675 1 25 32 1675 44
ROW 1675 2 17 31 1675 0
ROW 1675 3 0 8 1675 187
ROW 1675 4 4 4 1675 332
ROW 1675 5 49 255 1675 7
ROW 1675 6 14 21 1675 0
ROW 1675 7 14 24 1675 68
ROW 1676 0 11 16 1676 98
ROW 1676 1 27 32 1676 44
ROW 1676 2 20 31 1676 0
ROW 1676 3 4 8 1676 187
ROW 1676 4 4 4 1676 333
ROW 1676 5 55 255 1676 7
ROW 1676 6 21 21 1676 0
ROW 1676 7 22 24 1676 68
ROW 1677 0 12 16 1677 98
ROW 1677 1 29 32 1677 44
ROW 1677 2 23 31 1677 0
ROW 1677 3 8 8 1677 188
ROW 1677 4 4 4 1677 334
ROW 1677 5 61 255 1677 7
ROW 1677 6 3 21 1677 0
ROW 1677 7 5 24 1677 68
ROW 1678 0 13 16 1678 98
ROW 1678 1 31 32 1678 44
ROW 1678 2 26 31 1678 0
ROW 1678 3 3 8 1678 188
ROW 1678 4 4 4 1678 335
ROW 1678 5 67 255 1678 7
ROW 1678 6 10 21 1678 0
ROW 1678 7 13 24 1678 68
ROW 1679 0 14 16 1679 98
ROW 1679 1 0 32 1679 44
ROW 1679 2 29 31 1679 0
ROW 1679 3 7 8 1679 188
ROW 1679 4 4 4 1679 336
ROW 1679 5 73 255 1679 7
ROW 1679 6 17 21 1679 0
ROW 1679 7 21 24 1679 68
ROW 1680 0 16 16 1680 99
ROW 1680 1 3 32 1680 44
ROW 1680 2 0 31 1680 0
ROW 1680 3 3 8 1680 188
ROW 1680 4 0 4 1680 336
ROW 1680 5 80 255 1680 7
ROW 1680 6 0 21 1680 0
ROW 1680 7 5 24 1680 68
ROW 1681 0 0 16 1681 99
ROW 1681 1 5 32 1681 44
ROW 1681 2 3 31 1681 0
ROW 1681 3 7 8 1681 188
ROW 1681 4 0 4 1681 336
ROW 1681 5 86 255 1681 7
ROW 1681 6 7 21 1681 0
ROW 1681 7 13 24 1681 68
ROW 1682 0 1 16 1682 99
ROW 1682 1 7 32 1682 44
ROW 1682 2 6 31 1682 0
ROW 1682 3 2 8 1682 188
ROW 1682 4 0 4 1682 336
ROW 1682 5 92 255 1682 7
ROW 1682 6 14 21 1682 0
ROW 1682 7 21 24 1682 68
ROW 1683 0 2 16 1683 99
ROW 1683 1 9 32 1683 44
ROW 1683 2 9 31 1683 0
ROW 1683 3 6 8 1683 188
ROW 1683 4 0 4 1683 336
ROW 1683 5 98 255 1683 7
ROW 1683 6 21 21 1683 0
ROW 1683 7 4 24 1683 68
ROW 1684 0 3 16 1684 99
ROW 1684 1 11 32 1684 44
ROW 1684 2 12 31 1684 0
ROW 1684 3 1 8 1684 188
ROW 1684 4 0 4 1684 336
ROW 1684 5 104 255 1684 7
ROW 1684 6 3 21 1684 0
ROW 1684 7 12 24 1684 68
ROW 1685 0 4 16 1685 99
ROW 1685 1 13 32 1685 44
ROW 1685 2 15 31 1685 0
ROW 1685 3 5 8 1685 188
ROW 1685 4 0 4 1685 336
ROW 1685 5 110 255 1685 7
ROW 1685 6 10 21 1685 0
ROW 1685 7 20 24 1685 68
ROW 1686 0 5 16 1686 99
ROW 1686 1 15 32 1686 44
ROW 1686 2 18 31 1686 0
ROW 1686 3 0 8 1686 188
ROW 1686 4 0 4 1686 336
ROW 1686 5 116 255 1686 7
ROW 1686 6 17 21 1686 0
ROW 1686 7 3 24 1686 68
ROW 1687 0 7 16 1687 99
ROW 1687 1 18 32 1687 44
ROW 1687 2 22 31 1687 0
ROW 1687 3 5 8 1687 188
ROW 1687 4 1 4 1687 336
ROW 1687 5 123 255 1687 7
ROW 1687 6 0 21 1687 0
ROW 1687 7 12 24 1687 68
ROW 1688 0 8 16 1688 99
ROW 1688 1 20 32 1688 44
ROW 1688 2 25 31 1688 0
ROW 1688 3 0 8 1688 188
ROW 1688 4 1 4 1688 336
ROW 1688 5 129 255 1688 7
ROW 1688 6 7 21 1688 0
ROW 1688 7 20 24 1688 68
ROW 1689 0 9 16 1689 99
ROW 1689 1 22 32 1689 44
ROW 1689 2 28 31 1689 0
ROW 1689 3 4 8 1689 188
ROW 1689 4 1 4 1689 336
ROW 1689 5 135 255 1689 7
ROW 1689 6 14 21 1689 0
ROW 1689 7 3 24 1689 68
ROW 1690 0 10 16 1690 99
ROW 1690 1 24 32 1690 44
ROW 1690 2 31 31 1690 0
ROW 1690 3 8 8 1690 189
ROW 1690 4 1 4 1690 336
ROW 1690 5 141 255 1690 7
ROW 1690 6 21 21 1690 0
ROW 1690 7 11 24 1690 68
ROW 1691 0 11 16 1691 99
ROW 1691 1 26 32 1691 44
ROW 1691 2 1 31 1691 0
ROW 1691 3 3 8 1691 189
ROW 1691 4 1 4 1691 336
ROW 1691 5 147 255 1691 7
ROW 1691 6 3 21 1691 0
ROW 1691 7 19 24 1691 68
ROW 1692 0 12 16 1692 99
ROW 1692 1 28 32 1692 44
ROW 1692 2 4 31 1692 0
ROW 1692 3 7 8 1692 189
ROW 1692 4 1 4 1692 336
ROW 1692 5 153 255 1692 7
ROW 1692 6 10 21 1692 0
ROW 1692 7 2 24 1692 68
ROW 1693 0 13 16 1693 99
ROW 1693 1 30 32 1693 44
ROW 1693 2 7 31 1693 0
ROW 1693 3 2 8 1693 189
ROW 1693 4 1 4 1693 336
ROW 1693 5 159 255 1693 7
ROW 1693 6 17 21 1693 0
ROW 1693 7 10 24 1693 68
ROW 1694 0 15 16 1694 99
ROW 1694 1 0 32 1694 44
ROW 1694 2 11 31 1694 0
ROW 1694 3 7 8 1694 189
ROW 1694 4 2 4 1694 336
ROW 1694 5 166 255 1694 7
ROW 1694 6 0 21 1694 0
ROW 1694 7 19 24 1694 68
ROW 1695 0 16 16 1695 100
ROW 1695 1 2 32 1695 44
ROW 1695 2 14 31 1695 0
ROW 1695 3 2 8 1695 189
ROW 1695 4 2 4 1695 336
ROW 1695 5 172 255 1695 7
ROW 1695 6 7 21 1695 0
ROW 1695 7 2 24 1695 68
ROW 1696 0 0 16 1696 100
ROW 1696 1 4 32 1696 44
ROW 1696 2 17 31 1696 0
ROW 1696 3 6 8 1696 189
ROW 1696 4 2 4 1696 336
ROW 1696 5 178 255 1696 7
ROW 1696 6 14 21 1696 0
ROW 1696 7 10 24 1696 68
ROW 1697 0 1 16 1697 100
ROW 1697 1 6 32 1697 44
ROW 1697 2 20 31 1697 0
ROW 1697 3 1 8 1697 189
ROW 1697 4 2 4 1697 336
ROW 1697 5 184 255 1697 7
ROW 1697 6 21 21 1697 0
ROW 1697 7 18 24 1697 68
ROW 1698 0 2 16 1698 100
ROW 1698 1 8 32 1698 44
ROW 1698 2 23 31 1698 0
ROW 1698 3 5 8 1698 189
ROW 1698 4 2 4 1698 336
ROW 1698 5 190 255 1698 7
ROW 1698 6 3 21 1698 0
ROW 1698 7 1 24 1698 68
ROW 1699 0 3 16 1699 100
ROW 1699 1 10 32 1699 44
ROW 1699 2 26 31 1699 0
ROW 1699 3 0 8 1699 189
ROW 1699 4 2 4 1699 336
ROW 1699 5 196 255 1699 7
ROW 1699 6 10 21 1699 0
ROW 1699 7 9 24 1699 68
ROW 1700 0 4 16 1700 100
ROW 1700 1 12 32 1700 44
ROW 1700 2 29 31 1700 0
ROW 1700 3 4 8 1700 189
ROW 1700 4 2 4 1700 336
ROW 1700 5 202 255 1700 7
ROW 1700 6 17 21 1700 0
ROW 1700 7 17 24 1700 68
ROW 1701 0 6 16 1701 100
ROW 1701 1 15 32 1701 44
ROW 1701 2 0 31 1701 0
ROW 1701 3 0 8 1701 189
ROW 1701 4 3 4 1701 336
ROW 1701 5 209 255 1701 7
ROW 1701 6 0 21 1701 0
ROW 1701 7 1 24 1701 68
ROW 1702 0 7 16 1702 100
ROW 1702 1 17 32 1702 44
ROW 1702 2 3 31 1702 0
ROW 1702 3 4 8 1702 189
ROW 1702 4 3 4 1702 336
ROW 1702 5 215 255 1702 7
ROW 1702 6 7 21 1702 0
ROW 1702 7 9 24 1702 68
ROW 1703 0 8 16 1703 100
ROW 1703 1 19 32 1703 44
ROW 1703 2 6 31 1703 0
ROW 1703 3 8 8 1703 190
ROW 1703 4 3 4 1703 336
ROW 1703 5 221 255 1703 7
ROW 1703 6 14 21 1703 0
ROW 1703 7 17 24 1703 68
ROW 1704 0 9 16 1704 100
ROW 1704 1 21 32 1704 44
ROW 1704 2 9 31 1704 0
ROW 1704 3 3 8 1704 190
ROW 1704 4 3 4 1704 336
ROW 1704 5 227 255 1704 7
ROW 1704 6 21 21 1704 0
ROW 1704 7 0 24 1704 68
ROW 1705 0 10 16 1705 100
ROW 1705 1 23 32 1705 44
ROW 1705 2 12 31 1705 0
ROW 1705 3 7 8 1705 190
ROW 1705 4 3 4 1705 336
ROW 1705 5 233 255 1705 7
ROW 1705 6 3 21 1705 0
ROW 1705 7 8 24 1705 68
ROW 1706 0 11 16 1706 100
ROW 1706 1 25 32 1706 44
ROW 1706 2 15 31 1706 0
ROW 1706 3 2 8 1706 190
ROW 1706 4 3 4 1706 336
ROW 1706 5 239 255 1706 7
ROW 1706 6 10 21 1706 0
ROW 1706 7 16 24 1706 68
ROW 1707 0 12 16 1707 100
ROW 1707 1 27 32 1707 44
ROW 1707 2 18 31 1707 0
ROW 1707 3 6 8 1707 190
ROW 1707 4 3 4 1707 336
ROW 1707 5 245 255 1707 7
ROW 1707 6 17 21 1707 0
ROW 1707 7 24 24 1707 69
ROW 1708 0 14 16 1708 100
ROW 1708 1 30 32 1708 44
ROW 1708 2 22 31 1708 0
ROW 1708 3 2 8 1708 190
ROW 1708 4 4 4 1708 337
ROW 1708 5 252 255 1708 7
ROW 1708 6 0 21 1708 0
ROW 1708 7 8 24 1708 69
ROW 1709 0 15 16 1709 100
ROW 1709 1 32 32 1709 45
ROW 1709 2 25 31 1709 0
ROW 1709 3 6 8 1709 190
ROW 1709 4 4 4 1709 338
ROW 1709 5 2 255 1709 7
ROW 1709 6 7 21 1709 0
ROW 1709 7 16 24 1709 69
ROW 1710 0 16 16 1710 101
ROW 1710 1 1 32 1710 45
ROW 1710 2 28 31 1710 0
ROW 1710 3 1 8 1710 190
ROW 1710 4 4 4 1710 339
ROW 1710 5 8 255 1710 7
ROW 1710 6 14 21 1710 0
ROW 1710 7 24 24 1710 70
ROW 1711 0 0 16 1711 101
ROW 1711 1 3 32 1711 45
ROW 1711 2 31 31 1711 0
ROW 1711 3 5 8 1711 190
ROW 1711 4 4 4 1711 340
ROW 1711 5 14 255 1711 7
ROW 1711 6 21 21 1711 0
ROW 1711 7 7 24 1711 70
ROW 1712 0 1 16 1712 101
ROW 1712 1 5 32 1712 45
ROW 1712 2 1 31 1712 0
ROW 1712 3 0 8 1712 190
ROW 1712 4 4 4 1712 341
ROW 1712 5 20 255 1712 7
ROW 1712 6 3 21 1712 0
ROW 1712 7 15 24 1712 70
ROW 1713 0 2 16 1713 101
ROW 1713 1 7 32 1713 45
ROW 1713 2 4 31 1713 0
ROW 1713 3 4 8 1713 190
ROW 1713 4 4 4 1713 342
ROW 1713 5 26 255 1713 7
ROW 1713 6 10 21 1713 0
ROW 1713 7 23 24 1713 70
ROW 1714 0 3 16 1714 101
ROW 1714 1 9 32 1714 45
ROW 1714 2 7 31 1714 0
ROW 1714 3 8 8 1714 191
ROW 1714 4 4 4 1714 343
ROW 1714 5 32 255 1714 7
ROW 1714 6 17 21 1714 0
ROW 1714 7 6 24 1714 70
ROW 1715 0 5 16 1715 101
ROW 1715 1 12 32 1715 45
ROW 1715 2 11 31 1715 0
ROW 1715 3 4 8 1715 191
ROW 1715 4 0 4 1715 343
ROW 1715 5 39 255 1715 7
ROW 1715 6 0 21 1715 0
ROW 1715 7 15 24 1715 70
ROW 1716 0 6 16 1716 101
ROW 1716 1 14 32 1716 45
ROW 1716 2 14 31 1716 0
ROW 1716 3 8 8 1716 192
ROW 1716 4 0 4 1716 343
ROW 1716 5 45 255 1716 7
ROW 1716 6 7 21 1716 0
ROW 1716 7 23 24 1716 70
ROW 1717 0 7 16 1717 101
ROW 1717 1 16 32 1717 45
ROW 1717 2 17 31 1717 0
ROW 1717 3 3 8 1717 192
ROW 1717 4 0 4 1717 343
ROW 1717 5 51 255 1717 7
ROW 1717 6 14 21 1717 0
ROW 1717 7 6 24 1717 70
ROW 1718 0 8 16 1718 101
ROW 1718 1 18 32 1718 45
ROW 1718 2 20 31 1718 0
ROW 1718 3 7 8 1718 192
ROW 1718 4 0 4 1718 343
ROW 1718 5 57 255 1718 7
ROW 1718 6 21 21 1718 0
ROW 1718 7 14 24 1718 70
ROW 1719 0 9 16 1719 101
ROW 1719 1 20 32 1719 45
ROW 1719 2 23 31 1719 0
ROW 1719 3 2 8 1719 192
ROW 1719 4 0 4 1719 343
ROW 1719 5 63 255 1719 7
ROW 1719 6 3 21 1719 0
ROW 1719 7 22 24 1719 70
ROW 1720 0 10 16 1720 101
ROW 1720 1 22 32 1720 45
ROW 1720 2 26 31 1720 0
ROW 1720 3 6 8 1720 192
ROW 1720 4 0 4 1720 343
ROW 1720 5 69 255 1720 7
ROW 1720 6 10 21 1720 0
ROW 1720 7 5 24 1720 70
ROW 1721 0 11 16 1721 101
ROW 1721 1 24 32 1721 45
ROW 1721 2 29 31 1721 0
ROW 1721 3 1 8 1721 192
ROW 1721 4 0 4 1721 343
ROW 1721 5 75 255 1721 7
ROW 1721 6 17 21 1721 0
ROW 1721 7 13 24 1721 70
ROW 1722 0 13 16 1722 101
ROW 1722 1 27 32 1722 45
ROW 1722 2 0 31 1722 0
ROW 1722 3 6 8 1722 192
ROW 1722 4 1 4 1722 343
ROW 1722 5 82 255 1722 7
ROW 1722 6 0 21 1722 0
ROW 1722 7 22 24 1722 70
ROW 1723 0 14 16 1723 101
ROW 1723 1 29 32 1723 45
ROW 1723 2 3 31 1723 0
ROW 1723 3 1 8 1723 192
ROW 1723 4 1 4 1723 343
ROW 1723 5 88 255 1723 7
ROW 1723 6 7 21 1723 0
ROW 1723 7 5 24 1723 70
ROW 1724 0 15 16 1724 101
ROW 1724 1 31 32 1724 45
ROW 1724 2 6 31 1724 0
ROW 1724 3 5 8 1724 192
ROW 1724 4 1 4 1724 343
ROW 1724 5 94 255 1724 7
ROW 1724 6 14 21 1724 0
ROW 1724 7 13 24 1724 70
ROW 1725 0 16 16 1725 102
ROW 1725 1 0 32 1725 45
ROW 1725 2 9 31 1725 0
ROW 1725 3 0 8 1725 192
ROW 1725 4 1 4 1725 343
ROW 1725 5 100 255 1725 7
ROW 1725 6 21 21 1725 0
ROW 1725 7 21 24 1725 70
ROW 1726 0 0 16 1726 102
ROW 1726 1 2 32 1726 45
ROW 1726 2 12 31 1726 0
ROW 1726 3 4 8 1726 192
ROW 1726 4 1 4 1726 343
ROW 1726 5 106 255 1726 7
ROW 1726 6 3 21 1726 0
ROW 1726 7 4 24 1726 70
ROW 1727 0 1 16 1727 102
ROW 1727 1 4 32 1727 45
ROW 1727 2 15 31 1727 0
ROW 1727 3 8 8 1727 193
ROW 1727 4 1 4 1727 343
ROW 1727 5 112 255 1727 7
ROW 1727 6 10 21 1727 0
ROW 1727 7 12 24 1727 70
ROW 1728 0 2 16 1728 102
ROW 1728 1 6 32 1728 45
ROW 1728 2 18 31 1728 0
ROW 1728 3 3 8 1728 193
ROW 1728 4 1 4 1728 343
ROW 1728 5 118 255 1728 7
ROW 1728 6 17 21 1728 0
ROW 1728 7 20 24 1728 70
ROW 1729 0 4 16 1729 102
ROW 1729 1 9 32 1729 45
ROW 1729 2 22 31 1729 0
ROW 1729 3 8 8 1729 194
ROW 1729 4 2 4 1729 343
ROW 1729 5 125 255 1729 7
ROW 1729 6 0 21 1729 0
ROW 1729 7 4 24 1729 70
ROW 1730 0 5 16 1730 102
ROW 1730 1 11 32 1730 45
ROW 1730 2 25 31 1730 0
ROW 1730 3 3 8 1730 194
ROW 1730 4 2 4 1730 343
ROW 1730 5 131 255 1730 7
ROW 1730 6 7 21 1730 0
ROW 1730 7 12 24 1730 70
ROW 1731 0 6 16 1731 102
ROW 1731 1 13 32 1731 45
ROW 1731 2 28 31 1731 0
ROW 1731 3 7 8 1731 194
ROW 1731 4 2 4 1731 343
ROW 1731 5 137 255 1731 7
ROW 1731 6 14 21 1731 0
ROW 1731 7 20 24 1731 70
ROW 1732 0 7 16 1732 102
ROW 1732 1 15 32 1732 45
ROW 1732 2 31 31 1732 0
ROW 1732 3 2 8 1732 194
ROW 1732 4 2 4 1732 343
ROW 1732 5 143 255 1732 7
ROW 1732 6 21 21 1732 0
ROW 1732 7 3 24 1732 70
ROW 1733 0 8 16 1733 102
ROW 1733 1 17 32 1733 45
ROW 1733 2 1 31 1733 0
ROW 1733 3 6 8 1733 194
ROW 1733 4 2 4 1733 343
ROW 1733 5 149 255 1733 7
ROW 1733 6 3 21 1733 0
ROW 1733 7 11 24 1733 70
ROW 1734 0 9 16 1734 102
ROW 1734 1 19 32 1734 45
ROW 1734 2 4 31 1734 0
ROW 1734 3 1 8 1734 194
ROW 1734 4 2 4 1734 343
ROW 1734 5 155 255 1734 7
ROW 1734 6 10 21 1734 0
ROW 1734 7 19 24 1734 70
ROW 1735 0 10 16 1735 102
ROW 1735 1 21 32 1735 45
ROW 1735 2 7 31 1735 0
ROW 1735 3 5 8 1735 194
ROW 1735 4 2 4 1735 343
ROW 1735 5 161 255 1735 7
ROW 1735 6 17 21 1735 0
ROW 1735 7 2 24 1735 70
ROW 1736 0 12 16 1736 102
ROW 1736 1 24 32 1736 45
ROW 1736 2 11 31 1736 0
ROW 1736 3 1 8 1736 194
ROW 1736 4 3 4 1736 343
ROW 1736 5 168 255 1736 7
ROW 1736 6 0 21 1736 0
ROW 1736 7 11 24 1736 70
ROW 1737 0 13 16 1737 102
ROW 1737 1 26 32 1737 45
ROW 1737 2 14 31 1737 0
ROW 1737 3 5 8 1737 194
ROW 1737 4 3 4 1737 343
ROW 1737 5 174 255 1737 7
ROW 1737 6 7 21 1737 0
ROW 1737 7 19 24 1737 70
ROW 1738 0 14 16 1738 102
ROW 1738 1 28 32 1738 45
ROW 1738 2 17 31 1738 0
ROW 1738 3 0 8 1738 194
ROW 1738 4 3 4 1738 343
ROW 1738 5 180 255 1738 7
ROW 1738 6 14 21 1738 0
ROW 1738 7 2 24 1738 70
ROW 1739 0 15 16 1739 102
ROW 1739 1 30 32 1739 45
ROW 1739 2 20 31 1739 0
ROW 1739 3 4 8 1739 194
ROW 1739 4 3 4 1739 343
ROW 1739 5 186 255 1739 7
ROW 1739 6 21 21 1739 0
ROW 1739 7 10 24 1739 70
ROW 1740 0 16 16 1740 103
ROW 1740 1 32 32 1740 46
ROW 1740 2 23 31 1740 0
ROW 1740 3 8 8 1740 195
ROW 1740 4 3 4 1740 343
ROW 1740 5 192 255 1740 7
ROW 1740 6 3 21 1740 0
ROW 1740 7 18 24 1740 70
ROW 1741 0 0 16 1741 103
ROW 1741 1 1 32 1741 46
ROW 1741 2 26 31 1741 0
ROW 1741 3 3 8 1741 195
ROW 1741 4 3 4 1741 343
ROW 1741 5 198 255 1741 7
ROW 1741 6 10 21 1741 0
ROW 1741 7 1 24 1741 70
ROW 1742 0 1 16 1742 103
ROW 1742 1 3 32 1742 46
ROW 1742 2 29 31 1742 0
ROW 1742 3 7 8 1742 195
ROW 1742 4 3 4 1742 343
ROW 1742 5 204 255 1742 7
ROW 1742 6 17 21 1742 0
ROW 1742 7 9 24 1742 70
ROW 1743 0 3 16 1743 103
ROW 1743 1 6 32 1743 46
ROW 1743 2 0 31 1743 0
ROW 1743 3 3 8 1743 195
ROW 1743 4 4 4 1743 344
ROW 1743 5 211 255 1743 7
ROW 1743 6 0 21 1743 0
ROW 1743 7 18 24 1743 70
ROW 1744 0 4 16 1744 103
ROW 1744 1 8 32 1744 46
ROW 1744 2 3 31 1744 0
ROW 1744 3 7 8 1744 195
ROW 1744 4 4 4 1744 345
ROW 1744 5 217 255 1744 7
ROW 1744 6 7 21 1744 0
ROW 1744 7 1 24 1744 70
ROW 1745 0 5 16 1745 103
ROW 1745 1 10 32 1745 46
ROW 1745 2 6 31 1745 0
ROW 1745 3 2 8 1745 195
ROW 1745 4 4 4 1745 346
ROW 1745 5 223 255 1745 7
ROW 1745 6 14 21 1745 0
ROW 1745 7 9 24 1745 70
ROW 1746 0 6 16 1746 103
ROW 1746 1 12 32 1746 46
ROW 1746 2 9 31 1746 0
ROW 1746 3 6 8 1746 195
ROW 1746 4 4 4 1746 347
ROW 1746 5 229 255 1746 7
ROW 1746 6 21 21 1746 0
ROW 1746 7 17 24 1746 70
ROW 1747 0 7 16 1747 103
ROW 1747 1 14 32 1747 46
ROW 1747 2 12 31 1747 0
ROW 1747 3 1 8 1747 195
ROW 1747 4 4 4 1747 348
ROW 1747 5 235 255 1747 7
ROW 1747 6 3 21 1747 0
ROW 1747 7 0 24 1747 70
ROW 1748 0 8 16 1748 103
ROW 1748 1 16 32 1748 46
ROW 1748 2 15 31 1748 0
ROW 1748 3 5 8 1748 195
ROW 1748 4 4 4 1748 349
ROW 1748 5 241 255 1748 7
ROW 1748 6 10 21 1748 0
ROW 1748 7 8 24 1748 70
ROW 1749 0 9 16 1749 103
ROW 1749 1 18 32 1749 46
ROW 1749 2 18 31 1749 0
ROW 1749 3 0 8 1749 195
ROW 1749 4 4 4 1749 350
ROW 1749 5 247 255 1749 7
ROW 1749 6 17 21 1749 0
ROW 1749 7 16 24 1749 70
ROW 1750 0 11 16 1750 103
ROW 1750 1 21 32 1750 46
ROW 1750 2 22 31 1750 0
ROW 1750 3 5 8 1750 195
ROW 1750 4 0 4 1750 350
ROW 1750 5 254 255 1750 7
ROW 1750 6 0 21 1750 0
ROW 1750 7 0 24 1750 70
ROW 1751 0 12 16 1751 103
ROW 1751 1 23 32 1751 46
ROW 1751 2 25 31 1751 0
ROW 1751 3 0 8 1751 195
ROW 1751 4 0 4 1751 350
ROW 1751 5 4 255 1751 7
ROW 1751 6 7 21 1751 0
ROW 1751 7 8 24 1751 70
ROW 1752 0 13 16 1752 103
ROW 1752 1 25 32 1752 46
ROW 1752 2 28 31 1752 0
ROW 1752 3 4 8 1752 195
ROW 1752 4 0 4 1752 350
ROW 1752 5 10 255 1752 7
ROW 1752 6 14 21 1752 0
ROW 1752 7 16 24 1752 70
ROW 1753 0 14 16 1753 103
ROW 1753 1 27 32 1753 46
ROW 1753 2 31 31 1753 0
ROW 1753 3 8 8 1753 196
ROW 1753 4 0 4 1753 350
ROW 1753 5 16 255 1753 7
ROW 1753 6 21 21 1753 0
ROW 1753 7 24 24 1753 71
ROW 1754 0 15 16 1754 103
ROW 1754 1 29 32 1754 46
ROW 1754 2 1 31 1754 0
ROW 1754 3 3 8 1754 196
ROW 1754 4 0 4 1754 350
ROW 1754 5 22 255 1754 7
ROW 1754 6 3 21 1754 0
ROW 1754 7 7 24 1754 71
ROW 1755 0 16 16 1755 104
ROW 1755 1 31 32 1755 46
ROW 1755 2 4 31 1755 0
ROW 1755 3 7 8 1755 196
ROW 1755 4 0 4 1755 350
ROW 1755 5 28 255 1755 7
ROW 1755 6 10 21 1755 0
ROW 1755 7 15 24 1755 71
ROW 1756 0 0 16 1756 104
ROW 1756 1 0 32 1756 46
ROW 1756 2 7 31 1756 0
ROW 1756 3 2 8 1756 196
ROW 1756 4 0 4 1756 350
ROW 1756 5 34 255 1756 7
ROW 1756 6 17 21 1756 0
ROW 1756 7 23 24 1756 71
ROW 1757 0 2 16 1757 104
ROW 1757 1 3 32 1757 46
ROW 1757 2 11 31 1757 0
ROW 1757 3 7 8 1757 196
ROW 1757 4 1 4 1757 350
ROW 1757 5 41 255 1757 7
ROW 1757 6 0 21 1757 0
ROW 1757 7 7 24 1757 71
ROW 1758 0 3 16 1758 104
ROW 1758 1 5 32 1758 46
ROW 1758 2 14 31 1758 0
ROW 1758 3 2 8 1758 196
ROW 1758 4 1 4 1758 350
ROW 1758 5 47 255 1758 7
ROW 1758 6 7 21 1758 0
ROW 1758 7 15 24 1758 71
ROW 1759 0 4 16 1759 104
ROW 1759 1 7 32 1759 46
ROW 1759 2 17 31 1759 0
ROW 1759 3 6 8 1759 196
ROW 1759 4 1 4 1759 350
ROW 1759 5 53 255 1759 7
ROW 1759 6 14 21 1759 0
ROW 1759 7 23 24 1759 71
ROW 1760 0 5 16 1760 104
ROW 1760 1 9 32 1760 46
ROW 1760 2 20 31 1760 0
ROW 1760 3 1 8 1760 196
ROW 1760 4 1 4 1760 350
ROW 1760 5 59 255 1760 7
ROW 1760 6 21 21 1760 0
ROW 1760 7 6 24 1760 71
ROW 1761 0 6 16 1761 104
ROW 1761 1 11 32 1761 46
ROW 1761 2 23 31 1761 0
ROW 1761 3 5 8 1761 196
ROW 1761 4 1 4 1761 350
ROW 1761 5 65 255 1761 7
ROW 1761 6 3 21 1761 0
ROW 1761 7 14 24 1761 71
ROW 1762 0 7 16 1762 104
ROW 1762 1 13 32 1762 46
ROW 1762 2 26 31 1762 0
ROW 1762 3 0 8 1762 196
ROW 1762 4 1 4 1762 350
ROW 1762 5 71 255 1762 7
ROW 1762 6 10 21 1762 0
ROW 1762 7 22 24 1762 71
ROW 1763 0 8 16 1763 104
ROW 1763 1 15 32 1763 46
ROW 1763 2 29 31 1763 0
ROW 1763 3 4 8 1763 196
ROW 1763 4 1 4 1763 350
ROW 1763 5 77 255 1763 7
ROW 1763 6 17 21 1763 0
ROW 1763 7 5 24 1763 71
ROW 1764 0 10 16 1764 104
ROW 1764 1 18 32 1764 46
ROW 1764 2 0 31 1764 0
ROW 1764 3 0 8 1764 196
ROW 1764 4 2 4 1764 350
ROW 1764 5 84 255 1764 7
ROW 1764 6 0 21 1764 0
ROW 1764 7 14 24 1764 71
ROW 1765 0 11 16 1765 104
ROW 1765 1 20 32 1765 46
ROW 1765 2 3 31 1765 0
ROW 1765 3 4 8 1765 196
ROW 1765 4 2 4 1765 350
ROW 1765 5 90 255 1765 7
ROW 1765 6 7 21 1765 0
ROW 1765 7 22 24 1765 71
ROW 1766 0 12 16 1766 104
ROW 1766 1 22 32 1766 46
ROW 1766 2 6 31 1766 0
ROW 1766 3 8 8 1766 197
ROW 1766 4 2 4 1766 350
ROW 1766 5 96 255 1766 7
ROW 1766 6 14 21 1766 0
ROW 1766 7 5 24 1766 71
ROW 1767 0 13 16 1767 104
ROW 1767 1 24 32 1767 46
ROW 1767 2 9 31 1767 0
ROW 1767 3 3 8 1767 197
ROW 1767 4 2 4 1767 350
ROW 1767 5 102 255 1767 7
ROW 1767 6 21 21 1767 0
ROW 1767 7 13 24 1767 71
ROW 1768 0 14 16 1768 104
ROW 1768 1 26 32 1768 46
ROW 1768 2 12 31 1768 0
ROW 1768 3 7 8 1768 197
ROW 1768 4 2 4 1768 350
ROW 1768 5 108 255 1768 7
ROW 1768 6 3 21 1768 0
ROW 1768 7 21 24 1768 71
ROW 1769 0 15 16 1769 104
ROW 1769 1 28 32 1769 46
ROW 1769 2 15 31 1769 0
ROW 1769 3 2 8 1769 197
ROW 1769 4 2 4 1769 350
ROW 1769 5 114 255 1769 7
ROW 1769 6 10 21 1769 0
ROW 1769 7 4 24 1769 71
ROW 1770 0 16 16 1770 105
ROW 1770 1 30 32 1770 46
ROW 1770 2 18 31 1770 0
ROW 1770 3 6 8 1770 197
ROW 1770 4 2 4 1770 350
ROW 1770 5 120 255 1770 7
ROW 1770 6 17 21 1770 0
ROW 1770 7 12 24 1770 71
ROW 1771 0 1 16 1771 105
ROW 1771 1 0 32 1771 46
ROW 1771 2 22 31 1771 0
ROW 1771 3 2 8 1771 197
ROW 1771 4 3 4 1771 350
ROW 1771 5 127 255 1771 7
ROW 1771 6 0 21 1771 0
ROW 1771 7 21 24 1771 71
ROW 1772 0 2 16 1772 105
ROW 1772 1 2 32 1772 46
ROW 1772 2 25 31 1772 0
ROW 1772 3 6 8 1772 197
ROW 1772 4 3 4 1772 350
ROW 1772 5 133 255 1772 7
ROW 1772 6 7 21 1772 0
ROW 1772 7 4 24 1772 71
ROW 1773 0 3 16 1773 105
ROW 1773 1 4 32 1773 46
ROW 1773 2 28 31 1773 0
ROW 1773 3 1 8 1773 197
ROW 1773 4 3 4 1773 350
ROW 1773 5 139 255 1773 7
ROW 1773 6 14 21 1773 0
ROW 1773 7 12 24 1773 71
ROW 1774 0 4 16 1774 105
ROW 1774 1 6 32 1774 46
ROW 1774 2 31 31 1774 0
ROW 1774 3 5 8 1774 197
ROW 1774 4 3 4 1774 350
ROW 1774 5 145 255 1774 7
ROW 1774 6 21 21 1774 0
ROW 1774 7 20 24 1774 71
ROW 1775 0 5 16 1775 105
ROW 1775 1 8 32 1775 46
ROW 1775 2 1 31 1775 0
ROW 1775 3 0 8 1775 197
ROW 1775 4 3 4 1775 350
ROW 1775 5 151 255 1775 7
ROW 1775 6 3 21 1775 0
ROW 1775 7 3 24 1775 71
ROW 1776 0 6 16 1776 105
ROW 1776 1 10 32 1776 46
ROW 1776 2 4 31 1776 0
ROW 1776 3 4 8 1776 197
ROW 1776 4 3 4 1776 350
ROW 1776 5 157 255 1776 7
ROW 1776 6 10 21 1776 0
ROW 1776 7 11 24 1776 71
ROW 1777 0 7 16 1777 105
ROW 1777 1 12 32 1777 46
ROW 1777 2 7 31 1777 0
ROW 1777 3 8 8 1777 198
ROW 1777 4 3 4 1777 350
ROW 1777 5 163 255 1777 7
ROW 1777 6 17 21 1777 0
ROW 1777 7 19 24 1777 71
ROW 1778 0 9 16 1778 105
ROW 1778 1 15 32 1778 46
ROW 1778 2 11 31 1778 0
ROW 1778 3 4 8 1778 198
ROW 1778 4 4 4 1778 351
ROW 1778 5 170 255 1778 7
ROW 1778 6 0 21 1778 0
ROW 1778 7 3 24 1778 71
ROW 1779 0 10 16 1779 105
ROW 1779 1 17 32 1779 46
ROW 1779 2 14 31 1779 0
ROW 1779 3 8 8 1779 199
ROW 1779 4 4 4 1779 352
ROW 1779 5 176 255 1779 7
ROW 1779 6 7 21 1779 0
ROW 1779 7 11 24 1779 71
ROW 1780 0 11 16 1780 105
ROW 1780 1 19 32 1780 46
ROW 1780 2 17 31 1780 0
ROW 1780 3 3 8 1780 199
ROW 1780 4 4 4 1780 353
ROW 1780 5 182 255 1780 7
ROW 1780 6 14 21 1780 0
ROW 1780 7 19 24 1780 71
ROW 1781 0 12 16 1781 105
ROW 1781 1 21 32 1781 46
ROW 1781 2 20 31 1781 0
ROW 1781 3 7 8 1781 199
ROW 1781 4 4 4 1781 354
ROW 1781 5 188 255 1781 7
ROW 1781 6 21 21 1781 0
ROW 1781 7 2 24 1781 71
ROW 1782 0 13 16 1782 105
ROW 1782 1 23 32 1782 46
ROW 1782 2 23 31 1782 0
ROW 1782 3 2 8 1782 199
ROW 1782 4 4 4 1782 355
ROW 1782 5 194 255 1782 7
ROW 1782 6 3 21 1782 0
ROW 1782 7 10 24 1782 71
ROW 1783 0 14 16 1783 105
ROW 1783 1 25 32 1783 46
ROW 1783 2 26 31 1783 0
ROW 1783 3 6 8 1783 199
ROW 1783 4 4 4 1783 356
ROW 1783 5 200 255 1783 7
ROW 1783 6 10 21 1783 0
ROW 1783 7 18 24 1783 71
ROW 1784 0 15 16 1784 105
ROW 1784 1 27 32 1784 46
ROW 1784 2 29 31 1784 0
ROW 1784 3 1 8 1784 199
ROW 1784 4 4 4 1784 357
ROW 1784 5 206 255 1784 7
ROW 1784 6 17 21 1784 0
ROW 1784 7 1 24 1784 71
ROW 1785 0 0 16 1785 105
ROW 1785 1 30 32 1785 46
ROW 1785 2 0 31 1785 0
ROW 1785 3 6 8 1785 199
ROW 1785 4 0 4 1785 357
ROW 1785 5 213 255 1785 7
ROW 1785 6 0 21 1785 0
ROW 1785 7 10 24 1785 71
ROW 1786 0 1 16 1786 105
ROW 1786 1 32 32 1786 47
ROW 1786 2 3 31 1786 0
ROW 1786 3 1 8 1786 199
ROW 1786 4 0 4 1786 357
ROW 1786 5 219 255 1786 7
ROW 1786 6 7 21 1786 0
ROW 1786 7 18 24 1786 71
ROW 1787 0 2 16 1787 105
ROW 1787 1 1 32 1787 47
ROW 1787 2 6 31 1787 0
ROW 1787 3 5 8 1787 199
ROW 1787 4 0 4 1787 357
ROW 1787 5 225 255 1787 7
ROW 1787 6 14 21 1787 0
ROW 1787 7 1 24 1787 71
ROW 1788 0 3 16 1788 105
ROW 1788 1 3 32 1788 47
ROW 1788 2 9 31 1788 0
ROW 1788 3 0 8 1788 199
ROW 1788 4 0 4 1788 357
ROW 1788 5 231 255 1788 7
ROW 1788 6 21 21 1788 0
ROW 1788 7 9 24 1788 71
ROW 1789 0 4 16 1789 105
ROW 1789 1 5 32 1789 47
ROW 1789 2 12 31 1789 0
ROW 1789 3 4 8 1789 199
ROW 1789 4 0 4 1789 357
ROW 1789 5 237 255 1789 7
ROW 1789 6 3 21 1789 0
ROW 1789 7 17 24 1789 71
ROW 1790 0 5 16 1790 105
ROW 1790 1 7 32 1790 47
ROW 1790 2 15 31 1790 0
ROW 1790 3 8 8 1790 200
ROW 1790 4 0 4 1790 357
ROW 1790 5 243 255 1790 7
ROW 1790 6 10 21 1790 0
ROW 1790 7 0 24 1790 71
ROW 1791 0 6 16 1791 105
ROW 1791 1 9 32 1791 47
ROW 1791 2 18 31 1791 0
ROW 1791 3 3 8 1791 200
ROW 1791 4 0 4 1791 357
ROW 1791 5 249 255 1791 7
ROW 1791 6 17 21 1791 0
ROW 1791 7 8 24 1791 71
ROW 1792 0 8 16 1792 105
ROW 1792 1 12 32 1792 47
ROW 1792 2 22 31 1792 0
ROW 1792 3 8 8 1792 201
ROW 1792 4 1 4 1792 357
ROW 1792 5 0 255 1792 7
ROW 1792 6 0 21 1792 0
ROW 1792 7 17 24 1792 71
ROW 1793 0 9 16 1793 105
ROW 1793 1 14 32 1793 47
ROW 1793 2 25 31 1793 0
ROW 1793 3 3 8 1793 201
ROW 1793 4 1 4 1793 357
ROW 1793 5 6 255 1793 7
ROW 1793 6 7 21 1793 0
ROW 1793 7 0 24 1793 71
ROW 1794 0 10 16 1794 105
ROW 1794 1 16 32 1794 47
ROW 1794 2 28 31 1794 0
ROW 1794 3 7 8 1794 201
ROW 1794 4 1 4 1794 357
ROW 1794 5 12 255 1794 7
ROW 1794 6 14 21 1794 0
ROW 1794 7 8 24 1794 71
ROW 1795 0 11 16 1795 105
ROW 1795 1 18 32 1795 47
ROW 1795 2 31 31 1795 0
ROW 1795 3 2 8 1795 201
ROW 1795 4 1 4 1795 357
ROW 1795 5 18 255 1795 7
ROW 1795 6 21 21 1795 0
ROW 1795 7 16 24 1795 71
ROW 1796 0 12 16 1796 105
ROW 1796 1 20 32 1796 47
ROW 1796 2 1 31 1796 0
ROW 1796 3 6 8 1796 201
ROW 1796 4 1 4 1796 357
ROW 1796 5 24 255 1796 7
ROW 1796 6 3 21 1796 0
ROW 1796 7 24 24 1796 72
ROW 1797 0 13 16 1797 105
ROW 1797 1 22 32 1797 47
ROW 1797 2 4 31 1797 0
ROW 1797 3 1 8 1797 201
ROW 1797 4 1 4 1797 357
ROW 1797 5 30 255 1797 7
ROW 1797 6 10 21 1797 0
ROW 1797 7 7 24 1797 72
ROW 1798 0 14 16 1798 105
ROW 1798 1 24 32 1798 47
ROW 1798 2 7 31 1798 0
ROW 1798 3 5 8 1798 201
ROW 1798 4 1 4 1798 357
ROW 1798 5 36 255 1798 7
ROW 1798 6 17 21 1798 0
ROW 1798 7 15 24 1798 72
ROW 1799 0 16 16 1799 106
ROW 1799 1 27 32 1799 47
ROW 1799 2 11 31 1799 0
ROW 1799 3 1 8 1799 201
ROW 1799 4 2 4 1799 357
ROW 1799 5 43 255 1799 7
ROW 1799 6 0 21 1799 0
ROW 1799 7 24 24 1799 73
ROW 1800 0 0 16 1800 106
ROW 1800 1 29 32 1800 47
ROW 1800 2 14 31 1800 0
ROW 1800 3 5 8 1800 201
ROW 1800 4 2 4 1800 357
ROW 1800 5 49 255 1800 7
ROW 1800 6 7 21 1800 0
ROW 1800 7 7 24 1800 73
ROW 1801 0 1 16 1801 106
ROW 1801 1 31 32 1801 47
ROW 1801 2 17 31 1801 0
ROW 1801 3 0 8 1801 201
ROW 1801 4 2 4 1801 357
ROW 1801 5 55 255 1801 7
ROW 1801 6 14 21 1801 0
ROW 1801 7 15 24 1801 73
ROW 1802 0 2 16 1802 106
ROW 1802 1 0 32 1802 47
ROW 1802 2 20 31 1802 0
ROW 1802 3 4 8 1802 201
ROW 1802 4 2 4 1802 357
ROW 1802 5 61 255 1802 7
ROW 1802 6 21 21 1802 0
ROW 1802 7 23 24 1802 73
ROW 1803 0 3 16 1803 106
ROW 1803 1 2 32 1803 47
ROW 1803 2 23 31 1803 0
ROW 1803 3 8 8 1803 202
ROW 1803 4 2 4 1803 357
ROW 1803 5 67 255 1803 7
ROW 1803 6 3 21 1803 0
ROW 1803 7 6 24 1803 73
ROW 1804 0 4 16 1804 106
ROW 1804 1 4 32 1804 47
ROW 1804 2 26 31 1804 0
ROW 1804 3 3 8 1804 202
ROW 1804 4 2 4 1804 357
ROW 1804 5 73 255 1804 7
ROW 1804 6 10 21 1804 0
ROW 1804 7 14 24 1804 73
ROW 1805 0 5 16 1805 106
ROW 1805 1 6 32 1805 47
ROW 1805 2 29 31 1805 0
ROW 1805 3 7 8 1805 202
ROW 1805 4 2 4 1805 357
ROW 1805 5 79 255 1805 7
ROW 1805 6 17 21 1805 0
ROW 1805 7 22 24 1805 73
ROW 1806 0 7 16 1806 106
ROW 1806 1 9 32 1806 47
ROW 1806 2 0 31 1806 0
ROW 1806 3 3 8 1806 202
ROW 1806 4 3 4 1806 357
ROW 1806 5 86 255 1806 7
ROW 1806 6 0 21 1806 0
ROW 1806 7 6 24 1806 73
ROW 1807 0 8 16 1807 106
ROW 1807 1 11 32 1807 47
ROW 1807 2 3 31 1807 0
ROW 1807 3 7 8 1807 202
ROW 1807 4 3 4 1807 357
ROW 1807 5 92 255 1807 7
ROW 1807 6 7 21 1807 0
ROW 1807 7 14 24 1807 73
ROW 1808 0 9 16 1808 106
ROW 1808 1 13 32 1808 47
ROW 1808 2 6 31 1808 0
ROW 1808 3 2 8 1808 202
ROW 1808 4 3 4 1808 357
ROW 1808 5 98 255 1808 7
ROW 1808 6 14 21 1808 0
ROW 1808 7 22 24 1808 73
ROW 1809 0 10 16 1809 106
ROW 1809 1 15 32 1809 47
ROW 1809 2 9 31 1809 0
ROW 1809 3 6 8 1809 202
ROW 1809 4 3 4 1809 357
ROW 1809 5 104 255 1809 7
ROW 1809 6 21 21 1809 0
ROW 1809 7 5 24 1809 73
ROW 1810 0 11 16 1810 106
ROW 1810 1 17 32 1810 47
ROW 1810 2 12 31 1810 0
ROW 1810 3 1 8 1810 202
ROW 1810 4 3 4 1810 357
ROW 1810 5 110 255 1810 7
ROW 1810 6 3 21 1810 0
ROW 1810 7 13 24 1810 73
ROW 1811 0 12 16 1811 106
ROW 1811 1 19 32 1811 47
ROW 1811 2 15 31 1811 0
ROW 1811 3 5 8 1811 202
ROW 1811 4 3 4 1811 357
ROW 1811 5 116 255 1811 7
ROW 1811 6 10 21 1811 0
ROW 1811 7 21 24 1811 73
ROW 1812 0 13 16 1812 106
ROW 1812 1 21 32 1812 47
ROW 1812 2 18 31 1812 0
ROW 1812 3 0 8 1812 202
ROW 1812 4 3 4 1812 357
ROW 1812 5 122 255 1812 7
ROW 1812 6 17 21 1812 0
ROW 1812 7 4 24 1812 73
ROW 1813 0 15 16 1813 106
ROW 1813 1 24 32 1813 47
ROW 1813 2 22 31 1813 0
ROW 1813 3 5 8 1813 202
ROW 1813 4 4 4 1813 358
ROW 1813 5 129 255 1813 7
ROW 1813 6 0 21 1813 0
ROW 1813 7 13 24 1813 73
ROW 1814 0 16 16 1814 107
ROW 1814 1 26 32 1814 47
ROW 1814 2 25 31 1814 0
ROW 1814 3 0 8 1814 202
ROW 1814 4 4 4 1814 359
ROW 1814 5 135 255 1814 7
ROW 1814 6 7 21 1814 0
ROW 1814 7 21 24 1814 73
ROW 1815 0 0 16 1815 107
ROW 1815 1 28 32 1815 47
ROW 1815 2 28 31 1815 0
ROW 1815 3 4 8 1815 202
ROW 1815 4 4 4 1815 360
ROW 1815 5 141 255 1815 7
ROW 1815 6 14 21 1815 0
ROW 1815 7 4 24 1815 73
ROW 1816 0 1 16 1816 107
ROW 1816 1 30 32 1816 47
ROW 1816 2 31 31 1816 0
ROW 1816 3 8 8 1816 203
ROW 1816 4 4 4 1816 361
ROW 1816 5 147 255 1816 7
ROW 1816 6 21 21 1816 0
ROW 1816 7 12 24 1816 73
ROW 1817 0 2 16 1817 107
ROW 1817 1 32 32 1817 48
ROW 1817 2 1 31 1817 0
ROW 1817 3 3 8 1817 203
ROW 1817 4 4 4 1817 362
ROW 1817 5 153 255 1817 7
ROW 1817 6 3 21 1817 0
ROW 1817 7 20 24 1817 73
ROW 1818 0 3 16 1818 107
ROW 1818 1 1 32 1818 48
ROW 1818 2 4 31 1818 0
ROW 1818 3 7 8 1818 203
ROW 1818 4 4 4 1818 363
ROW 1818 5 159 255 1818 7
ROW 1818 6 10 21 1818 0
ROW 1818 7 3 24 1818 73
ROW 1819 0 4 16 1819 107
ROW 1819 1 3 32 1819 48
ROW 1819 2 7 31 1819 0
ROW 1819 3 2 8 1819 203
ROW 1819 4 4 4 1819 364
ROW 1819 5 165 255 1819 7
ROW 1819 6 17 21 1819 0
ROW 1819 7 11 24 1819 73
ROW 1820 0 6 16 1820 107
ROW 1820 1 6 32 1820 48
ROW 1820 2 11 31 1820 0
ROW 1820 3 7 8 1820 203
ROW 1820 4 0 4 1820 364
ROW 1820 5 172 255 1820 7
ROW 1820 6 0 21 1820 0
ROW 1820 7 20 24 1820 73
ROW 1821 0 7 16 1821 107
ROW 1821 1 8 32 1821 48
ROW 1821 2 14 31 1821 0
ROW 1821 3 2 8 1821 203
ROW 1821 4 0 4 1821 364
ROW 1821 5 178 255 1821 7
ROW 1821 6 7 21 1821 0
ROW 1821 7 3 24 1821 73
ROW 1822 0 8 16 1822 107
ROW 1822 1 10 32 1822 48
ROW 1822 2 17 31 1822 0
ROW 1822 3 6 8 1822 203
ROW 1822 4 0 4 1822 364
ROW 1822 5 184 255 1822 7
ROW 1822 6 14 21 1822 0
ROW 1822 7 11 24 1822 73
ROW 1823 0 9 16 1823 107
ROW 1823 1 12 32 1823 48
ROW 1823 2 20 31 1823 0
ROW 1823 3 1 8 1823 203
ROW 1823 4 0 4 1823 364
ROW 1823 5 190 255 1823 7
ROW 1823 6 21 21 1823 0
ROW 1823 7 19 24 1823 73
ROW 1824 0 10 16 1824 107
ROW 1824 1 14 32 1824 48
ROW 1824 2 23 31 1824 0
ROW 1824 3 5 8 1824 203
ROW 1824 4 0 4 1824 364
ROW 1824 5 196 255 1824 7
ROW 1824 6 3 21 1824 0
ROW 1824 7 2 24 1824 73
ROW 1825 0 11 16 1825 107
ROW 1825 1 16 32 1825 48
ROW 1825 2 26 31 1825 0
ROW 1825 3 0 8 1825 203
ROW 1825 4 0 4 1825 364
ROW 1825 5 202 255 1825 7
ROW 1825 6 10 21 1825 0
ROW 1825 7 10 24 1825 73
ROW 1826 0 12 16 1826 107
ROW 1826 1 18 32 1826 48
ROW 1826 2 29 31 1826 0
ROW 1826 3 4 8 1826 203
ROW 1826 4 0 4 1826 364
ROW 1826 5 208 255 1826 7
ROW 1826 6 17 21 1826 0
ROW 1826 7 18 24 1826 73
ROW 1827 0 14 16 1827 107
ROW 1827 1 21 32 1827 48
ROW 1827 2 0 31 1827 0
ROW 1827 3 0 8 1827 203
ROW 1827 4 1 4 1827 364
ROW 1827 5 215 255 1827 7
ROW 1827 6 0 21 1827 0
ROW 1827 7 2 24 1827 73
ROW 1828 0 15 16 1828 107
ROW 1828 1 23 32 1828 48
ROW 1828 2 3 31 1828 0
ROW 1828 3 4 8 1828 203
ROW 1828 4 1 4 1828 364
ROW 1828 5 221 255 1828 7
ROW 1828 6 7 21 1828 0
ROW 1828 7 10 24 1828 73
ROW 1829 0 16 16 1829 108
ROW 1829 1 25 32 1829 48
ROW 1829 2 6 31 1829 0
ROW 1829 3 8 8 1829 204
ROW 1829 4 1 4 1829 364
ROW 1829 5 227 255 1829 7
ROW 1829 6 14 21 1829 0
ROW 1829 7 18 24 1829 73
ROW 1830 0 0 16 1830 108
ROW 1830 1 27 32 1830 48
ROW 1830 2 9 31 1830 0
ROW 1830 3 3 8 1830 204
ROW 1830 4 1 4 1830 364
ROW 1830 5 233 255 1830 7
ROW 1830 6 21 21 1830 0
ROW 1830 7 1 24 1830 73
ROW 1831 0 1 16 1831 108
ROW 1831 1 29 32 1831 48
ROW 1831 2 12 31 1831 0
ROW 1831 3 7 8 1831 204
ROW 1831 4 1 4 1831 364
ROW 1831 5 239 255 1831 7
ROW 1831 6 3 21 1831 0
ROW 1831 7 9 24 1831 73
ROW 1832 0 2 16 1832 108
ROW 1832 1 31 32 1832 48
ROW 1832 2 15 31 1832 0
ROW 1832 3 2 8 1832 204
ROW 1832 4 1 4 1832 364
ROW 1832 5 245 255 1832 7
ROW 1832 6 10 21 1832 0
ROW 1832 7 17 24 1832 73
ROW 1833 0 3 16 1833 108
ROW 1833 1 0 32 1833 48
ROW 1833 2 18 31 1833 0
ROW 1833 3 6 8 1833 204
ROW 1833 4 1 4 1833 364
ROW 1833 5 251 255 1833 7
ROW 1833 6 17 21 1833 0
ROW 1833 7 0 24 1833 73
ROW 1834 0 5 16 1834 108
ROW 1834 1 3 32 1834 48
ROW 1834 2 22 31 1834 0
ROW 1834 3 2 8 1834 204
ROW 1834 4 2 4 1834 364
ROW 1834 5 2 255 1834 7
ROW 1834 6 0 21 1834 0
ROW 1834 7 9 24 1834 73
ROW 1835 0 6 16 1835 108
ROW 1835 1 5 32 1835 48
ROW 1835 2 25 31 1835 0
ROW 1835 3 6 8 1835 204
ROW 1835 4 2 4 1835 364
ROW 1835 5 8 255 1835 7
ROW 1835 6 7 21 1835 0
ROW 1835 7 17 24 1835 73
ROW 1836 0 7 16 1836 108
ROW 1836 1 7 32 1836 48
ROW 1836 2 28 31 1836 0
ROW 1836 3 1 8 1836 204
ROW 1836 4 2 4 1836 364
ROW 1836 5 14 255 1836 7
ROW 1836 6 14 21 1836 0
ROW 1836 7 0 24 1836 73
ROW 1837 0 8 16 1837 108
ROW 1837 1 9 32 1837 48
ROW 1837 2 31 31 1837 0
ROW 1837 3 5 8 1837 204
ROW 1837 4 2 4 1837 364
ROW 1837 5 20 255 1837 7
ROW 1837 6 21 21 1837 0
ROW 1837 7 8 24 1837 73
ROW 1838 0 9 16 1838 108
ROW 1838 1 11 32 1838 48
ROW 1838 2 1 31 1838 0
ROW 1838 3 0 8 1838 204
ROW 1838 4 2 4 1838 364
ROW 1838 5 26 255 1838 7
ROW 1838 6 3 21 1838 0
ROW 1838 7 16 24 1838 73
ROW 1839 0 10 16 1839 108
ROW 1839 1 13 32 1839 48
ROW 1839 2 4 31 1839 0
ROW 1839 3 4 8 1839 204
ROW 1839 4 2 4 1839 364
ROW 1839 5 32 255 1839 7
ROW 1839 6 10 21 1839 0
ROW 1839 7 24 24 1839 74
ROW 1840 0 11 16 1840 108
ROW 1840 1 15 32 1840 48
ROW 1840 2 7 31 1840 0
ROW 1840 3 8 8 1840 205
ROW 1840 4 2 4 1840 364
ROW 1840 5 38 255 1840 7
ROW 1840 6 17 21 1840 0
ROW 1840 7 7 24 1840 74
ROW 1841 0 13 16 1841 108
ROW 1841 1 18 32 1841 48
ROW 1841 2 11 31 1841 0
ROW 1841 3 4 8 1841 205
ROW 1841 4 3 4 1841 364
ROW 1841 5 45 255 1841 7
ROW 1841 6 0 21 1841 0
ROW 1841 7 16 24 1841 74
ROW 1842 0 14 16 1842 108
ROW 1842 1 20 32 1842 48
ROW 1842 2 14 31 1842 0
ROW 1842 3 8 8 1842 206
ROW 1842 4 3 4 1842 364
ROW 1842 5 51 255 1842 7
ROW 1842 6 7 21 1842 0
ROW 1842 7 24 24 1842 75
ROW 1843 0 15 16 1843 108
ROW 1843 1 22 32 1843 48
ROW 1843 2 17 31 1843 0
ROW 1843 3 3 8 1843 206
ROW 1843 4 3 4 1843 364
ROW 1843 5 57 255 1843 7
ROW 1843 6 14 21 1843 0
ROW 1843 7 7 24 1843 75
ROW 1844 0 16 16 1844 109
ROW 1844 1 24 32 1844 48
ROW 1844 2 20 31 1844 0
ROW 1844 3 7 8 1844 206
ROW 1844 4 3 4 1844 364
ROW 1844 5 63 255 1844 7
ROW 1844 6 21 21 1844 0
ROW 1844 7 15 24 1844 75
ROW 1845 0 0 16 1845 109
ROW 1845 1 26 32 1845 48
ROW 1845 2 23 31 1845 0
ROW 1845 3 2 8 1845 206
ROW 1845 4 3 4 1845 364
ROW 1845 5 69 255 1845 7
ROW 1845 6 3 21 1845 0
ROW 1845 7 23 24 1845 75
ROW 1846 0 1 16 1846 109
ROW 1846 1 28 32 1846 48
ROW 1846 2 26 31 1846 0
ROW 1846 3 6 8 1846 206
ROW 1846 4 3 4 1846 364
ROW 1846 5 75 255 1846 7
ROW 1846 6 10 21 1846 0
ROW 1846 7 6 24 1846 75
ROW 1847 0 2 16 1847 109
ROW 1847 1 30 32 1847 48
ROW 1847 2 29 31 1847 0
ROW 1847 3 1 8 1847 206
ROW 1847 4 3 4 1847 364
ROW 1847 5 81 255 1847 7
ROW 1847 6 17 21 1847 0
ROW 1847 7 14 24 1847 75
ROW 1848 0 4 16 1848 109
ROW 1848 1 0 32 1848 48
ROW 1848 2 0 31 1848 0
ROW 1848 3 6 8 1848 206
ROW 1848 4 4 4 1848 365
ROW 1848 5 88 255 1848 7
ROW 1848 6 0 21 1848 0
ROW 1848 7 23 24 1848 75
ROW 1849 0 5 16 1849 109
ROW 1849 1 2 32 1849 48
ROW 1849 2 3 31 1849 0
ROW 1849 3 1 8 1849 206
ROW 1849 4 4 4 1849 366
ROW 1849 5 94 255 1849 7
ROW 1849 6 7 21 1849 0
ROW 1849 7 6 24 1849 75
ROW 1850 0 6 16 1850 109
ROW 1850 1 4 32 1850 48
ROW 1850 2 6 31 1850 0
ROW 1850 3 5 8 1850 206
ROW 1850 4 4 4 1850 367
ROW 1850 5 100 255 1850 7
ROW 1850 6 14 21 1850 0
ROW 1850 7 14 24 1850 75
ROW 1851 0 7 16 1851 109
ROW 1851 1 6 32 1851 48
ROW 1851 2 9 31 1851 0
ROW 1851 3 0 8 1851 206
ROW 1851 4 4 4 1851 368
ROW 1851 5 106 255 1851 7
ROW 1851 6 21 21 1851 0
ROW 1851 7 22 24 1851 75
ROW 1852 0 8 16 1852 109
ROW 1852 1 8 32 1852 48
ROW 1852 2 12 31 1852 0
ROW 1852 3 4 8 1852 206
ROW 1852 4 4 4 1852 369
ROW 1852 5 112 255 1852 7
ROW 1852 6 3 21 1852 0
ROW 1852 7 5 24 1852 75
ROW 1853 0 9 16 1853 109
ROW 1853 1 10 32 1853 48
ROW 1853 2 15 31 1853 0
ROW 1853 3 8 8 1853 207
ROW 1853 4 4 4 1853 370
ROW 1853 5 118 255 1853 7
ROW 1853 6 10 21 1853 0
ROW 1853 7 13 24 1853 75
ROW 1854 0 10 16 1854 109
ROW 1854 1 12 32 1854 48
ROW 1854 2 18 31 1854 0
ROW 1854 3 3 8 1854 207
ROW 1854 4 4 4 1854 371
ROW 1854 5 124 255 1854 7
ROW 1854 6 17 21 1854 0
ROW 1854 7 21 24 1854 75
ROW 1855 0 12 16 1855 109
ROW 1855 1 15 32 1855 48
ROW 1855 2 22 31 1855 0
ROW 1855 3 8 8 1855 208
ROW 1855 4 0 4 1855 371
ROW 1855 5 131 255 1855 7
ROW 1855 6 0 21 1855 0
ROW 1855 7 5 24 1855 75
ROW 1856 0 13 16 1856 109
ROW 1856 1 17 32 1856 48
ROW 1856 2 25 31 1856 0
ROW 1856 3 3 8 1856 208
ROW 1856 4 0 4 1856 371
ROW 1856 5 137 255 1856 7
ROW 1856 6 7 21 1856 0
ROW 1856 7 13 24 1856 75
ROW 1857 0 14 16 1857 109
ROW 1857 1 19 32 1857 48
ROW 1857 2 28 31 1857 0
ROW 1857 3 7 8 1857 208
ROW 1857 4 0 4 1857 371
ROW 1857 5 143 255 1857 7
ROW 1857 6 14 21 1857 0
ROW 1857 7 21 24 1857 75
ROW 1858 0 15 16 1858 109
ROW 1858 1 21 32 1858 48
ROW 1858 2 31 31 1858 0
ROW 1858 3 2 8 1858 208
ROW 1858 4 0 4 1858 371
ROW 1858 5 149 255 1858 7
ROW 1858 6 21 21 1858 0
ROW 1858 7 4 24 1858 75
ROW 1859 0 16 16 1859 110
ROW 1859 1 23 32 1859 48
ROW 1859 2 1 31 1859 0
ROW 1859 3 6 8 1859 208
ROW 1859 4 0 4 1859 371
ROW 1859 5 155 255 1859 7
ROW 1859 6 3 21 1859 0
ROW 1859 7 12 24 1859 75
ROW 1860 0 0 16 1860 110
ROW 1860 1 25 32 1860 48
ROW 1860 2 4 31 1860 0
ROW 1860 3 1 8 1860 208
ROW 1860 4 0 4 1860 371
ROW 1860 5 161 255 1860 7
ROW 1860 6 10 21 1860 0
ROW 1860 7 20 24 1860 75
ROW 1861 0 1 16 1861 110
ROW 1861 1 27 32 1861 48
ROW 1861 2 7 31 1861 0
ROW 1861 3 5 8 1861 208
ROW 1861 4 0 4 1861 371
ROW 1861 5 167 255 1861 7
ROW 1861 6 17 21 1861 0
ROW 1861 7 3 24 1861 75
ROW 1862 0 3 16 1862 110
ROW 1862 1 30 32 1862 48
ROW 1862 2 11 31 1862 0
ROW 1862 3 1 8 1862 208
ROW 1862 4 1 4 1862 371
ROW 1862 5 174 255 1862 7
ROW 1862 6 0 21 1862 0
ROW 1862 7 12 24 1862 75
ROW 1863 0 4 16 1863 110
ROW 1863 1 32 32 1863 49
ROW 1863 2 14 31 1863 0
ROW 1863 3 5 8 1863 208
ROW 1863 4 1 4 1863 371
ROW 1863 5 180 255 1863 7
ROW 1863 6 7 21 1863 0
ROW 1863 7 20 24 1863 75
ROW 1864 0 5 16 1864 110
ROW 1864 1 1 32 1864 49
ROW 1864 2 17 31 1864 0
ROW 1864 3 0 8 1864 208
ROW 1864 4 1 4 1864 371
ROW 1864 5 186 255 1864 7
ROW 1864 6 14 21 1864 0
ROW 1864 7 3 24 1864 75
ROW 1865 0 6 16 1865 110
ROW 1865 1 3 32 1865 49
ROW 1865 2 20 31 1865 0
ROW 1865 3 4 8 1865 208
ROW 1865 4 1 4 1865 371
ROW 1865 5 192 255 1865 7
ROW 1865 6 21 21 1865 0
ROW 1865 7 11 24 1865 75
ROW 1866 0 7 16 1866 110
ROW 1866 1 5 32 1866 49
ROW 1866 2 23 31 1866 0
ROW 1866 3 8 8 1866 209
ROW 1866 4 1 4 1866 371
ROW 1866 5 198 255 1866 7
ROW 1866 6 3 21 1866 0
ROW 1866 7 19 24 1866 75
ROW 1867 0 8 16 1867 110
ROW 1867 1 7 32 1867 49
ROW 1867 2 26 31 1867 0
ROW 1867 3 3 8 1867 209
ROW 1867 4 1 4 1867 371
ROW 1867 5 204 255 1867 7
ROW 1867 6 10 21 1867 0
ROW 1867 7 2 24 1867 75
ROW 1868 0 9 16 1868 110
ROW 1868 1 9 32 1868 49
ROW 1868 2 29 31 1868 0
ROW 1868 3 7 8 1868 209
ROW 1868 4 1 4 1868 371
ROW 1868 5 210 255 1868 7
ROW 1868 6 17 21 1868 0
ROW 1868 7 10 24 1868 75
ROW 1869 0 11 16 1869 110
ROW 1869 1 12 32 1869 49
ROW 1869 2 0 31 1869 0
ROW 1869 3 3 8 1869 209
ROW 1869 4 2 4 1869 371
ROW 1869 5 217 255 1869 7
ROW 1869 6 0 21 1869 0
ROW 1869 7 19 24 1869 75
ROW 1870 0 12 16 1870 110
ROW 1870 1 14 32 1870 49
ROW 1870 2 3 31 1870 0
ROW 1870 3 7 8 1870 209
ROW 1870 4 2 4 1870 371
ROW 1870 5 223 255 1870 7
ROW 1870 6 7 21 1870 0
ROW 1870 7 2 24 1870 75
ROW 1871 0 13 16 1871 110
ROW 1871 1 16 32 1871 49
ROW 1871 2 6 31 1871 0
ROW 1871 3 2 8 1871 209
ROW 1871 4 2 4 1871 371
ROW 1871 5 229 255 1871 7
ROW 1871 6 14 21 1871 0
ROW 1871 7 10 24 1871 75
ROW 1872 0 14 16 1872 110
ROW 1872 1 18 32 1872 49
ROW 1872 2 9 31 1872 0
ROW 1872 3 6 8 1872 209
ROW 1872 4 2 4 1872 371
ROW 1872 5 235 255 1872 7
ROW 1872 6 21 21 1872 0
ROW 1872 7 18 24 1872 75
ROW 1873 0 15 16 1873 110
ROW 1873 1 20 32 1873 49
ROW 1873 2 12 31 1873 0
ROW 1873 3 1 8 1873 209
ROW 1873 4 2 4 1873 371
ROW 1873 5 241 255 1873 7
ROW 1873 6 3 21 1873 0
ROW 1873 7 1 24 1873 75
ROW 1874 0 16 16 1874 111
ROW 1874 1 22 32 1874 49
ROW 1874 2 15 31 1874 0
ROW 1874 3 5 8 1874 209
ROW 1874 4 2 4 1874 371
ROW 1874 5 247 255 1874 7
ROW 1874 6 10 21 1874 0
ROW 1874 7 9 24 1874 75
ROW 1875 0 0 16 1875 111
ROW 1875 1 24 32 1875 49
ROW 1875 2 18 31 1875 0
ROW 1875 3 0 8 1875 209
ROW 1875 4 2 4 1875 371
ROW 1875 5 253 255 1875 7
ROW 1875 6 17 21 1875 0
ROW 1875 7 17 24 1875 75
ROW 1876 0 2 16 1876 111
ROW 1876 1 27 32 1876 49
ROW 1876 2 22 31 1876 0
ROW 1876 3 5 8 1876 209
ROW 1876 4 3 4 1876 371
ROW 1876 5 4 255 1876 7
ROW 1876 6 0 21 1876 0
ROW 1876 7 1 24 1876 75
ROW 1877 0 3 16 1877 111
ROW 1877 1 29 32 1877 49
ROW 1877 2 25 31 1877 0
ROW 1877 3 0 8 1877 209
ROW 1877 4 3 4 1877 371
ROW 1877 5 10 255 1877 7
ROW 1877 6 7 21 1877 0
ROW 1877 7 9 24 1877 75
ROW 1878 0 4 16 1878 111
ROW 1878 1 31 32 1878 49
ROW 1878 2 28 31 1878 0
ROW 1878 3 4 8 1878 209
ROW 1878 4 3 4 1878 371
ROW 1878 5 16 255 1878 7
ROW 1878 6 14 21 1878 0
ROW 1878 7 17 24 1878 75
ROW 1879 0 5 16 1879 111
ROW 1879 1 0 32 1879 49
ROW 1879 2 31 31 1879 0
ROW 1879 3 8 8 1879 210
ROW 1879 4 3 4 1879 371
ROW 1879 5 22 255 1879 7
ROW 1879 6 21 21 1879 0
ROW 1879 7 0 24 1879 75
ROW 1880 0 6 16 1880 111
ROW 1880 1 2 32 1880 49
ROW 1880 2 1 31 1880 0
ROW 1880 3 3 8 1880 210
ROW 1880 4 3 4 1880 371
ROW 1880 5 28 255 1880 7
ROW 1880 6 3 21 1880 0
ROW 1880 7 8 24 1880 75
ROW 1881 0 7 16 1881 111
ROW 1881 1 4 32 1881 49
ROW 1881 2 4 31 1881 0
ROW 1881 3 7 8 1881 210
ROW 1881 4 3 4 1881 371
ROW 1881 5 34 255 1881 7
ROW 1881 6 10 21 1881 0
ROW 1881 7 16 24 1881 75
ROW 1882 0 8 16 1882 111
ROW 1882 1 6 32 1882 49
ROW 1882 2 7 31 1882 0
ROW 1882 3 2 8 1882 210
ROW 1882 4 3 4 1882 371
ROW 1882 5 40 255 1882 7
ROW 1882 6 17 21 1882 0
ROW 1882 7 24 24 1882 76
ROW 1883 0 10 16 1883 111
ROW 1883 1 9 32 1883 49
ROW 1883 2 11 31 1883 0
ROW 1883 3 7 8 1883 210
ROW 1883 4 4 4 1883 372
ROW 1883 5 47 255 1883 7
ROW 1883 6 0 21 1883 0
ROW 1883 7 8 24 1883 76
ROW 1884 0 11 16 1884 111
ROW 1884 1 11 32 1884 49
ROW 1884 2 14 31 1884 0
ROW 1884 3 2 8 1884 210
ROW 1884 4 4 4 1884 373
ROW 1884 5 53 255 1884 7
ROW 1884 6 7 21 1884 0
ROW 1884 7 16 24 1884 76
ROW 1885 0 12 16 1885 111
ROW 1885 1 13 32 1885 49
ROW 1885 2 17 31 1885 0
ROW 1885 3 6 8 1885 210
ROW 1885 4 4 4 1885 374
ROW 1885 5 59 255 1885 7
ROW 1885 6 14 21 1885 0
ROW 1885 7 24 24 1885 77
ROW 1886 0 13 16 1886 111
ROW 1886 1 15 32 1886 49
ROW 1886 2 20 31 1886 0
ROW 1886 3 1 8 1886 210
ROW 1886 4 4 4 1886 375
ROW 1886 5 65 255 1886 7
ROW 1886 6 21 21 1886 0
ROW 1886 7 7 24 1886 77
ROW 1887 0 14 16 1887 111
ROW 1887 1 17 32 1887 49
ROW 1887 2 23 31 1887 0
ROW 1887 3 5 8 1887 210
ROW 1887 4 4 4 1887 376
ROW 1887 5 71 255 1887 7
ROW 1887 6 3 21 1887 0
ROW 1887 7 15 24 1887 77
ROW 1888 0 15 16 1888 111
ROW 1888 1 19 32 1888 49
ROW 1888 2 26 31 1888 0
ROW 1888 3 0 8 1888 210
ROW 1888 4 4 4 1888 377
ROW 1888 5 77 255 1888 7
ROW 1888 6 10 21 1888 0
ROW 1888 7 23 24 1888 77
ROW 1889 0 16 16 1889 112
ROW 1889 1 21 32 1889 49
ROW 1889 2 29 31 1889 0
ROW 1889 3 4 8 1889 210
ROW 1889 4 4 4 1889 378
ROW 1889 5 83 255 1889 7
ROW 1889 6 17 21 1889 0
ROW 1889 7 6 24 1889 77
ROW 1890 0 1 16 1890 112
ROW 1890 1 24 32 1890 49
ROW 1890 2 0 31 1890 0
ROW 1890 3 0 8 1890 210
ROW 1890 4 0 4 1890 378
ROW 1890 5 90 255 1890 7
ROW 1890 6 0 21 1890 0
ROW 1890 7 15 24 1890 77
ROW 1891 0 2 16 1891 112
ROW 1891 1 26 32 1891 49
ROW 1891 2 3 31 1891 0
ROW 1891 3 4 8 1891 210
ROW 1891 4 0 4 1891 378
ROW 1891 5 96 255 1891 7
ROW 1891 6 7 21 1891 0
ROW 1891 7 23 24 1891 77
ROW 1892 0 3 16 1892 112
ROW 1892 1 28 32 1892 49
ROW 1892 2 6 31 1892 0
ROW 1892 3 8 8 1892 211
ROW 1892 4 0 4 1892 378
ROW 1892 5 102 255 1892 7
ROW 1892 6 14 21 1892 0
ROW 1892 7 6 24 1892 77
ROW 1893 0 4 16 1893 112
ROW 1893 1 30 32 1893 49
ROW 1893 2 9 31 1893 0
ROW 1893 3 3 8 1893 211
ROW 1893 4 0 4 1893 378
ROW 1893 5 108 255 1893 7
ROW 1893 6 21 21 1893 0
ROW 1893 7 14 24 1893 77
ROW 1894 0 5 16 1894 112
ROW 1894 1 32 32 1894 50
ROW 1894 2 12 31 1894 0
ROW 1894 3 7 8 1894 211
ROW 1894 4 0 4 1894 378
ROW 1894 5 114 255 1894 7
ROW 1894 6 3 21 1894 0
ROW 1894 7 22 24 1894 77
ROW 1895 0 6 16 1895 112
ROW 1895 1 1 32 1895 50
ROW 1895 2 15 31 1895 0
ROW 1895 3 2 8 1895 211
ROW 1895 4 0 4 1895 378
ROW 1895 5 120 255 1895 7
ROW 1895 6 10 21 1895 0
ROW 1895 7 5 24 1895 77
ROW 1896 0 7 16 1896 112
ROW 1896 1 3 32 1896 50
ROW 1896 2 18 31 1896 0
ROW 1896 3 6 8 1896 211
ROW 1896 4 0 4 1896 378
ROW 1896 5 126 255 1896 7
ROW 1896 6 17 21 1896 0
ROW 1896 7 13 24 1896 77
ROW 1897 0 9 16 1897 112
ROW 1897 1 6 32 1897 50
ROW 1897 2 22 31 1897 0
ROW 1897 3 2 8 1897 211
ROW 1897 4 1 4 1897 378
ROW 1897 5 133 255 1897 7
ROW 1897 6 0 21 1897 0
ROW 1897 7 22 24 1897 77
ROW 1898 0 10 16 1898 112
ROW 1898 1 8 32 1898 50
ROW 1898 2 25 31 1898 0
ROW 1898 3 6 8 1898 211
ROW 1898 4 1 4 1898 378
ROW 1898 5 139 255 1898 7
ROW 1898 6 7 21 1898 0
ROW 1898 7 5 24 1898 77
ROW 1899 0 11 16 1899 112
ROW 1899 1 10 32 1899 50
ROW 1899 2 28 31 1899 0
ROW 1899 3 1 8 1899 211
ROW 1899 4 1 4 1899 378
ROW 1899 5 145 255 1899 7
ROW 1899 6 14 21 1899 0
ROW 1899 7 13 24 1899 77
ROW 1900 0 12 16 1900 112
ROW 1900 1 12 32 1900 50
ROW 1900 2 31 31 1900 0
ROW 1900 3 5 8 1900 211
ROW 1900 4 1 4 1900 378
ROW 1900 5 151 255 1900 7
ROW 1900 6 21 21 1900 0
ROW 1900 7 21 24 1900 77
ROW 1901 0 13 16 1901 112
ROW 1901 1 14 32 1901 50
ROW 1901 2 1 31 1901 0
ROW 1901 3 0 8 1901 211
ROW 1901 4 1 4 1901 378
ROW 1901 5 157 255 1901 7
ROW 1901 6 3 21 1901 0
ROW 1901 7 4 24 1901 77
ROW 1902 0 14 16 1902 112
ROW 1902 1 16 32 1902 50
ROW 1902 2 4 31 1902 0
ROW 1902 3 4 8 1902 211
ROW 1902 4 1 4 1902 378
ROW 1902 5 163 255 1902 7
ROW 1902 6 10 21 1902 0
ROW 1902 7 12 24 1902 77
ROW 1903 0 15 16 1903 112
ROW 1903 1 18 32 1903 50
ROW 1903 2 7 31 1903 0
ROW 1903 3 8 8 1903 212
ROW 1903 4 1 4 1903 378
ROW 1903 5 169 255 1903 7
ROW 1903 6 17 21 1903 0
ROW 1903 7 20 24 1903 77
ROW 1904 0 0 16 1904 112
ROW 1904 1 21 32 1904 50
ROW 1904 2 11 31 1904 0
ROW 1904 3 4 8 1904 212
ROW 1904 4 2 4 1904 378
ROW 1904 5 176 255 1904 7
ROW 1904 6 0 21 1904 0
ROW 1904 7 4 24 1904 77
ROW 1905 0 1 16 1905 112
ROW 1905 1 23 32 1905 50
ROW 1905 2 14 31 1905 0
ROW 1905 3 8 8 1905 213
ROW 1905 4 2 4 1905 378
ROW 1905 5 182 255 1905 7
ROW 1905 6 7 21 1905 0
ROW 1905 7 12 24 1905 77
ROW 1906 0 2 16 1906 112
ROW 1906 1 25 32 1906 50
ROW 1906 2 17 31 1906 0
ROW 1906 3 3 8 1906 213
ROW 1906 4 2 4 1906 378
ROW 1906 5 188 255 1906 7
ROW 1906 6 14 21 1906 0
ROW 1906 7 20 24 1906 77
ROW 1907 0 3 16 1907 112
ROW 1907 1 27 32 1907 50
ROW 1907 2 20 31 1907 0
ROW 1907 3 7 8 1907 213
ROW 1907 4 2 4 1907 378
ROW 1907 5 194 255 1907 7
ROW 1907 6 21 21 1907 0
ROW 1907 7 3 24 1907 77
ROW 1908 0 4 16 1908 112
ROW 1908 1 29 32 1908 50
ROW 1908 2 23 31 1908 0
ROW 1908 3 2 8 1908 213
ROW 1908 4 2 4 1908 378
ROW 1908 5 200 255 1908 7
ROW 1908 6 3 21 1908 0
ROW 1908 7 11 24 1908 77
ROW 1909 0 5 16 1909 112
ROW 1909 1 31 32 1909 50
ROW 1909 2 26 31 1909 0
ROW 1909 3 6 8 1909 213
ROW 1909 4 2 4 1909 378
ROW 1909 5 206 255 1909 7
ROW 1909 6 10 21 1909 0
ROW 1909 7 19 24 1909 77
ROW 1910 0 6 16 1910 112
ROW 1910 1 0 32 1910 50
ROW 1910 2 29 31 1910 0
ROW 1910 3 1 8 1910 213
ROW 1910 4 2 4 1910 378
ROW 1910 5 212 255 1910 7
ROW 1910 6 17 21 1910 0
ROW 1910 7 2 24 1910 77
ROW 1911 0 8 16 1911 112
ROW 1911 1 3 32 1911 50
ROW 1911 2 0 31 1911 0
ROW 1911 3 6 8 1911 213
ROW 1911 4 3 4 1911 378
ROW 1911 5 219 255 1911 7
ROW 1911 6 0 21 1911 0
ROW 1911 7 11 24 1911 77
ROW 1912 0 9 16 1912 112
ROW 1912 1 5 32 1912 50
ROW 1912 2 3 31 1912 0
ROW 1912 3 1 8 1912 213
ROW 1912 4 3 4 1912 378
ROW 1912 5 225 255 1912 7
ROW 1912 6 7 21 1912 0
ROW 1912 7 19 24 1912 77
ROW 1913 0 10 16 1913 112
ROW 1913 1 7 32 1913 50
ROW 1913 2 6 31 1913 0
ROW 1913 3 5 8 1913 213
ROW 1913 4 3 4 1913 378
ROW 1913 5 231 255 1913 7
ROW 1913 6 14 21 1913 0
ROW 1913 7 2 24 1913 77
ROW 1914 0 11 16 1914 112
ROW 1914 1 9 32 1914 50
ROW 1914 2 9 31 1914 0
ROW 1914 3 0 8 1914 213
ROW 1914 4 3 4 1914 378
ROW 1914 5 237 255 1914 7
ROW 1914 6 21 21 1914 0
ROW 1914 7 10 24 1914 77
ROW 1915 0 12 16 1915 112
ROW 1915 1 11 32 1915 50
ROW 1915 2 12 31 1915 0
ROW 1915 3 4 8 1915 213
ROW 1915 4 3 4 1915 378
ROW 1915 5 243 255 1915 7
ROW 1915 6 3 21 1915 0
ROW 1915 7 18 24 1915 77
ROW 1916 0 13 16 1916 112
ROW 1916 1 13 32 1916 50
ROW 1916 2 15 31 1916 0
ROW 1916 3 8 8 1916 214
ROW 1916 4 3 4 1916 378
ROW 1916 5 249 255 1916 7
ROW 1916 6 10 21 1916 0
ROW 1916 7 1 24 1916 77
ROW 1917 0 14 16 1917 112
ROW 1917 1 15 32 1917 50
ROW 1917 2 18 31 1917 0
ROW 1917 3 3 8 1917 214
ROW 1917 4 3 4 1917 378
ROW 1917 5 255 255 1917 8
ROW 1917 6 17 21 1917 0
ROW 1917 7 9 24 1917 77
ROW 1918 0 16 16 1918 113
ROW 1918 1 18 32 1918 50
ROW 1918 2 22 31 1918 0
ROW 1918 3 8 8 1918 215
ROW 1918 4 4 4 1918 379
ROW 1918 5 6 255 1918 8
ROW 1918 6 0 21 1918 0
ROW 1918 7 18 24 1918 77
ROW 1919 0 0 16 1919 113
ROW 1919 1 20 32 1919 50
ROW 1919 2 25 31 1919 0
ROW 1919 3 3 8 1919 215
ROW 1919 4 4 4 1919 380
ROW 1919 5 12 255 1919 8
ROW 1919 6 7 21 1919 0
ROW 1919 7 1 24 1919 77
ROW 1920 0 1 16 1920 113
ROW 1920 1 22 32 1920 50
ROW 1920 2 28 31 1920 0
ROW 1920 3 7 8 1920 215
ROW 1920 4 4 4 1920 381
ROW 1920 5 18 255 1920 8
ROW 1920 6 14 21 1920 0
ROW 1920 7 9 24 1920 77
ROW 1921 0 2 16 1921 113
ROW 1921 1 24 32 1921 50
ROW 1921 2 31 31 1921 0
ROW 1921 3 2 8 1921 215
ROW 1921 4 4 4 1921 382
ROW 1921 5 24 255 1921 8
ROW 1921 6 21 21 1921 0
ROW 1921 7 17 24 1921 77
ROW 1922 0 3 16 1922 113
ROW 1922 1 26 32 1922 50
ROW 1922 2 1 31 1922 0
ROW 1922 3 6 8 1922 215
ROW 1922 4 4 4 1922 383
ROW 1922 5 30 255 1922 8
ROW 1922 6 3 21 1922 0
ROW 1922 7 0 24 1922 77
ROW 1923 0 4 16 1923 113
ROW 1923 1 28 32 1923 50
ROW 1923 2 4 31 1923 0
ROW 1923 3 1 8 1923 215
ROW 1923 4 4 4 1923 384
ROW 1923 5 36 255 1923 8
ROW 1923 6 10 21 1923 0
ROW 1923 7 8 24 1923 77
ROW 1924 0 5 16 1924 113
ROW 1924 1 30 32 1924 50
ROW 1924 2 7 31 1924 0
ROW 1924 3 5 8 1924 215
ROW 1924 4 4 4 1924 385
ROW 1924 5 42 255 1924 8
ROW 1924 6 17 21 1924 0
ROW 1924 7 16 24 1924 77
ROW 1925 0 7 16 1925 113
ROW 1925 1 0 32 1925 50
ROW 1925 2 11 31 1925 0
ROW 1925 3 1 8 1925 215
ROW 1925 4 0 4 1925 385
ROW 1925 5 49 255 1925 8
ROW 1925 6 0 21 1925 0
ROW 1925 7 0 24 1925 77
ROW 1926 0 8 16 1926 113
ROW 1926 1 2 32 1926 50
ROW 1926 2 14 31 1926 0
ROW 1926 3 5 8 1926 215
ROW 1926 4 0 4 1926 385
ROW 1926 5 55 255 1926 8
ROW 1926 6 7 21 1926 0
ROW 1926 7 8 24 1926 77
ROW 1927 0 9 16 1927 113
ROW 1927 1 4 32 1927 50
ROW 1927 2 17 31 1927 0
ROW 1927 3 0 8 1927 215
ROW 1927 4 0 4 1927 385
ROW 1927 5 61 255 1927 8
ROW 1927 6 14 21 1927 0
ROW 1927 7 16 24 1927 77
ROW 1928 0 10 16 1928 113
ROW 1928 1 6 32 1928 50
ROW 1928 2 20 31 1928 0
ROW 1928 3 4 8 1928 215
ROW 1928 4 0 4 1928 385
ROW 1928 5 67 255 1928 8
ROW 1928 6 21 21 1928 0
ROW 1928 7 24 24 1928 78
ROW 1929 0 11 16 1929 113
ROW 1929 1 8 32 1929 50
ROW 1929 2 23 31 1929 0
ROW 1929 3 8 8 1929 216
ROW 1929 4 0 4 1929 385
ROW 1929 5 73 255 1929 8
ROW 1929 6 3 21 1929 0
ROW 1929 7 7 24 1929 78
ROW 1930 0 12 16 1930 113
ROW 1930 1 10 32 1930 50
ROW 1930 2 26 31 1930 0
ROW 1930 3 3 8 1930 216
ROW 1930 4 0 4 1930 385
ROW 1930 5 79 255 1930 8
ROW 1930 6 10 21 1930 0
ROW 1930 7 15 24 1930 78
ROW 1931 0 13 16 1931 113
ROW 1931 1 12 32 1931 50
ROW 1931 2 29 31 1931 0
ROW 1931 3 7 8 1931 216
ROW 1931 4 0 4 1931 385
ROW 1931 5 85 255 1931 8
ROW 1931 6 17 21 1931 0
ROW 1931 7 23 24 1931 78
ROW 1932 0 15 16 1932 113
ROW 1932 1 15 32 1932 50
ROW 1932 2 0 31 1932 0
ROW 1932 3 3 8 1932 216
ROW 1932 4 1 4 1932 385
ROW 1932 5 92 255 1932 8
ROW 1932 6 0 21 1932 0
ROW 1932 7 7 24 1932 78
ROW 1933 0 16 16 1933 114
ROW 1933 1 17 32 1933 50
ROW 1933 2 3 31 1933 0
ROW 1933 3 7 8 1933 216
ROW 1933 4 1 4 1933 385
ROW 1933 5 98 255 1933 8
ROW 1933 6 7 21 1933 0
ROW 1933 7 15 24 1933 78
ROW 1934 0 0 16 1934 114
ROW 1934 1 19 32 1934 50
ROW 1934 2 6 31 1934 0
ROW 1934 3 2 8 1934 216
ROW 1934 4 1 4 1934 385
ROW 1934 5 104 255 1934 8
ROW 1934 6 14 21 1934 0
ROW 1934 7 23 24 1934 78
ROW 1935 0 1 16 1935 114
ROW 1935 1 21 32 1935 50
ROW 1935 2 9 31 1935 0
ROW 1935 3 6 8 1935 216
ROW 1935 4 1 4 1935 385
ROW 1935 5 110 255 1935 8
ROW 1935 6 21 21 1935 0
ROW 1935 7 6 24 1935 78
ROW 1936 0 2 16 1936 114
ROW 1936 1 23 32 1936 50
ROW 1936 2 12 31 1936 0
ROW 1936 3 1 8 1936 216
ROW 1936 4 1 4 1936 385
ROW 1936 5 116 255 1936 8
ROW 1936 6 3 21 1936 0
ROW 1936 7 14 24 1936 78
ROW 1937 0 3 16 1937 114
ROW 1937 1 25 32 1937 50
ROW 1937 2 15 31 1937 0
ROW 1937 3 5 8 1937 216
ROW 1937 4 1 4 1937 385
ROW 1937 5 122 255 1937 8
ROW 1937 6 10 21 1937 0
ROW 1937 7 22 24 1937 78
ROW 1938 0 4 16 1938 114
ROW 1938 1 27 32 1938 50
ROW 1938 2 18 31 1938 0
ROW 1938 3 0 8 1938 216
ROW 1938 4 1 4 1938 385
ROW 1938 5 128 255 1938 8
ROW 1938 6 17 21 1938 0
ROW 1938 7 5 24 1938 78
ROW 1939 0 6 16 1939 114
ROW 1939 1 30 32 1939 50
ROW 1939 2 22 31 1939 0
ROW 1939 3 5 8 1939 216
ROW 1939 4 2 4 1939 385
ROW 1939 5 135 255 1939 8
ROW 1939 6 0 21 1939 0
ROW 1939 7 14 24 1939 78
ROW 1940 0 7 16 1940 114
ROW 1940 1 32 32 1940 51
ROW 1940 2 25 31 1940 0
ROW 1940 3 0 8 1940 216
ROW 1940 4 2 4 1940 385
ROW 1940 5 141 255 1940 8
ROW 1940 6 7 21 1940 0
ROW 1940 7 22 24 1940 78
ROW 1941 0 8 16 1941 114
ROW 1941 1 1 32 1941 51
ROW 1941 2 28 31 1941 0
ROW 1941 3 4 8 1941 216
ROW 1941 4 2 4 1941 385
ROW 1941 5 147 255 1941 8
ROW 1941 6 14 21 1941 0
ROW 1941 7 5 24 1941 78
ROW 1942 0 9 16 1942 114
ROW 1942 1 3 32 1942 51
ROW 1942 2 31 31 1942 0
ROW 1942 3 8 8 1942 217
ROW 1942 4 2 4 1942 385
ROW 1942 5 153 255 1942 8
ROW 1942 6 21 21 1942 0
ROW 1942 7 13 24 1942 78
ROW 1943 0 10 16 1943 114
ROW 1943 1 5 32 1943 51
ROW 1943 2 1 31 1943 0
ROW 1943 3 3 8 1943 217
ROW 1943 4 2 4 1943 385
ROW 1943 5 159 255 1943 8
ROW 1943 6 3 21 1943 0
ROW 1943 7 21 24 1943 78
ROW 1944 0 11 16 1944 114
ROW 1944 1 7 32 1944 51
ROW 1944 2 4 31 1944 0
ROW 1944 3 7 8 1944 217
ROW 1944 4 2 4 1944 385
ROW 1944 5 165 255 1944 8
ROW 1944 6 10 21 1944 0
ROW 1944 7 4 24 1944 78
ROW 1945 0 12 16 1945 114
ROW 1945 1 9 32 1945 51
ROW 1945 2 7 31 1945 0
ROW 1945 3 2 8 1945 217
ROW 1945 4 2 4 1945 385
ROW 1945 5 171 255 1945 8
ROW 1945 6 17 21 1945 0
ROW 1945 7 12 24 1945 78
ROW 1946 0 14 16 1946 114
ROW 1946 1 12 32 1946 51
ROW 1946 2 11 31 1946 0
ROW 1946 3 7 8 1946 217
ROW 1946 4 3 4 1946 385
ROW 1946 5 178 255 1946 8
ROW 1946 6 0 21 1946 0
ROW 1946 7 21 24 1946 78
ROW 1947 0 15 16 1947 114
ROW 1947 1 14 32 1947 51
ROW 1947 2 14 31 1947 0
ROW 1947 3 2 8 1947 217
ROW 1947 4 3 4 1947 385
ROW 1947 5 184 255 1947 8
ROW 1947 6 7 21 1947 0
ROW 1947 7 4 24 1947 78
ROW 1948 0 16 16 1948 115
ROW 1948 1 16 32 1948 51
ROW 1948 2 17 31 1948 0
ROW 1948 3 6 8 1948 217
ROW 1948 4 3 4 1948 385
ROW 1948 5 190 255 1948 8
ROW 1948 6 14 21 1948 0
ROW 1948 7 12 24 1948 78
ROW 1949 0 0 16 1949 115
ROW 1949 1 18 32 1949 51
ROW 1949 2 20 31 1949 0
ROW 1949 3 1 8 1949 217
ROW 1949 4 3 4 1949 385
ROW 1949 5 196 255 1949 8
ROW 1949 6 21 21 1949 0
ROW 1949 7 20 24 1949 78
ROW 1950 0 1 16 1950 115
ROW 1950 1 20 32 1950 51
ROW 1950 2 23 31 1950 0
ROW 1950 3 5 8 1950 217
ROW 1950 4 3 4 1950 385
ROW 1950 5 202 255 1950 8
ROW 1950 6 3 21 1950 0
ROW 1950 7 3 24 1950 78
ROW 1951 0 2 16 1951 115
ROW 1951 1 22 32 1951 51
ROW 1951 2 26 31 1951 0
ROW 1951 3 0 8 1951 217
ROW 1951 4 3 4 1951 385
ROW 1951 5 208 255 1951 8
ROW 1951 6 10 21 1951 0
ROW 1951 7 11 24 1951 78
ROW 1952 0 3 16 1952 115
ROW 1952 1 24 32 1952 51
ROW 1952 2 29 31 1952 0
ROW 1952 3 4 8 1952 217
ROW 1952 4 3 4 1952 385
ROW 1952 5 214 255 1952 8
ROW 1952 6 17 21 1952 0
ROW 1952 7 19 24 1952 78
ROW 1953 0 5 16 1953 115
ROW 1953 1 27 32 1953 51
ROW 1953 2 0 31 1953 0
ROW 1953 3 0 8 1953 217
ROW 1953 4 4 4 1953 386
ROW 1953 5 221 255 1953 8
ROW 1953 6 0 21 1953 0
ROW 1953 7 3 24 1953 78
ROW 1954 0 6 16 1954 115
ROW 1954 1 29 32 1954 51
ROW 1954 2 3 31 1954 0
ROW 1954 3 4 8 1954 217
ROW 1954 4 4 4 1954 387
ROW 1954 5 227 255 1954 8
ROW 1954 6 7 21 1954 0
ROW 1954 7 11 24 1954 78
ROW 1955 0 7 16 1955 115
ROW 1955 1 31 32 1955 51
ROW 1955 2 6 31 1955 0
ROW 1955 3 8 8 1955 218
ROW 1955 4 4 4 1955 388
ROW 1955 5 233 255 1955 8
ROW 1955 6 14 21 1955 0
ROW 1955 7 19 24 1955 78
ROW 1956 0 8 16 1956 115
ROW 1956 1 0 32 1956 51
ROW 1956 2 9 31 1956 0
ROW 1956 3 3 8 1956 218
ROW 1956 4 4 4 1956 389
ROW 1956 5 239 255 1956 8
ROW 1956 6 21 21 1956 0
ROW 1956 7 2 24 1956 78
ROW 1957 0 9 16 1957 115
ROW 1957 1 2 32 1957 51
ROW 1957 2 12 31 1957 0
ROW 1957 3 7 8 1957 218
ROW 1957 4 4 4 1957 390
ROW 1957 5 245 255 1957 8
ROW 1957 6 3 21 1957 0
ROW 1957 7 10 24 1957 78
ROW 1958 0 10 16 1958 115
ROW 1958 1 4 32 1958 51
ROW 1958 2 15 31 1958 0
ROW 1958 3 2 8 1958 218
ROW 1958 4 4 4 1958 391
ROW 1958 5 251 255 1958 8
ROW 1958 6 10 21 1958 0
ROW 1958 7 18 24 1958 78
ROW 1959 0 11 16 1959 115
ROW 1959 1 6 32 1959 51
ROW 1959 2 18 31 1959 0
ROW 1959 3 6 8 1959 218
ROW 1959 4 4 4 1959 392
ROW 1959 5 1 255 1959 8
ROW 1959 6 17 21 1959 0
ROW 1959 7 1 24 1959 78
ROW 1960 0 13 16 1960 115
ROW 1960 1 9 32 1960 51
ROW 1960 2 22 31 1960 0
ROW 1960 3 2 8 1960 218
ROW 1960 4 0 4 1960 392
ROW 1960 5 8 255 1960 8
ROW 1960 6 0 21 1960 0
ROW 1960 7 10 24 1960 78
ROW 1961 0 14 16 1961 115
ROW 1961 1 11 32 1961 51
ROW 1961 2 25 31 1961 0
ROW 1961 3 6 8 1961 218
ROW 1961 4 0 4 1961 392
ROW 1961 5 14 255 1961 8
ROW 1961 6 7 21 1961 0
ROW 1961 7 18 24 1961 78
ROW 1962 0 15 16 1962 115
ROW 1962 1 13 32 1962 51
ROW 1962 2 28 31 1962 0
ROW 1962 3 1 8 1962 218
ROW 1962 4 0 4 1962 392
ROW 1962 5 20 255 1962 8
ROW 1962 6 14 21 1962 0
ROW 1962 7 1 24 1962 78
ROW 1963 0 16 16 1963 116
ROW 1963 1 15 32 1963 51
ROW 1963 2 31 31 1963 0
ROW 1963 3 5 8 1963 218
ROW 1963 4 0 4 1963 392
ROW 1963 5 26 255 1963 8
ROW 1963 6 21 21 1963 0
ROW 1963 7 9 24 1963 78
ROW 1964 0 0 16 1964 116
ROW 1964 1 17 32 1964 51
ROW 1964 2 1 31 1964 0
ROW 1964 3 0 8 1964 218
ROW 1964 4 0 4 1964 392
ROW 1964 5 32 255 1964 8
ROW 1964 6 3 21 1964 0
ROW 1964 7 17 24 1964 78
ROW 1965 0 1 16 1965 116
ROW 1965 1 19 32 1965 51
ROW 1965 2 4 31 1965 0
ROW 1965 3 4 8 1965 218
ROW 1965 4 0 4 1965 392
ROW 1965 5 38 255 1965 8
ROW 1965 6 10 21 1965 0
ROW 1965 7 0 24 1965 78
ROW 1966 0 2 16 1966 116
ROW 1966 1 21 32 1966 51
ROW 1966 2 7 31 1966 0
ROW 1966 3 8 8 1966 219
ROW 1966 4 0 4 1966 392
ROW 1966 5 44 255 1966 8
ROW 1966 6 17 21 1966 0
ROW 1966 7 8 24 1966 78
ROW 1967 0 4 16 1967 116
ROW 1967 1 24 32 1967 51
ROW 1967 2 11 31 1967 0
ROW 1967 3 4 8 1967 219
ROW 1967 4 1 4 1967 392
ROW 1967 5 51 255 1967 8
ROW 1967 6 0 21 1967 0
ROW 1967 7 17 24 1967 78
ROW 1968 0 5 16 1968 116
ROW 1968 1 26 32 1968 51
ROW 1968 2 14 31 1968 0
ROW 1968 3 8 8 1968 220
ROW 1968 4 1 4 1968 392
ROW 1968 5 57 255 1968 8
ROW 1968 6 7 21 1968 0
ROW 1968 7 0 24 1968 78
ROW 1969 0 6 16 1969 116
ROW 1969 1 28 32 1969 51
ROW 1969 2 17 31 1969 0
ROW 1969 3 3 8 1969 220
ROW 1969 4 1 4 1969 392
ROW 1969 5 63 255 1969 8
ROW 1969 6 14 21 1969 0
ROW 1969 7 8 24 1969 78
ROW 1970 0 7 16 1970 116
ROW 1970 1 30 32 1970 51
ROW 1970 2 20 31 1970 0
ROW 1970 3 7 8 1970 220
ROW 1970 4 1 4 1970 392
ROW 1970 5 69 255 1970 8
ROW 1970 6 21 21 1970 0
ROW 1970 7 16 24 1970 78
ROW 1971 0 8 16 1971 116
ROW 1971 1 32 32 1971 52
ROW 1971 2 23 31 1971 0
ROW 1971 3 2 8 1971 220
ROW 1971 4 1 4 1971 392
ROW 1971 5 75 255 1971 8
ROW 1971 6 3 21 1971 0
ROW 1971 7 24 24 1971 79
ROW 1972 0 9 16 1972 116
ROW 1972 1 1 32 1972 52
ROW 1972 2 26 31 1972 0
ROW 1972 3 6 8 1972 220
ROW 1972 4 1 4 1972 392
ROW 1972 5 81 255 1972 8
ROW 1972 6 10 21 1972 0
ROW 1972 7 7 24 1972 79
ROW 1973 0 10 16 1973 116
ROW 1973 1 3 32 1973 52
ROW 1973 2 29 31 1973 0
ROW 1973 3 1 8 1973 220
ROW 1973 4 1 4 1973 392
ROW 1973 5 87 255 1973 8
ROW 1973 6 17 21 1973 0
ROW 1973 7 15 24 1973 79
ROW 1974 0 12 16 1974 116
ROW 1974 1 6 32 1974 52
ROW 1974 2 0 31 1974 0
ROW 1974 3 6 8 1974 220
ROW 1974 4 2 4 1974 392
ROW 1974 5 94 255 1974 8
ROW 1974 6 0 21 1974 0
ROW 1974 7 24 24 1974 80
ROW 1975 0 13 16 1975 116
ROW 1975 1 8 32 1975 52
ROW 1975 2 3 31 1975 0
ROW 1975 3 1 8 1975 220
ROW 1975 4 2 4 1975 392
ROW 1975 5 100 255 1975 8
ROW 1975 6 7 21 1975 0
ROW 1975 7 7 24 1975 80
ROW 1976 0 14 16 1976 116
ROW 1976 1 10 32 1976 52
ROW 1976 2 6 31 1976 0
ROW 1976 3 5 8 1976 220
ROW 1976 4 2 4 1976 392
ROW 1976 5 106 255 1976 8
ROW 1976 6 14 21 1976 0
ROW 1976 7 15 24 1976 80
ROW 1977 0 15 16 1977 116
ROW 1977 1 12 32 1977 52
ROW 1977 2 9 31 1977 0
ROW 1977 3 0 8 1977 220
ROW 1977 4 2 4 1977 392
ROW 1977 5 112 255 1977 8
ROW 1977 6 21 21 1977 0
ROW 1977 7 23 24 1977 80
ROW 1978 0 16 16 1978 117
ROW 1978 1 14 32 1978 52
ROW 1978 2 12 31 1978 0
ROW 1978 3 4 8 1978 220
ROW 1978 4 2 4 1978 392
ROW 1978 5 118 255 1978 8
ROW 1978 6 3 21 1978 0
ROW 1978 7 6 24 1978 80
ROW 1979 0 0 16 1979 117
ROW 1979 1 16 32 1979 52
ROW 1979 2 15 31 1979 0
ROW 1979 3 8 8 1979 221
ROW 1979 4 2 4 1979 392
ROW 1979 5 124 255 1979 8
ROW 1979 6 10 21 1979 0
ROW 1979 7 14 24 1979 80
ROW 1980 0 1 16 1980 117
ROW 1980 1 18 32 1980 52
ROW 1980 2 18 31 1980 0
ROW 1980 3 3 8 1980 221
ROW 1980 4 2 4 1980 392
ROW 1980 5 130 255 1980 8
ROW 1980 6 17 21 1980 0
ROW 1980 7 22 24 1980 80
ROW 1981 0 3 16 1981 117
ROW 1981 1 21 32 1981 52
ROW 1981 2 22 31 1981 0
ROW 1981 3 8 8 1981 222
ROW 1981 4 3 4 1981 392
ROW 1981 5 137 255 1981 8
ROW 1981 6 0 21 1981 0
ROW 1981 7 6 24 1981 80
ROW 1982 0 4 16 1982 117
ROW 1982 1 23 32 1982 52
ROW 1982 2 25 31 1982 0
ROW 1982 3 3 8 1982 222
ROW 1982 4 3 4 1982 392
ROW 1982 5 143 255 1982 8
ROW 1982 6 7 21 1982 0
ROW 1982 7 14 24 1982 80
ROW 1983 0 5 16 1983 117
ROW 1983 1 25 32 1983 52
ROW 1983 2 28 31 1983 0
ROW 1983 3 7 8 1983 222
ROW 1983 4 3 4 1983 392
ROW 1983 5 149 255 1983 8
ROW 1983 6 14 21 1983 0
ROW 1983 7 22 24 1983 80
ROW 1984 0 6 16 1984 117
ROW 1984 1 27 32 1984 52
ROW 1984 2 31 31 1984 0
ROW 1984 3 2 8 1984 222
ROW 1984 4 3 4 1984 392
ROW 1984 5 155 255 1984 8
ROW 1984 6 21 21 1984 0
ROW 1984 7 5 24 1984 80
ROW 1985 0 7 16 1985 117
ROW 1985 1 29 32 1985 52
ROW 1985 2 1 31 1985 0
ROW 1985 3 6 8 1985 222
ROW 1985 4 3 4 1985 392
ROW 1985 5 161 255 1985 8
ROW 1985 6 3 21 1985 0
ROW 1985 7 13 24 1985 80
ROW 1986 0 8 16 1986 117
ROW 1986 1 31 32 1986 52
ROW 1986 2 4 31 1986 0
ROW 1986 3 1 8 1986 222
ROW 1986 4 3 4 1986 392
ROW 1986 5 167 255 1986 8
ROW 1986 6 10 21 1986 0
ROW 1986 7 21 24 1986 80
ROW 1987 0 9 16 1987 117
ROW 1987 1 0 32 1987 52
ROW 1987 2 7 31 1987 0
ROW 1987 3 5 8 1987 222
ROW 1987 4 3 4 1987 392
ROW 1987 5 173 255 1987 8
ROW 1987 6 17 21 1987 0
ROW 1987 7 4 24 1987 80
ROW 1988 0 11 16 1988 117
ROW 1988 1 3 32 1988 52
ROW 1988 2 11 31 1988 0
ROW 1988 3 1 8 1988 222
ROW 1988 4 4 4 1988 393
ROW 1988 5 180 255 1988 8
ROW 1988 6 0 21 1988 0
ROW 1988 7 13 24 1988 80
ROW 1989 0 12 16 1989 117
ROW 1989 1 5 32 1989 52
ROW 1989 2 14 31 1989 0
ROW 1989 3 5 8 1989 222
ROW 1989 4 4 4 1989 394
ROW 1989 5 186 255 1989 8
ROW 1989 6 7 21 1989 0
ROW 1989 7 21 24 1989 80
ROW 1990 0 13 16 1990 117
ROW 1990 1 7 32 1990 52
ROW 1990 2 17 31 1990 0
ROW 1990 3 0 8 1990 222
ROW 1990 4 4 4 1990 395
ROW 1990 5 192 255 1990 8
ROW 1990 6 14 21 1990 0
ROW 1990 7 4 24 1990 80
ROW 1991 0 14 16 1991 117
ROW 1991 1 9 32 1991 52
ROW 1991 2 20 31 1991 0
ROW 1991 3 4 8 1991 222
ROW 1991 4 4 4 1991 396
ROW 1991 5 198 255 1991 8
ROW 1991 6 21 21 1991 0
ROW 1991 7 12 24 1991 80
ROW 1992 0 15 16 1992 117
ROW 1992 1 11 32 1992 52
ROW 1992 2 23 31 1992 0
ROW 1992 3 8 8 1992 223
ROW 1992 4 4 4 1992 397
ROW 1992 5 204 255 1992 8
ROW 1992 6 3 21 1992 0
ROW 1992 7 20 24 1992 80
ROW 1993 0 16 16 1993 118
ROW 1993 1 13 32 1993 52
ROW 1993 2 26 31 1993 0
ROW 1993 3 3 8 1993 223
ROW 1993 4 4 4 1993 398
ROW 1993 5 210 255 1993 8
ROW 1993 6 10 21 1993 0
ROW 1993 7 3 24 1993 80
ROW 1994 0 0 16 1994 118
ROW 1994 1 15 32 1994 52
ROW 1994 2 29 31 1994 0
ROW 1994 3 7 8 1994 223
ROW 1994 4 4 4 1994 399
ROW 1994 5 216 255 1994 8
ROW 1994 6 17 21 1994 0
ROW 1994 7 11 24 1994 80
ROW 1995 0 2 16 1995 118
ROW 1995 1 18 32 1995 52
ROW 1995 2 0 31 1995 0
ROW 1995 3 3 8 1995 223
ROW 1995 4 0 4 1995 399
ROW 1995 5 223 255 1995 8
ROW 1995 6 0 21 1995 0
ROW 1995 7 20 24 1995 80
ROW 1996 0 3 16 1996 118
ROW 1996 1 20 32 1996 52
ROW 1996 2 3 31 1996 0
ROW 1996 3 7 8 1996 223
ROW 1996 4 0 4 1996 399
ROW 1996 5 229 255 1996 8
ROW 1996 6 7 21 1996 0
ROW 1996 7 3 24 1996 80
ROW 1997 0 4 16 1997 118
ROW 1997 1 22 32 1997 52
ROW 1997 2 6 31 1997 0
ROW 1997 3 2 8 1997 223
ROW 1997 4 0 4 1997 399
ROW 1997 5 235 255 1997 8
ROW 1997 6 14 21 1997 0
ROW 1997 7 11 24 1997 80
ROW 1998 0 5 16 1998 118
ROW 1998 1 24 32 1998 52
ROW 1998 2 9 31 1998 0
ROW 1998 3 6 8 1998 223
ROW 1998 4 0 4 1998 399
ROW 1998 5 241 255 1998 8
ROW 1998 6 21 21 1998 0
ROW 1998 7 19 24 1998 80
ROW 1999 0 6 16 1999 118
ROW 1999 1 26 32 1999 52
ROW 1999 2 12 31 1999 0
ROW 1999 3 1 8 1999 223
ROW 1999 4 0 4 1999 399
ROW 1999 5 247 255 1999 8
ROW 1999 6 3 21 1999 0
ROW 1999 7 2 24 1999 80
ROW 2000 0 7 16 2000 118
ROW 2000 1 28 32 2000 52
ROW 2000 2 15 31 2000 0
ROW 2000 3 5 8 2000 223
ROW 2000 4 0 4 2000 399
ROW 2000 5 253 255 2000 8
ROW 2000 6 10 21 2000 0
ROW 2000 7 10 24 2000 80
ROW 2001 0 8 16 2001 118
ROW 2001 1 30 32 2001 52
ROW 2001 2 18 31 2001 0
ROW 2001 3 0 8 2001 223
ROW 2001 4 0 4 2001 399
ROW 2001 5 3 255 2001 8
ROW 2001 6 17 21 2001 0
ROW 2001 7 18 24 2001 80
ROW 2002 0 10 16 2002 118
ROW 2002 1 0 32 2002 52
ROW 2002 2 22 31 2002 0
ROW 2002 3 5 8 2002 223
ROW 2002 4 1 4 2002 399
ROW 2002 5 10 255 2002 8
ROW 2002 6 0 21 2002 0
ROW 2002 7 2 24 2002 80
ROW 2003 0 11 16 2003 118
ROW 2003 1 2 32 2003 52
ROW 2003 2 25 31 2003 0
ROW 2003 3 0 8 2003 223
ROW 2003 4 1 4 2003 399
ROW 2003 5 16 255 2003 8
ROW 2003 6 7 21 2003 0
ROW 2003 7 10 24 2003 80
ROW 2004 0 12 16 2004 118
ROW 2004 1 4 32 2004 52
ROW 2004 2 28 31 2004 0
ROW 2004 3 4 8 2004 223
ROW 2004 4 1 4 2004 399
ROW 2004 5 22 255 2004 8
ROW 2004 6 14 21 2004 0
ROW 2004 7 18 24 2004 80
ROW 2005 0 13 16 2005 118
ROW 2005 1 6 32 2005 52
ROW 2005 2 31 31 2005 0
ROW 2005 3 8 8 2005 224
ROW 2005 4 1 4 2005 399
ROW 2005 5 28 255 2005 8
ROW 2005 6 21 21 2005 0
ROW 2005 7 1 24 2005 80
ROW 2006 0 14 16 2006 118
ROW 2006 1 8 32 2006 52
ROW 2006 2 1 31 2006 0
ROW 2006 3 3 8 2006 224
ROW 2006 4 1 4 2006 399
ROW 2006 5 34 255 2006 8
ROW 2006 6 3 21 2006 0
ROW 2006 7 9 24 2006 80
ROW 2007 0 15 16 2007 118
ROW 2007 1 10 32 2007 52
ROW 2007 2 4 31 2007 0
ROW 2007 3 7 8 2007 224
ROW 2007 4 1 4 2007 399
ROW 2007 5 40 255 2007 8
ROW 2007 6 10 21 2007 0
ROW 2007 7 17 24 2007 80
ROW 2008 0 16 16 2008 119
ROW 2008 1 12 32 2008 52
ROW 2008 2 7 31 2008 0
ROW 2008 3 2 8 2008 224
ROW 2008 4 1 4 2008 399
ROW 2008 5 46 255 2008 8
ROW 2008 6 17 21 2008 0
ROW 2008 7 0 24 2008 80
ROW 2009 0 1 16 2009 119
ROW 2009 1 15 32 2009 52
ROW 2009 2 11 31 2009 0
ROW 2009 3 7 8 2009 224
ROW 2009 4 2 4 2009 399
ROW 2009 5 53 255 2009 8
ROW 2009 6 0 21 2009 0
ROW 2009 7 9 24 2009 80
ROW 2010 0 2 16 2010 119
ROW 2010 1 17 32 2010 52
ROW 2010 2 14 31 2010 0
ROW 2010 3 2 8 2010 224
ROW 2010 4 2 4 2010 399
ROW 2010 5 59 255 2010 8
ROW 2010 6 7 21 2010 0
ROW 2010 7 17 24 2010 80
ROW 2011 0 3 16 2011 119
ROW 2011 1 19 32 2011 52
ROW 2011 2 17 31 2011 0
ROW 2011 3 6 8 2011 224
ROW 2011 4 2 4 2011 399
ROW 2011 5 65 255 2011 8
ROW 2011 6 14 21 2011 0
ROW 2011 7 0 24 2011 80
ROW 2012 0 4 16 2012 119
ROW 2012 1 21 32 2012 52
ROW 2012 2 20 31 2012 0
ROW 2012 3 1 8 2012 224
ROW 2012 4 2 4 2012 399
ROW 2012 5 71 255 2012 8
ROW 2012 6 21 21 2012 0
ROW 2012 7 8 24 2012 80
ROW 2013 0 5 16 2013 119
ROW 2013 1 23 32 2013 52
ROW 2013 2 23 31 2013 0
ROW 2013 3 5 8 2013 224
ROW 2013 4 2 4 2013 399
ROW 2013 5 77 255 2013 8
ROW 2013 6 3 21 2013 0
ROW 2013 7 16 24 2013 80
ROW 2014 0 6 16 2014 119
ROW 2014 1 25 32 2014 52
ROW 2014 2 26 31 2014 0
ROW 2014 3 0 8 2014 224
ROW 2014 4 2 4 2014 399
ROW 2014 5 83 255 2014 8
ROW 2014 6 10 21 2014 0
ROW 2014 7 24 24 2014 81
ROW 2015 0 7 16 2015 119
ROW 2015 1 27 32 2015 52
ROW 2015 2 29 31 2015 0
ROW 2015 3 4 8 2015 224
ROW 2015 4 2 4 2015 399
ROW 2015 5 89 255 2015 8
ROW 2015 6 17 21 2015 0
ROW 2015 7 7 24 2015 81
ROW 2016 0 9 16 2016 119
ROW 2016 1 30 32 2016 52
ROW 2016 2 0 31 2016 0
ROW 2016 3 0 8 2016 224
ROW 2016 4 3 4 2016 399
ROW 2016 5 96 255 2016 8
ROW 2016 6 0 21 2016 0
ROW 2016 7 16 24 2016 81
ROW 2017 0 10 16 2017 119
ROW 2017 1 32 32 2017 53
ROW 2017 2 3 31 2017 0
ROW 2017 3 4 8 2017 224
ROW 2017 4 3 4 2017 399
ROW 2017 5 102 255 2017 8
ROW 2017 6 7 21 2017 0
ROW 2017 7 24 24 2017 82
ROW 2018 0 11 16 2018 119
ROW 2018 1 1 32 2018 53
ROW 2018 2 6 31 2018 0
ROW 2018 3 8 8 2018 225
ROW 2018 4 3 4 2018 399
ROW 2018 5 108 255 2018 8
ROW 2018 6 14 21 2018 0
ROW 2018 7 7 24 2018 82
ROW 2019 0 12 16 2019 119
ROW 2019 1 3 32 2019 53
ROW 2019 2 9 31 2019 0
ROW 2019 3 3 8 2019 225
ROW 2019 4 3 4 2019 399
ROW 2019 5 114 255 2019 8
ROW 2019 6 21 21 2019 0
ROW 2019 7 15 24 2019 82
ROW 2020 0 13 16 2020 119
ROW 2020 1 5 32 2020 53
ROW 2020 2 12 31 2020 0
ROW 2020 3 7 8 2020 225
ROW 2020 4 3 4 2020 399
ROW 2020 5 120 255 2020 8
ROW 2020 6 3 21 2020 0
ROW 2020 7 23 24 2020 82
ROW 2021 0 14 16 2021 119
ROW 2021 1 7 32 2021 53
ROW 2021 2 15 31 2021 0
ROW 2021 3 2 8 2021 225
ROW 2021 4 3 4 2021 399
ROW 2021 5 126 255 2021 8
ROW 2021 6 10 21 2021 0
ROW 2021 7 6 24 2021 82
ROW 2022 0 15 16 2022 119
ROW 2022 1 9 32 2022 53
ROW 2022 2 18 31 2022 0
ROW 2022 3 6 8 2022 225
ROW 2022 4 3 4 2022 399
ROW 2022 5 132 255 2022 8
ROW 2022 6 17 21 2022 0
ROW 2022 7 14 24 2022 82
ROW 2023 0 0 16 2023 119
ROW 2023 1 12 32 2023 53
ROW 2023 2 22 31 2023 0
ROW 2023 3 2 8 2023 225
ROW 2023 4 4 4 2023 400
ROW 2023 5 139 255 2023 8
ROW 2023 6 0 21 2023 0
ROW 2023 7 23 24 2023 82
ROW 2024 0 1 16 2024 119
ROW 2024 1 14 32 2024 53
ROW 2024 2 25 31 2024 0
ROW 2024 3 6 8 2024 225
ROW 2024 4 4 4 2024 401
ROW 2024 5 145 255 2024 8
ROW 2024 6 7 21 2024 0
ROW 2024 7 6 24 2024 82
ROW 2025 0 2 16 2025 119
ROW 2025 1 16 32 2025 53
ROW 2025 2 28 31 2025 0
ROW 2025 3 1 8 2025 225
ROW 2025 4 4 4 2025 402
ROW 2025 5 151 255 2025 8
ROW 2025 6 14 21 2025 0
ROW 2025 7 14 24 2025 82
ROW 2026 0 3 16 2026 119
ROW 2026 1 18 32 2026 53
ROW 2026 2 31 31 2026 0
ROW 2026 3 5 8 2026 225
ROW 2026 4 4 4 2026 403
ROW 2026 5 157 255 2026 8
ROW 2026 6 21 21 2026 0
ROW 2026 7 22 24 2026 82
ROW 2027 0 4 16 2027 119
ROW 2027 1 20 32 2027 53
ROW 2027 2 1 31 2027 0
ROW 2027 3 0 8 2027 225
ROW 2027 4 4 4 2027 404
ROW 2027 5 163 255 2027 8
ROW 2027 6 3 21 2027 0
ROW 2027 7 5 24 2027 82
ROW 2028 0 5 16 2028 119
ROW 2028 1 22 32 2028 53
ROW 2028 2 4 31 2028 0
ROW 2028 3 4 8 2028 225
ROW 2028 4 4 4 2028 405
ROW 2028 5 169 255 2028 8
ROW 2028 6 10 21 2028 0
ROW 2028 7 13 24 2028 82
ROW 2029 0 6 16 2029 119
ROW 2029 1 24 32 2029 53
ROW 2029 2 7 31 2029 0
ROW 2029 3 8 8 2029 226
ROW 2029 4 4 4 2029 406
ROW 2029 5 175 255 2029 8
ROW 2029 6 17 21 2029 0
ROW 2029 7 21 24 2029 82
ROW 2030 0 8 16 2030 119
ROW 2030 1 27 32 2030 53
ROW 2030 2 11 31 2030 0
ROW 2030 3 4 8 2030 226
ROW 2030 4 0 4 2030 406
ROW 2030 5 182 255 2030 8
ROW 2030 6 0 21 2030 0
ROW 2030 7 5 24 2030 82
ROW 2031 0 9 16 2031 119
ROW 2031 1 29 32 2031 53
ROW 2031 2 14 31 2031 0
ROW 2031 3 8 8 2031 227
ROW 2031 4 0 4 2031 406
ROW 2031 5 188 255 2031 8
ROW 2031 6 7 21 2031 0
ROW 2031 7 13 24 2031 82
ROW 2032 0 10 16 2032 119
ROW 2032 1 31 32 2032 53
ROW 2032 2 17 31 2032 0
ROW 2032 3 3 8 2032 227
ROW 2032 4 0 4 2032 406
ROW 2032 5 194 255 2032 8
ROW 2032 6 14 21 2032 0
ROW 2032 7 21 24 2032 82
ROW 2033 0 11 16 2033 119
ROW 2033 1 0 32 2033 53
ROW 2033 2 20 31 2033 0
ROW 2033 3 7 8 2033 227
ROW 2033 4 0 4 2033 406
ROW 2033 5 200 255 2033 8
ROW 2033 6 21 21 2033 0
ROW 2033 7 4 24 2033 82
ROW 2034 0 12 16 2034 119
ROW 2034 1 2 32 2034 53
ROW 2034 2 23 31 2034 0
ROW 2034 3 2 8 2034 227
ROW 2034 4 0 4 2034 406
ROW 2034 5 206 255 2034 8
ROW 2034 6 3 21 2034 0
ROW 2034 7 12 24 2034 82
ROW 2035 0 13 16 2035 119
ROW 2035 1 4 32 2035 53
ROW 2035 2 26 31 2035 0
ROW 2035 3 6 8 2035 227
ROW 2035 4 0 4 2035 406
ROW 2035 5 212 255 2035 8
ROW 2035 6 10 21 2035 0
ROW 2035 7 20 24 2035 82
ROW 2036 0 14 16 2036 119
ROW 2036 1 6 32 2036 53
ROW 2036 2 29 31 2036 0
ROW 2036 3 1 8 2036 227
ROW 2036 4 0 4 2036 406
ROW 2036 5 218 255 2036 8
ROW 2036 6 17 21 2036 0
ROW 2036 7 3 24 2036 82
ROW 2037 0 16 16 2037 120
ROW 2037 1 9 32 2037 53
ROW 2037 2 0 31 2037 0
ROW 2037 3 6 8 2037 227
ROW 2037 4 1 4 2037 406
ROW 2037 5 225 255 2037 8
ROW 2037 6 0 21 2037 0
ROW 2037 7 12 24 2037 82
ROW 2038 0 0 16 2038 120
ROW 2038 1 11 32 2038 53
ROW 2038 2 3 31 2038 0
ROW 2038 3 1 8 2038 227
ROW 2038 4 1 4 2038 406
ROW 2038 5 231 255 2038 8
ROW 2038 6 7 21 2038 0
ROW 2038 7 20 24 2038 82
ROW 2039 0 1 16 2039 120
ROW 2039 1 13 32 2039 53
ROW 2039 2 6 31 2039 0
ROW 2039 3 5 8 2039 227
ROW 2039 4 1 4 2039 406
ROW 2039 5 237 255 2039 8
ROW 2039 6 14 21 2039 0
ROW 2039 7 3 24 2039 82
ROW 2040 0 2 16 2040 120
ROW 2040 1 15 32 2040 53
ROW 2040 2 9 31 2040 0
ROW 2040 3 0 8 2040 227
ROW 2040 4 1 4 2040 406
ROW 2040 5 243 255 2040 8
ROW 2040 6 21 21 2040 0
ROW 2040 7 11 24 2040 82
ROW 2041 0 3 16 2041 120
ROW 2041 1 17 32 2041 53
ROW 2041 2 12 31 2041 0
ROW 2041 3 4 8 2041 227
ROW 2041 4 1 4 2041 406
ROW 2041 5 249 255 2041 8
ROW 2041 6 3 21 2041 0
ROW 2041 7 19 24 2041 82
ROW 2042 0 4 16 2042 120
ROW 2042 1 19 32 2042 53
ROW 2042 2 15 31 2042 0
ROW 2042 3 8 8 2042 228
ROW 2042 4 1 4 2042 406
ROW 2042 5 255 255 2042 9
ROW 2042 6 10 21 2042 0
ROW 2042 7 2 24 2042 82
ROW 2043 0 5 16 2043 120
ROW 2043 1 21 32 2043 53
ROW 2043 2 18 31 2043 0
ROW 2043 3 3 8 2043 228
ROW 2043 4 1 4 2043 406
ROW 2043 5 5 255 2043 9
ROW 2043 6 17 21 2043 0
ROW 2043 7 10 24 2043 82
ROW 2044 0 7 16 2044 120
ROW 2044 1 24 32 2044 53
ROW 2044 2 22 31 2044 0
ROW 2044 3 8 8 2044 229
ROW 2044 4 2 4 2044 406
ROW 2044 5 12 255 2044 9
ROW 2044 6 0 21 2044 0
ROW 2044 7 19 24 2044 82
ROW 2045 0 8 16 2045 120
ROW 2045 1 26 32 2045 53
ROW 2045 2 25 31 2045 0
ROW 2045 3 3 8 2045 229
ROW 2045 4 2 4 2045 406
ROW 2045 5 18 255 2045 9
ROW 2045 6 7 21 2045 0
ROW 2045 7 2 24 2045 82
ROW 2046 0 9 16 2046 120
ROW 2046 1 28 32 2046 53
ROW 2046 2 28 31 2046 0
ROW 2046 3 7 8 2046 229
ROW 2046 4 2 4 2046 406
ROW 2046 5 24 255 2046 9
ROW 2046 6 14 21 2046 0
ROW 2046 7 10 24 2046 82
ROW 2047 0 10 16 2047 120
ROW 2047 1 30 32 2047 53
ROW 2047 2 31 31 2047 0
ROW 2047 3 2 8 2047 229
ROW 2047 4 2 4 2047 406
ROW 2047 5 30 255 2047 9
ROW 2047 6 21 21 2047 0
ROW 2047 7 18 24 2047 82
ROW 2048 0 11 16 2048 120
ROW 2048 1 32 32 2048 54
ROW 2048 2 1 31 2048 0
ROW 2048 3 6 8 2048 229
ROW 2048 4 2 4 2048 406
ROW 2048 5 36 255 2048 9
ROW 2048 6 3 21 2048 0
ROW 2048 7 1 24 2048 82
ROW 2049 0 12 16 2049 120
ROW 2049 1 1 32 2049 54
ROW 2049 2 4 31 2049 0
ROW 2049 3 1 8 2049 229
ROW 2049 4 2 4 2049 406
ROW 2049 5 42 255 2049 9
ROW 2049 6 10 21 2049 0
ROW 2049 7 9 24 2049 82
ROW 2050 0 13 16 2050 120
ROW 2050 1 3 32 2050 54
ROW 2050 2 7 31 2050 0
ROW 2050 3 5 8 2050 229
ROW 2050 4 2 4 2050 406
ROW 2050 5 48 255 2050 9
ROW 2050 6 17 21 2050 0
ROW 2050 7 17 24 2050 82
ROW 2051 0 15 16 2051 120
ROW 2051 1 6 32 2051 54
ROW 2051 2 11 31 2051 0
ROW 2051 3 1 8 2051 229
ROW 2051 4 3 4 2051 406
ROW 2051 5 55 255 2051 9
ROW 2051 6 0 21 2051 0
ROW 2051 7 1 24 2051 82
ROW 2052 0 16 16 2052 121
ROW 2052 1 8 32 2052 54
ROW 2052 2 14 31 2052 0
ROW 2052 3 5 8 2052 229
ROW 2052 4 3 4 2052 406
ROW 2052 5 61 255 2052 9
ROW 2052 6 7 21 2052 0
ROW 2052 7 9 24 2052 82
ROW 2053 0 0 16 2053 121
ROW 2053 1 10 32 2053 54
ROW 2053 2 17 31 2053 0
ROW 2053 3 0 8 2053 229
ROW 2053 4 3 4 2053 406
ROW 2053 5 67 255 2053 9
ROW 2053 6 14 21 2053 0
ROW 2053 7 17 24 2053 82
ROW 2054 0 1 16 2054 121
ROW 2054 1 12 32 2054 54
ROW 2054 2 20 31 2054 0
ROW 2054 3 4 8 2054 229
ROW 2054 4 3 4 2054 406
ROW 2054 5 73 255 2054 9
ROW 2054 6 21 21 2054 0
ROW 2054 7 0 24 2054 82
ROW 2055 0 2 16 2055 121
ROW 2055 1 14 32 2055 54
ROW 2055 2 23 31 2055 0
ROW 2055 3 8 8 2055 230
ROW 2055 4 3 4 2055 406
ROW 2055 5 79 255 2055 9
ROW 2055 6 3 21 2055 0
ROW 2055 7 8 24 2055 82
ROW 2056 0 3 16 2056 121
ROW 2056 1 16 32 2056 54
ROW 2056 2 26 31 2056 0
ROW 2056 3 3 8 2056 230
ROW 2056 4 3 4 2056 406
ROW 2056 5 85 255 2056 9
ROW 2056 6 10 21 2056 0
ROW 2056 7 16 24 2056 82
ROW 2057 0 4 16 2057 121
ROW 2057 1 18 32 2057 54
ROW 2057 2 29 31 2057 0
ROW 2057 3 7 8 2057 230
ROW 2057 4 3 4 2057 406
ROW 2057 5 91 255 2057 9
ROW 2057 6 17 21 2057 0
ROW 2057 7 24 24 2057 83
ROW 2058 0 6 16 2058 121
ROW 2058 1 21 32 2058 54
ROW 2058 2 0 31 2058 0
ROW 2058 3 3 8 2058 230
ROW 2058 4 4 4 2058 407
ROW 2058 5 98 255 2058 9
ROW 2058 6 0 21 2058 0
ROW 2058 7 8 24 2058 83
ROW 2059 0 7 16 2059 121
ROW 2059 1 23 32 2059 54
ROW 2059 2 3 31 2059 0
ROW 2059 3 7 8 2059 230
ROW 2059 4 4 4 2059 408
ROW 2059 5 104 255 2059 9
ROW 2059 6 7 21 2059 0
ROW 2059 7 16 24 2059 83
ROW 2060 0 8 16 2060 121
ROW 2060 1 25 32 2060 54
ROW 2060 2 6 31 2060 0
ROW 2060 3 2 8 2060 230
ROW 2060 4 4 4 2060 409
ROW 2060 5 110 255 2060 9
ROW 2060 6 14 21 2060 0
ROW 2060 7 24 24 2060 84
ROW 2061 0 9 16 2061 121
ROW 2061 1 27 32 2061 54
ROW 2061 2 9 31 2061 0
ROW 2061 3 6 8 2061 230
ROW 2061 4 4 4 2061 410
ROW 2061 5 116 255 2061 9
ROW 2061 6 21 21 2061 0
ROW 2061 7 7 24 2061 84
ROW 2062 0 10 16 2062 121
ROW 2062 1 29 32 2062 54
ROW 2062 2 12 31 2062 0
ROW 2062 3 1 8 2062 230
ROW 2062 4 4 4 2062 411
ROW 2062 5 122 255 2062 9
ROW 2062 6 3 21 2062 0
ROW 2062 7 15 24 2062 84
ROW 2063 0 11 16 2063 121
ROW 2063 1 31 32 2063 54
ROW 2063 2 15 31 2063 0
ROW 2063 3 5 8 2063 230
ROW 2063 4 4 4 2063 412
ROW 2063 5 128 255 2063 9
ROW 2063 6 10 21 2063 0
ROW 2063 7 23 24 2063 84
ROW 2064 0 12 16 2064 121
ROW 2064 1 0 32 2064 54
ROW 2064 2 18 31 2064 0
ROW 2064 3 0 8 2064 230
ROW 2064 4 4 4 2064 413
ROW 2064 5 134 255 2064 9
ROW 2064 6 17 21 2064 0
ROW 2064 7 6 24 2064 84
ROW 2065 0 14 16 2065 121
ROW 2065 1 3 32 2065 54
ROW 2065 2 22 31 2065 0
ROW 2065 3 5 8 2065 230
ROW 2065 4 0 4 2065 413
ROW 2065 5 141 255 2065 9
ROW 2065 6 0 21 2065 0
ROW 2065 7 15 24 2065 84
ROW 2066 0 15 16 2066 121
ROW 2066 1 5 32 2066 54
ROW 2066 2 25 31 2066 0
ROW 2066 3 0 8 2066 230
ROW 2066 4 0 4 2066 413
ROW 2066 5 147 255 2066 9
ROW 2066 6 7 21 2066 0
ROW 2066 7 23 24 2066 84
ROW 2067 0 16 16 2067 122
ROW 2067 1 7 32 2067 54
ROW 2067 2 28 31 2067 0
ROW 2067 3 4 8 2067 230
ROW 2067 4 0 4 2067 413
ROW 2067 5 153 255 2067 9
ROW 2067 6 14 21 2067 0
ROW 2067 7 6 24 2067 84
ROW 2068 0 0 16 2068 122
ROW 2068 1 9 32 2068 54
ROW 2068 2 31 31 2068 0
ROW 2068 3 8 8 2068 231
ROW 2068 4 0 4 2068 413
ROW 2068 5 159 255 2068 9
ROW 2068 6 21 21 2068 0
ROW 2068 7 14 24 2068 84
ROW 2069 0 1 16 2069 122
ROW 2069 1 11 32 2069 54
ROW 2069 2 1 31 2069 0
ROW 2069 3 3 8 2069 231
ROW 2069 4 0 4 2069 413
ROW 2069 5 165 255 2069 9
ROW 2069 6 3 21 2069 0
ROW 2069 7 22 24 2069 84
ROW 2070 0 2 16 2070 122
ROW 2070 1 13 32 2070 54
ROW 2070 2 4 31 2070 0
ROW 2070 3 7 8 2070 231
ROW 2070 4 0 4 2070 413
ROW 2070 5 171 255 2070 9
ROW 2070 6 10 21 2070 0
ROW 2070 7 5 24 2070 84
ROW 2071 0 3 16 2071 122
ROW 2071 1 15 32 2071 54
ROW 2071 2 7 31 2071 0
ROW 2071 3 2 8 2071 231
ROW 2071 4 0 4 2071 413
ROW 2071 5 177 255 2071 9
ROW 2071 6 17 21 2071 0
ROW 2071 7 13 24 2071 84
ROW 2072 0 5 16 2072 122
ROW 2072 1 18 32 2072 54
ROW 2072 2 11 31 2072 0
ROW 2072 3 7 8 2072 231
ROW 2072 4 1 4 2072 413
ROW 2072 5 184 255 2072 9
ROW 2072 6 0 21 2072 0
ROW 2072 7 22 24 2072 84
ROW 2073 0 6 16 2073 122
ROW 2073 1 20 32 2073 54
ROW 2073 2 14 31 2073 0
ROW 2073 3 2 8 2073 231
ROW 2073 4 1 4 2073 413
ROW 2073 5 190 255 2073 9
ROW 2073 6 7 21 2073 0
ROW 2073 7 5 24 2073 84
ROW 2074 0 7 16 2074 122
ROW 2074 1 22 32 2074 54
ROW 2074 2 17 31 2074 0
ROW 2074 3 6 8 2074 231
ROW 2074 4 1 4 2074 413
ROW 2074 5 196 255 2074 9
ROW 2074 6 14 21 2074 0
ROW 2074 7 13 24 2074 84
ROW 2075 0 8 16 2075 122
ROW 2075 1 24 32 2075 54
ROW 2075 2 20 31 2075 0
ROW 2075 3 1 8 2075 231
ROW 2075 4 1 4 2075 413
ROW 2075 5 202 255 2075 9
ROW 2075 6 21 21 2075 0
ROW 2075 7 21 24 2075 84
ROW 2076 0 9 16 2076 122
ROW 2076 1 26 32 2076 54
ROW 2076 2 23 31 2076 0
ROW 2076 3 5 8 2076 231
ROW 2076 4 1 4 2076 413
ROW 2076 5 208 255 2076 9
ROW 2076 6 3 21 2076 0
ROW 2076 7 4 24 2076 84
ROW 2077 0 10 16 2077 122
ROW 2077 1 28 32 2077 54
ROW 2077 2 26 31 2077 0
ROW 2077 3 0 8 2077 231
ROW 2077 4 1 4 2077 413
ROW 2077 5 214 255 2077 9
ROW 2077 6 10 21 2077 0
ROW 2077 7 12 24 2077 84
ROW 2078 0 11 16 2078 122
ROW 2078 1 30 32 2078 54
ROW 2078 2 29 31 2078 0
ROW 2078 3 4 8 2078 231
ROW 2078 4 1 4 2078 413
ROW 2078 5 220 255 2078 9
ROW 2078 6 17 21 2078 0
ROW 2078 7 20 24 2078 84
ROW 2079 0 13 16 2079 122
ROW 2079 1 0 32 2079 54
ROW 2079 2 0 31 2079 0
ROW 2079 3 0 8 2079 231
ROW 2079 4 2 4 2079 413
ROW 2079 5 227 255 2079 9
ROW 2079 6 0 21 2079 0
ROW 2079 7 4 24 2079 84
ROW 2080 0 14 16 2080 122
ROW 2080 1 2 32 2080 54
ROW 2080 2 3 31 2080 0
ROW 2080 3 4 8 2080 231
ROW 2080 4 2 4 2080 413
ROW 2080 5 233 255 2080 9
ROW 2080 6 7 21 2080 0
ROW 2080 7 12 24 2080 84
ROW 2081 0 15 16 2081 122
ROW 2081 1 4 32 2081 54
ROW 2081 2 6 31 2081 0
ROW 2081 3 8 8 2081 232
ROW 2081 4 2 4 2081 413
ROW 2081 5 239 255 2081 9
ROW 2081 6 14 21 2081 0
ROW 2081 7 20 24 2081 84
ROW 2082 0 16 16 2082 123
ROW 2082 1 6 32 2082 54
ROW 2082 2 9 31 2082 0
ROW 2082 3 3 8 2082 232
ROW 2082 4 2 4 2082 413
ROW 2082 5 245 255 2082 9
ROW 2082 6 21 21 2082 0
ROW 2082 7 3 24 2082 84
ROW 2083 0 0 16 2083 123
ROW 2083 1 8 32 2083 54
ROW 2083 2 12 31 2083 0
ROW 2083 3 7 8 2083 232
ROW 2083 4 2 4 2083 413
ROW 2083 5 251 255 2083 9
ROW 2083 6 3 21 2083 0
ROW 2083 7 11 24 2083 84
ROW 2084 0 1 16 2084 123
ROW 2084 1 10 32 2084 54
ROW 2084 2 15 31 2084 0
ROW 2084 3 2 8 2084 232
ROW 2084 4 2 4 2084 413
ROW 2084 5 1 255 2084 9
ROW 2084 6 10 21 2084 0
ROW 2084 7 19 24 2084 84
ROW 2085 0 2 16 2085 123
ROW 2085 1 12 32 2085 54
ROW 2085 2 18 31 2085 0
ROW 2085 3 6 8 2085 232
ROW 2085 4 2 4 2085 413
ROW 2085 5 7 255 2085 9
ROW 2085 6 17 21 2085 0
ROW 2085 7 2 24 2085 84
ROW 2086 0 4 16 2086 123
ROW 2086 1 15 32 2086 54
ROW 2086 2 22 31 2086 0
ROW 2086 3 2 8 2086 232
ROW 2086 4 3 4 2086 413
ROW 2086 5 14 255 2086 9
ROW 2086 6 0 21 2086 0
ROW 2086 7 11 24 2086 84
ROW 2087 0 5 16 2087 123
ROW 2087 1 17 32 2087 54
ROW 2087 2 25 31 2087 0
ROW 2087 3 6 8 2087 232
ROW 2087 4 3 4 2087 413
ROW 2087 5 20 255 2087 9
ROW 2087 6 7 21 2087 0
ROW 2087 7 19 24 2087 84
ROW 2088 0 6 16 2088 123
ROW 2088 1 19 32 2088 54
ROW 2088 2 28 31 2088 0
ROW 2088 3 1 8 2088 232
ROW 2088 4 3 4 2088 413
ROW 2088 5 26 255 2088 9
ROW 2088 6 14 21 2088 0
ROW 2088 7 2 24 2088 84
ROW 2089 0 7 16 2089 123
ROW 2089 1 21 32 2089 54
ROW 2089 2 31 31 2089 0
ROW 2089 3 5 8 2089 232
ROW 2089 4 3 4 2089 413
ROW 2089 5 32 255 2089 9
ROW 2089 6 21 21 2089 0
ROW 2089 7 10 24 2089 84
ROW 2090 0 8 16 2090 123
ROW 2090 1 23 32 2090 54
ROW 2090 2 1 31 2090 0
ROW 2090 3 0 8 2090 232
ROW 2090 4 3 4 2090 413
ROW 2090 5 38 255 2090 9
ROW 2090 6 3 21 2090 0
ROW 2090 7 18 24 2090 84
ROW 2091 0 9 16 2091 123
ROW 2091 1 25 32 2091 54
ROW 2091 2 4 31 2091 0
ROW 2091 3 4 8 2091 232
ROW 2091 4 3 4 2091 413
ROW 2091 5 44 255 2091 9
ROW 2091 6 10 21 2091 0
ROW 2091 7 1 24 2091 84
ROW 2092 0 10 16 2092 123
ROW 2092 1 27 32 2092 54
ROW 2092 2 7 31 2092 0
ROW 2092 3 8 8 2092 233
ROW 2092 4 3 4 2092 413
ROW 2092 5 50 255 2092 9
ROW 2092 6 17 21 2092 0
ROW 2092 7 9 24 2092 84
ROW 2093 0 12 16 2093 123
ROW 2093 1 30 32 2093 54
ROW 2093 2 11 31 2093 0
ROW 2093 3 4 8 2093 233
ROW 2093 4 4 4 2093 414
ROW 2093 5 57 255 2093 9
ROW 2093 6 0 21 2093 0
ROW 2093 7 18 24 2093 84
ROW 2094 0 13 16 2094 123
ROW 2094 1 32 32 2094 55
ROW 2094 2 14 31 2094 0
ROW 2094 3 8 8 2094 234
ROW 2094 4 4 4 2094 415
ROW 2094 5 63 255 2094 9
ROW 2094 6 7 21 2094 0
ROW 2094 7 1 24 2094 84
ROW 2095 0 14 16 2095 123
ROW 2095 1 1 32 2095 55
ROW 2095 2 17 31 2095 0
ROW 2095 3 3 8 2095 234
ROW 2095 4 4 4 2095 416
ROW 2095 5 69 255 2095 9
ROW 2095 6 14 21 2095 0
ROW 2095 7 9 24 2095 84
ROW 2096 0 15 16 2096 123
ROW 2096 1 3 32 2096 55
ROW 2096 2 20 31 2096 0
ROW 2096 3 7 8 2096 234
ROW 2096 4 4 4 2096 417
ROW 2096 5 75 255 2096 9
ROW 2096 6 21 21 2096 0
ROW 2096 7 17 24 2096 84
ROW 2097 0 16 16 2097 124
ROW 2097 1 5 32 2097 55
ROW 2097 2 23 31 2097 0
ROW 2097 3 2 8 2097 234
ROW 2097 4 4 4 2097 418
ROW 2097 5 81 255 2097 9
ROW 2097 6 3 21 2097 0
ROW 2097 7 0 24 2097 84
ROW 2098 0 0 16 2098 124
ROW 2098 1 7 32 2098 55
ROW 2098 2 26 31 2098 0
ROW 2098 3 6 8 2098 234
ROW 2098 4 4 4 2098 419
ROW 2098 5 87 255 2098 9
ROW 2098 6 10 21 2098 0
ROW 2098 7 8 24 2098 84
ROW 2099 0 1 16 2099 124
ROW 2099 1 9 32 2099 55
ROW 2099 2 29 31 2099 0
ROW 2099 3 1 8 2099 234
ROW 2099 4 4 4 2099 420
ROW 2099 5 93 255 2099 9
ROW 2099 6 17 21 2099 0
ROW 2099 7 16 24 2099 84
ROW 2100 0 3 16 2100 124
ROW 2100 1 12 32 2100 55
ROW 2100 2 0 31 2100 0
ROW 2100 3 6 8 2100 234
ROW 2100 4 0 4 2100 420
ROW 2100 5 100 255 2100 9
ROW 2100 6 0 21 2100 0
ROW 2100 7 0 24 2100 84
ROW 2101 0 4 16 2101 124
ROW 2101 1 14 32 2101 55
ROW 2101 2 3 31 2101 0
ROW 2101 3 1 8 2101 234
ROW 2101 4 0 4 2101 420
ROW 2101 5 106 255 2101 9
ROW 2101 6 7 21 2101 0
ROW 2101 7 8 24 2101 84
ROW 2102 0 5 16 2102 124
ROW 2102 1 16 32 2102 55
ROW 2102 2 6 31 2102 0
ROW 2102 3 5 8 2102 234
ROW 2102 4 0 4 2102 420
ROW 2102 5 112 255 2102 9
ROW 2102 6 14 21 2102 0
ROW 2102 7 16 24 2102 84
ROW 2103 0 6 16 2103 124
ROW 2103 1 18 32 2103 55
ROW 2103 2 9 31 2103 0
ROW 2103 3 0 8 2103 234
ROW 2103 4 0 4 2103 420
ROW 2103 5 118 255 2103 9
ROW 2103 6 21 21 2103 0
ROW 2103 7 24 24 2103 85
ROW 2104 0 7 16 2104 124
ROW 2104 1 20 32 2104 55
ROW 2104 2 12 31 2104 0
ROW 2104 3 4 8 2104 234
ROW 2104 4 0 4 2104 420
ROW 2104 5 124 255 2104 9
ROW 2104 6 3 21 2104 0
ROW 2104 7 7 24 2104 85
ROW 2105 0 8 16 2105 124
ROW 2105 1 22 32 2105 55
ROW 2105 2 15 31 2105 0
ROW 2105 3 8 8 2105 235
ROW 2105 4 0 4 2105 420
ROW 2105 5 130 255 2105 9
ROW 2105 6 10 21 2105 0
ROW 2105 7 15 24 2105 85
ROW 2106 0 9 16 2106 124
ROW 2106 1 24 32 2106 55
ROW 2106 2 18 31 2106 0
ROW 2106 3 3 8 2106 235
ROW 2106 4 0 4 2106 420
ROW 2106 5 136 255 2106 9
ROW 2106 6 17 21 2106 0
ROW 2106 7 23 24 2106 85
ROW 2107 0 11 16 2107 124
ROW 2107 1 27 32 2107 55
ROW 2107 2 22 31 2107 0
ROW 2107 3 8 8 2107 236
ROW 2107 4 1 4 2107 420
ROW 2107 5 143 255 2107 9
ROW 2107 6 0 21 2107 0
ROW 2107 7 7 24 2107 85
ROW 2108 0 12 16 2108 124
ROW 2108 1 29 32 2108 55
ROW 2108 2 25 31 2108 0
ROW 2108 3 3 8 2108 236
ROW 2108 4 1 4 2108 420
ROW 2108 5 149 255 2108 9
ROW 2108 6 7 21 2108 0
ROW 2108 7 15 24 2108 85
ROW 2109 0 13 16 2109 124
ROW 2109 1 31 32 2109 55
ROW 2109 2 28 31 2109 0
ROW 2109 3 7 8 2109 236
ROW 2109 4 1 4 2109 420
ROW 2109 5 155 255 2109 9
ROW 2109 6 14 21 2109 0
ROW 2109 7 23 24 2109 85
ROW 2110 0 14 16 2110 124
ROW 2110 1 0 32 2110 55
ROW 2110 2 31 31 2110 0
ROW 2110 3 2 8 2110 236
ROW 2110 4 1 4 2110 420
ROW 2110 5 161 255 2110 9
ROW 2110 6 21 21 2110 0
ROW 2110 7 6 24 2110 85
ROW 2111 0 15 16 2111 124
ROW 2111 1 2 32 2111 55
ROW 2111 2 1 31 2111 0
ROW 2111 3 6 8 2111 236
ROW 2111 4 1 4 2111 420
ROW 2111 5 167 255 2111 9
ROW 2111 6 3 21 2111 0
ROW 2111 7 14 24 2111 85
ROW 2112 0 16 16 2112 125
ROW 2112 1 4 32 2112 55
ROW 2112 2 4 31 2112 0
ROW 2112 3 1 8 2112 236
ROW 2112 4 1 4 2112 420
ROW 2112 5 173 255 2112 9
ROW 2112 6 10 21 2112 0
ROW 2112 7 22 24 2112 85
ROW 2113 0 0 16 2113 125
ROW 2113 1 6 32 2113 55
ROW 2113 2 7 31 2113 0
ROW 2113 3 5 8 2113 236
ROW 2113 4 1 4 2113 420
ROW 2113 5 179 255 2113 9
ROW 2113 6 17 21 2113 0
ROW 2113 7 5 24 2113 85
ROW 2114 0 2 16 2114 125
ROW 2114 1 9 32 2114 55
ROW 2114 2 11 31 2114 0
ROW 2114 3 1 8 2114 236
ROW 2114 4 2 4 2114 420
ROW 2114 5 186 255 2114 9
ROW 2114 6 0 21 2114 0
ROW 2114 7 14 24 2114 85
ROW 2115 0 3 16 2115 125
ROW 2115 1 11 32 2115 55
ROW 2115 2 14 31 2115 0
ROW 2115 3 5 8 2115 236
ROW 2115 4 2 4 2115 420
ROW 2115 5 192 255 2115 9
ROW 2115 6 7 21 2115 0
ROW 2115 7 22 24 2115 85
ROW 2116 0 4 16 2116 125
ROW 2116 1 13 32 2116 55
ROW 2116 2 17 31 2116 0
ROW 2116 3 0 8 2116 236
ROW 2116 4 2 4 2116 420
ROW 2116 5 198 255 2116 9
ROW 2116 6 14 21 2116 0
ROW 2116 7 5 24 2116 85
ROW 2117 0 5 16 2117 125
ROW 2117 1 15 32 2117 55
ROW 2117 2 20 31 2117 0
ROW 2117 3 4 8 2117 236
ROW 2117 4 2 4 2117 420
ROW 2117 5 204 255 2117 9
ROW 2117 6 21 21 2117 0
ROW 2117 7 13 24 2117 85
ROW 2118 0 6 16 2118 125
ROW 2118 1 17 32 2118 55
ROW 2118 2 23 31 2118 0
ROW 2118 3 8 8 2118 237
ROW 2118 4 2 4 2118 420
ROW 2118 5 210 255 2118 9
ROW 2118 6 3 21 2118 0
ROW 2118 7 21 24 2118 85
ROW 2119 0 7 16 2119 125
ROW 2119 1 19 32 2119 55
ROW 2119 2 26 31 2119 0
ROW 2119 3 3 8 2119 237
ROW 2119 4 2 4 2119 420
ROW 2119 5 216 255 2119 9
ROW 2119 6 10 21 2119 0
ROW 2119 7 4 24 2119 85
ROW 2120 0 8 16 2120 125
ROW 2120 1 21 32 2120 55
ROW 2120 2 29 31 2120 0
ROW 2120 3 7 8 2120 237
ROW 2120 4 2 4 2120 420
ROW 2120 5 222 255 2120 9
ROW 2120 6 17 21 2120 0
ROW 2120 7 12 24 2120 85
ROW 2121 0 10 16 2121 125
ROW 2121 1 24 32 2121 55
ROW 2121 2 0 31 2121 0
ROW 2121 3 3 8 2121 237
ROW 2121 4 3 4 2121 420
ROW 2121 5 229 255 2121 9
ROW 2121 6 0 21 2121 0
ROW 2121 7 21 24 2121 85
ROW 2122 0 11 16 2122 125
ROW 2122 1 26 32 2122 55
ROW 2122 2 3 31 2122 0
ROW 2122 3 7 8 2122 237
ROW 2122 4 3 4 2122 420
ROW 2122 5 235 255 2122 9
ROW 2122 6 7 21 2122 0
ROW 2122 7 4 24 2122 85
ROW 2123 0 12 16 2123 125
ROW 2123 1 28 32 2123 55
ROW 2123 2 6 31 2123 0
ROW 2123 3 2 8 2123 237
ROW 2123 4 3 4 2123 420
ROW 2123 5 241 255 2123 9
ROW 2123 6 14 21 2123 0
ROW 2123 7 12 24 2123 85
ROW 2124 0 13 16 2124 125
ROW 2124 1 30 32 2124 55
ROW 2124 2 9 31 2124 0
ROW 2124 3 6 8 2124 237
ROW 2124 4 3 4 2124 420
ROW 2124 5 247 255 2124 9
ROW 2124 6 21 21 2124 0
ROW 2124 7 20 24 2124 85
ROW 2125 0 14 16 2125 125
ROW 2125 1 32 32 2125 56
ROW 2125 2 12 31 2125 0
ROW 2125 3 1 8 2125 237
ROW 2125 4 3 4 2125 420
ROW 2125 5 253 255 2125 9
ROW 2125 6 3 21 2125 0
ROW 2125 7 3 24 2125 85
ROW 2126 0 15 16 2126 125
ROW 2126 1 1 32 2126 56
ROW 2126 2 15 31 2126 0
ROW 2126 3 5 8 2126 237
ROW 2126 4 3 4 2126 420
ROW 2126 5 3 255 2126 9
ROW 2126 6 10 21 2126 0
ROW 2126 7 11 24 2126 85
ROW 2127 0 16 16 2127 126
ROW 2127 1 3 32 2127 56
ROW 2127 2 18 31 2127 0
ROW 2127 3 0 8 2127 237
ROW 2127 4 3 4 2127 420
ROW 2127 5 9 255 2127 9
ROW 2127 6 17 21 2127 0
ROW 2127 7 19 24 2127 85
ROW 2128 0 1 16 2128 126
ROW 2128 1 6 32 2128 56
ROW 2128 2 22 31 2128 0
ROW 2128 3 5 8 2128 237
ROW 2128 4 4 4 2128 421
ROW 2128 5 16 255 2128 9
ROW 2128 6 0 21 2128 0
ROW 2128 7 3 24 2128 85
ROW 2129 0 2 16 2129 126
ROW 2129 1 8 32 2129 56
ROW 2129 2 25 31 2129 0
ROW 2129 3 0 8 2129 237
ROW 2129 4 4 4 2129 422
ROW 2129 5 22 255 2129 9
ROW 2129 6 7 21 2129 0
ROW 2129 7 11 24 2129 85
ROW 2130 0 3 16 2130 126
ROW 2130 1 10 32 2130 56
ROW 2130 2 28 31 2130 0
ROW 2130 3 4 8 2130 237
ROW 2130 4 4 4 2130 423
ROW 2130 5 28 255 2130 9
ROW 2130 6 14 21 2130 0
ROW 2130 7 19 24 2130 85
ROW 2131 0 4 16 2131 126
ROW 2131 1 12 32 2131 56
ROW 2131 2 31 31 2131 0
ROW 2131 3 8 8 2131 238
ROW 2131 4 4 4 2131 424
ROW 2131 5 34 255 2131 9
ROW 2131 6 21 21 2131 0
ROW 2131 7 2 24 2131 85
ROW 2132 0 5 16 2132 126
ROW 2132 1 14 32 2132 56
ROW 2132 2 1 31 2132 0
ROW 2132 3 3 8 2132 238
ROW 2132 4 4 4 2132 425
ROW 2132 5 40 255 2132 9
ROW 2132 6 3 21 2132 0
ROW 2132 7 10 24 2132 85
ROW 2133 0 6 16 2133 126
ROW 2133 1 16 32 2133 56
ROW 2133 2 4 31 2133 0
ROW 2133 3 7 8 2133 238
ROW 2133 4 4 4 2133 426
ROW 2133 5 46 255 2133 9
ROW 2133 6 10 21 2133 0
ROW 2133 7 18 24 2133 85
ROW 2134 0 7 16 2134 126
ROW 2134 1 18 32 2134 56
ROW 2134 2 7 31 2134 0
ROW 2134 3 2 8 2134 238
ROW 2134 4 4 4 2134 427
ROW 2134 5 52 255 2134 9
ROW 2134 6 17 21 2134 0
ROW 2134 7 1 24 2134 85
ROW 2135 0 9 16 2135 126
ROW 2135 1 21 32 2135 56
ROW 2135 2 11 31 2135 0
ROW 2135 3 7 8 2135 238
ROW 2135 4 0 4 2135 427
ROW 2135 5 59 255 2135 9
ROW 2135 6 0 21 2135 0
ROW 2135 7 10 24 2135 85
ROW 2136 0 10 16 2136 126
ROW 2136 1 23 32 2136 56
ROW 2136 2 14 31 2136 0
ROW 2136 3 2 8 2136 238
ROW 2136 4 0 4 2136 427
ROW 2136 5 65 255 2136 9
ROW 2136 6 7 21 2136 0
ROW 2136 7 18 24 2136 85
ROW 2137 0 11 16 2137 126
ROW 2137 1 25 32 2137 56
ROW 2137 2 17 31 2137 0
ROW 2137 3 6 8 2137 238
ROW 2137 4 0 4 2137 427
ROW 2137 5 71 255 2137 9
ROW 2137 6 14 21 2137 0
ROW 2137 7 1 24 2137 85
ROW 2138 0 12 16 2138 126
ROW 2138 1 27 32 2138 56
ROW 2138 2 20 31 2138 0
ROW 2138 3 1 8 2138 238
ROW 2138 4 0 4 2138 427
ROW 2138 5 77 255 2138 9
ROW 2138 6 21 21 2138 0
ROW 2138 7 9 24 2138 85
ROW 2139 0 13 16 2139 126
ROW 2139 1 29 32 2139 56
ROW 2139 2 23 31 2139 0
ROW 2139 3 5 8 2139 238
ROW 2139 4 0 4 2139 427
ROW 2139 5 83 255 2139 9
ROW 2139 6 3 21 2139 0
ROW 2139 7 17 24 2139 85
ROW 2140 0 14 16 2140 126
ROW 2140 1 31 32 2140 56
ROW 2140 2 26 31 2140 0
ROW 2140 3 0 8 2140 238
ROW 2140 4 0 4 2140 427
ROW 2140 5 89 255 2140 9
ROW 2140 6 10 21 2140 0
ROW 2140 7 0 24 2140 85
ROW 2141 0 15 16 2141 126
ROW 2141 1 0 32 2141 56
ROW 2141 2 29 31 2141 0
ROW 2141 3 4 8 2141 238
ROW 2141 4 0 4 2141 427
ROW 2141 5 95 255 2141 9
ROW 2141 6 17 21 2141 0
ROW 2141 7 8 24 2141 85
ROW 2142 0 0 16 2142 126
ROW 2142 1 3 32 2142 56
ROW 2142 2 0 31 2142 0
ROW 2142 3 0 8 2142 238
ROW 2142 4 1 4 2142 427
ROW 2142 5 102 255 2142 9
ROW 2142 6 0 21 2142 0
ROW 2142 7 17 24 2142 85
ROW 2143 0 1 16 2143 126
ROW 2143 1 5 32 2143 56
ROW 2143 2 3 31 2143 0
ROW 2143 3 4 8 2143 238
ROW 2143 4 1 4 2143 427
ROW 2143 5 108 255 2143 9
ROW 2143 6 7 21 2143 0
ROW 2143 7 0 24 2143 85
ROW 2144 0 2 16 2144 126
ROW 2144 1 7 32 2144 56
ROW 2144 2 6 31 2144 0
ROW 2144 3 8 8 2144 239
ROW 2144 4 1 4 2144 427
ROW 2144 5 114 255 2144 9
ROW 2144 6 14 21 2144 0
ROW 2144 7 8 24 2144 85
ROW 2145 0 3 16 2145 126
ROW 2145 1 9 32 2145 56
ROW 2145 2 9 31 2145 0
ROW 2145 3 3 8 2145 239
ROW 2145 4 1 4 2145 427
ROW 2145 5 120 255 2145 9
ROW 2145 6 21 21 2145 0
ROW 2145 7 16 24 2145 85
ROW 2146 0 4 16 2146 126
ROW 2146 1 11 32 2146 56
ROW 2146 2 12 31 2146 0
ROW 2146 3 7 8 2146 239
ROW 2146 4 1 4 2146 427
ROW 2146 5 126 255 2146 9
ROW 2146 6 3 21 2146 0
ROW 2146 7 24 24 2146 86
ROW 2147 0 5 16 2147 126
ROW 2147 1 13 32 2147 56
ROW 2147 2 15 31 2147 0
ROW 2147 3 2 8 2147 239
ROW 2147 4 1 4 2147 427
ROW 2147 5 132 255 2147 9
ROW 2147 6 10 21 2147 0
ROW 2147 7 7 24 2147 86
ROW 2148 0 6 16 2148 126
ROW 2148 1 15 32 2148 56
ROW 2148 2 18 31 2148 0
ROW 2148 3 6 8 2148 239
ROW 2148 4 1 4 2148 427
ROW 2148 5 138 255 2148 9
ROW 2148 6 17 21 2148 0
ROW 2148 7 15 24 2148 86
ROW 2149 0 8 16 2149 126
ROW 2149 1 18 32 2149 56
ROW 2149 2 22 31 2149 0
ROW 2149 3 2 8 2149 239
ROW 2149 4 2 4 2149 427
ROW 2149 5 145 255 2149 9
ROW 2149 6 0 21 2149 0
ROW 2149 7 24 24 2149 87
ROW 2150 0 9 16 2150 126
ROW 2150 1 20 32 2150 56
ROW 2150 2 25 31 2150 0
ROW 2150 3 6 8 2150 239
ROW 2150 4 2 4 2150 427
ROW 2150 5 151 255 2150 9
ROW 2150 6 7 21 2150 0
ROW 2150 7 7 24 2150 87
ROW 2151 0 10 16 2151 126
ROW 2151 1 22 32 2151 56
ROW 2151 2 28 31 2151 0
ROW 2151 3 1 8 2151 239
ROW 2151 4 2 4 2151 427
ROW 2151 5 157 255 2151 9
ROW 2151 6 14 21 2151 0
ROW 2151 7 15 24 2151 87
ROW 2152 0 11 16 2152 126
ROW 2152 1 24 32 2152 56
ROW 2152 2 31 31 2152 0
ROW 2152 3 5 8 2152 239
ROW 2152 4 2 4 2152 427
ROW 2152 5 163 255 2152 9
ROW 2152 6 21 21 2152 0
ROW 2152 7 23 24 2152 87
ROW 2153 0 12 16 2153 126
ROW 2153 1 26 32 2153 56
ROW 2153 2 1 31 2153 0
ROW 2153 3 0 8 2153 239
ROW 2153 4 2 4 2153 427
ROW 2153 5 169 255 2153 9
ROW 2153 6 3 21 2153 0
ROW 2153 7 6 24 2153 87
ROW 2154 0 13 16 2154 126
ROW 2154 1 28 32 2154 56
ROW 2154 2 4 31 2154 0
ROW 2154 3 4 8 2154 239
ROW 2154 4 2 4 2154 427
ROW 2154 5 175 255 2154 9
ROW 2154 6 10 21 2154 0
ROW 2154 7 14 24 2154 87
ROW 2155 0 14 16 2155 126
ROW 2155 1 30 32 2155 56
ROW 2155 2 7 31 2155 0
ROW 2155 3 8 8 2155 240
ROW 2155 4 2 4 2155 427
ROW 2155 5 181 255 2155 9
ROW 2155 6 17 21 2155 0
ROW 2155 7 22 24 2155 87
ROW 2156 0 16 16 2156 127
ROW 2156 1 0 32 2156 56
ROW 2156 2 11 31 2156 0
ROW 2156 3 4 8 2156 240
ROW 2156 4 3 4 2156 427
ROW 2156 5 188 255 2156 9
ROW 2156 6 0 21 2156 0
ROW 2156 7 6 24 2156 87
ROW 2157 0 0 16 2157 127
ROW 2157 1 2 32 2157 56
ROW 2157 2 14 31 2157 0
ROW 2157 3 8 8 2157 241
ROW 2157 4 3 4 2157 427
ROW 2157 5 194 255 2157 9
ROW 2157 6 7 21 2157 0
ROW 2157 7 14 24 2157 87
ROW 2158 0 1 16 2158 127
ROW 2158 1 4 32 2158 56
ROW 2158 2 17 31 2158 0
ROW 2158 3 3 8 2158 241
ROW 2158 4 3 4 2158 427
ROW 2158 5 200 255 2158 9
ROW 2158 6 14 21 2158 0
ROW 2158 7 22 24 2158 87
ROW 2159 0 2 16 2159 127
ROW 2159 1 6 32 2159 56
ROW 2159 2 20 31 2159 0
ROW 2159 3 7 8 2159 241
ROW 2159 4 3 4 2159 427
ROW 2159 5 206 255 2159 9
ROW 2159 6 21 21 2159 0
ROW 2159 7 5 24 2159 87
ROW 2160 0 3 16 2160 127
ROW 2160 1 8 32 2160 56
ROW 2160 2 23 31 2160 0
ROW 2160 3 2 8 2160 241
ROW 2160 4 3 4 2160 427
ROW 2160 5 212 255 2160 9
ROW 2160 6 3 21 2160 0
ROW 2160 7 13 24 2160 87
ROW 2161 0 4 16 2161 127
ROW 2161 1 10 32 2161 56
ROW 2161 2 26 31 2161 0
ROW 2161 3 6 8 2161 241
ROW 2161 4 3 4 2161 427
ROW 2161 5 218 255 2161 9
ROW 2161 6 10 21 2161 0
ROW 2161 7 21 24 2161 87
ROW 2162 0 5 16 2162 127
ROW 2162 1 12 32 2162 56
ROW 2162 2 29 31 2162 0
ROW 2162 3 1 8 2162 241
ROW 2162 4 3 4 2162 427
ROW 2162 5 224 255 2162 9
ROW 2162 6 17 21 2162 0
ROW 2162 7 4 24 2162 87
ROW 2163 0 7 16 2163 127
ROW 2163 1 15 32 2163 56
ROW 2163 2 0 31 2163 0
ROW 2163 3 6 8 2163 241
ROW 2163 4 4 4 2163 428
ROW 2163 5 231 255 2163 9
ROW 2163 6 0 21 2163 0
ROW 2163 7 13 24 2163 87
ROW 2164 0 8 16 2164 127
ROW 2164 1 17 32 2164 56
ROW 2164 2 3 31 2164 0
ROW 2164 3 1 8 2164 241
ROW 2164 4 4 4 2164 429
ROW 2164 5 237 255 2164 9
ROW 2164 6 7 21 2164 0
ROW 2164 7 21 24 2164 87
ROW 2165 0 9 16 2165 127
ROW 2165 1 19 32 2165 56
ROW 2165 2 6 31 2165 0
ROW 2165 3 5 8 2165 241
ROW 2165 4 4 4 2165 430
ROW 2165 5 243 255 2165 9
ROW 2165 6 14 21 2165 0
ROW 2165 7 4 24 2165 87
ROW 2166 0 10 16 2166 127
ROW 2166 1 21 32 2166 56
ROW 2166 2 9 31 2166 0
ROW 2166 3 0 8 2166 241
ROW 2166 4 4 4 2166 431
ROW 2166 5 249 255 2166 9
ROW 2166 6 21 21 2166 0
ROW 2166 7 12 24 2166 87
ROW 2167 0 11 16 2167 127
ROW 2167 1 23 32 2167 56
ROW 2167 2 12 31 2167 0
ROW 2167 3 4 8 2167 241
ROW 2167 4 4 4 2167 432
ROW 2167 5 255 255 2167 10
ROW 2167 6 3 21 2167 0
ROW 2167 7 20 24 2167 87
ROW 2168 0 12 16 2168 127
ROW 2168 1 25 32 2168 56
ROW 2168 2 15 31 2168 0
ROW 2168 3 8 8 2168 242
ROW 2168 4 4 4 2168 433
ROW 2168 5 5 255 2168 10
ROW 2168 6 10 21 2168 0
ROW 2168 7 3 24 2168 87
ROW 2169 0 13 16 2169 127
ROW 2169 1 27 32 2169 56
ROW 2169 2 18 31 2169 0
ROW 2169 3 3 8 2169 242
ROW 2169 4 4 4 2169 434
ROW 2169 5 11 255 2169 10
ROW 2169 6 17 21 2169 0
ROW 2169 7 11 24 2169 87
ROW 2170 0 15 16 2170 127
ROW 2170 1 30 32 2170 56
ROW 2170 2 22 31 2170 0
ROW 2170 3 8 8 2170 243
ROW 2170 4 0 4 2170 434
ROW 2170 5 18 255 2170 10
ROW 2170 6 0 21 2170 0
ROW 2170 7 20 24 2170 87
ROW 2171 0 16 16 2171 128
ROW 2171 1 32 32 2171 57
ROW 2171 2 25 31 2171 0
ROW 2171 3 3 8 2171 243
ROW 2171 4 0 4 2171 434
ROW 2171 5 24 255 2171 10
ROW 2171 6 7 21 2171 0
ROW 2171 7 3 24 2171 87
ROW 2172 0 0 16 2172 128
ROW 2172 1 1 32 2172 57
ROW 2172 2 28 31 2172 0
ROW 2172 3 7 8 2172 243
ROW 2172 4 0 4 2172 434
ROW 2172 5 30 255 2172 10
ROW 2172 6 14 21 2172 0
ROW 2172 7 11 24 2172 87
ROW 2173 0 1 16 2173 128
ROW 2173 1 3 32 2173 57
ROW 2173 2 31 31 2173 0
ROW 2173 3 2 8 2173 243
ROW 2173 4 0 4 2173 434
ROW 2173 5 36 255 2173 10
ROW 2173 6 21 21 2173 0
ROW 2173 7 19 24 2173 87
ROW 2174 0 2 16 2174 128
ROW 2174 1 5 32 2174 57
ROW 2174 2 1 31 2174 0
ROW 2174 3 6 8 2174 243
ROW 2174 4 0 4 2174 434
ROW 2174 5 42 255 2174 10
ROW 2174 6 3 21 2174 0
ROW 2174 7 2 24 2174 87
ROW 2175 0 3 16 2175 128
ROW 2175 1 7 32 2175 57
ROW 2175 2 4 31 2175 0
ROW 2175 3 1 8 2175 243
ROW 2175 4 0 4 2175 434
ROW 2175 5 48 255 2175 10
ROW 2175 6 10 21 2175 0
ROW 2175 7 10 24 2175 87
ROW 2176 0 4 16 2176 128
ROW 2176 1 9 32 2176 57
ROW 2176 2 7 31 2176 0
ROW 2176 3 5 8 2176 243
ROW 2176 4 0 4 2176 434
ROW 2176 5 54 255 2176 10
ROW 2176 6 17 21 2176 0
ROW 2176 7 18 24 2176 87
ROW 2177 0 6 16 2177 128
ROW 2177 1 12 32 2177 57
ROW 2177 2 11 31 2177 0
ROW 2177 3 1 8 2177 243
ROW 2177 4 1 4 2177 434
ROW 2177 5 61 255 2177 10
ROW 2177 6 0 21 2177 0
ROW 2177 7 2 24 2177 87
ROW 2178 0 7 16 2178 128
ROW 2178 1 14 32 2178 57
ROW 2178 2 14 31 2178 0
ROW 2178 3 5 8 2178 243
ROW 2178 4 1 4 2178 434
ROW 2178 5 67 255 2178 10
ROW 2178 6 7 21 2178 0
ROW 2178 7 10 24 2178 87
ROW 2179 0 8 16 2179 128
ROW 2179 1 16 32 2179 57
ROW 2179 2 17 31 2179 0
ROW 2179 3 0 8 2179 243
ROW 2179 4 1 4 2179 434
ROW 2179 5 73 255 2179 10
ROW 2179 6 14 21 2179 0
ROW 2179 7 18 24 2179 87
ROW 2180 0 9 16 2180 128
ROW 2180 1 18 32 2180 57
ROW 2180 2 20 31 2180 0
ROW 2180 3 4 8 2180 243
ROW 2180 4 1 4 2180 434
ROW 2180 5 79 255 2180 10
ROW 2180 6 21 21 2180 0
ROW 2180 7 1 24 2180 87
ROW 2181 0 10 16 2181 128
ROW 2181 1 20 32 2181 57
ROW 2181 2 23 31 2181 0
ROW 2181 3 8 8 2181 244
ROW 2181 4 1 4 2181 434
ROW 2181 5 85 255 2181 10
ROW 2181 6 3 21 2181 0
ROW 2181 7 9 24 2181 87
ROW 2182 0 11 16 2182 128
ROW 2182 1 22 32 2182 57
ROW 2182 2 26 31 2182 0
ROW 2182 3 3 8 2182 244
ROW 2182 4 1 4 2182 434
ROW 2182 5 91 255 2182 10
ROW 2182 6 10 21 2182 0
ROW 2182 7 17 24 2182 87
ROW 2183 0 12 16 2183 128
ROW 2183 1 24 32 2183 57
ROW 2183 2 29 31 2183 0
ROW 2183 3 7 8 2183 244
ROW 2183 4 1 4 2183 434
ROW 2183 5 97 255 2183 10
ROW 2183 6 17 21 2183 0
ROW 2183 7 0 24 2183 87
ROW 2184 0 14 16 2184 128
ROW 2184 1 27 32 2184 57
ROW 2184 2 0 31 2184 0
ROW 2184 3 3 8 2184 244
ROW 2184 4 2 4 2184 434
ROW 2184 5 104 255 2184 10
ROW 2184 6 0 21 2184 0
ROW 2184 7 9 24 2184 87
ROW 2185 0 15 16 2185 128
ROW 2185 1 29 32 2185 57
ROW 2185 2 3 31 2185 0
ROW 2185 3 7 8 2185 244
ROW 2185 4 2 4 2185 434
ROW 2185 5 110 255 2185 10
ROW 2185 6 7 21 2185 0
ROW 2185 7 17 24 2185 87
ROW 2186 0 16 16 2186 129
ROW 2186 1 31 32 2186 57
ROW 2186 2 6 31 2186 0
ROW 2186 3 2 8 2186 244
ROW 2186 4 2 4 2186 434
ROW 2186 5 116 255 2186 10
ROW 2186 6 14 21 2186 0
ROW 2186 7 0 24 2186 87
ROW 2187 0 0 16 2187 129
ROW 2187 1 0 32 2187 57
ROW 2187 2 9 31 2187 0
ROW 2187 3 6 8 2187 244
ROW 2187 4 2 4 2187 434
ROW 2187 5 122 255 2187 10
ROW 2187 6 21 21 2187 0
ROW 2187 7 8 24 2187 87
ROW 2188 0 1 16 2188 129
ROW 2188 1 2 32 2188 57
ROW 2188 2 12 31 2188 0
ROW 2188 3 1 8 2188 244
ROW 2188 4 2 4 2188 434
ROW 2188 5 128 255 2188 10
ROW 2188 6 3 21 2188 0
ROW 2188 7 16 24 2188 87
ROW 2189 0 2 16 2189 129
ROW 2189 1 4 32 2189 57
ROW 2189 2 15 31 2189 0
ROW 2189 3 5 8 2189 244
ROW 2189 4 2 4 2189 434
ROW 2189 5 134 255 2189 10
ROW 2189 6 10 21 2189 0
ROW 2189 7 24 24 2189 88
ROW 2190 0 3 16 2190 129
ROW 2190 1 6 32 2190 57
ROW 2190 2 18 31 2190 0
ROW 2190 3 0 8 2190 244
ROW 2190 4 2 4 2190 434
ROW 2190 5 140 255 2190 10
ROW 2190 6 17 21 2190 0
ROW 2190 7 7 24 2190 88
ROW 2191 0 5 16 2191 129
ROW 2191 1 9 32 2191 57
ROW 2191 2 22 31 2191 0
ROW 2191 3 5 8 2191 244
ROW 2191 4 3 4 2191 434
ROW 2191 5 147 255 2191 10
ROW 2191 6 0 21 2191 0
ROW 2191 7 16 24 2191 88
ROW 2192 0 6 16 2192 129
ROW 2192 1 11 32 2192 57
ROW 2192 2 25 31 2192 0
ROW 2192 3 0 8 2192 244
ROW 2192 4 3 4 2192 434
ROW 2192 5 153 255 2192 10
ROW 2192 6 7 21 2192 0
ROW 2192 7 24 24 2192 89
ROW 2193 0 7 16 2193 129
ROW 2193 1 13 32 2193 57
ROW 2193 2 28 31 2193 0
ROW 2193 3 4 8 2193 244
ROW 2193 4 3 4 2193 434
ROW 2193 5 159 255 2193 10
ROW 2193 6 14 21 2193 0
ROW 2193 7 7 24 2193 89
ROW 2194 0 8 16 2194 129
ROW 2194 1 15 32 2194 57
ROW 2194 2 31 31 2194 0
ROW 2194 3 8 8 2194 245
ROW 2194 4 3 4 2194 434
ROW 2194 5 165 255 2194 10
ROW 2194 6 21 21 2194 0
ROW 2194 7 15 24 2194 89
ROW 2195 0 9 16 2195 129
ROW 2195 1 17 32 2195 57
ROW 2195 2 1 31 2195 0
ROW 2195 3 3 8 2195 245
ROW 2195 4 3 4 2195 434
ROW 2195 5 171 255 2195 10
ROW 2195 6 3 21 2195 0
ROW 2195 7 23 24 2195 89
ROW 2196 0 10 16 2196 129
ROW 2196 1 19 32 2196 57
ROW 2196 2 4 31 2196 0
ROW 2196 3 7 8 2196 245
ROW 2196 4 3 4 2196 434
ROW 2196 5 177 255 2196 10
ROW 2196 6 10 21 2196 0
ROW 2196 7 6 24 2196 89
ROW 2197 0 11 16 2197 129
ROW 2197 1 21 32 2197 57
ROW 2197 2 7 31 2197 0
ROW 2197 3 2 8 2197 245
ROW 2197 4 3 4 2197 434
ROW 2197 5 183 255 2197 10
ROW 2197 6 17 21 2197 0
ROW 2197 7 14 24 2197 89
ROW 2198 0 13 16 2198 129
ROW 2198 1 24 32 2198 57
ROW 2198 2 11 31 2198 0
ROW 2198 3 7 8 2198 245
ROW 2198 4 4 4 2198 435
ROW 2198 5 190 255 2198 10
ROW 2198 6 0 21 2198 0
ROW 2198 7 23 24 2198 89
ROW 2199 0 14 16 2199 129
ROW 2199 1 26 32 2199 57
ROW 2199 2 14 31 2199 0
ROW 2199 3 2 8 2199 245
ROW 2199 4 4 4 2199 436
ROW 2199 5 196 255 2199 10
ROW 2199 6 7 21 2199 0
ROW 2199 7 6 24 2199 89
ROW 2200 0 15 16 2200 129
ROW 2200 1 28 32 2200 57
ROW 2200 2 17 31 2200 0
ROW 2200 3 6 8 2200 245
ROW 2200 4 4 4 2200 437
ROW 2200 5 202 255 2200 10
ROW 2200 6 14 21 2200 0
ROW 2200 7 14 24 2200 89
ROW 2201 0 16 16 2201 130
ROW 2201 1 30 32 2201 57
ROW 2201 2 20 31 2201 0
ROW 2201 3 1 8 2201 245
ROW 2201 4 4 4 2201 438
ROW 2201 5 208 255 2201 10
ROW 2201 6 21 21 2201 0
ROW 2201 7 22 24 2201 89
ROW 2202 0 0 16 2202 130
ROW 2202 1 32 32 2202 58
ROW 2202 2 23 31 2202 0
ROW 2202 3 5 8 2202 245
ROW 2202 4 4 4 2202 439
ROW 2202 5 214 255 2202 10
ROW 2202 6 3 21 2202 0
ROW 2202 7 5 24 2202 89
ROW 2203 0 1 16 2203 130
ROW 2203 1 1 32 2203 58
ROW 2203 2 26 31 2203 0
ROW 2203 3 0 8 2203 245
ROW 2203 4 4 4 2203 440
ROW 2203 5 220 255 2203 10
ROW 2203 6 10 21 2203 0
ROW 2203 7 13 24 2203 89
ROW 2204 0 2 16 2204 130
ROW 2204 1 3 32 2204 58
ROW 2204 2 29 31 2204 0
ROW 2204 3 4 8 2204 245
ROW 2204 4 4 4 2204 441
ROW 2204 5 226 255 2204 10
ROW 2204 6 17 21 2204 0
ROW 2204 7 21 24 2204 89
ROW 2205 0 4 16 2205 130
ROW 2205 1 6 32 2205 58
ROW 2205 2 0 31 2205 0
ROW 2205 3 0 8 2205 245
ROW 2205 4 0 4 2205 441
ROW 2205 5 233 255 2205 10
ROW 2205 6 0 21 2205 0
ROW 2205 7 5 24 2205 89
ROW 2206 0 5 16 2206 130
ROW 2206 1 8 32 2206 58
ROW 2206 2 3 31 2206 0
ROW 2206 3 4 8 2206 245
ROW 2206 4 0 4 2206 441
ROW 2206 5 239 255 2206 10
ROW 2206 6 7 21 2206 0
ROW 2206 7 13 24 2206 89
ROW 2207 0 6 16 2207 130
ROW 2207 1 10 32 2207 58
ROW 2207 2 6 31 2207 0
ROW 2207 3 8 8 2207 246
ROW 2207 4 0 4 2207 441
ROW 2207 5 245 255 2207 10
ROW 2207 6 14 21 2207 0
ROW 2207 7 21 24 2207 89
ROW 2208 0 7 16 2208 130
ROW 2208 1 12 32 2208 58
ROW 2208 2 9 31 2208 0
ROW 2208 3 3 8 2208 246
ROW 2208 4 0 4 2208 441
ROW 2208 5 251 255 2208 10
ROW 2208 6 21 21 2208 0
ROW 2208 7 4 24 2208 89
ROW 2209 0 8 16 2209 130
ROW 2209 1 14 32 2209 58
ROW 2209 2 12 31 2209 0
ROW 2209 3 7 8 2209 246
ROW 2209 4 0 4 2209 441
ROW 2209 5 1 255 2209 10
ROW 2209 6 3 21 2209 0
ROW 2209 7 12 24 2209 89
ROW 2210 0 9 16 2210 130
ROW 2210 1 16 32 2210 58
ROW 2210 2 15 31 2210 0
ROW 2210 3 2 8 2210 246
ROW 2210 4 0 4 2210 441
ROW 2210 5 7 255 2210 10
ROW 2210 6 10 21 2210 0
ROW 2210 7 20 24 2210 89
ROW 2211 0 10 16 2211 130
ROW 2211 1 18 32 2211 58
ROW 2211 2 18 31 2211 0
ROW 2211 3 6 8 2211 246
ROW 2211 4 0 4 2211 441
ROW 2211 5 13 255 2211 10
ROW 2211 6 17 21 2211 0
ROW 2211 7 3 24 2211 89
ROW 2212 0 12 16 2212 130
ROW 2212 1 21 32 2212 58
ROW 2212 2 22 31 2212 0
ROW 2212 3 2 8 2212 246
ROW 2212 4 1 4 2212 441
ROW 2212 5 20 255 2212 10
ROW 2212 6 0 21 2212 0
ROW 2212 7 12 24 2212 89
ROW 2213 0 13 16 2213 130
ROW 2213 1 23 32 2213 58
ROW 2213 2 25 31 2213 0
ROW 2213 3 6 8 2213 246
ROW 2213 4 1 4 2213 441
ROW 2213 5 26 255 2213 10
ROW 2213 6 7 21 2213 0
ROW 2213 7 20 24 2213 89
ROW 2214 0 14 16 2214 130
ROW 2214 1 25 32 2214 58
ROW 2214 2 28 31 2214 0
ROW 2214 3 1 8 2214 246
ROW 2214 4 1 4 2214 441
ROW 2214 5 32 255 2214 10
ROW 2214 6 14 21 2214 0
ROW 2214 7 3 24 2214 89
ROW 2215 0 15 16 2215 130
ROW 2215 1 27 32 2215 58
ROW 2215 2 31 31 2215 0
ROW 2215 3 5 8 2215 246
ROW 2215 4 1 4 2215 441
ROW 2215 5 38 255 2215 10
ROW 2215 6 21 21 2215 0
ROW 2215 7 11 24 2215 89
ROW 2216 0 16 16 2216 131
ROW 2216 1 29 32 2216 58
ROW 2216 2 1 31 2216 0
ROW 2216 3 0 8 2216 246
ROW 2216 4 1 4 2216 441
ROW 2216 5 44 255 2216 10
ROW 2216 6 3 21 2216 0
ROW 2216 7 19 24 2216 89
ROW 2217 0 0 16 2217 131
ROW 2217 1 31 32 2217 58
ROW 2217 2 4 31 2217 0
ROW 2217 3 4 8 2217 246
ROW 2217 4 1 4 2217 441
ROW 2217 5 50 255 2217 10
ROW 2217 6 10 21 2217 0
ROW 2217 7 2 24 2217 89
ROW 2218 0 1 16 2218 131
ROW 2218 1 0 32 2218 58
ROW 2218 2 7 31 2218 0
ROW 2218 3 8 8 2218 247
ROW 2218 4 1 4 2218 441
ROW 2218 5 56 255 2218 10
ROW 2218 6 17 21 2218 0
ROW 2218 7 10 24 2218 89
ROW 2219 0 3 16 2219 131
ROW 2219 1 3 32 2219 58
ROW 2219 2 11 31 2219 0
ROW 2219 3 4 8 2219 247
ROW 2219 4 2 4 2219 441
ROW 2219 5 63 255 2219 10
ROW 2219 6 0 21 2219 0
ROW 2219 7 19 24 2219 89
ROW 2220 0 4 16 2220 131
ROW 2220 1 5 32 2220 58
ROW 2220 2 14 31 2220 0
ROW 2220 3 8 8 2220 248
ROW 2220 4 2 4 2220 441
ROW 2220 5 69 255 2220 10
ROW 2220 6 7 21 2220 0
ROW 2220 7 2 24 2220 89
ROW 2221 0 5 16 2221 131
ROW 2221 1 7 32 2221 58
ROW 2221 2 17 31 2221 0
ROW 2221 3 3 8 2221 248
ROW 2221 4 2 4 2221 441
ROW 2221 5 75 255 2221 10
ROW 2221 6 14 21 2221 0
ROW 2221 7 10 24 2221 89
ROW 2222 0 6 16 2222 131
ROW 2222 1 9 32 2222 58
ROW 2222 2 20 31 2222 0
ROW 2222 3 7 8 2222 248
ROW 2222 4 2 4 2222 441
ROW 2222 5 81 255 2222 10
ROW 2222 6 21 21 2222 0
ROW 2222 7 18 24 2222 89
ROW 2223 0 7 16 2223 131
ROW 2223 1 11 32 2223 58
ROW 2223 2 23 31 2223 0
ROW 2223 3 2 8 2223 248
ROW 2223 4 2 4 2223 441
ROW 2223 5 87 255 2223 10
ROW 2223 6 3 21 2223 0
ROW 2223 7 1 24 2223 89
ROW 2224 0 8 16 2224 131
ROW 2224 1 13 32 2224 58
ROW 2224 2 26 31 2224 0
ROW 2224 3 6 8 2224 248
ROW 2224 4 2 4 2224 441
ROW 2224 5 93 255 2224 10
ROW 2224 6 10 21 2224 0
ROW 2224 7 9 24 2224 89
ROW 2225 0 9 16 2225 131
ROW 2225 1 15 32 2225 58
ROW 2225 2 29 31 2225 0
ROW 2225 3 1 8 2225 248
ROW 2225 4 2 4 2225 441
ROW 2225 5 99 255 2225 10
ROW 2225 6 17 21 2225 0
ROW 2225 7 17 24 2225 89
ROW 2226 0 11 16 2226 131
ROW 2226 1 18 32 2226 58
ROW 2226 2 0 31 2226 0
ROW 2226 3 6 8 2226 248
ROW 2226 4 3 4 2226 441
ROW 2226 5 106 255 2226 10
ROW 2226 6 0 21 2226 0
ROW 2226 7 1 24 2226 89
ROW 2227 0 12 16 2227 131
ROW 2227 1 20 32 2227 58
ROW 2227 2 3 31 2227 0
ROW 2227 3 1 8 2227 248
ROW 2227 4 3 4 2227 441
ROW 2227 5 112 255 2227 10
ROW 2227 6 7 21 2227 0
ROW 2227 7 9 24 2227 89
ROW 2228 0 13 16 2228 131
ROW 2228 1 22 32 2228 58
ROW 2228 2 6 31 2228 0
ROW 2228 3 5 8 2228 248
ROW 2228 4 3 4 2228 441
ROW 2228 5 118 255 2228 10
ROW 2228 6 14 21 2228 0
ROW 2228 7 17 24 2228 89
ROW 2229 0 14 16 2229 131
ROW 2229 1 24 32 2229 58
ROW 2229 2 9 31 2229 0
ROW 2229 3 0 8 2229 248
ROW 2229 4 3 4 2229 441
ROW 2229 5 124 255 2229 10
ROW 2229 6 21 21 2229 0
ROW 2229 7 0 24 2229 89
ROW 2230 0 15 16 2230 131
ROW 2230 1 26 32 2230 58
ROW 2230 2 12 31 2230 0
ROW 2230 3 4 8 2230 248
ROW 2230 4 3 4 2230 441
ROW 2230 5 130 255 2230 10
ROW 2230 6 3 21 2230 0
ROW 2230 7 8 24 2230 89
ROW 2231 0 16 16 2231 132
ROW 2231 1 28 32 2231 58
ROW 2231 2 15 31 2231 0
ROW 2231 3 8 8 2231 249
ROW 2231 4 3 4 2231 441
ROW 2231 5 136 255 2231 10
ROW 2231 6 10 21 2231 0
ROW 2231 7 16 24 2231 89
ROW 2232 0 0 16 2232 132
ROW 2232 1 30 32 2232 58
ROW 2232 2 18 31 2232 0
ROW 2232 3 3 8 2232 249
ROW 2232 4 3 4 2232 441
ROW 2232 5 142 255 2232 10
ROW 2232 6 17 21 2232 0
ROW 2232 7 24 24 2232 90
ROW 2233 0 2 16 2233 132
ROW 2233 1 0 32 2233 58
ROW 2233 2 22 31 2233 0
ROW 2233 3 8 8 2233 250
ROW 2233 4 4 4 2233 442
ROW 2233 5 149 255 2233 10
ROW 2233 6 0 21 2233 0
ROW 2233 7 8 24 2233 90
ROW 2234 0 3 16 2234 132
ROW 2234 1 2 32 2234 58
ROW 2234 2 25 31 2234 0
ROW 2234 3 3 8 2234 250
ROW 2234 4 4 4 2234 443
ROW 2234 5 155 255 2234 10
ROW 2234 6 7 21 2234 0
ROW 2234 7 16 24 2234 90
ROW 2235 0 4 16 2235 132
ROW 2235 1 4 32 2235 58
ROW 2235 2 28 31 2235 0
ROW 2235 3 7 8 2235 250
ROW 2235 4 4 4 2235 444
ROW 2235 5 161 255 2235 10
ROW 2235 6 14 21 2235 0
ROW 2235 7 24 24 2235 91
ROW 2236 0 5 16 2236 132
ROW 2236 1 6 32 2236 58
ROW 2236 2 31 31 2236 0
ROW 2236 3 2 8 2236 250
ROW 2236 4 4 4 2236 445
ROW 2236 5 167 255 2236 10
ROW 2236 6 21 21 2236 0
ROW 2236 7 7 24 2236 91
ROW 2237 0 6 16 2237 132
ROW 2237 1 8 32 2237 58
ROW 2237 2 1 31 2237 0
ROW 2237 3 6 8 2237 250
ROW 2237 4 4 4 2237 446
ROW 2237 5 173 255 2237 10
ROW 2237 6 3 21 2237 0
ROW 2237 7 15 24 2237 91
ROW 2238 0 7 16 2238 132
ROW 2238 1 10 32 2238 58
ROW 2238 2 4 31 2238 0
ROW 2238 3 1 8 2238 250
ROW 2238 4 4 4 2238 447
ROW 2238 5 179 255 2238 10
ROW 2238 6 10 21 2238 0
ROW 2238 7 23 24 2238 91
ROW 2239 0 8 16 2239 132
ROW 2239 1 12 32 2239 58
ROW 2239 2 7 31 2239 0
ROW 2239 3 5 8 2239 250
ROW 2239 4 4 4 2239 448
ROW 2239 5 185 255 2239 10
ROW 2239 6 17 21 2239 0
ROW 2239 7 6 24 2239 91
ROW 2240 0 10 16 2240 132
ROW 2240 1 15 32 2240 58
ROW 2240 2 11 31 2240 0
ROW 2240 3 1 8 2240 250
ROW 2240 4 0 4 2240 448
ROW 2240 5 192 255 2240 10
ROW 2240 6 0 21 2240 0
ROW 2240 7 15 24 2240 91
ROW 2241 0 11 16 2241 132
ROW 2241 1 17 32 2241 58
ROW 2241 2 14 31 2241 0
ROW 2241 3 5 8 2241 250
ROW 2241 4 0 4 2241 448
ROW 2241 5 198 255 2241 10
ROW 2241 6 7 21 2241 0
ROW 2241 7 23 24 2241 91
ROW 2242 0 12 16 2242 132
ROW 2242 1 19 32 2242 58
ROW 2242 2 17 31 2242 0
ROW 2242 3 0 8 2242 250
ROW 2242 4 0 4 2242 448
ROW 2242 5 204 255 2242 10
ROW 2242 6 14 21 2242 0
ROW 2242 7 6 24 2242 91
ROW 2243 0 13 16 2243 132
ROW 2243 1 21 32 2243 58
ROW 2243 2 20 31 2243 0
ROW 2243 3 4 8 2243 250
ROW 2243 4 0 4 2243 448
ROW 2243 5 210 255 2243 10
ROW 2243 6 21 21 2243 0
ROW 2243 7 14 24 2243 91
ROW 2244 0 14 16 2244 132
ROW 2244 1 23 32 2244 58
ROW 2244 2 23 31 2244 0
ROW 2244 3 8 8 2244 251
ROW 2244 4 0 4 2244 448
ROW 2244 5 216 255 2244 10
ROW 2244 6 3 21 2244 0
ROW 2244 7 22 24 2244 91
ROW 2245 0 15 16 2245 132
ROW 2245 1 25 32 2245 58
ROW 2245 2 26 31 2245 0
ROW 2245 3 3 8 2245 251
ROW 2245 4 0 4 2245 448
ROW 2245 5 222 255 2245 10
ROW 2245 6 10 21 2245 0
ROW 2245 7 5 24 2245 91
ROW 2246 0 16 16 2246 133
ROW 2246 1 27 32 2246 58
ROW 2246 2 29 31 2246 0
ROW 2246 3 7 8 2246 251
ROW 2246 4 0 4 2246 448
ROW 2246 5 228 255 2246 10
ROW 2246 6 17 21 2246 0
ROW 2246 7 13 24 2246 91
ROW 2247 0 1 16 2247 133
ROW 2247 1 30 32 2247 58
ROW 2247 2 0 31 2247 0
ROW 2247 3 3 8 2247 251
ROW 2247 4 1 4 2247 448
ROW 2247 5 235 255 2247 10
ROW 2247 6 0 21 2247 0
ROW 2247 7 22 24 2247 91
ROW 2248 0 2 16 2248 133
ROW 2248 1 32 32 2248 59
ROW 2248 2 3 31 2248 0
ROW 2248 3 7 8 2248 251
ROW 2248 4 1 4 2248 448
ROW 2248 5 241 255 2248 10
ROW 2248 6 7 21 2248 0
ROW 2248 7 5 24 2248 91
ROW 2249 0 3 16 2249 133
ROW 2249 1 1 32 2249 59
ROW 2249 2 6 31 2249 0
ROW 2249 3 2 8 2249 251
ROW 2249 4 1 4 2249 448
ROW 2249 5 247 255 2249 10
ROW 2249 6 14 21 2249 0
ROW 2249 7 13 24 2249 91
ROW 2250 0 4 16 2250 133
ROW 2250 1 3 32 2250 59
ROW 2250 2 9 31 2250 0
ROW 2250 3 6 8 2250 251
ROW 2250 4 1 4 2250 448
ROW 2250 5 253 255 2250 10
ROW 2250 6 21 21 2250 0
ROW 2250 7 21 24 2250 91
ROW 2251 0 5 16 2251 133
ROW 2251 1 5 32 2251 59
ROW 2251 2 12 31 2251 0
ROW 2251 3 1 8 2251 251
ROW 2251 4 1 4 2251 448
ROW 2251 5 3 255 2251 10
ROW 2251 6 3 21 2251 0
ROW 2251 7 4 24 2251 91
ROW 2252 0 6 16 2252 133
ROW 2252 1 7 32 2252 59
ROW 2252 2 15 31 2252 0
ROW 2252 3 5 8 2252 251
ROW 2252 4 1 4 2252 448
ROW 2252 5 9 255 2252 10
ROW 2252 6 10 21 2252 0
ROW 2252 7 12 24 2252 91
ROW 2253 0 7 16 2253 133
ROW 2253 1 9 32 2253 59
ROW 2253 2 18 31 2253 0
ROW 2253 3 0 8 2253 251
ROW 2253 4 1 4 2253 448
ROW 2253 5 15 255 2253 10
ROW 2253 6 17 21 2253 0
ROW 2253 7 20 24 2253 91
ROW 2254 0 9 16 2254 133
ROW 2254 1 12 32 2254 59
ROW 2254 2 22 31 2254 0
ROW 2254 3 5 8 2254 251
ROW 2254 4 2 4 2254 448
ROW 2254 5 22 255 2254 10
ROW 2254 6 0 21 2254 0
ROW 2254 7 4 24 2254 91
ROW 2255 0 10 16 2255 133
ROW 2255 1 14 32 2255 59
ROW 2255 2 25 31 2255 0
ROW 2255 3 0 8 2255 251
ROW 2255 4 2 4 2255 448
ROW 2255 5 28 255 2255 10
ROW 2255 6 7 21 2255 0
ROW 2255 7 12 24 2255 91
ROW 2256 0 11 16 2256 133
ROW 2256 1 16 32 2256 59
ROW 2256 2 28 31 2256 0
ROW 2256 3 4 8 2256 251
ROW 2256 4 2 4 2256 448
ROW 2256 5 34 255 2256 10
ROW 2256 6 14 21 2256 0
ROW 2256 7 20 24 2256 91
ROW 2257 0 12 16 2257 133
ROW 2257 1 18 32 2257 59
ROW 2257 2 31 31 2257 0
ROW 2257 3 8 8 2257 252
ROW 2257 4 2 4 2257 448
ROW 2257 5 40 255 2257 10
ROW 2257 6 21 21 2257 0
ROW 2257 7 3 24 2257 91
ROW 2258 0 13 16 2258 133
ROW 2258 1 20 32 2258 59
ROW 2258 2 1 31 2258 0
ROW 2258 3 3 8 2258 252
ROW 2258 4 2 4 2258 448
ROW 2258 5 46 255 2258 10
ROW 2258 6 3 21 2258 0
ROW 2258 7 11 24 2258 91
ROW 2259 0 14 16 2259 133
ROW 2259 1 22 32 2259 59
ROW 2259 2 4 31 2259 0
ROW 2259 3 7 8 2259 252
ROW 2259 4 2 4 2259 448
ROW 2259 5 52 255 2259 10
ROW 2259 6 10 21 2259 0
ROW 2259 7 19 24 2259 91
ROW 2260 0 15 16 2260 133
ROW 2260 1 24 32 2260 59
ROW 2260 2 7 31 2260 0
ROW 2260 3 2 8 2260 252
ROW 2260 4 2 4 2260 448
ROW 2260 5 58 255 2260 10
ROW 2260 6 17 21 2260 0
ROW 2260 7 2 24 2260 91
ROW 2261 0 0 16 2261 133
ROW 2261 1 27 32 2261 59
ROW 2261 2 11 31 2261 0
ROW 2261 3 7 8 2261 252
ROW 2261 4 3 4 2261 448
ROW 2261 5 65 255 2261 10
ROW 2261 6 0 21 2261 0
ROW 2261 7 11 24 2261 91
ROW 2262 0 1 16 2262 133
ROW 2262 1 29 32 2262 59
ROW 2262 2 14 31 2262 0
ROW 2262 3 2 8 2262 252
ROW 2262 4 3 4 2262 448
ROW 2262 5 71 255 2262 10
ROW 2262 6 7 21 2262 0
ROW 2262 7 19 24 2262 91
ROW 2263 0 2 16 2263 133
ROW 2263 1 31 32 2263 59
ROW 2263 2 17 31 2263 0
ROW 2263 3 6 8 2263 252
ROW 2263 4 3 4 2263 448
ROW 2263 5 77 255 2263 10
ROW 2263 6 14 21 2263 0
ROW 2263 7 2 24 2263 91
ROW 2264 0 3 16 2264 133
ROW 2264 1 0 32 2264 59
ROW 2264 2 20 31 2264 0
ROW 2264 3 1 8 2264 252
ROW 2264 4 3 4 2264 448
ROW 2264 5 83 255 2264 10
ROW 2264 6 21 21 2264 0
ROW 2264 7 10 24 2264 91
ROW 2265 0 4 16 2265 133
ROW 2265 1 2 32 2265 59
ROW 2265 2 23 31 2265 0
ROW 2265 3 5 8 2265 252
ROW 2265 4 3 4 2265 448
ROW 2265 5 89 255 2265 10
ROW 2265 6 3 21 2265 0
ROW 2265 7 18 24 2265 91
ROW 2266 0 5 16 2266 133
ROW 2266 1 4 32 2266 59
ROW 2266 2 26 31 2266 0
ROW 2266 3 0 8 2266 252
ROW 2266 4 3 4 2266 448
ROW 2266 5 95 255 2266 10
ROW 2266 6 10 21 2266 0
ROW 2266 7 1 24 2266 91
ROW 2267 0 6 16 2267 133
ROW 2267 1 6 32 2267 59
ROW 2267 2 29 31 2267 0
ROW 2267 3 4 8 2267 252
ROW 2267 4 3 4 2267 448
ROW 2267 5 101 255 2267 10
ROW 2267 6 17 21 2267 0
ROW 2267 7 9 24 2267 91
ROW 2268 0 8 16 2268 133
ROW 2268 1 9 32 2268 59
ROW 2268 2 0 31 2268 0
ROW 2268 3 0 8 2268 252
ROW 2268 4 4 4 2268 449
ROW 2268 5 108 255 2268 10
ROW 2268 6 0 21 2268 0
ROW 2268 7 18 24 2268 91
ROW 2269 0 9 16 2269 133
ROW 2269 1 11 32 2269 59
ROW 2269 2 3 31 2269 0
ROW 2269 3 4 8 2269 252
ROW 2269 4 4 4 2269 450
ROW 2269 5 114 255 2269 10
ROW 2269 6 7 21 2269 0
ROW 2269 7 1 24 2269 91
ROW 2270 0 10 16 2270 133
ROW 2270 1 13 32 2270 59
ROW 2270 2 6 31 2270 0
ROW 2270 3 8 8 2270 253
ROW 2270 4 4 4 2270 451
ROW 2270 5 120 255 2270 10
ROW 2270 6 14 21 2270 0
ROW 2270 7 9 24 2270 91
ROW 2271 0 11 16 2271 133
ROW 2271 1 15 32 2271 59
ROW 2271 2 9 31 2271 0
ROW 2271 3 3 8 2271 253
ROW 2271 4 4 4 2271 452
ROW 2271 5 126 255 2271 10
ROW 2271 6 21 21 2271 0
ROW 2271 7 17 24 2271 91
ROW 2272 0 12 16 2272 133
ROW 2272 1 17 32 2272 59
ROW 2272 2 12 31 2272 0
ROW 2272 3 7 8 2272 253
ROW 2272 4 4 4 2272 453
ROW 2272 5 132 255 2272 10
ROW 2272 6 3 21 2272 0
ROW 2272 7 0 24 2272 91
ROW 2273 0 13 16 2273 133
ROW 2273 1 19 32 2273 59
ROW 2273 2 15 31 2273 0
ROW 2273 3 2 8 2273 253
ROW 2273 4 4 4 2273 454
ROW 2273 5 138 255 2273 10
ROW 2273 6 10 21 2273 0
ROW 2273 7 8 24 2273 91
ROW 2274 0 14 16 2274 133
ROW 2274 1 21 32 2274 59
ROW 2274 2 18 31 2274 0
ROW 2274 3 6 8 2274 253
ROW 2274 4 4 4 2274 455
ROW 2274 5 144 255 2274 10
ROW 2274 6 17 21 2274 0
ROW 2274 7 16 24 2274 91
ROW 2275 0 16 16 2275 134
ROW 2275 1 24 32 2275 59
ROW 2275 2 22 31 2275 0
ROW 2275 3 2 8 2275 253
ROW 2275 4 0 4 2275 455
ROW 2275 5 151 255 2275 10
ROW 2275 6 0 21 2275 0
ROW 2275 7 0 24 2275 91
ROW 2276 0 0 16 2276 134
ROW 2276 1 26 32 2276 59
ROW 2276 2 25 31 2276 0
ROW 2276 3 6 8 2276 253
ROW 2276 4 0 4 2276 455
ROW 2276 5 157 255 2276 10
ROW 2276 6 7 21 2276 0
ROW 2276 7 8 24 2276 91
ROW 2277 0 1 16 2277 134
ROW 2277 1 28 32 2277 59
ROW 2277 2 28 31 2277 0
ROW 2277 3 1 8 2277 253
ROW 2277 4 0 4 2277 455
ROW 2277 5 163 255 2277 10
ROW 2277 6 14 21 2277 0
ROW 2277 7 16 24 2277 91
ROW 2278 0 2 16 2278 134
ROW 2278 1 30 32 2278 59
ROW 2278 2 31 31 2278 0
ROW 2278 3 5 8 2278 253
ROW 2278 4 0 4 2278 455
ROW 2278 5 169 255 2278 10
ROW 2278 6 21 21 2278 0
ROW 2278 7 24 24 2278 92
ROW 2279 0 3 16 2279 134
ROW 2279 1 32 32 2279 60
ROW 2279 2 1 31 2279 0
ROW 2279 3 0 8 2279 253
ROW 2279 4 0 4 2279 455
ROW 2279 5 175 255 2279 10
ROW 2279 6 3 21 2279 0
ROW 2279 7 7 24 2279 92
ROW 2280 0 4 16 2280 134
ROW 2280 1 1 32 2280 60
ROW 2280 2 4 31 2280 0
ROW 2280 3 4 8 2280 253
ROW 2280 4 0 4 2280 455
ROW 2280 5 181 255 2280 10
ROW 2280 6 10 21 2280 0
ROW 2280 7 15 24 2280 92
ROW 2281 0 5 16 2281 134
ROW 2281 1 3 32 2281 60
ROW 2281 2 7 31 2281 0
ROW 2281 3 8 8 2281 254
ROW 2281 4 0 4 2281 455
ROW 2281 5 187 255 2281 10
ROW 2281 6 17 21 2281 0
ROW 2281 7 23 24 2281 92
ROW 2282 0 7 16 2282 134
ROW 2282 1 6 32 2282 60
ROW 2282 2 11 31 2282 0
ROW 2282 3 4 8 2282 254
ROW 2282 4 1 4 2282 455
ROW 2282 5 194 255 2282 10
ROW 2282 6 0 21 2282 0
ROW 2282 7 7 24 2282 92
ROW 2283 0 8 16 2283 134
ROW 2283 1 8 32 2283 60
ROW 2283 2 14 31 2283 0
ROW 2283 3 8 8 2283 255
ROW 2283 4 1 4 2283 455
ROW 2283 5 200 255 2283 10
ROW 2283 6 7 21 2283 0
ROW 2283 7 15 24 2283 92
ROW 2284 0 9 16 2284 134
ROW 2284 1 10 32 2284 60
ROW 2284 2 17 31 2284 0
ROW 2284 3 3 8 2284 255
ROW 2284 4 1 4 2284 455
ROW 2284 5 206 255 2284 10
ROW 2284 6 14 21 2284 0
ROW 2284 7 23 24 2284 92
ROW 2285 0 10 16 2285 134
ROW 2285 1 12 32 2285 60
ROW 2285 2 20 31 2285 0
ROW 2285 3 7 8 2285 255
ROW 2285 4 1 4 2285 455
ROW 2285 5 212 255 2285 10
ROW 2285 6 21 21 2285 0
ROW 2285 7 6 24 2285 92
ROW 2286 0 11 16 2286 134
ROW 2286 1 14 32 2286 60
ROW 2286 2 23 31 2286 0
ROW 2286 3 2 8 2286 255
ROW 2286 4 1 4 2286 455
ROW 2286 5 218 255 2286 10
ROW 2286 6 3 21 2286 0
ROW 2286 7 14 24 2286 92
ROW 2287 0 12 16 2287 134
ROW 2287 1 16 32 2287 60
ROW 2287 2 26 31 2287 0
ROW 2287 3 6 8 2287 255
ROW 2287 4 1 4 2287 455
ROW 2287 5 224 255 2287 10
ROW 2287 6 10 21 2287 0
ROW 2287 7 22 24 2287 92
ROW 2288 0 13 16 2288 134
ROW 2288 1 18 32 2288 60
ROW 2288 2 29 31 2288 0
ROW 2288 3 1 8 2288 255
ROW 2288 4 1 4 2288 455
ROW 2288 5 230 255 2288 10
ROW 2288 6 17 21 2288 0
ROW 2288 7 5 24 2288 92
ROW 2289 0 15 16 2289 134
ROW 2289 1 21 32 2289 60
ROW 2289 2 0 31 2289 0
ROW 2289 3 6 8 2289 255
ROW 2289 4 2 4 2289 455
ROW 2289 5 237 255 2289 10
ROW 2289 6 0 21 2289 0
ROW 2289 7 14 24 2289 92
ROW 2290 0 16 16 2290 135
ROW 2290 1 23 32 2290 60
ROW 2290 2 3 31 2290 0
ROW 2290 3 1 8 2290 255
ROW 2290 4 2 4 2290 455
ROW 2290 5 243 255 2290 10
ROW 2290 6 7 21 2290 0
ROW 2290 7 22 24 2290 92
ROW 2291 0 0 16 2291 135
ROW 2291 1 25 32 2291 60
ROW 2291 2 6 31 2291 0
ROW 2291 3 5 8 2291 255
ROW 2291 4 2 4 2291 455
ROW 2291 5 249 255 2291 10
ROW 2291 6 14 21 2291 0
ROW 2291 7 5 24 2291 92
ROW 2292 0 1 16 2292 135
ROW 2292 1 27 32 2292 60
ROW 2292 2 9 31 2292 0
ROW 2292 3 0 8 2292 255
ROW 2292 4 2 4 2292 455
ROW 2292 5 255 255 2292 11
ROW 2292 6 21 21 2292 0
ROW 2292 7 13 24 2292 92
ROW 2293 0 2 16 2293 135
ROW 2293 1 29 32 2293 60
ROW 2293 2 12 31 2293 0
ROW 2293 3 4 8 2293 255
ROW 2293 4 2 4 2293 455
ROW 2293 5 5 255 2293 11
ROW 2293 6 3 21 2293 0
ROW 2293 7 21 24 2293 92
ROW 2294 0 3 16 2294 135
ROW 2294 1 31 32 2294 60
ROW 2294 2 15 31 2294 0
ROW 2294 3 8 8 2294 256
ROW 2294 4 2 4 2294 455
ROW 2294 5 11 255 2294 11
ROW 2294 6 10 21 2294 0
ROW 2294 7 4 24 2294 92
ROW 2295 0 4 16 2295 135
ROW 2295 1 0 32 2295 60
ROW 2295 2 18 31 2295 0
ROW 2295 3 3 8 2295 256
ROW 2295 4 2 4 2295 455
ROW 2295 5 17 255 2295 11
ROW 2295 6 17 21 2295 0
ROW 2295 7 12 24 2295 92
ROW 2296 0 6 16 2296 135
ROW 2296 1 3 32 2296 60
ROW 2296 2 22 31 2296 0
ROW 2296 3 8 8 2296 257
ROW 2296 4 3 4 2296 455
ROW 2296 5 24 255 2296 11
ROW 2296 6 0 21 2296 0
ROW 2296 7 21 24 2296 92
ROW 2297 0 7 16 2297 135
ROW 2297 1 5 32 2297 60
ROW 2297 2 25 31 2297 0
ROW 2297 3 3 8 2297 257
ROW 2297 4 3 4 2297 455
ROW 2297 5 30 255 2297 11
ROW 2297 6 7 21 2297 0
ROW 2297 7 4 24 2297 92
ROW 2298 0 8 16 2298 135
ROW 2298 1 7 32 2298 60
ROW 2298 2 28 31 2298 0
ROW 2298 3 7 8 2298 257
ROW 2298 4 3 4 2298 455
ROW 2298 5 36 255 2298 11
ROW 2298 6 14 21 2298 0
ROW 2298 7 12 24 2298 92
ROW 2299 0 9 16 2299 135
ROW 2299 1 9 32 2299 60
ROW 2299 2 31 31 2299 0
ROW 2299 3 2 8 2299 257
ROW 2299 4 3 4 2299 455
ROW 2299 5 42 255 2299 11
ROW 2299 6 21 21 2299 0
ROW 2299 7 20 24 2299 92
ROW 2300 0 10 16 2300 135
ROW 2300 1 11 32 2300 60
ROW 2300 2 1 31 2300 0
ROW 2300 3 6 8 2300 257
ROW 2300 4 3 4 2300 455
ROW 2300 5 48 255 2300 11
ROW 2300 6 3 21 2300 0
ROW 2300 7 3 24 2300 92
ROW 2301 0 11 16 2301 135
ROW 2301 1 13 32 2301 60
ROW 2301 2 4 31 2301 0
ROW 2301 3 1 8 2301 257
ROW 2301 4 3 4 2301 455
ROW 2301 5 54 255 2301 11
ROW 2301 6 10 21 2301 0
ROW 2301 7 11 24 2301 92
ROW 2302 0 12 16 2302 135
ROW 2302 1 15 32 2302 60
ROW 2302 2 7 31 2302 0
ROW 2302 3 5 8 2302 257
ROW 2302 4 3 4 2302 455
ROW 2302 5 60 255 2302 11
ROW 2302 6 17 21 2302 0
ROW 2302 7 19 24 2302 92
ROW 2303 0 14 16 2303 135
ROW 2303 1 18 32 2303 60
ROW 2303 2 11 31 2303 0
ROW 2303 3 1 8 2303 257
ROW 2303 4 4 4 2303 456
ROW 2303 5 67 255 2303 11
ROW 2303 6 0 21 2303 0
ROW 2303 7 3 24 2303 92
ROW 2304 0 15 16 2304 135
ROW 2304 1 20 32 2304 60
ROW 2304 2 14 31 2304 0
ROW 2304 3 5 8 2304 257
ROW 2304 4 4 4 2304 457
ROW 2304 5 73 255 2304 11
ROW 2304 6 7 21 2304 0
ROW 2304 7 11 24 2304 92
ROW 2305 0 16 16 2305 136
ROW 2305 1 22 32 2305 60
ROW 2305 2 17 31 2305 0
ROW 2305 3 0 8 2305 257
ROW 2305 4 4 4 2305 458
ROW 2305 5 79 255 2305 11
ROW 2305 6 14 21 2305 0
ROW 2305 7 19 24 2305 92
ROW 2306 0 0 16 2306 136
ROW 2306 1 24 32 2306 60
ROW 2306 2 20 31 2306 0
ROW 2306 3 4 8 2306 257
ROW 2306 4 4 4 2306 459
ROW 2306 5 85 255 2306 11
ROW 2306 6 21 21 2306 0
ROW 2306 7 2 24 2306 92
ROW 2307 0 1 16 2307 136
ROW 2307 1 26 32 2307 60
ROW 2307 2 23 31 2307 0
ROW 2307 3 8 8 2307 258
ROW 2307 4 4 4 2307 460
ROW 2307 5 91 255 2307 11
ROW 2307 6 3 21 2307 0
ROW 2307 7 10 24 2307 92
ROW 2308 0 2 16 2308 136
ROW 2308 1 28 32 2308 60
ROW 2308 2 26 31 2308 0
ROW 2308 3 3 8 2308 258
ROW 2308 4 4 4 2308 461
ROW 2308 5 97 255 2308 11
ROW 2308 6 10 21 2308 0
ROW 2308 7 18 24 2308 92
ROW 2309 0 3 16 2309 136
ROW 2309 1 30 32 2309 60
ROW 2309 2 29 31 2309 0
ROW 2309 3 7 8 2309 258
ROW 2309 4 4 4 2309 462
ROW 2309 5 103 255 2309 11
ROW 2309 6 17 21 2309 0
ROW 2309 7 1 24 2309 92
ROW 2310 0 5 16 2310 136
ROW 2310 1 0 32 2310 60
ROW 2310 2 0 31 2310 0
ROW 2310 3 3 8 2310 258
ROW 2310 4 0 4 2310 462
ROW 2310 5 110 255 2310 11
ROW 2310 6 0 21 2310 0
ROW 2310 7 10 24 2310 92
ROW 2311 0 6 16 2311 136
ROW 2311 1 2 32 2311 60
ROW 2311 2 3 31 2311 0
ROW 2311 3 7 8 2311 258
ROW 2311 4 0 4 2311 462
ROW 2311 5 116 255 2311 11
ROW 2311 6 7 21 2311 0
ROW 2311 7 18 24 2311 92
ROW 2312 0 7 16 2312 136
ROW 2312 1 4 32 2312 60
ROW 2312 2 6 31 2312 0
ROW 2312 3 2 8 2312 258
ROW 2312 4 0 4 2312 462
ROW 2312 5 122 255 2312 11
ROW 2312 6 14 21 2312 0
ROW 2312 7 1 24 2312 92
ROW 2313 0 8 16 2313 136
ROW 2313 1 6 32 2313 60
ROW 2313 2 9 31 2313 0
ROW 2313 3 6 8 2313 258
ROW 2313 4 0 4 2313 462
ROW 2313 5 128 255 2313 11
ROW 2313 6 21 21 2313 0
ROW 2313 7 9 24 2313 92
ROW 2314 0 9 16 2314 136
ROW 2314 1 8 32 2314 60
ROW 2314 2 12 31 2314 0
ROW 2314 3 1 8 2314 258
ROW 2314 4 0 4 2314 462
ROW 2314 5 134 255 2314 11
ROW 2314 6 3 21 2314 0
ROW 2314 7 17 24 2314 92
ROW 2315 0 10 16 2315 136
ROW 2315 1 10 32 2315 60
ROW 2315 2 15 31 2315 0
ROW 2315 3 5 8 2315 258
ROW 2315 4 0 4 2315 462
ROW 2315 5 140 255 2315 11
ROW 2315 6 10 21 2315 0
ROW 2315 7 0 24 2315 92
ROW 2316 0 11 16 2316 136
ROW 2316 1 12 32 2316 60
ROW 2316 2 18 31 2316 0
ROW 2316 3 0 8 2316 258
ROW 2316 4 0 4 2316 462
ROW 2316 5 146 255 2316 11
ROW 2316 6 17 21 2316 0
ROW 2316 7 8 24 2316 92
ROW 2317 0 13 16 2317 136
ROW 2317 1 15 32 2317 60
ROW 2317 2 22 31 2317 0
ROW 2317 3 5 8 2317 258
ROW 2317 4 1 4 2317 462
ROW 2317 5 153 255 2317 11
ROW 2317 6 0 21 2317 0
ROW 2317 7 17 24 2317 92
ROW 2318 0 14 16 2318 136
ROW 2318 1 17 32 2318 60
ROW 2318 2 25 31 2318 0
ROW 2318 3 0 8 2318 258
ROW 2318 4 1 4 2318 462
ROW 2318 5 159 255 2318 11
ROW 2318 6 7 21 2318 0
ROW 2318 7 0 24 2318 92
ROW 2319 0 15 16 2319 136
ROW 2319 1 19 32 2319 60
ROW 2319 2 28 31 2319 0
ROW 2319 3 4 8 2319 258
ROW 2319 4 1 4 2319 462
ROW 2319 5 165 255 2319 11
ROW 2319 6 14 21 2319 0
ROW 2319 7 8 24 2319 92
ROW 2320 0 16 16 2320 137
ROW 2320 1 21 32 2320 60
ROW 2320 2 31 31 2320 0
ROW 2320 3 8 8 2320 259
ROW 2320 4 1 4 2320 462
ROW 2320 5 171 255 2320 11
ROW 2320 6 21 21 2320 0
ROW 2320 7 16 24 2320 92
ROW 2321 0 0 16 2321 137
ROW 2321 1 23 32 2321 60
ROW 2321 2 1 31 2321 0
ROW 2321 3 3 8 2321 259
ROW 2321 4 1 4 2321 462
ROW 2321 5 177 255 2321 11
ROW 2321 6 3 21 2321 0
ROW 2321 7 24 24 2321 93
ROW 2322 0 1 16 2322 137
ROW 2322 1 25 32 2322 60
ROW 2322 2 4 31 2322 0
ROW 2322 3 7 8 2322 259
ROW 2322 4 1 4 2322 462
ROW 2322 5 183 255 2322 11
ROW 2322 6 10 21 2322 0
ROW 2322 7 7 24 2322 93
ROW 2323 0 2 16 2323 137
ROW 2323 1 27 32 2323 60
ROW 2323 2 7 31 2323 0
ROW 2323 3 2 8 2323 259
ROW 2323 4 1 4 2323 462
ROW 2323 5 189 255 2323 11
ROW 2323 6 17 21 2323 0
ROW 2323 7 15 24 2323 93
ROW 2324 0 4 16 2324 137
ROW 2324 1 30 32 2324 60
ROW 2324 2 11 31 2324 0
ROW 2324 3 7 8 2324 259
ROW 2324 4 2 4 2324 462
ROW 2324 5 196 255 2324 11
ROW 2324 6 0 21 2324 0
ROW 2324 7 24 24 2324 94
ROW 2325 0 5 16 2325 137
ROW 2325 1 32 32 2325 61
ROW 2325 2 14 31 2325 0
ROW 2325 3 2 8 2325 259
ROW 2325 4 2 4 2325 462
ROW 2325 5 202 255 2325 11
ROW 2325 6 7 21 2325 0
ROW 2325 7 7 24 2325 94
ROW 2326 0 6 16 2326 137
ROW 2326 1 1 32 2326 61
ROW 2326 2 17 31 2326 0
ROW 2326 3 6 8 2326 259
ROW 2326 4 2 4 2326 462
ROW 2326 5 208 255 2326 11
ROW 2326 6 14 21 2326 0
ROW 2326 7 15 24 2326 94
ROW 2327 0 7 16 2327 137
ROW 2327 1 3 32 2327 61
ROW 2327 2 20 31 2327 0
ROW 2327 3 1 8 2327 259
ROW 2327 4 2 4 2327 462
ROW 2327 5 214 255 2327 11
ROW 2327 6 21 21 2327 0
ROW 2327 7 23 24 2327 94
ROW 2328 0 8 16 2328 137
ROW 2328 1 5 32 2328 61
ROW 2328 2 23 31 2328 0
ROW 2328 3 5 8 2328 259
ROW 2328 4 2 4 2328 462
ROW 2328 5 220 255 2328 11
ROW 2328 6 3 21 2328 0
ROW 2328 7 6 24 2328 94
ROW 2329 0 9 16 2329 137
ROW 2329 1 7 32 2329 61
ROW 2329 2 26 31 2329 0
ROW 2329 3 0 8 2329 259
ROW 2329 4 2 4 2329 462
ROW 2329 5 226 255 2329 11
ROW 2329 6 10 21 2329 0
ROW 2329 7 14 24 2329 94
ROW 2330 0 10 16 2330 137
ROW 2330 1 9 32 2330 61
ROW 2330 2 29 31 2330 0
ROW 2330 3 4 8 2330 259
ROW 2330 4 2 4 2330 462
ROW 2330 5 232 255 2330 11
ROW 2330 6 17 21 2330 0
ROW 2330 7 22 24 2330 94
ROW 2331 0 12 16 2331 137
ROW 2331 1 12 32 2331 61
ROW 2331 2 0 31 2331 0
ROW 2331 3 0 8 2331 259
ROW 2331 4 3 4 2331 462
ROW 2331 5 239 255 2331 11
ROW 2331 6 0 21 2331 0
ROW 2331 7 6 24 2331 94
ROW 2332 0 13 16 2332 137
ROW 2332 1 14 32 2332 61
ROW 2332 2 3 31 2332 0
ROW 2332 3 4 8 2332 259
ROW 2332 4 3 4 2332 462
ROW 2332 5 245 255 2332 11
ROW 2332 6 7 21 2332 0
ROW 2332 7 14 24 2332 94
ROW 2333 0 14 16 2333 137
ROW 2333 1 16 32 2333 61
ROW 2333 2 6 31 2333 0
ROW 2333 3 8 8 2333 260
ROW 2333 4 3 4 2333 462
ROW 2333 5 251 255 2333 11
ROW 2333 6 14 21 2333 0
ROW 2333 7 22 24 2333 94
ROW 2334 0 15 16 2334 137
ROW 2334 1 18 32 2334 61
ROW 2334 2 9 31 2334 0
ROW 2334 3 3 8 2334 260
ROW 2334 4 3 4 2334 462
ROW 2334 5 1 255 2334 11
ROW 2334 6 21 21 2334 0
ROW 2334 7 5 24 2334 94
ROW 2335 0 16 16 2335 138
ROW 2335 1 20 32 2335 61
ROW 2335 2 12 31 2335 0
ROW 2335 3 7 8 2335 260
ROW 2335 4 3 4 2335 462
ROW 2335 5 7 255 2335 11
ROW 2335 6 3 21 2335 0
ROW 2335 7 13 24 2335 94
ROW 2336 0 0 16 2336 138
ROW 2336 1 22 32 2336 61
ROW 2336 2 15 31 2336 0
ROW 2336 3 2 8 2336 260
ROW 2336 4 3 4 2336 462
ROW 2336 5 13 255 2336 11
ROW 2336 6 10 21 2336 0
ROW 2336 7 21 24 2336 94
ROW 2337 0 1 16 2337 138
ROW 2337 1 24 32 2337 61
ROW 2337 2 18 31 2337 0
ROW 2337 3 6 8 2337 260
ROW 2337 4 3 4 2337 462
ROW 2337 5 19 255 2337 11
ROW 2337 6 17 21 2337 0
ROW 2337 7 4 24 2337 94
ROW 2338 0 3 16 2338 138
ROW 2338 1 27 32 2338 61
ROW 2338 2 22 31 2338 0
ROW 2338 3 2 8 2338 260
ROW 2338 4 4 4 2338 463
ROW 2338 5 26 255 2338 11
ROW 2338 6 0 21 2338 0
ROW 2338 7 13 24 2338 94
ROW 2339 0 4 16 2339 138
ROW 2339 1 29 32 2339 61
ROW 2339 2 25 31 2339 0
ROW 2339 3 6 8 2339 260
ROW 2339 4 4 4 2339 464
ROW 2339 5 32 255 2339 11
ROW 2339 6 7 21 2339 0
ROW 2339 7 21 24 2339 94
ROW 2340 0 5 16 2340 138
ROW 2340 1 31 32 2340 61
ROW 2340 2 28 31 2340 0
ROW 2340 3 1 8 2340 260
ROW 2340 4 4 4 2340 465
ROW 2340 5 38 255 2340 11
ROW 2340 6 14 21 2340 0
ROW 2340 7 4 24 2340 94
ROW 2341 0 6 16 2341 138
ROW 2341 1 0 32 2341 61
ROW 2341 2 31 31 2341 0
ROW 2341 3 5 8 2341 260
ROW 2341 4 4 4 2341 466
ROW 2341 5 44 255 2341 11
ROW 2341 6 21 21 2341 0
ROW 2341 7 12 24 2341 94
ROW 2342 0 7 16 2342 138
ROW 2342 1 2 32 2342 61
ROW 2342 2 1 31 2342 0
ROW 2342 3 0 8 2342 260
ROW 2342 4 4 4 2342 467
ROW 2342 5 50 255 2342 11
ROW 2342 6 3 21 2342 0
ROW 2342 7 20 24 2342 94
ROW 2343 0 8 16 2343 138
ROW 2343 1 4 32 2343 61
ROW 2343 2 4 31 2343 0
ROW 2343 3 4 8 2343 260
ROW 2343 4 4 4 2343 468
ROW 2343 5 56 255 2343 11
ROW 2343 6 10 21 2343 0
ROW 2343 7 3 24 2343 94
ROW 2344 0 9 16 2344 138
ROW 2344 1 6 32 2344 61
ROW 2344 2 7 31 2344 0
ROW 2344 3 8 8 2344 261
ROW 2344 4 4 4 2344 469
ROW 2344 5 62 255 2344 11
ROW 2344 6 17 21 2344 0
ROW 2344 7 11 24 2344 94
ROW 2345 0 11 16 2345 138
ROW 2345 1 9 32 2345 61
ROW 2345 2 11 31 2345 0
ROW 2345 3 4 8 2345 261
ROW 2345 4 0 4 2345 469
ROW 2345 5 69 255 2345 11
ROW 2345 6 0 21 2345 0
ROW 2345 7 20 24 2345 94
ROW 2346 0 12 16 2346 138
ROW 2346 1 11 32 2346 61
ROW 2346 2 14 31 2346 0
ROW 2346 3 8 8 2346 262
ROW 2346 4 0 4 2346 469
ROW 2346 5 75 255 2346 11
ROW 2346 6 7 21 2346 0
ROW 2346 7 3 24 2346 94
ROW 2347 0 13 16 2347 138
ROW 2347 1 13 32 2347 61
ROW 2347 2 17 31 2347 0
ROW 2347 3 3 8 2347 262
ROW 2347 4 0 4 2347 469
ROW 2347 5 81 255 2347 11
ROW 2347 6 14 21 2347 0
ROW 2347 7 11 24 2347 94
ROW 2348 0 14 16 2348 138
ROW 2348 1 15 32 2348 61
ROW 2348 2 20 31 2348 0
ROW 2348 3 7 8 2348 262
ROW 2348 4 0 4 2348 469
ROW 2348 5 87 255 2348 11
ROW 2348 6 21 21 2348 0
ROW 2348 7 19 24 2348 94
ROW 2349 0 15 16 2349 138
ROW 2349 1 17 32 2349 61
ROW 2349 2 23 31 2349 0
ROW 2349 3 2 8 2349 262
ROW 2349 4 0 4 2349 469
ROW 2349 5 93 255 2349 11
ROW 2349 6 3 21 2349 0
ROW 2349 7 2 24 2349 94
ROW 2350 0 16 16 2350 139
ROW 2350 1 19 32 2350 61
ROW 2350 2 26 31 2350 0
ROW 2350 3 6 8 2350 262
ROW 2350 4 0 4 2350 469
ROW 2350 5 99 255 2350 11
ROW 2350 6 10 21 2350 0
ROW 2350 7 10 24 2350 94
ROW 2351 0 0 16 2351 139
ROW 2351 1 21 32 2351 61
ROW 2351 2 29 31 2351 0
ROW 2351 3 1 8 2351 262
ROW 2351 4 0 4 2351 469
ROW 2351 5 105 255 2351 11
ROW 2351 6 17 21 2351 0
ROW 2351 7 18 24 2351 94
ROW 2352 0 2 16 2352 139
ROW 2352 1 24 32 2352 61
ROW 2352 2 0 31 2352 0
ROW 2352 3 6 8 2352 262
ROW 2352 4 1 4 2352 469
ROW 2352 5 112 255 2352 11
ROW 2352 6 0 21 2352 0
ROW 2352 7 2 24 2352 94
ROW 2353 0 3 16 2353 139
ROW 2353 1 26 32 2353 61
ROW 2353 2 3 31 2353 0
ROW 2353 3 1 8 2353 262
ROW 2353 4 1 4 2353 469
ROW 2353 5 118 255 2353 11
ROW 2353 6 7 21 2353 0
ROW 2353 7 10 24 2353 94
ROW 2354 0 4 16 2354 139
ROW 2354 1 28 32 2354 61
ROW 2354 2 6 31 2354 0
ROW 2354 3 5 8 2354 262
ROW 2354 4 1 4 2354 469
ROW 2354 5 124 255 2354 11
ROW 2354 6 14 21 2354 0
ROW 2354 7 18 24 2354 94
ROW 2355 0 5 16 2355 139
ROW 2355 1 30 32 2355 61
ROW 2355 2 9 31 2355 0
ROW 2355 3 0 8 2355 262
ROW 2355 4 1 4 2355 469
ROW 2355 5 130 255 2355 11
ROW 2355 6 21 21 2355 0
ROW 2355 7 1 24 2355 94
ROW 2356 0 6 16 2356 139
ROW 2356 1 32 32 2356 62
ROW 2356 2 12 31 2356 0
ROW 2356 3 4 8 2356 262
ROW 2356 4 1 4 2356 469
ROW 2356 5 136 255 2356 11
ROW 2356 6 3 21 2356 0
ROW 2356 7 9 24 2356 94
ROW 2357 0 7 16 2357 139
ROW 2357 1 1 32 2357 62
ROW 2357 2 15 31 2357 0
ROW 2357 3 8 8 2357 263
ROW 2357 4 1 4 2357 469
ROW 2357 5 142 255 2357 11
ROW 2357 6 10 21 2357 0
ROW 2357 7 17 24 2357 94
ROW 2358 0 8 16 2358 139
ROW 2358 1 3 32 2358 62
ROW 2358 2 18 31 2358 0
ROW 2358 3 3 8 2358 263
ROW 2358 4 1 4 2358 469
ROW 2358 5 148 255 2358 11
ROW 2358 6 17 21 2358 0
ROW 2358 7 0 24 2358 94
ROW 2359 0 10 16 2359 139
ROW 2359 1 6 32 2359 62
ROW 2359 2 22 31 2359 0
ROW 2359 3 8 8 2359 264
ROW 2359 4 2 4 2359 469
ROW 2359 5 155 255 2359 11
ROW 2359 6 0 21 2359 0
ROW 2359 7 9 24 2359 94
ROW 2360 0 11 16 2360 139
ROW 2360 1 8 32 2360 62
ROW 2360 2 25 31 2360 0
ROW 2360 3 3 8 2360 264
ROW 2360 4 2 4 2360 469
ROW 2360 5 161 255 2360 11
ROW 2360 6 7 21 2360 0
ROW 2360 7 17 24 2360 94
ROW 2361 0 12 16 2361 139
ROW 2361 1 10 32 2361 62
ROW 2361 2 28 31 2361 0
ROW 2361 3 7 8 2361 264
ROW 2361 4 2 4 2361 469
ROW 2361 5 167 255 2361 11
ROW 2361 6 14 21 2361 0
ROW 2361 7 0 24 2361 94
ROW 2362 0 13 16 2362 139
ROW 2362 1 12 32 2362 62
ROW 2362 2 31 31 2362 0
ROW 2362 3 2 8 2362 264
ROW 2362 4 2 4 2362 469
ROW 2362 5 173 255 2362 11
ROW 2362 6 21 21 2362 0
ROW 2362 7 8 24 2362 94
ROW 2363 0 14 16 2363 139
ROW 2363 1 14 32 2363 62
ROW 2363 2 1 31 2363 0
ROW 2363 3 6 8 2363 264
ROW 2363 4 2 4 2363 469
ROW 2363 5 179 255 2363 11
ROW 2363 6 3 21 2363 0
ROW 2363 7 16 24 2363 94
ROW 2364 0 15 16 2364 139
ROW 2364 1 16 32 2364 62
ROW 2364 2 4 31 2364 0
ROW 2364 3 1 8 2364 264
ROW 2364 4 2 4 2364 469
ROW 2364 5 185 255 2364 11
ROW 2364 6 10 21 2364 0
ROW 2364 7 24 24 2364 95
ROW 2365 0 16 16 2365 140
ROW 2365 1 18 32 2365 62
ROW 2365 2 7 31 2365 0
ROW 2365 3 5 8 2365 264
ROW 2365 4 2 4 2365 469
ROW 2365 5 191 255 2365 11
ROW 2365 6 17 21 2365 0
ROW 2365 7 7 24 2365 95
ROW 2366 0 1 16 2366 140
ROW 2366 1 21 32 2366 62
ROW 2366 2 11 31 2366 0
ROW 2366 3 1 8 2366 264
ROW 2366 4 3 4 2366 469
ROW 2366 5 198 255 2366 11
ROW 2366 6 0 21 2366 0
ROW 2366 7 16 24 2366 95
ROW 2367 0 2 16 2367 140
ROW 2367 1 23 32 2367 62
ROW 2367 2 14 31 2367 0
ROW 2367 3 5 8 2367 264
ROW 2367 4 3 4 2367 469
ROW 2367 5 204 255 2367 11
ROW 2367 6 7 21 2367 0
ROW 2367 7 24 24 2367 96
ROW 2368 0 3 16 2368 140
ROW 2368 1 25 32 2368 62
ROW 2368 2 17 31 2368 0
ROW 2368 3 0 8 2368 264
ROW 2368 4 3 4 2368 469
ROW 2368 5 210 255 2368 11
ROW 2368 6 14 21 2368 0
ROW 2368 7 7 24 2368 96
ROW 2369 0 4 16 2369 140
ROW 2369 1 27 32 2369 62
ROW 2369 2 20 31 2369 0
ROW 2369 3 4 8 2369 264
ROW 2369 4 3 4 2369 469
ROW 2369 5 216 255 2369 11
ROW 2369 6 21 21 2369 0
ROW 2369 7 15 24 2369 96
ROW 2370 0 5 16 2370 140
ROW 2370 1 29 32 2370 62
ROW 2370 2 23 31 2370 0
ROW 2370 3 8 8 2370 265
ROW 2370 4 3 4 2370 469
ROW 2370 5 222 255 2370 11
ROW 2370 6 3 21 2370 0
ROW 2370 7 23 24 2370 96
ROW 2371 0 6 16 2371 140
ROW 2371 1 31 32 2371 62
ROW 2371 2 26 31 2371 0
ROW 2371 3 3 8 2371 265
ROW 2371 4 3 4 2371 469
ROW 2371 5 228 255 2371 11
ROW 2371 6 10 21 2371 0
ROW 2371 7 6 24 2371 96
ROW 2372 0 7 16 2372 140
ROW 2372 1 0 32 2372 62
ROW 2372 2 29 31 2372 0
ROW 2372 3 7 8 2372 265
ROW 2372 4 3 4 2372 469
ROW 2372 5 234 255 2372 11
ROW 2372 6 17 21 2372 0
ROW 2372 7 14 24 2372 96
ROW 2373 0 9 16 2373 140
ROW 2373 1 3 32 2373 62
ROW 2373 2 0 31 2373 0
ROW 2373 3 3 8 2373 265
ROW 2373 4 4 4 2373 470
ROW 2373 5 241 255 2373 11
ROW 2373 6 0 21 2373 0
ROW 2373 7 23 24 2373 96
ROW 2374 0 10 16 2374 140
ROW 2374 1 5 32 2374 62
ROW 2374 2 3 31 2374 0
ROW 2374 3 7 8 2374 265
ROW 2374 4 4 4 2374 471
ROW 2374 5 247 255 2374 11
ROW 2374 6 7 21 2374 0
ROW 2374 7 6 24 2374 96
ROW 2375 0 11 16 2375 140
ROW 2375 1 7 32 2375 62
ROW 2375 2 6 31 2375 0
ROW 2375 3 2 8 2375 265
ROW 2375 4 4 4 2375 472
ROW 2375 5 253 255 2375 11
ROW 2375 6 14 21 2375 0
ROW 2375 7 14 24 2375 96
ROW 2376 0 12 16 2376 140
ROW 2376 1 9 32 2376 62
ROW 2376 2 9 31 2376 0
ROW 2376 3 6 8 2376 265
ROW 2376 4 4 4 2376 473
ROW 2376 5 3 255 2376 11
ROW 2376 6 21 21 2376 0
ROW 2376 7 22 24 2376 96
ROW 2377 0 13 16 2377 140
ROW 2377 1 11 32 2377 62
ROW 2377 2 12 31 2377 0
ROW 2377 3 1 8 2377 265
ROW 2377 4 4 4 2377 474
ROW 2377 5 9 255 2377 11
ROW 2377 6 3 21 2377 0
ROW 2377 7 5 24 2377 96
ROW 2378 0 14 16 2378 140
ROW 2378 1 13 32 2378 62
ROW 2378 2 15 31 2378 0
ROW 2378 3 5 8 2378 265
ROW 2378 4 4 4 2378 475
ROW 2378 5 15 255 2378 11
ROW 2378 6 10 21 2378 0
ROW 2378 7 13 24 2378 96
ROW 2379 0 15 16 2379 140
ROW 2379 1 15 32 2379 62
ROW 2379 2 18 31 2379 0
ROW 2379 3 0 8 2379 265
ROW 2379 4 4 4 2379 476
ROW 2379 5 21 255 2379 11
ROW 2379 6 17 21 2379 0
ROW 2379 7 21 24 2379 96
ROW 2380 0 0 16 2380 140
ROW 2380 1 18 32 2380 62
ROW 2380 2 22 31 2380 0
ROW 2380 3 5 8 2380 265
ROW 2380 4 0 4 2380 476
ROW 2380 5 28 255 2380 11
ROW 2380 6 0 21 2380 0
ROW 2380 7 5 24 2380 96
ROW 2381 0 1 16 2381 140
ROW 2381 1 20 32 2381 62
ROW 2381 2 25 31 2381 0
ROW 2381 3 0 8 2381 265
ROW 2381 4 0 4 2381 476
ROW 2381 5 34 255 2381 11
ROW 2381 6 7 21 2381 0
ROW 2381 7 13 24 2381 96
ROW 2382 0 2 16 2382 140
ROW 2382 1 22 32 2382 62
ROW 2382 2 28 31 2382 0
ROW 2382 3 4 8 2382 265
ROW 2382 4 0 4 2382 476
ROW 2382 5 40 255 2382 11
ROW 2382 6 14 21 2382 0
ROW 2382 7 21 24 2382 96
ROW 2383 0 3 16 2383 140
ROW 2383 1 24 32 2383 62
ROW 2383 2 31 31 2383 0
ROW 2383 3 8 8 2383 266
ROW 2383 4 0 4 2383 476
ROW 2383 5 46 255 2383 11
ROW 2383 6 21 21 2383 0
ROW 2383 7 4 24 2383 96
ROW 2384 0 4 16 2384 140
ROW 2384 1 26 32 2384 62
ROW 2384 2 1 31 2384 0
ROW 2384 3 3 8 2384 266
ROW 2384 4 0 4 2384 476
ROW 2384 5 52 255 2384 11
ROW 2384 6 3 21 2384 0
ROW 2384 7 12 24 2384 96
ROW 2385 0 5 16 2385 140
ROW 2385 1 28 32 2385 62
ROW 2385 2 4 31 2385 0
ROW 2385 3 7 8 2385 266
ROW 2385 4 0 4 2385 476
ROW 2385 5 58 255 2385 11
ROW 2385 6 10 21 2385 0
ROW 2385 7 20 24 2385 96
ROW 2386 0 6 16 2386 140
ROW 2386 1 30 32 2386 62
ROW 2386 2 7 31 2386 0
ROW 2386 3 2 8 2386 266
ROW 2386 4 0 4 2386 476
ROW 2386 5 64 255 2386 11
ROW 2386 6 17 21 2386 0
ROW 2386 7 3 24 2386 96
ROW 2387 0 8 16 2387 140
ROW 2387 1 0 32 2387 62
ROW 2387 2 11 31 2387 0
ROW 2387 3 7 8 2387 266
ROW 2387 4 1 4 2387 476
ROW 2387 5 71 255 2387 11
ROW 2387 6 0 21 2387 0
ROW 2387 7 12 24 2387 96
ROW 2388 0 9 16 2388 140
ROW 2388 1 2 32 2388 62
ROW 2388 2 14 31 2388 0
ROW 2388 3 2 8 2388 266
ROW 2388 4 1 4 2388 476
ROW 2388 5 77 255 2388 11
ROW 2388 6 7 21 2388 0
ROW 2388 7 20 24 2388 96
ROW 2389 0 10 16 2389 140
ROW 2389 1 4 32 2389 62
ROW 2389 2 17 31 2389 0
ROW 2389 3 6 8 2389 266
ROW 2389 4 1 4 2389 476
ROW 2389 5 83 255 2389 11
ROW 2389 6 14 21 2389 0
ROW 2389 7 3 24 2389 96
ROW 2390 0 11 16 2390 140
ROW 2390 1 6 32 2390 62
ROW 2390 2 20 31 2390 0
ROW 2390 3 1 8 2390 266
ROW 2390 4 1 4 2390 476
ROW 2390 5 89 255 2390 11
ROW 2390 6 21 21 2390 0
ROW 2390 7 11 24 2390 96
ROW 2391 0 12 16 2391 140
ROW 2391 1 8 32 2391 62
ROW 2391 2 23 31 2391 0
ROW 2391 3 5 8 2391 266
ROW 2391 4 1 4 2391 476
ROW 2391 5 95 255 2391 11
ROW 2391 6 3 21 2391 0
ROW 2391 7 19 24 2391 96
ROW 2392 0 13 16 2392 140
ROW 2392 1 10 32 2392 62
ROW 2392 2 26 31 2392 0
ROW 2392 3 0 8 2392 266
ROW 2392 4 1 4 2392 476
ROW 2392 5 101 255 2392 11
ROW 2392 6 10 21 2392 0
ROW 2392 7 2 24 2392 96
ROW 2393 0 14 16 2393 140
ROW 2393 1 12 32 2393 62
ROW 2393 2 29 31 2393 0
ROW 2393 3 4 8 2393 266
ROW 2393 4 1 4 2393 476
ROW 2393 5 107 255 2393 11
ROW 2393 6 17 21 2393 0
ROW 2393 7 10 24 2393 96
ROW 2394 0 16 16 2394 141
ROW 2394 1 15 32 2394 62
ROW 2394 2 0 31 2394 0
ROW 2394 3 0 8 2394 266
ROW 2394 4 2 4 2394 476
ROW 2394 5 114 255 2394 11
ROW 2394 6 0 21 2394 0
ROW 2394 7 19 24 2394 96
ROW 2395 0 0 16 2395 141
ROW 2395 1 17 32 2395 62
ROW 2395 2 3 31 2395 0
ROW 2395 3 4 8 2395 266
ROW 2395 4 2 4 2395 476
ROW 2395 5 120 255 2395 11
ROW 2395 6 7 21 2395 0
ROW 2395 7 2 24 2395 96
ROW 2396 0 1 16 2396 141
ROW 2396 1 19 32 2396 62
ROW 2396 2 6 31 2396 0
ROW 2396 3 8 8 2396 267
ROW 2396 4 2 4 2396 476
ROW 2396 5 126 255 2396 11
ROW 2396 6 14 21 2396 0
ROW 2396 7 10 24 2396 96
ROW 2397 0 2 16 2397 141
ROW 2397 1 21 32 2397 62
ROW 2397 2 9 31 2397 0
ROW 2397 3 3 8 2397 267
ROW 2397 4 2 4 2397 476
ROW 2397 5 132 255 2397 11
ROW 2397 6 21 21 2397 0
ROW 2397 7 18 24 2397 96
ROW 2398 0 3 16 2398 141
ROW 2398 1 23 32 2398 62
ROW 2398 2 12 31 2398 0
ROW 2398 3 7 8 2398 267
ROW 2398 4 2 4 2398 476
ROW 2398 5 138 255 2398 11
ROW 2398 6 3 21 2398 0
ROW 2398 7 1 24 2398 96
ROW 2399 0 4 16 2399 141
ROW 2399 1 25 32 2399 62
ROW 2399 2 15 31 2399 0
ROW 2399 3 2 8 2399 267
ROW 2399 4 2 4 2399 476
ROW 2399 5 144 255 2399 11
ROW 2399 6 10 21 2399 0
ROW 2399 7 9 24 2399 96
ROW 2400 0 5 16 2400 141
ROW 2400 1 27 32 2400 62
ROW 2400 2 18 31 2400 0
ROW 2400 3 6 8 2400 267
ROW 2400 4 2 4 2400 476
ROW 2400 5 150 255 2400 11
ROW 2400 6 17 21 2400 0
ROW 2400 7 17 24 2400 96
ROW 2401 0 7 16 2401 141
ROW 2401 1 30 32 2401 62
ROW 2401 2 22 31 2401 0
ROW 2401 3 2 8 2401 267
ROW 2401 4 3 4 2401 476
ROW 2401 5 157 255 2401 11
ROW 2401 6 0 21 2401 0
ROW 2401 7 1 24 2401 96
ROW 2402 0 8 16 2402 141
ROW 2402 1 32 32 2402 63
ROW 2402 2 25 31 2402 0
ROW 2402 3 6 8 2402 267
ROW 2402 4 3 4 2402 476
ROW 2402 5 163 255 2402 11
ROW 2402 6 7 21 2402 0
ROW 2402 7 9 24 2402 96
ROW 2403 0 9 16 2403 141
ROW 2403 1 1 32 2403 63
ROW 2403 2 28 31 2403 0
ROW 2403 3 1 8 2403 267
ROW 2403 4 3 4 2403 476
ROW 2403 5 169 255 2403 11
ROW 2403 6 14 21 2403 0
ROW 2403 7 17 24 2403 96
ROW 2404 0 10 16 2404 141
ROW 2404 1 3 32 2404 63
ROW 2404 2 31 31 2404 0
ROW 2404 3 5 8 2404 267
ROW 2404 4 3 4 2404 476
ROW 2404 5 175 255 2404 11
ROW 2404 6 21 21 2404 0
ROW 2404 7 0 24 2404 96
ROW 2405 0 11 16 2405 141
ROW 2405 1 5 32 2405 63
ROW 2405 2 1 31 2405 0
ROW 2405 3 0 8 2405 267
ROW 2405 4 3 4 2405 476
ROW 2405 5 181 255 2405 11
ROW 2405 6 3 21 2405 0
ROW 2405 7 8 24 2405 96
ROW 2406 0 12 16 2406 141
ROW 2406 1 7 32 2406 63
ROW 2406 2 4 31 2406 0
ROW 2406 3 4 8 2406 267
ROW 2406 4 3 4 2406 476
ROW 2406 5 187 255 2406 11
ROW 2406 6 10 21 2406 0
ROW 2406 7 16 24 2406 96
ROW 2407 0 13 16 2407 141
ROW 2407 1 9 32 2407 63
ROW 2407 2 7 31 2407 0
ROW 2407 3 8 8 2407 268
ROW 2407 4 3 4 2407 476
ROW 2407 5 193 255 2407 11
ROW 2407 6 17 21 2407 0
ROW 2407 7 24 24 2407 97
ROW 2408 0 15 16 2408 141
ROW 2408 1 12 32 2408 63
ROW 2408 2 11 31 2408 0
ROW 2408 3 4 8 2408 268
ROW 2408 4 4 4 2408 477
ROW 2408 5 200 255 2408 11
ROW 2408 6 0 21 2408 0
ROW 2408 7 8 24 2408 97
ROW 2409 0 16 16 2409 142
ROW 2409 1 14 32 2409 63
ROW 2409 2 14 31 2409 0
ROW 2409 3 8 8 2409 269
ROW 2409 4 4 4 2409 478
ROW 2409 5 206 255 2409 11
ROW 2409 6 7 21 2409 0
ROW 2409 7 16 24 2409 97
ROW 2410 0 0 16 2410 142
ROW 2410 1 16 32 2410 63
ROW 2410 2 17 31 2410 0
ROW 2410 3 3 8 2410 269
ROW 2410 4 4 4 2410 479
ROW 2410 5 212 255 2410 11
ROW 2410 6 14 21 2410 0
ROW 2410 7 24 24 2410 98
ROW 2411 0 1 16 2411 142
ROW 2411 1 18 32 2411 63
ROW 2411 2 20 31 2411 0
ROW 2411 3 7 8 2411 269
ROW 2411 4 4 4 2411 480
ROW 2411 5 218 255 2411 11
ROW 2411 6 21 21 2411 0
ROW 2411 7 7 24 2411 98
ROW 2412 0 2 16 2412 142
ROW 2412 1 20 32 2412 63
ROW 2412 2 23 31 2412 0
ROW 2412 3 2 8 2412 269
ROW 2412 4 4 4 2412 481
ROW 2412 5 224 255 2412 11
ROW 2412 6 3 21 2412 0
ROW 2412 7 15 24 2412 98
ROW 2413 0 3 16 2413 142
ROW 2413 1 22 32 2413 63
ROW 2413 2 26 31 2413 0
ROW 2413 3 6 8 2413 269
ROW 2413 4 4 4 2413 482
ROW 2413 5 230 255 2413 11
ROW 2413 6 10 21 2413 0
ROW 2413 7 23 24 2413 98
ROW 2414 0 4 16 2414 142
ROW 2414 1 24 32 2414 63
ROW 2414 2 29 31 2414 0
ROW 2414 3 1 8 2414 269
ROW 2414 4 4 4 2414 483
ROW 2414 5 236 255 2414 11
ROW 2414 6 17 21 2414 0
ROW 2414 7 6 24 2414 98
ROW 2415 0 6 16 2415 142
ROW 2415 1 27 32 2415 63
ROW 2415 2 0 31 2415 0
ROW 2415 3 6 8 2415 269
ROW 2415 4 0 4 2415 483
ROW 2415 5 243 255 2415 11
ROW 2415 6 0 21 2415 0
ROW 2415 7 15 24 2415 98
ROW 2416 0 7 16 2416 142
ROW 2416 1 29 32 2416 63
ROW 2416 2 3 31 2416 0
ROW 2416 3 1 8 2416 269
ROW 2416 4 0 4 2416 483
ROW 2416 5 249 255 2416 11
ROW 2416 6 7 21 2416 0
ROW 2416 7 23 24 2416 98
ROW 2417 0 8 16 2417 142
ROW 2417 1 31 32 2417 63
ROW 2417 2 6 31 2417 0
ROW 2417 3 5 8 2417 269
ROW 2417 4 0 4 2417 483
ROW 2417 5 255 255 2417 12
ROW 2417 6 14 21 2417 0
ROW 2417 7 6 24 2417 98
ROW 2418 0 9 16 2418 142
ROW 2418 1 0 32 2418 63
ROW 2418 2 9 31 2418 0
ROW 2418 3 0 8 2418 269
ROW 2418 4 0 4 2418 483
ROW 2418 5 5 255 2418 12
ROW 2418 6 21 21 2418 0
ROW 2418 7 14 24 2418 98
ROW 2419 0 10 16 2419 142
ROW 2419 1 2 32 2419 63
ROW 2419 2 12 31 2419 0
ROW 2419 3 4 8 2419 269
ROW 2419 4 0 4 2419 483
ROW 2419 5 11 255 2419 12
ROW 2419 6 3 21 2419 0
ROW 2419 7 22 24 2419 98
ROW 2420 0 11 16 2420 142
ROW 2420 1 4 32 2420 63
ROW 2420 2 15 31 2420 0
ROW 2420 3 8 8 2420 270
ROW 2420 4 0 4 2420 483
ROW 2420 5 17 255 2420 12
ROW 2420 6 10 21 2420 0
ROW 2420 7 5 24 2420 98
ROW 2421 0 12 16 2421 142
ROW 2421 1 6 32 2421 63
ROW 2421 2 18 31 2421 0
ROW 2421 3 3 8 2421 270
ROW 2421 4 0 4 2421 483
ROW 2421 5 23 255 2421 12
ROW 2421 6 17 21 2421 0
ROW 2421 7 13 24 2421 98
ROW 2422 0 14 16 2422 142
ROW 2422 1 9 32 2422 63
ROW 2422 2 22 31 2422 0
ROW 2422 3 8 8 2422 271
ROW 2422 4 1 4 2422 483
ROW 2422 5 30 255 2422 12
ROW 2422 6 0 21 2422 0
ROW 2422 7 22 24 2422 98
ROW 2423 0 15 16 2423 142
ROW 2423 1 11 32 2423 63
ROW 2423 2 25 31 2423 0
ROW 2423 3 3 8 2423 271
ROW 2423 4 1 4 2423 483
ROW 2423 5 36 255 2423 12
ROW 2423 6 7 21 2423 0
ROW 2423 7 5 24 2423 98
ROW 2424 0 16 16 2424 143
ROW 2424 1 13 32 2424 63
ROW 2424 2 28 31 2424 0
ROW 2424 3 7 8 2424 271
ROW 2424 4 1 4 2424 483
ROW 2424 5 42 255 2424 12
ROW 2424 6 14 21 2424 0
ROW 2424 7 13 24 2424 98
ROW 2425 0 0 16 2425 143
ROW 2425 1 15 32 2425 63
ROW 2425 2 31 31 2425 0
ROW 2425 3 2 8 2425 271
ROW 2425 4 1 4 2425 483
ROW 2425 5 48 255 2425 12
ROW 2425 6 21 21 2425 0
ROW 2425 7 21 24 2425 98
ROW 2426 0 1 16 2426 143
ROW 2426 1 17 32 2426 63
ROW 2426 2 1 31 2426 0
ROW 2426 3 6 8 2426 271
ROW 2426 4 1 4 2426 483
ROW 2426 5 54 255 2426 12
ROW 2426 6 3 21 2426 0
ROW 2426 7 4 24 2426 98
ROW 2427 0 2 16 2427 143
ROW 2427 1 19 32 2427 63
ROW 2427 2 4 31 2427 0
ROW 2427 3 1 8 2427 271
ROW 2427 4 1 4 2427 483
ROW 2427 5 60 255 2427 12
ROW 2427 6 10 21 2427 0
ROW 2427 7 12 24 2427 98
ROW 2428 0 3 16 2428 143
ROW 2428 1 21 32 2428 63
ROW 2428 2 7 31 2428 0
ROW 2428 3 5 8 2428 271
ROW 2428 4 1 4 2428 483
ROW 2428 5 66 255 2428 12
ROW 2428 6 17 21 2428 0
ROW 2428 7 20 24 2428 98
ROW 2429 0 5 16 2429 143
ROW 2429 1 24 32 2429 63
ROW 2429 2 11 31 2429 0
ROW 2429 3 1 8 2429 271
ROW 2429 4 2 4 2429 483
ROW 2429 5 73 255 2429 12
ROW 2429 6 0 21 2429 0
ROW 2429 7 4 24 2429 98
ROW 2430 0 6 16 2430 143
ROW 2430 1 26 32 2430 63
ROW 2430 2 14 31 2430 0
ROW 2430 3 5 8 2430 271
ROW 2430 4 2 4 2430 483
ROW 2430 5 79 255 2430 12
ROW 2430 6 7 21 2430 0
ROW 2430 7 12 24 2430 98
ROW 2431 0 7 16 2431 143
ROW 2431 1 28 32 2431 63
ROW 2431 2 17 31 2431 0
ROW 2431 3 0 8 2431 271
ROW 2431 4 2 4 2431 483
ROW 2431 5 85 255 2431 12
ROW 2431 6 14 21 2431 0
ROW 2431 7 20 24 2431 98
ROW 2432 0 8 16 2432 143
ROW 2432 1 30 32 2432 63
ROW 2432 2 20 31 2432 0
ROW 2432 3 4 8 2432 271
ROW 2432 4 2 4 2432 483
ROW 2432 5 91 255 2432 12
ROW 2432 6 21 21 2432 0
ROW 2432 7 3 24 2432 98
ROW 2433 0 9 16 2433 143
ROW 2433 1 32 32 2433 64
ROW 2433 2 23 31 2433 0
ROW 2433 3 8 8 2433 272
ROW 2433 4 2 4 2433 483
ROW 2433 5 97 255 2433 12
ROW 2433 6 3 21 2433 0
ROW 2433 7 11 24 2433 98
ROW 2434 0 10 16 2434 143
ROW 2434 1 1 32 2434 64
ROW 2434 2 26 31 2434 0
ROW 2434 3 3 8 2434 272
ROW 2434 4 2 4 2434 483
ROW 2434 5 103 255 2434 12
ROW 2434 6 10 21 2434 0
ROW 2434 7 19 24 2434 98
ROW 2435 0 11 16 2435 143
ROW 2435 1 3 32 2435 64
ROW 2435 2 29 31 2435 0
ROW 2435 3 7 8 2435 272
ROW 2435 4 2 4 2435 483
ROW 2435 5 109 255 2435 12
ROW 2435 6 17 21 2435 0
ROW 2435 7 2 24 2435 98
ROW 2436 0 13 16 2436 143
ROW 2436 1 6 32 2436 64
ROW 2436 2 0 31 2436 0
ROW 2436 3 3 8 2436 272
ROW 2436 4 3 4 2436 483
ROW 2436 5 116 255 2436 12
ROW 2436 6 0 21 2436 0
ROW 2436 7 11 24 2436 98
ROW 2437 0 14 16 2437 143
ROW 2437 1 8 32 2437 64
ROW 2437 2 3 31 2437 0
ROW 2437 3 7 8 2437 272
ROW 2437 4 3 4 2437 483
ROW 2437 5 122 255 2437 12
ROW 2437 6 7 21 2437 0
ROW 2437 7 19 24 2437 98
ROW 2438 0 15 16 2438 143
ROW 2438 1 10 32 2438 64
ROW 2438 2 6 31 2438 0
ROW 2438 3 2 8 2438 272
ROW 2438 4 3 4 2438 483
ROW 2438 5 128 255 2438 12
ROW 2438 6 14 21 2438 0
ROW 2438 7 2 24 2438 98
ROW 2439 0 16 16 2439 144
ROW 2439 1 12 32 2439 64
ROW 2439 2 9 31 2439 0
ROW 2439 3 6 8 2439 272
ROW 2439 4 3 4 2439 483
ROW 2439 5 134 255 2439 12
ROW 2439 6 21 21 2439 0
ROW 2439 7 10 24 2439 98
ROW 2440 0 0 16 2440 144
ROW 2440 1 14 32 2440 64
ROW 2440 2 12 31 2440 0
ROW 2440 3 1 8 2440 272
ROW 2440 4 3 4 2440 483
ROW 2440 5 140 255 2440 12
ROW 2440 6 3 21 2440 0
ROW 2440 7 18 24 2440 98
ROW 2441 0 1 16 2441 144
ROW 2441 1 16 32 2441 64
ROW 2441 2 15 31 2441 0
ROW 2441 3 5 8 2441 272
ROW 2441 4 3 4 2441 483
ROW 2441 5 146 255 2441 12
ROW 2441 6 10 21 2441 0
ROW 2441 7 1 24 2441 98
ROW 2442 0 2 16 2442 144
ROW 2442 1 18 32 2442 64
ROW 2442 2 18 31 2442 0
ROW 2442 3 0 8 2442 272
ROW 2442 4 3 4 2442 483
ROW 2442 5 152 255 2442 12
ROW 2442 6 17 21 2442 0
ROW 2442 7 9 24 2442 98
ROW 2443 0 4 16 2443 144
ROW 2443 1 21 32 2443 64
ROW 2443 2 22 31 2443 0
ROW 2443 3 5 8 2443 272
ROW 2443 4 4 4 2443 484
ROW 2443 5 159 255 2443 12
ROW 2443 6 0 21 2443 0
ROW 2443 7 18 24 2443 98
ROW 2444 0 5 16 2444 144
ROW 2444 1 23 32 2444 64
ROW 2444 2 25 31 2444 0
ROW 2444 3 0 8 2444 272
ROW 2444 4 4 4 2444 485
ROW 2444 5 165 255 2444 12
ROW 2444 6 7 21 2444 0
ROW 2444 7 1 24 2444 98
ROW 2445 0 6 16 2445 144
ROW 2445 1 25 32 2445 64
ROW 2445 2 28 31 2445 0
ROW 2445 3 4 8 2445 272
ROW 2445 4 4 4 2445 486
ROW 2445 5 171 255 2445 12
ROW 2445 6 14 21 2445 0
ROW 2445 7 9 24 2445 98
ROW 2446 0 7 16 2446 144
ROW 2446 1 27 32 2446 64
ROW 2446 2 31 31 2446 0
ROW 2446 3 8 8 2446 273
ROW 2446 4 4 4 2446 487
ROW 2446 5 177 255 2446 12
ROW 2446 6 21 21 2446 0
ROW 2446 7 17 24 2446 98
ROW 2447 0 8 16 2447 144
ROW 2447 1 29 32 2447 64
ROW 2447 2 1 31 2447 0
ROW 2447 3 3 8 2447 273
ROW 2447 4 4 4 2447 488
ROW 2447 5 183 255 2447 12
ROW 2447 6 3 21 2447 0
ROW 2447 7 0 24 2447 98
ROW 2448 0 9 16 2448 144
ROW 2448 1 31 32 2448 64
ROW 2448 2 4 31 2448 0
ROW 2448 3 7 8 2448 273
ROW 2448 4 4 4 2448 489
ROW 2448 5 189 255 2448 12
ROW 2448 6 10 21 2448 0
ROW 2448 7 8 24 2448 98
ROW 2449 0 10 16 2449 144
ROW 2449 1 0 32 2449 64
ROW 2449 2 7 31 2449 0
ROW 2449 3 2 8 2449 273
ROW 2449 4 4 4 2449 490
ROW 2449 5 195 255 2449 12
ROW 2449 6 17 21 2449 0
ROW 2449 7 16 24 2449 98
ROW 2450 0 12 16 2450 144
ROW 2450 1 3 32 2450 64
ROW 2450 2 11 31 2450 0
ROW 2450 3 7 8 2450 273
ROW 2450 4 0 4 2450 490
ROW 2450 5 202 255 2450 12
ROW 2450 6 0 21 2450 0
ROW 2450 7 0 24 2450 98
ROW 2451 0 13 16 2451 144
ROW 2451 1 5 32 2451 64
ROW 2451 2 14 31 2451 0
ROW 2451 3 2 8 2451 273
ROW 2451 4 0 4 2451 490
ROW 2451 5 208 255 2451 12
ROW 2451 6 7 21 2451 0
ROW 2451 7 8 24 2451 98
ROW 2452 0 14 16 2452 144
ROW 2452 1 7 32 2452 64
ROW 2452 2 17 31 2452 0
ROW 2452 3 6 8 2452 273
ROW 2452 4 0 4 2452 490
ROW 2452 5 214 255 2452 12
ROW 2452 6 14 21 2452 0
ROW 2452 7 16 24 2452 98
ROW 2453 0 15 16 2453 144
ROW 2453 1 9 32 2453 64
ROW 2453 2 20 31 2453 0
ROW 2453 3 1 8 2453 273
ROW 2453 4 0 4 2453 490
ROW 2453 5 220 255 2453 12
ROW 2453 6 21 21 2453 0
ROW 2453 7 24 24 2453 99
ROW 2454 0 16 16 2454 145
ROW 2454 1 11 32 2454 64
ROW 2454 2 23 31 2454 0
ROW 2454 3 5 8 2454 273
ROW 2454 4 0 4 2454 490
ROW 2454 5 226 255 2454 12
ROW 2454 6 3 21 2454 0
ROW 2454 7 7 24 2454 99
ROW 2455 0 0 16 2455 145
ROW 2455 1 13 32 2455 64
ROW 2455 2 26 31 2455 0
ROW 2455 3 0 8 2455 273
ROW 2455 4 0 4 2455 490
ROW 2455 5 232 255 2455 12
ROW 2455 6 10 21 2455 0
ROW 2455 7 15 24 2455 99
ROW 2456 0 1 16 2456 145
ROW 2456 1 15 32 2456 64
ROW 2456 2 29 31 2456 0
ROW 2456 3 4 8 2456 273
ROW 2456 4 0 4 2456 490
ROW 2456 5 238 255 2456 12
ROW 2456 6 17 21 2456 0
ROW 2456 7 23 24 2456 99
ROW 2457 0 3 16 2457 145
ROW 2457 1 18 32 2457 64
ROW 2457 2 0 31 2457 0
ROW 2457 3 0 8 2457 273
ROW 2457 4 1 4 2457 490
ROW 2457 5 245 255 2457 12
ROW 2457 6 0 21 2457 0
ROW 2457 7 7 24 2457 99
ROW 2458 0 4 16 2458 145
ROW 2458 1 20 32 2458 64
ROW 2458 2 3 31 2458 0
ROW 2458 3 4 8 2458 273
ROW 2458 4 1 4 2458 490
ROW 2458 5 251 255 2458 12
ROW 2458 6 7 21 2458 0
ROW 2458 7 15 24 2458 99
ROW 2459 0 5 16 2459 145
ROW 2459 1 22 32 2459 64
ROW 2459 2 6 31 2459 0
ROW 2459 3 8 8 2459 274
ROW 2459 4 1 4 2459 490
ROW 2459 5 1 255 2459 12
ROW 2459 6 14 21 2459 0
ROW 2459 7 23 24 2459 99
ROW 2460 0 6 16 2460 145
ROW 2460 1 24 32 2460 64
ROW 2460 2 9 31 2460 0
ROW 2460 3 3 8 2460 274
ROW 2460 4 1 4 2460 490
ROW 2460 5 7 255 2460 12
ROW 2460 6 21 21 2460 0
ROW 2460 7 6 24 2460 99
ROW 2461 0 7 16 2461 145
ROW 2461 1 26 32 2461 64
ROW 2461 2 12 31 2461 0
ROW 2461 3 7 8 2461 274
ROW 2461 4 1 4 2461 490
ROW 2461 5 13 255 2461 12
ROW 2461 6 3 21 2461 0
ROW 2461 7 14 24 2461 99
ROW 2462 0 8 16 2462 145
ROW 2462 1 28 32 2462 64
ROW 2462 2 15 31 2462 0
ROW 2462 3 2 8 2462 274
ROW 2462 4 1 4 2462 490
ROW 2462 5 19 255 2462 12
ROW 2462 6 10 21 2462 0
ROW 2462 7 22 24 2462 99
ROW 2463 0 9 16 2463 145
ROW 2463 1 30 32 2463 64
ROW 2463 2 18 31 2463 0
ROW 2463 3 6 8 2463 274
ROW 2463 4 1 4 2463 490
ROW 2463 5 25 255 2463 12
ROW 2463 6 17 21 2463 0
ROW 2463 7 5 24 2463 99
ROW 2464 0 11 16 2464 145
ROW 2464 1 0 32 2464 64
ROW 2464 2 22 31 2464 0
ROW 2464 3 2 8 2464 274
ROW 2464 4 2 4 2464 490
ROW 2464 5 32 255 2464 12
ROW 2464 6 0 21 2464 0
ROW 2464 7 14 24 2464 99
ROW 2465 0 12 16 2465 145
ROW 2465 1 2 32 2465 64
ROW 2465 2 25 31 2465 0
ROW 2465 3 6 8 2465 274
ROW 2465 4 2 4 2465 490
ROW 2465 5 38 255 2465 12
ROW 2465 6 7 21 2465 0
ROW 2465 7 22 24 2465 99
ROW 2466 0 13 16 2466 145
ROW 2466 1 4 32 2466 64
ROW 2466 2 28 31 2466 0
ROW 2466 3 1 8 2466 274
ROW 2466 4 2 4 2466 490
ROW 2466 5 44 255 2466 12
ROW 2466 6 14 21 2466 0
ROW 2466 7 5 24 2466 99
ROW 2467 0 14 16 2467 145
ROW 2467 1 6 32 2467 64
ROW 2467 2 31 31 2467 0
ROW 2467 3 5 8 2467 274
ROW 2467 4 2 4 2467 490
ROW 2467 5 50 255 2467 12
ROW 2467 6 21 21 2467 0
ROW 2467 7 13 24 2467 99
ROW 2468 0 15 16 2468 145
ROW 2468 1 8 32 2468 64
ROW 2468 2 1 31 2468 0
ROW 2468 3 0 8 2468 274
ROW 2468 4 2 4 2468 490
ROW 2468 5 56 255 2468 12
ROW 2468 6 3 21 2468 0
ROW 2468 7 21 24 2468 99
ROW 2469 0 16 16 2469 146
ROW 2469 1 10 32 2469 64
ROW 2469 2 4 31 2469 0
ROW 2469 3 4 8 2469 274
ROW 2469 4 2 4 2469 490
ROW 2469 5 62 255 2469 12
ROW 2469 6 10 21 2469 0
ROW 2469 7 4 24 2469 99
ROW 2470 0 0 16 2470 146
ROW 2470 1 12 32 2470 64
ROW 2470 2 7 31 2470 0
ROW 2470 3 8 8 2470 275
ROW 2470 4 2 4 2470 490
ROW 2470 5 68 255 2470 12
ROW 2470 6 17 21 2470 0
ROW 2470 7 12 24 2470 99
ROW 2471 0 2 16 2471 146
ROW 2471 1 15 32 2471 64
ROW 2471 2 11 31 2471 0
ROW 2471 3 4 8 2471 275
ROW 2471 4 3 4 2471 490
ROW 2471 5 75 255 2471 12
ROW 2471 6 0 21 2471 0
ROW 2471 7 21 24 2471 99
ROW 2472 0 3 16 2472 146
ROW 2472 1 17 32 2472 64
ROW 2472 2 14 31 2472 0
ROW 2472 3 8 8 2472 276
ROW 2472 4 3 4 2472 490
ROW 2472 5 81 255 2472 12
ROW 2472 6 7 21 2472 0
ROW 2472 7 4 24 2472 99
ROW 2473 0 4 16 2473 146
ROW 2473 1 19 32 2473 64
ROW 2473 2 17 31 2473 0
ROW 2473 3 3 8 2473 276
ROW 2473 4 3 4 2473 490
ROW 2473 5 87 255 2473 12
ROW 2473 6 14 21 2473 0
ROW 2473 7 12 24 2473 99
ROW 2474 0 5 16 2474 146
ROW 2474 1 21 32 2474 64
ROW 2474 2 20 31 2474 0
ROW 2474 3 7 8 2474 276
ROW 2474 4 3 4 2474 490
ROW 2474 5 93 255 2474 12
ROW 2474 6 21 21 2474 0
ROW 2474 7 20 24 2474 99
ROW 2475 0 6 16 2475 146
ROW 2475 1 23 32 2475 64
ROW 2475 2 23 31 2475 0
ROW 2475 3 2 8 2475 276
ROW 2475 4 3 4 2475 490
ROW 2475 5 99 255 2475 12
ROW 2475 6 3 21 2475 0
ROW 2475 7 3 24 2475 99
ROW 2476 0 7 16 2476 146
ROW 2476 1 25 32 2476 64
ROW 2476 2 26 31 2476 0
ROW 2476 3 6 8 2476 276
ROW 2476 4 3 4 2476 490
ROW 2476 5 105 255 2476 12
ROW 2476 6 10 21 2476 0
ROW 2476 7 11 24 2476 99
ROW 2477 0 8 16 2477 146
ROW 2477 1 27 32 2477 64
ROW 2477 2 29 31 2477 0
ROW 2477 3 1 8 2477 276
ROW 2477 4 3 4 2477 490
ROW 2477 5 111 255 2477 12
ROW 2477 6 17 21 2477 0
ROW 2477 7 19 24 2477 99
ROW 2478 0 10 16 2478 146
ROW 2478 1 30 32 2478 64
ROW 2478 2 0 31 2478 0
ROW 2478 3 6 8 2478 276
ROW 2478 4 4 4 2478 491
ROW 2478 5 118 255 2478 12
ROW 2478 6 0 21 2478 0
ROW 2478 7 3 24 2478 99
ROW 2479 0 11 16 2479 146
ROW 2479 1 32 32 2479 65
ROW 2479 2 3 31 2479 0
ROW 2479 3 1 8 2479 276
ROW 2479 4 4 4 2479 492
ROW 2479 5 124 255 2479 12
ROW 2479 6 7 21 2479 0
ROW 2479 7 11 24 2479 99
ROW 2480 0 12 16 2480 146
ROW 2480 1 1 32 2480 65
ROW 2480 2 6 31 2480 0
ROW 2480 3 5 8 2480 276
ROW 2480 4 4 4 2480 493
ROW 2480 5 130 255 2480 12
ROW 2480 6 14 21 2480 0
ROW 2480 7 19 24 2480 99
ROW 2481 0 13 16 2481 146
ROW 2481 1 3 32 2481 65
ROW 2481 2 9 31 2481 0
ROW 2481 3 0 8 2481 276
ROW 2481 4 4 4 2481 494
ROW 2481 5 136 255 2481 12
ROW 2481 6 21 21 2481 0
ROW 2481 7 2 24 2481 99
ROW 2482 0 14 16 2482 146
ROW 2482 1 5 32 2482 65
ROW 2482 2 12 31 2482 0
ROW 2482 3 4 8 2482 276
ROW 2482 4 4 4 2482 495
ROW 2482 5 142 255 2482 12
ROW 2482 6 3 21 2482 0
ROW 2482 7 10 24 2482 99
ROW 2483 0 15 16 2483 146
ROW 2483 1 7 32 2483 65
ROW 2483 2 15 31 2483 0
ROW 2483 3 8 8 2483 277
ROW 2483 4 4 4 2483 496
ROW 2483 5 148 255 2483 12
ROW 2483 6 10 21 2483 0
ROW 2483 7 18 24 2483 99
ROW 2484 0 16 16 2484 147
ROW 2484 1 9 32 2484 65
ROW 2484 2 18 31 2484 0
ROW 2484 3 3 8 2484 277
ROW 2484 4 4 4 2484 497
ROW 2484 5 154 255 2484 12
ROW 2484 6 17 21 2484 0
ROW 2484 7 1 24 2484 99
ROW 2485 0 1 16 2485 147
ROW 2485 1 12 32 2485 65
ROW 2485 2 22 31 2485 0
ROW 2485 3 8 8 2485 278
ROW 2485 4 0 4 2485 497
ROW 2485 5 161 255 2485 12
ROW 2485 6 0 21 2485 0
ROW 2485 7 10 24 2485 99
ROW 2486 0 2 16 2486 147
ROW 2486 1 14 32 2486 65
ROW 2486 2 25 31 2486 0
ROW 2486 3 3 8 2486 278
ROW 2486 4 0 4 2486 497
ROW 2486 5 167 255 2486 12
ROW 2486 6 7 21 2486 0
ROW 2486 7 18 24 2486 99
ROW 2487 0 3 16 2487 147
ROW 2487 1 16 32 2487 65
ROW 2487 2 28 31 2487 0
ROW 2487 3 7 8 2487 278
ROW 2487 4 0 4 2487 497
ROW 2487 5 173 255 2487 12
ROW 2487 6 14 21 2487 0
ROW 2487 7 1 24 2487 99
ROW 2488 0 4 16 2488 147
ROW 2488 1 18 32 2488 65
ROW 2488 2 31 31 2488 0
ROW 2488 3 2 8 2488 278
ROW 2488 4 0 4 2488 497
ROW 2488 5 179 255 2488 12
ROW 2488 6 21 21 2488 0
ROW 2488 7 9 24 2488 99
ROW 2489 0 5 16 2489 147
ROW 2489 1 20 32 2489 65
ROW 2489 2 1 31 2489 0
ROW 2489 3 6 8 2489 278
ROW 2489 4 0 4 2489 497
ROW 2489 5 185 255 2489 12
ROW 2489 6 3 21 2489 0
ROW 2489 7 17 24 2489 99
ROW 2490 0 6 16 2490 147
ROW 2490 1 22 32 2490 65
ROW 2490 2 4 31 2490 0
ROW 2490 3 1 8 2490 278
ROW 2490 4 0 4 2490 497
ROW 2490 5 191 255 2490 12
ROW 2490 6 10 21 2490 0
ROW 2490 7 0 24 2490 99
ROW 2491 0 7 16 2491 147
ROW 2491 1 24 32 2491 65
ROW 2491 2 7 31 2491 0
ROW 2491 3 5 8 2491 278
ROW 2491 4 0 4 2491 497
ROW 2491 5 197 255 2491 12
ROW 2491 6 17 21 2491 0
ROW 2491 7 8 24 2491 99
ROW 2492 0 9 16 2492 147
ROW 2492 1 27 32 2492 65
ROW 2492 2 11 31 2492 0
ROW 2492 3 1 8 2492 278
ROW 2492 4 1 4 2492 497
ROW 2492 5 204 255 2492 12
ROW 2492 6 0 21 2492 0
ROW 2492 7 17 24 2492 99
ROW 2493 0 10 16 2493 147
ROW 2493 1 29 32 2493 65
ROW 2493 2 14 31 2493 0
ROW 2493 3 5 8 2493 278
ROW 2493 4 1 4 2493 497
ROW 2493 5 210 255 2493 12
ROW 2493 6 7 21 2493 0
ROW 2493 7 0 24 2493 99
ROW 2494 0 11 16 2494 147
ROW 2494 1 31 32 2494 65
ROW 2494 2 17 31 2494 0
ROW 2494 3 0 8 2494 278
ROW 2494 4 1 4 2494 497
ROW 2494 5 216 255 2494 12
ROW 2494 6 14 21 2494 0
ROW 2494 7 8 24 2494 99
ROW 2495 0 12 16 2495 147
ROW 2495 1 0 32 2495 65
ROW 2495 2 20 31 2495 0
ROW 2495 3 4 8 2495 278
ROW 2495 4 1 4 2495 497
ROW 2495 5 222 255 2495 12
ROW 2495 6 21 21 2495 0
ROW 2495 7 16 24 2495 99
ROW 2496 0 13 16 2496 147
ROW 2496 1 2 32 2496 65
ROW 2496 2 23 31 2496 0
ROW 2496 3 8 8 2496 279
ROW 2496 4 1 4 2496 497
ROW 2496 5 228 255 2496 12
ROW 2496 6 3 21 2496 0
ROW 2496 7 24 24 2496 100
ROW 2497 0 14 16 2497 147
ROW 2497 1 4 32 2497 65
ROW 2497 2 26 31 2497 0
ROW 2497 3 3 8 2497 279
ROW 2497 4 1 4 2497 497
ROW 2497 5 234 255 2497 12
ROW 2497 6 10 21 2497 0
ROW 2497 7 7 24 2497 100
ROW 2498 0 15 16 2498 147
ROW 2498 1 6 32 2498 65
ROW 2498 2 29 31 2498 0
ROW 2498 3 7 8 2498 279
ROW 2498 4 1 4 2498 497
ROW 2498 5 240 255 2498 12
ROW 2498 6 17 21 2498 0
ROW 2498 7 15 24 2498 100
ROW 2499 0 0 16 2499 147
ROW 2499 1 9 32 2499 65
ROW 2499 2 0 31 2499 0
ROW 2499 3 3 8 2499 279
ROW 2499 4 2 4 2499 497
ROW 2499 5 247 255 2499 12
ROW 2499 6 0 21 2499 0
ROW 2499 7 24 24 2499 101
ROW 2500 0 1 16 2500 147
ROW 2500 1 11 32 2500 65
ROW 2500 2 3 31 2500 0
ROW 2500 3 7 8 2500 279
ROW 2500 4 2 4 2500 497
ROW 2500 5 253 255 2500 12
ROW 2500 6 7 21 2500 0
ROW 2500 7 7 24 2500 101
ROW 2501 0 2 16 2501 147
ROW 2501 1 13 32 2501 65
ROW 2501 2 6 31 2501 0
ROW 2501 3 2 8 2501 279
ROW 2501 4 2 4 2501 497
ROW 2501 5 3 255 2501 12
ROW 2501 6 14 21 2501 0
ROW 2501 7 15 24 2501 101
ROW 2502 0 3 16 2502 147
ROW 2502 1 15 32 2502 65
ROW 2502 2 9 31 2502 0
ROW 2502 3 6 8 2502 279
ROW 2502 4 2 4 2502 497
ROW 2502 5 9 255 2502 12
ROW 2502 6 21 21 2502 0
ROW 2502 7 23 24 2502 101
ROW 2503 0 4 16 2503 147
ROW 2503 1 17 32 2503 65
ROW 2503 2 12 31 2503 0
ROW 2503 3 1 8 2503 279
ROW 2503 4 2 4 2503 497
ROW 2503 5 15 255 2503 12
ROW 2503 6 3 21 2503 0
ROW 2503 7 6 24 2503 101
ROW 2504 0 5 16 2504 147
ROW 2504 1 19 32 2504 65
ROW 2504 2 15 31 2504 0
ROW 2504 3 5 8 2504 279
ROW 2504 4 2 4 2504 497
ROW 2504 5 21 255 2504 12
ROW 2504 6 10 21 2504 0
ROW 2504 7 14 24 2504 101
ROW 2505 0 6 16 2505 147
ROW 2505 1 21 32 2505 65
ROW 2505 2 18 31 2505 0
ROW 2505 3 0 8 2505 279
ROW 2505 4 2 4 2505 497
ROW 2505 5 27 255 2505 12
ROW 2505 6 17 21 2505 0
ROW 2505 7 22 24 2505 101
ROW 2506 0 8 16 2506 147
ROW 2506 1 24 32 2506 65
ROW 2506 2 22 31 2506 0
ROW 2506 3 5 8 2506 279
ROW 2506 4 3 4 2506 497
ROW 2506 5 34 255 2506 12
ROW 2506 6 0 21 2506 0
ROW 2506 7 6 24 2506 101
ROW 2507 0 9 16 2507 147
ROW 2507 1 26 32 2507 65
ROW 2507 2 25 31 2507 0
ROW 2507 3 0 8 2507 279
ROW 2507 4 3 4 2507 497
ROW 2507 5 40 255 2507 12
ROW 2507 6 7 21 2507 0
ROW 2507 7 14 24 2507 101
ROW 2508 0 10 16 2508 147
ROW 2508 1 28 32 2508 65
ROW 2508 2 28 31 2508 0
ROW 2508 3 4 8 2508 279
ROW 2508 4 3 4 2508 497
ROW 2508 5 46 255 2508 12
ROW 2508 6 14 21 2508 0
ROW 2508 7 22 24 2508 101
ROW 2509 0 11 16 2509 147
ROW 2509 1 30 32 2509 65
ROW 2509 2 31 31 2509 0
ROW 2509 3 8 8 2509 280
ROW 2509 4 3 4 2509 497
ROW 2509 5 52 255 2509 12
ROW 2509 6 21 21 2509 0
ROW 2509 7 5 24 2509 101
ROW 2510 0 12 16 2510 147
ROW 2510 1 32 32 2510 66
ROW 2510 2 1 31 2510 0
ROW 2510 3 3 8 2510 280
ROW 2510 4 3 4 2510 497
ROW 2510 5 58 255 2510 12
ROW 2510 6 3 21 2510 0
ROW 2510 7 13 24 2510 101
ROW 2511 0 13 16 2511 147
ROW 2511 1 1 32 2511 66
ROW 2511 2 4 31 2511 0
ROW 2511 3 7 8 2511 280
ROW 2511 4 3 4 2511 497
ROW 2511 5 64 255 2511 12
ROW 2511 6 10 21 2511 0
ROW 2511 7 21 24 2511 101
ROW 2512 0 14 16 2512 147
ROW 2512 1 3 32 2512 66
ROW 2512 2 7 31 2512 0
ROW 2512 3 2 8 2512 280
ROW 2512 4 3 4 2512 497
ROW 2512 5 70 255 2512 12
ROW 2512 6 17 21 2512 0
ROW 2512 7 4 24 2512 101
ROW 2513 0 16 16 2513 148
ROW 2513 1 6 32 2513 66
ROW 2513 2 11 31 2513 0
ROW 2513 3 7 8 2513 280
ROW 2513 4 4 4 2513 498
ROW 2513 5 77 255 2513 12
ROW 2513 6 0 21 2513 0
ROW 2513 7 13 24 2513 101
ROW 2514 0 0 16 2514 148
ROW 2514 1 8 32 2514 66
ROW 2514 2 14 31 2514 0
ROW 2514 3 2 8 2514 280
ROW 2514 4 4 4 2514 499
ROW 2514 5 83 255 2514 12
ROW 2514 6 7 21 2514 0
ROW 2514 7 21 24 2514 101
ROW 2515 0 1 16 2515 148
ROW 2515 1 10 32 2515 66
ROW 2515 2 17 31 2515 0
ROW 2515 3 6 8 2515 280
ROW 2515 4 4 4 2515 500
ROW 2515 5 89 255 2515 12
ROW 2515 6 14 21 2515 0
ROW 2515 7 4 24 2515 101
ROW 2516 0 2 16 2516 148
ROW 2516 1 12 32 2516 66
ROW 2516 2 20 31 2516 0
ROW 2516 3 1 8 2516 280
ROW 2516 4 4 4 2516 501
ROW 2516 5 95 255 2516 12
ROW 2516 6 21 21 2516 0
ROW 2516 7 12 24 2516 101
ROW 2517 0 3 16 2517 148
ROW 2517 1 14 32 2517 66
ROW 2517 2 23 31 2517 0
ROW 2517 3 5 8 2517 280
ROW 2517 4 4 4 2517 502
ROW 2517 5 101 255 2517 12
ROW 2517 6 3 21 2517 0
ROW 2517 7 20 24 2517 101
ROW 2518 0 4 16 2518 148
ROW 2518 1 16 32 2518 66
ROW 2518 2 26 31 2518 0
ROW 2518 3 0 8 2518 280
ROW 2518 4 4 4 2518 503
ROW 2518 5 107 255 2518 12
ROW 2518 6 10 21 2518 0
ROW 2518 7 3 24 2518 101
ROW 2519 0 5 16 2519 148
ROW 2519 1 18 32 2519 66
ROW 2519 2 29 31 2519 0
ROW 2519 3 4 8 2519 280
ROW 2519 4 4 4 2519 504
ROW 2519 5 113 255 2519 12
ROW 2519 6 17 21 2519 0
ROW 2519 7 11 24 2519 101
ROW 2520 0 7 16 2520 148
ROW 2520 1 21 32 2520 66
ROW 2520 2 0 31 2520 0
ROW 2520 3 0 8 2520 280
ROW 2520 4 0 4 2520 504
ROW 2520 5 120 255 2520 12
ROW 2520 6 0 21 2520 0
ROW 2520 7 20 24 2520 101
ROW 2521 0 8 16 2521 148
ROW 2521 1 23 32 2521 66
ROW 2521 2 3 31 2521 0
ROW 2521 3 4 8 2521 280
ROW 2521 4 0 4 2521 504
ROW 2521 5 126 255 2521 12
ROW 2521 6 7 21 2521 0
ROW 2521 7 3 24 2521 101
ROW 2522 0 9 16 2522 148
ROW 2522 1 25 32 2522 66
ROW 2522 2 6 31 2522 0
ROW 2522 3 8 8 2522 281
ROW 2522 4 0 4 2522 504
ROW 2522 5 132 255 2522 12
ROW 2522 6 14 21 2522 0
ROW 2522 7 11 24 2522 101
ROW 2523 0 10 16 2523 148
ROW 2523 1 27 32 2523 66
ROW 2523 2 9 31 2523 0
ROW 2523 3 3 8 2523 281
ROW 2523 4 0 4 2523 504
ROW 2523 5 138 255 2523 12
ROW 2523 6 21 21 2523 0
ROW 2523 7 19 24 2523 101
ROW 2524 0 11 16 2524 148
ROW 2524 1 29 32 2524 66
ROW 2524 2 12 31 2524 0
ROW 2524 3 7 8 2524 281
ROW 2524 4 0 4 2524 504
ROW 2524 5 144 255 2524 12
ROW 2524 6 3 21 2524 0
ROW 2524 7 2 24 2524 101
ROW 2525 0 12 16 2525 148
ROW 2525 1 31 32 2525 66
ROW 2525 2 15 31 2525 0
ROW 2525 3 2 8 2525 281
ROW 2525 4 0 4 2525 504
ROW 2525 5 150 255 2525 12
ROW 2525 6 10 21 2525 0
ROW 2525 7 10 24 2525 101
ROW 2526 0 13 16 2526 148
ROW 2526 1 0 32 2526 66
ROW 2526 2 18 31 2526 0
ROW 2526 3 6 8 2526 281
ROW 2526 4 0 4 2526 504
ROW 2526 5 156 255 2526 12
ROW 2526 6 17 21 2526 0
ROW 2526 7 18 24 2526 101
ROW 2527 0 15 16 2527 148
ROW 2527 1 3 32 2527 66
ROW 2527 2 22 31 2527 0
ROW 2527 3 2 8 2527 281
ROW 2527 4 1 4 2527 504
ROW 2527 5 163 255 2527 12
ROW 2527 6 0 21 2527 0
ROW 2527 7 2 24 2527 101
ROW 2528 0 16 16 2528 149
ROW 2528 1 5 32 2528 66
ROW 2528 2 25 31 2528 0
ROW 2528 3 6 8 2528 281
ROW 2528 4 1 4 2528 504
ROW 2528 5 169 255 2528 12
ROW 2528 6 7 21 2528 0
ROW 2528 7 10 24 2528 101
ROW 2529 0 0 16 2529 149
ROW 2529 1 7 32 2529 66
ROW 2529 2 28 31 2529 0
ROW 2529 3 1 8 2529 281
ROW 2529 4 1 4 2529 504
ROW 2529 5 175 255 2529 12
ROW 2529 6 14 21 2529 0
ROW 2529 7 18 24 2529 101
ROW 2530 0 1 16 2530 149
ROW 2530 1 9 32 2530 66
ROW 2530 2 31 31 2530 0
ROW 2530 3 5 8 2530 281
ROW 2530 4 1 4 2530 504
ROW 2530 5 181 255 2530 12
ROW 2530 6 21 21 2530 0
ROW 2530 7 1 24 2530 101
ROW 2531 0 2 16 2531 149
ROW 2531 1 11 32 2531 66
ROW 2531 2 1 31 2531 0
ROW 2531 3 0 8 2531 281
ROW 2531 4 1 4 2531 504
ROW 2531 5 187 255 2531 12
ROW 2531 6 3 21 2531 0
ROW 2531 7 9 24 2531 101
ROW 2532 0 3 16 2532 149
ROW 2532 1 13 32 2532 66
ROW 2532 2 4 31 2532 0
ROW 2532 3 4 8 2532 281
ROW 2532 4 1 4 2532 504
ROW 2532 5 193 255 2532 12
ROW 2532 6 10 21 2532 0
ROW 2532 7 17 24 2532 101
ROW 2533 0 4 16 2533 149
ROW 2533 1 15 32 2533 66
ROW 2533 2 7 31 2533 0
ROW 2533 3 8 8 2533 282
ROW 2533 4 1 4 2533 504
ROW 2533 5 199 255 2533 12
ROW 2533 6 17 21 2533 0
ROW 2533 7 0 24 2533 101
ROW 2534 0 6 16 2534 149
ROW 2534 1 18 32 2534 66
ROW 2534 2 11 31 2534 0
ROW 2534 3 4 8 2534 282
ROW 2534 4 2 4 2534 504
ROW 2534 5 206 255 2534 12
ROW 2534 6 0 21 2534 0
ROW 2534 7 9 24 2534 101
ROW 2535 0 7 16 2535 149
ROW 2535 1 20 32 2535 66
ROW 2535 2 14 31 2535 0
ROW 2535 3 8 8 2535 283
ROW 2535 4 2 4 2535 504
ROW 2535 5 212 255 2535 12
ROW 2535 6 7 21 2535 0
ROW 2535 7 17 24 2535 101
ROW 2536 0 8 16 2536 149
ROW 2536 1 22 32 2536 66
ROW 2536 2 17 31 2536 0
ROW 2536 3 3 8 2536 283
ROW 2536 4 2 4 2536 504
ROW 2536 5 218 255 2536 12
ROW 2536 6 14 21 2536 0
ROW 2536 7 0 24 2536 101
ROW 2537 0 9 16 2537 149
ROW 2537 1 24 32 2537 66
ROW 2537 2 20 31 2537 0
ROW 2537 3 7 8 2537 283
ROW 2537 4 2 4 2537 504
ROW 2537 5 224 255 2537 12
ROW 2537 6 21 21 2537 0
ROW 2537 7 8 24 2537 101
ROW 2538 0 10 16 2538 149
ROW 2538 1 26 32 2538 66
ROW 2538 2 23 31 2538 0
ROW 2538 3 2 8 2538 283
ROW 2538 4 2 4 2538 504
ROW 2538 5 230 255 2538 12
ROW 2538 6 3 21 2538 0
ROW 2538 7 16 24 2538 101
ROW 2539 0 11 16 2539 149
ROW 2539 1 28 32 2539 66
ROW 2539 2 26 31 2539 0
ROW 2539 3 6 8 2539 283
ROW 2539 4 2 4 2539 504
ROW 2539 5 236 255 2539 12
ROW 2539 6 10 21 2539 0
ROW 2539 7 24 24 2539 102
ROW 2540 0 12 16 2540 149
ROW 2540 1 30 32 2540 66
ROW 2540 2 29 31 2540 0
ROW 2540 3 1 8 2540 283
ROW 2540 4 2 4 2540 504
ROW 2540 5 242 255 2540 12
ROW 2540 6 17 21 2540 0
ROW 2540 7 7 24 2540 102
ROW 2541 0 14 16 2541 149
ROW 2541 1 0 32 2541 66
ROW 2541 2 0 31 2541 0
ROW 2541 3 6 8 2541 283
ROW 2541 4 3 4 2541 504
ROW 2541 5 249 255 2541 12
ROW 2541 6 0 21 2541 0
ROW 2541 7 16 24 2541 102
ROW 2542 0 15 16 2542 149
ROW 2542 1 2 32 2542 66
ROW 2542 2 3 31 2542 0
ROW 2542 3 1 8 2542 283
ROW 2542 4 3 4 2542 504
ROW 2542 5 255 255 2542 13
ROW 2542 6 7 21 2542 0
ROW 2542 7 24 24 2542 103
ROW 2543 0 16 16 2543 150
ROW 2543 1 4 32 2543 66
ROW 2543 2 6 31 2543 0
ROW 2543 3 5 8 2543 283
ROW 2543 4 3 4 2543 504
ROW 2543 5 5 255 2543 13
ROW 2543 6 14 21 2543 0
ROW 2543 7 7 24 2543 103
ROW 2544 0 0 16 2544 150
ROW 2544 1 6 32 2544 66
ROW 2544 2 9 31 2544 0
ROW 2544 3 0 8 2544 283
ROW 2544 4 3 4 2544 504
ROW 2544 5 11 255 2544 13
ROW 2544 6 21 21 2544 0
ROW 2544 7 15 24 2544 103
ROW 2545 0 1 16 2545 150
ROW 2545 1 8 32 2545 66
ROW 2545 2 12 31 2545 0
ROW 2545 3 4 8 2545 283
ROW 2545 4 3 4 2545 504
ROW 2545 5 17 255 2545 13
ROW 2545 6 3 21 2545 0
ROW 2545 7 23 24 2545 103
ROW 2546 0 2 16 2546 150
ROW 2546 1 10 32 2546 66
ROW 2546 2 15 31 2546 0
ROW 2546 3 8 8 2546 284
ROW 2546 4 3 4 2546 504
ROW 2546 5 23 255 2546 13
ROW 2546 6 10 21 2546 0
ROW 2546 7 6 24 2546 103
ROW 2547 0 3 16 2547 150
ROW 2547 1 12 32 2547 66
ROW 2547 2 18 31 2547 0
ROW 2547 3 3 8 2547 284
ROW 2547 4 3 4 2547 504
ROW 2547 5 29 255 2547 13
ROW 2547 6 17 21 2547 0
ROW 2547 7 14 24 2547 103
ROW 2548 0 5 16 2548 150
ROW 2548 1 15 32 2548 66
ROW 2548 2 22 31 2548 0
ROW 2548 3 8 8 2548 285
ROW 2548 4 4 4 2548 505
ROW 2548 5 36 255 2548 13
ROW 2548 6 0 21 2548 0
ROW 2548 7 23 24 2548 103
ROW 2549 0 6 16 2549 150
ROW 2549 1 17 32 2549 66
ROW 2549 2 25 31 2549 0
ROW 2549 3 3 8 2549 285
ROW 2549 4 4 4 2549 506
ROW 2549 5 42 255 2549 13
ROW 2549 6 7 21 2549 0
ROW 2549 7 6 24 2549 103
ROW 2550 0 7 16 2550 150
ROW 2550 1 19 32 2550 66
ROW 2550 2 28 31 2550 0
ROW 2550 3 7 8 2550 285
ROW 2550 4 4 4 2550 507
ROW 2550 5 48 255 2550 13
ROW 2550 6 14 21 2550 0
ROW 2550 7 14 24 2550 103
ROW 2551 0 8 16 2551 150
ROW 2551 1 21 32 2551 66
ROW 2551 2 31 31 2551 0
ROW 2551 3 2 8 2551 285
ROW 2551 4 4 4 2551 508
ROW 2551 5 54 255 2551 13
ROW 2551 6 21 21 2551 0
ROW 2551 7 22 24 2551 103
ROW 2552 0 9 16 2552 150
ROW 2552 1 23 32 2552 66
ROW 2552 2 1 31 2552 0
ROW 2552 3 6 8 2552 285
ROW 2552 4 4 4 2552 509
ROW 2552 5 60 255 2552 13
ROW 2552 6 3 21 2552 0
ROW 2552 7 5 24 2552 103
ROW 2553 0 10 16 2553 150
ROW 2553 1 25 32 2553 66
ROW 2553 2 4 31 2553 0
ROW 2553 3 1 8 2553 285
ROW 2553 4 4 4 2553 510
ROW 2553 5 66 255 2553 13
ROW 2553 6 10 21 2553 0
ROW 2553 7 13 24 2553 103
ROW 2554 0 11 16 2554 150
ROW 2554 1 27 32 2554 66
ROW 2554 2 7 31 2554 0
ROW 2554 3 5 8 2554 285
ROW 2554 4 4 4 2554 511
ROW 2554 5 72 255 2554 13
ROW 2554 6 17 21 2554 0
ROW 2554 7 21 24 2554 103
ROW 2555 0 13 16 2555 150
ROW 2555 1 30 32 2555 66
ROW 2555 2 11 31 2555 0
ROW 2555 3 1 8 2555 285
ROW 2555 4 0 4 2555 511
ROW 2555 5 79 255 2555 13
ROW 2555 6 0 21 2555 0
ROW 2555 7 5 24 2555 103
ROW 2556 0 14 16 2556 150
ROW 2556 1 32 32 2556 67
ROW 2556 2 14 31 2556 0
ROW 2556 3 5 8 2556 285
ROW 2556 4 0 4 2556 511
ROW 2556 5 85 255 2556 13
ROW 2556 6 7 21 2556 0
ROW 2556 7 13 24 2556 103
ROW 2557 0 15 16 2557 150
ROW 2557 1 1 32 2557 67
ROW 2557 2 17 31 2557 0
ROW 2557 3 0 8 2557 285
ROW 2557 4 0 4 2557 511
ROW 2557 5 91 255 2557 13
ROW 2557 6 14 21 2557 0
ROW 2557 7 21 24 2557 103
ROW 2558 0 16 16 2558 151
ROW 2558 1 3 32 2558 67
ROW 2558 2 20 31 2558 0
ROW 2558 3 4 8 2558 285
ROW 2558 4 0 4 2558 511
ROW 2558 5 97 255 2558 13
ROW 2558 6 21 21 2558 0
ROW 2558 7 4 24 2558 103
ROW 2559 0 0 16 2559 151
ROW 2559 1 5 32 2559 67
ROW 2559 2 23 31 2559 0
ROW 2559 3 8 8 2559 286
ROW 2559 4 0 4 2559 511
ROW 2559 5 103 255 2559 13
ROW 2559 6 3 21 2559 0
ROW 2559 7 12 24 2559 103
ROW 2560 0 1 16 2560 151
ROW 2560 1 7 32 2560 67
ROW 2560 2 26 31 2560 0
ROW 2560 3 3 8 2560 286
ROW 2560 4 0 4 2560 511
ROW 2560 5 109 255 2560 13
ROW 2560 6 10 21 2560 0
ROW 2560 7 20 24 2560 103
ROW 2561 0 2 16 2561 151
ROW 2561 1 9 32 2561 67
ROW 2561 2 29 31 2561 0
ROW 2561 3 7 8 2561 286
ROW 2561 4 0 4 2561 511
ROW 2561 5 115 255 2561 13
ROW 2561 6 17 21 2561 0
ROW 2561 7 3 24 2561 103
ROW 2562 0 4 16 2562 151
ROW 2562 1 12 32 2562 67
ROW 2562 2 0 31 2562 0
ROW 2562 3 3 8 2562 286
ROW 2562 4 1 4 2562 511
ROW 2562 5 122 255 2562 13
ROW 2562 6 0 21 2562 0
ROW 2562 7 12 24 2562 103
ROW 2563 0 5 16 2563 151
ROW 2563 1 14 32 2563 67
ROW 2563 2 3 31 2563 0
ROW 2563 3 7 8 2563 286
ROW 2563 4 1 4 2563 511
ROW 2563 5 128 255 2563 13
ROW 2563 6 7 21 2563 0
ROW 2563 7 20 24 2563 103
ROW 2564 0 6 16 2564 151
ROW 2564 1 16 32 2564 67
ROW 2564 2 6 31 2564 0
ROW 2564 3 2 8 2564 286
ROW 2564 4 1 4 2564 511
ROW 2564 5 134 255 2564 13
ROW 2564 6 14 21 2564 0
ROW 2564 7 3 24 2564 103
ROW 2565 0 7 16 2565 151
ROW 2565 1 18 32 2565 67
ROW 2565 2 9 31 2565 0
ROW 2565 3 6 8 2565 286
ROW 2565 4 1 4 2565 511
ROW 2565 5 140 255 2565 13
ROW 2565 6 21 21 2565 0
ROW 2565 7 11 24 2565 103
ROW 2566 0 8 16 2566 151
ROW 2566 1 20 32 2566 67
ROW 2566 2 12 31 2566 0
ROW 2566 3 1 8 2566 286
ROW 2566 4 1 4 2566 511
ROW 2566 5 146 255 2566 13
ROW 2566 6 3 21 2566 0
ROW 2566 7 19 24 2566 103
ROW 2567 0 9 16 2567 151
ROW 2567 1 22 32 2567 67
ROW 2567 2 15 31 2567 0
ROW 2567 3 5 8 2567 286
ROW 2567 4 1 4 2567 511
ROW 2567 5 152 255 2567 13
ROW 2567 6 10 21 2567 0
ROW 2567 7 2 24 2567 103
ROW 2568 0 10 16 2568 151
ROW 2568 1 24 32 2568 67
ROW 2568 2 18 31 2568 0
ROW 2568 3 0 8 2568 286
ROW 2568 4 1 4 2568 511
ROW 2568 5 158 255 2568 13
ROW 2568 6 17 21 2568 0
ROW 2568 7 10 24 2568 103
ROW 2569 0 12 16 2569 151
ROW 2569 1 27 32 2569 67
ROW 2569 2 22 31 2569 0
ROW 2569 3 5 8 2569 286
ROW 2569 4 2 4 2569 511
ROW 2569 5 165 255 2569 13
ROW 2569 6 0 21 2569 0
ROW 2569 7 19 24 2569 103
ROW 2570 0 13 16 2570 151
ROW 2570 1 29 32 2570 67
ROW 2570 2 25 31 2570 0
ROW 2570 3 0 8 2570 286
ROW 2570 4 2 4 2570 511
ROW 2570 5 171 255 2570 13
ROW 2570 6 7 21 2570 0
ROW 2570 7 2 24 2570 103
ROW 2571 0 14 16 2571 151
ROW 2571 1 31 32 2571 67
ROW 2571 2 28 31 2571 0
ROW 2571 3 4 8 2571 286
ROW 2571 4 2 4 2571 511
ROW 2571 5 177 255 2571 13
ROW 2571 6 14 21 2571 0
ROW 2571 7 10 24 2571 103
ROW 2572 0 15 16 2572 151
ROW 2572 1 0 32 2572 67
ROW 2572 2 31 31 2572 0
ROW 2572 3 8 8 2572 287
ROW 2572 4 2 4 2572 511
ROW 2572 5 183 255 2572 13
ROW 2572 6 21 21 2572 0
ROW 2572 7 18 24 2572 103
ROW 2573 0 16 16 2573 152
ROW 2573 1 2 32 2573 67
ROW 2573 2 1 31 2573 0
ROW 2573 3 3 8 2573 287
ROW 2573 4 2 4 2573 511
ROW 2573 5 189 255 2573 13
ROW 2573 6 3 21 2573 0
ROW 2573 7 1 24 2573 103
ROW 2574 0 0 16 2574 152
ROW 2574 1 4 32 2574 67
ROW 2574 2 4 31 2574 0
ROW 2574 3 7 8 2574 287
ROW 2574 4 2 4 2574 511
ROW 2574 5 195 255 2574 13
ROW 2574 6 10 21 2574 0
ROW 2574 7 9 24 2574 103
ROW 2575 0 1 16 2575 152
ROW 2575 1 6 32 2575 67
ROW 2575 2 7 31 2575 0
ROW 2575 3 2 8 2575 287
ROW 2575 4 2 4 2575 511
ROW 2575 5 201 255 2575 13
ROW 2575 6 17 21 2575 0
ROW 2575 7 17 24 2575 103
ROW 2576 0 3 16 2576 152
ROW 2576 1 9 32 2576 67
ROW 2576 2 11 31 2576 0
ROW 2576 3 7 8 2576 287
ROW 2576 4 3 4 2576 511
ROW 2576 5 208 255 2576 13
ROW 2576 6 0 21 2576 0
ROW 2576 7 1 24 2576 103
ROW 2577 0 4 16 2577 152
ROW 2577 1 11 32 2577 67
ROW 2577 2 14 31 2577 0
ROW 2577 3 2 8 2577 287
ROW 2577 4 3 4 2577 511
ROW 2577 5 214 255 2577 13
ROW 2577 6 7 21 2577 0
ROW 2577 7 9 24 2577 103
ROW 2578 0 5 16 2578 152
ROW 2578 1 13 32 2578 67
ROW 2578 2 17 31 2578 0
ROW 2578 3 6 8 2578 287
ROW 2578 4 3 4 2578 511
ROW 2578 5 220 255 2578 13
ROW 2578 6 14 21 2578 0
ROW 2578 7 17 24 2578 103
ROW 2579 0 6 16 2579 152
ROW 2579 1 15 32 2579 67
ROW 2579 2 20 31 2579 0
ROW 2579 3 1 8 2579 287
ROW 2579 4 3 4 2579 511
ROW 2579 5 226 255 2579 13
ROW 2579 6 21 21 2579 0
ROW 2579 7 0 24 2579 103
ROW 2580 0 7 16 2580 152
ROW 2580 1 17 32 2580 67
ROW 2580 2 23 31 2580 0
ROW 2580 3 5 8 2580 287
ROW 2580 4 3 4 2580 511
ROW 2580 5 232 255 2580 13
ROW 2580 6 3 21 2580 0
ROW 2580 7 8 24 2580 103
ROW 2581 0 8 16 2581 152
ROW 2581 1 19 32 2581 67
ROW 2581 2 26 31 2581 0
ROW 2581 3 0 8 2581 287
ROW 2581 4 3 4 2581 511
ROW 2581 5 238 255 2581 13
ROW 2581 6 10 21 2581 0
ROW 2581 7 16 24 2581 103
ROW 2582 0 9 16 2582 152
ROW 2582 1 21 32 2582 67
ROW 2582 2 29 31 2582 0
ROW 2582 3 4 8 2582 287
ROW 2582 4 3 4 2582 511
ROW 2582 5 244 255 2582 13
ROW 2582 6 17 21 2582 0
ROW 2582 7 24 24 2582 104
ROW 2583 0 11 16 2583 152
ROW 2583 1 24 32 2583 67
ROW 2583 2 0 31 2583 0
ROW 2583 3 0 8 2583 287
ROW 2583 4 4 4 2583 512
ROW 2583 5 251 255 2583 13
ROW 2583 6 0 21 2583 0
ROW 2583 7 8 24 2583 104
ROW 2584 0 12 16 2584 152
ROW 2584 1 26 32 2584 67
ROW 2584 2 3 31 2584 0
ROW 2584 3 4 8 2584 287
ROW 2584 4 4 4 2584 513
ROW 2584 5 1 255 2584 13
ROW 2584 6 7 21 2584 0
ROW 2584 7 16 24 2584 104
ROW 2585 0 13 16 2585 152
ROW 2585 1 28 32 2585 67
ROW 2585 2 6 31 2585 0
ROW 2585 3 8 8 2585 288
ROW 2585 4 4 4 2585 514
ROW 2585 5 7 255 2585 13
ROW 2585 6 14 21 2585 0
ROW 2585 7 24 24 2585 105
ROW 2586 0 14 16 2586 152
ROW 2586 1 30 32 2586 67
ROW 2586 2 9 31 2586 0
ROW 2586 3 3 8 2586 288
ROW 2586 4 4 4 2586 515
ROW 2586 5 13 255 2586 13
ROW 2586 6 21 21 2586 0
ROW 2586 7 7 24 2586 105
ROW 2587 0 15 16 2587 152
ROW 2587 1 32 32 2587 68
ROW 2587 2 12 31 2587 0
ROW 2587 3 7 8 2587 288
ROW 2587 4 4 4 2587 516
ROW 2587 5 19 255 2587 13
ROW 2587 6 3 21 2587 0
ROW 2587 7 15 24 2587 105
ROW 2588 0 16 16 2588 153
ROW 2588 1 1 32 2588 68
ROW 2588 2 15 31 2588 0
ROW 2588 3 2 8 2588 288
ROW 2588 4 4 4 2588 517
ROW 2588 5 25 255 2588 13
ROW 2588 6 10 21 2588 0
ROW 2588 7 23 24 2588 105
ROW 2589 0 0 16 2589 153
ROW 2589 1 3 32 2589 68
ROW 2589 2 18 31 2589 0
ROW 2589 3 6 8 2589 288
ROW 2589 4 4 4 2589 518
ROW 2589 5 31 255 2589 13
ROW 2589 6 17 21 2589 0
ROW 2589 7 6 24 2589 105
ROW 2590 0 2 16 2590 153
ROW 2590 1 6 32 2590 68
ROW 2590 2 22 31 2590 0
ROW 2590 3 2 8 2590 288
ROW 2590 4 0 4 2590 518
ROW 2590 5 38 255 2590 13
ROW 2590 6 0 21 2590 0
ROW 2590 7 15 24 2590 105
ROW 2591 0 3 16 2591 153
ROW 2591 1 8 32 2591 68
ROW 2591 2 25 31 2591 0
ROW 2591 3 6 8 2591 288
ROW 2591 4 0 4 2591 518
ROW 2591 5 44 255 2591 13
ROW 2591 6 7 21 2591 0
ROW 2591 7 23 24 2591 105
ROW 2592 0 4 16 2592 153
ROW 2592 1 10 32 2592 68
ROW 2592 2 28 31 2592 0
ROW 2592 3 1 8 2592 288
ROW 2592 4 0 4 2592 518
ROW 2592 5 50 255 2592 13
ROW 2592 6 14 21 2592 0
ROW 2592 7 6 24 2592 105
ROW 2593 0 5 16 2593 153
ROW 2593 1 12 32 2593 68
ROW 2593 2 31 31 2593 0
ROW 2593 3 5 8 2593 288
ROW 2593 4 0 4 2593 518
ROW 2593 5 56 255 2593 13
ROW 2593 6 21 21 2593 0
ROW 2593 7 14 24 2593 105
ROW 2594 0 6 16 2594 153
ROW 2594 1 14 32 2594 68
ROW 2594 2 1 31 2594 0
ROW 2594 3 0 8 2594 288
ROW 2594 4 0 4 2594 518
ROW 2594 5 62 255 2594 13
ROW 2594 6 3 21 2594 0
ROW 2594 7 22 24 2594 105
ROW 2595 0 7 16 2595 153
ROW 2595 1 16 32 2595 68
ROW 2595 2 4 31 2595 0
ROW 2595 3 4 8 2595 288
ROW 2595 4 0 4 2595 518
ROW 2595 5 68 255 2595 13
ROW 2595 6 10 21 2595 0
ROW 2595 7 5 24 2595 105
ROW 2596 0 8 16 2596 153
ROW 2596 1 18 32 2596 68
ROW 2596 2 7 31 2596 0
ROW 2596 3 8 8 2596 289
ROW 2596 4 0 4 2596 518
ROW 2596 5 74 255 2596 13
ROW 2596 6 17 21 2596 0
ROW 2596 7 13 24 2596 105
ROW 2597 0 10 16 2597 153
ROW 2597 1 21 32 2597 68
ROW 2597 2 11 31 2597 0
ROW 2597 3 4 8 2597 289
ROW 2597 4 1 4 2597 518
ROW 2597 5 81 255 2597 13
ROW 2597 6 0 21 2597 0
ROW 2597 7 22 24 2597 105
ROW 2598 0 11 16 2598 153
ROW 2598 1 23 32 2598 68
ROW 2598 2 14 31 2598 0
ROW 2598 3 8 8 2598 290
ROW 2598 4 1 4 2598 518
ROW 2598 5 87 255 2598 13
ROW 2598 6 7 21 2598 0
ROW 2598 7 5 24 2598 105
ROW 2599 0 12 16 2599 153
ROW 2599 1 25 32 2599 68
ROW 2599 2 17 31 2599 0
ROW 2599 3 3 8 2599 290
ROW 2599 4 1 4 2599 518
ROW 2599 5 93 255 2599 13
ROW 2599 6 14 21 2599 0
ROW 2599 7 13 24 2599 105
ROW 2600 0 13 16 2600 153
ROW 2600 1 27 32 2600 68
ROW 2600 2 20 31 2600 0
ROW 2600 3 7 8 2600 290
ROW 2600 4 1 4 2600 518
ROW 2600 5 99 255 2600 13
ROW 2600 6 21 21 2600 0
ROW 2600 7 21 24 2600 105
ROW 2601 0 14 16 2601 153
ROW 2601 1 29 32 2601 68
ROW 2601 2 23 31 2601 0
ROW 2601 3 2 8 2601 290
ROW 2601 4 1 4 2601 518
ROW 2601 5 105 255 2601 13
ROW 2601 6 3 21 2601 0
ROW 2601 7 4 24 2601 105
ROW 2602 0 15 16 2602 153
ROW 2602 1 31 32 2602 68
ROW 2602 2 26 31 2602 0
ROW 2602 3 6 8 2602 290
ROW 2602 4 1 4 2602 518
ROW 2602 5 111 255 2602 13
ROW 2602 6 10 21 2602 0
ROW 2602 7 12 24 2602 105
ROW 2603 0 16 16 2603 154
ROW 2603 1 0 32 2603 68
ROW 2603 2 29 31 2603 0
ROW 2603 3 1 8 2603 290
ROW 2603 4 1 4 2603 518
ROW 2603 5 117 255 2603 13
ROW 2603 6 17 21 2603 0
ROW 2603 7 20 24 2603 105
ROW 2604 0 1 16 2604 154
ROW 2604 1 3 32 2604 68
ROW 2604 2 0 31 2604 0
ROW 2604 3 6 8 2604 290
ROW 2604 4 2 4 2604 518
ROW 2604 5 124 255 2604 13
ROW 2604 6 0 21 2604 0
ROW 2604 7 4 24 2604 105
ROW 2605 0 2 16 2605 154
ROW 2605 1 5 32 2605 68
ROW 2605 2 3 31 2605 0
ROW 2605 3 1 8 2605 290
ROW 2605 4 2 4 2605 518
ROW 2605 5 130 255 2605 13
ROW 2605 6 7 21 2605 0
ROW 2605 7 12 24 2605 105
ROW 2606 0 3 16 2606 154
ROW 2606 1 7 32 2606 68
ROW 2606 2 6 31 2606 0
ROW 2606 3 5 8 2606 290
ROW 2606 4 2 4 2606 518
ROW 2606 5 136 255 2606 13
ROW 2606 6 14 21 2606 0
ROW 2606 7 20 24 2606 105
ROW 2607 0 4 16 2607 154
ROW 2607 1 9 32 2607 68
ROW 2607 2 9 31 2607 0
ROW 2607 3 0 8 2607 290
ROW 2607 4 2 4 2607 518
ROW 2607 5 142 255 2607 13
ROW 2607 6 21 21 2607 0
ROW 2607 7 3 24 2607 105
ROW 2608 0 5 16 2608 154
ROW 2608 1 11 32 2608 68
ROW 2608 2 12 31 2608 0
ROW 2608 3 4 8 2608 290
ROW 2608 4 2 4 2608 518
ROW 2608 5 148 255 2608 13
ROW 2608 6 3 21 2608 0
ROW 2608 7 11 24 2608 105
ROW 2609 0 6 16 2609 154
ROW 2609 1 13 32 2609 68
ROW 2609 2 15 31 2609 0
ROW 2609 3 8 8 2609 291
ROW 2609 4 2 4 2609 518
ROW 2609 5 154 255 2609 13
ROW 2609 6 10 21 2609 0
ROW 2609 7 19 24 2609 105
ROW 2610 0 7 16 2610 154
ROW 2610 1 15 32 2610 68
ROW 2610 2 18 31 2610 0
ROW 2610 3 3 8 2610 291
ROW 2610 4 2 4 2610 518
ROW 2610 5 160 255 2610 13
ROW 2610 6 17 21 2610 0
ROW 2610 7 2 24 2610 105
ROW 2611 0 9 16 2611 154
ROW 2611 1 18 32 2611 68
ROW 2611 2 22 31 2611 0
ROW 2611 3 8 8 2611 292
ROW 2611 4 3 4 2611 518
ROW 2611 5 167 255 2611 13
ROW 2611 6 0 21 2611 0
ROW 2611 7 11 24 2611 105
ROW 2612 0 10 16 2612 154
ROW 2612 1 20 32 2612 68
ROW 2612 2 25 31 2612 0
ROW 2612 3 3 8 2612 292
ROW 2612 4 3 4 2612 518
ROW 2612 5 173 255 2612 13
ROW 2612 6 7 21 2612 0
ROW 2612 7 19 24 2612 105
ROW 2613 0 11 16 2613 154
ROW 2613 1 22 32 2613 68
ROW 2613 2 28 31 2613 0
ROW 2613 3 7 8 2613 292
ROW 2613 4 3 4 2613 518
ROW 2613 5 179 255 2613 13
ROW 2613 6 14 21 2613 0
ROW 2613 7 2 24 2613 105
ROW 2614 0 12 16 2614 154
ROW 2614 1 24 32 2614 68
ROW 2614 2 31 31 2614 0
ROW 2614 3 2 8 2614 292
ROW 2614 4 3 4 2614 518
ROW 2614 5 185 255 2614 13
ROW 2614 6 21 21 2614 0
ROW 2614 7 10 24 2614 105
ROW 2615 0 13 16 2615 154
ROW 2615 1 26 32 2615 68
ROW 2615 2 1 31 2615 0
ROW 2615 3 6 8 2615 292
ROW 2615 4 3 4 2615 518
ROW 2615 5 191 255 2615 13
ROW 2615 6 3 21 2615 0
ROW 2615 7 18 24 2615 105
ROW 2616 0 14 16 2616 154
ROW 2616 1 28 32 2616 68
ROW 2616 2 4 31 2616 0
ROW 2616 3 1 8 2616 292
ROW 2616 4 3 4 2616 518
ROW 2616 5 197 255 2616 13
ROW 2616 6 10 21 2616 0
ROW 2616 7 1 24 2616 105
ROW 2617 0 15 16 2617 154
ROW 2617 1 30 32 2617 68
ROW 2617 2 7 31 2617 0
ROW 2617 3 5 8 2617 292
ROW 2617 4 3 4 2617 518
ROW 2617 5 203 255 2617 13
ROW 2617 6 17 21 2617 0
ROW 2617 7 9 24 2617 105
ROW 2618 0 0 16 2618 154
ROW 2618 1 0 32 2618 68
ROW 2618 2 11 31 2618 0
ROW 2618 3 1 8 2618 292
ROW 2618 4 4 4 2618 519
ROW 2618 5 210 255 2618 13
ROW 2618 6 0 21 2618 0
ROW 2618 7 18 24 2618 105
ROW 2619 0 1 16 2619 154
ROW 2619 1 2 32 2619 68
ROW 2619 2 14 31 2619 0
ROW 2619 3 5 8 2619 292
ROW 2619 4 4 4 2619 520
ROW 2619 5 216 255 2619 13
ROW 2619 6 7 21 2619 0
ROW 2619 7 1 24 2619 105
ROW 2620 0 2 16 2620 154
ROW 2620 1 4 32 2620 68
ROW 2620 2 17 31 2620 0
ROW 2620 3 0 8 2620 292
ROW 2620 4 4 4 2620 521
ROW 2620 5 222 255 2620 13
ROW 2620 6 14 21 2620 0
ROW 2620 7 9 24 2620 105
ROW 2621 0 3 16 2621 154
ROW 2621 1 6 32 2621 68
ROW 2621 2 20 31 2621 0
ROW 2621 3 4 8 2621 292
ROW 2621 4 4 4 2621 522
ROW 2621 5 228 255 2621 13
ROW 2621 6 21 21 2621 0
ROW 2621 7 17 24 2621 105
ROW 2622 0 4 16 2622 154
ROW 2622 1 8 32 2622 68
ROW 2622 2 23 31 2622 0
ROW 2622 3 8 8 2622 293
ROW 2622 4 4 4 2622 523
ROW 2622 5 234 255 2622 13
ROW 2622 6 3 21 2622 0
ROW 2622 7 0 24 2622 105
ROW 2623 0 5 16 2623 154
ROW 2623 1 10 32 2623 68
ROW 2623 2 26 31 2623 0
ROW 2623 3 3 8 2623 293
ROW 2623 4 4 4 2623 524
ROW 2623 5 240 255 2623 13
ROW 2623 6 10 21 2623 0
ROW 2623 7 8 24 2623 105
ROW 2624 0 6 16 2624 154
ROW 2624 1 12 32 2624 68
ROW 2624 2 29 31 2624 0
ROW 2624 3 7 8 2624 293
ROW 2624 4 4 4 2624 525
ROW 2624 5 246 255 2624 13
ROW 2624 6 17 21 2624 0
ROW 2624 7 16 24 2624 105
ROW 2625 0 8 16 2625 154
ROW 2625 1 15 32 2625 68
ROW 2625 2 0 31 2625 0
ROW 2625 3 3 8 2625 293
ROW 2625 4 0 4 2625 525
ROW 2625 5 253 255 2625 13
ROW 2625 6 0 21 2625 0
ROW 2625 7 0 24 2625 105
ROW 2626 0 9 16 2626 154
ROW 2626 1 17 32 2626 68
ROW 2626 2 3 31 2626 0
ROW 2626 3 7 8 2626 293
ROW 2626 4 0 4 2626 525
ROW 2626 5 3 255 2626 13
ROW 2626 6 7 21 2626 0
ROW 2626 7 8 24 2626 105
ROW 2627 0 10 16 2627 154
ROW 2627 1 19 32 2627 68
ROW 2627 2 6 31 2627 0
ROW 2627 3 2 8 2627 293
ROW 2627 4 0 4 2627 525
ROW 2627 5 9 255 2627 13
ROW 2627 6 14 21 2627 0
ROW 2627 7 16 24 2627 105
ROW 2628 0 11 16 2628 154
ROW 2628 1 21 32 2628 68
ROW 2628 2 9 31 2628 0
ROW 2628 3 6 8 2628 293
ROW 2628 4 0 4 2628 525
ROW 2628 5 15 255 2628 13
ROW 2628 6 21 21 2628 0
ROW 2628 7 24 24 2628 106
ROW 2629 0 12 16 2629 154
ROW 2629 1 23 32 2629 68
ROW 2629 2 12 31 2629 0
ROW 2629 3 1 8 2629 293
ROW 2629 4 0 4 2629 525
ROW 2629 5 21 255 2629 13
ROW 2629 6 3 21 2629 0
ROW 2629 7 7 24 2629 106
ROW 2630 0 13 16 2630 154
ROW 2630 1 25 32 2630 68
ROW 2630 2 15 31 2630 0
ROW 2630 3 5 8 2630 293
ROW 2630 4 0 4 2630 525
ROW 2630 5 27 255 2630 13
ROW 2630 6 10 21 2630 0
ROW 2630 7 15 24 2630 106
ROW 2631 0 14 16 2631 154
ROW 2631 1 27 32 2631 68
ROW 2631 2 18 31 2631 0
ROW 2631 3 0 8 2631 293
ROW 2631 4 0 4 2631 525
ROW 2631 5 33 255 2631 13
ROW 2631 6 17 21 2631 0
ROW 2631 7 23 24 2631 106
ROW 2632 0 16 16 2632 155
ROW 2632 1 30 32 2632 68
ROW 2632 2 22 31 2632 0
ROW 2632 3 5 8 2632 293
ROW 2632 4 1 4 2632 525
ROW 2632 5 40 255 2632 13
ROW 2632 6 0 21 2632 0
ROW 2632 7 7 24 2632 106
ROW 2633 0 0 16 2633 155
ROW 2633 1 32 32 2633 69
ROW 2633 2 25 31 2633 0
ROW 2633 3 0 8 2633 293
ROW 2633 4 1 4 2633 525
ROW 2633 5 46 255 2633 13
ROW 2633 6 7 21 2633 0
ROW 2633 7 15 24 2633 106
ROW 2634 0 1 16 2634 155
ROW 2634 1 1 32 2634 69
ROW 2634 2 28 31 2634 0
ROW 2634 3 4 8 2634 293
ROW 2634 4 1 4 2634 525
ROW 2634 5 52 255 2634 13
ROW 2634 6 14 21 2634 0
ROW 2634 7 23 24 2634 106
ROW 2635 0 2 16 2635 155
ROW 2635 1 3 32 2635 69
ROW 2635 2 31 31 2635 0
ROW 2635 3 8 8 2635 294
ROW 2635 4 1 4 2635 525
ROW 2635 5 58 255 2635 13
ROW 2635 6 21 21 2635 0
ROW 2635 7 6 24 2635 106
ROW 2636 0 3 16 2636 155
ROW 2636 1 5 32 2636 69
ROW 2636 2 1 31 2636 0
ROW 2636 3 3 8 2636 294
ROW 2636 4 1 4 2636 525
ROW 2636 5 64 255 2636 13
ROW 2636 6 3 21 2636 0
ROW 2636 7 14 24 2636 106
ROW 2637 0 4 16 2637 155
ROW 2637 1 7 32 2637 69
ROW 2637 2 4 31 2637 0
ROW 2637 3 7 8 2637 294
ROW 2637 4 1 4 2637 525
ROW 2637 5 70 255 2637 13
ROW 2637 6 10 21 2637 0
ROW 2637 7 22 24 2637 106
ROW 2638 0 5 16 2638 155
ROW 2638 1 9 32 2638 69
ROW 2638 2 7 31 2638 0
ROW 2638 3 2 8 2638 294
ROW 2638 4 1 4 2638 525
ROW 2638 5 76 255 2638 13
ROW 2638 6 17 21 2638 0
ROW 2638 7 5 24 2638 106
ROW 2639 0 7 16 2639 155
ROW 2639 1 12 32 2639 69
ROW 2639 2 11 31 2639 0
ROW 2639 3 7 8 2639 294
ROW 2639 4 2 4 2639 525
ROW 2639 5 83 255 2639 13
ROW 2639 6 0 21 2639 0
ROW 2639 7 14 24 2639 106
ROW 2640 0 8 16 2640 155
ROW 2640 1 14 32 2640 69
ROW 2640 2 14 31 2640 0
ROW 2640 3 2 8 2640 294
ROW 2640 4 2 4 2640 525
ROW 2640 5 89 255 2640 13
ROW 2640 6 7 21 2640 0
ROW 2640 7 22 24 2640 106
ROW 2641 0 9 16 2641 155
ROW 2641 1 16 32 2641 69
ROW 2641 2 17 31 2641 0
ROW 2641 3 6 8 2641 294
ROW 2641 4 2 4 2641 525
ROW 2641 5 95 255 2641 13
ROW 2641 6 14 21 2641 0
ROW 2641 7 5 24 2641 106
ROW 2642 0 10 16 2642 155
ROW 2642 1 18 32 2642 69
ROW 2642 2 20 31 2642 0
ROW 2642 3 1 8 2642 294
ROW 2642 4 2 4 2642 525
ROW 2642 5 101 255 2642 13
ROW 2642 6 21 21 2642 0
ROW 2642 7 13 24 2642 106
ROW 2643 0 11 16 2643 155
ROW 2643 1 20 32 2643 69
ROW 2643 2 23 31 2643 0
ROW 2643 3 5 8 2643 294
ROW 2643 4 2 4 2643 525
ROW 2643 5 107 255 2643 13
ROW 2643 6 3 21 2643 0
ROW 2643 7 21 24 2643 106
ROW 2644 0 12 16 2644 155
ROW 2644 1 22 32 2644 69
ROW 2644 2 26 31 2644 0
ROW 2644 3 0 8 2644 294
ROW 2644 4 2 4 2644 525
ROW 2644 5 113 255 2644 13
ROW 2644 6 10 21 2644 0
ROW 2644 7 4 24 2644 106
ROW 2645 0 13 16 2645 155
ROW 2645 1 24 32 2645 69
ROW 2645 2 29 31 2645 0
ROW 2645 3 4 8 2645 294
ROW 2645 4 2 4 2645 525
ROW 2645 5 119 255 2645 13
ROW 2645 6 17 21 2645 0
ROW 2645 7 12 24 2645 106
ROW 2646 0 15 16 2646 155
ROW 2646 1 27 32 2646 69
ROW 2646 2 0 31 2646 0
ROW 2646 3 0 8 2646 294
ROW 2646 4 3 4 2646 525
ROW 2646 5 126 255 2646 13
ROW 2646 6 0 21 2646 0
ROW 2646 7 21 24 2646 106
ROW 2647 0 16 16 2647 156
ROW 2647 1 29 32 2647 69
ROW 2647 2 3 31 2647 0
ROW 2647 3 4 8 2647 294
ROW 2647 4 3 4 2647 525
ROW 2647 5 132 255 2647 13
ROW 2647 6 7 21 2647 0
ROW 2647 7 4 24 2647 106
ROW 2648 0 0 16 2648 156
ROW 2648 1 31 32 2648 69
ROW 2648 2 6 31 2648 0
ROW 2648 3 8 8 2648 295
ROW 2648 4 3 4 2648 525
ROW 2648 5 138 255 2648 13
ROW 2648 6 14 21 2648 0
ROW 2648 7 12 24 2648 106
ROW 2649 0 1 16 2649 156
ROW 2649 1 0 32 2649 69
ROW 2649 2 9 31 2649 0
ROW 2649 3 3 8 2649 295
ROW 2649 4 3 4 2649 525
ROW 2649 5 144 255 2649 13
ROW 2649 6 21 21 2649 0
ROW 2649 7 20 24 2649 106
ROW 2650 0 2 16 2650 156
ROW 2650 1 2 32 2650 69
ROW 2650 2 12 31 2650 0
ROW 2650 3 7 8 2650 295
ROW 2650 4 3 4 2650 525
ROW 2650 5 150 255 2650 13
ROW 2650 6 3 21 2650 0
ROW 2650 7 3 24 2650 106
ROW 2651 0 3 16 2651 156
ROW 2651 1 4 32 2651 69
ROW 2651 2 15 31 2651 0
ROW 2651 3 2 8 2651 295
ROW 2651 4 3 4 2651 525
ROW 2651 5 156 255 2651 13
ROW 2651 6 10 21 2651 0
ROW 2651 7 11 24 2651 106
ROW 2652 0 4 16 2652 156
ROW 2652 1 6 32 2652 69
ROW 2652 2 18 31 2652 0
ROW 2652 3 6 8 2652 295
ROW 2652 4 3 4 2652 525
ROW 2652 5 162 255 2652 13
ROW 2652 6 17 21 2652 0
ROW 2652 7 19 24 2652 106
ROW 2653 0 6 16 2653 156
ROW 2653 1 9 32 2653 69
ROW 2653 2 22 31 2653 0
ROW 2653 3 2 8 2653 295
ROW 2653 4 4 4 2653 526
ROW 2653 5 169 255 2653 13
ROW 2653 6 0 21 2653 0
ROW 2653 7 3 24 2653 106
ROW 2654 0 7 16 2654 156
ROW 2654 1 11 32 2654 69
ROW 2654 2 25 31 2654 0
ROW 2654 3 6 8 2654 295
ROW 2654 4 4 4 2654 527
ROW 2654 5 175 255 2654 13
ROW 2654 6 7 21 2654 0
ROW 2654 7 11 24 2654 106
ROW 2655 0 8 16 2655 156
ROW 2655 1 13 32 2655 69
ROW 2655 2 28 31 2655 0
ROW 2655 3 1 8 2655 295
ROW 2655 4 4 4 2655 528
ROW 2655 5 181 255 2655 13
ROW 2655 6 14 21 2655 0
ROW 2655 7 19 24 2655 106
ROW 2656 0 9 16 2656 156
ROW 2656 1 15 32 2656 69
ROW 2656 2 31 31 2656 0
ROW 2656 3 5 8 2656 295
ROW 2656 4 4 4 2656 529
ROW 2656 5 187 255 2656 13
ROW 2656 6 21 21 2656 0
ROW 2656 7 2 24 2656 106
ROW 2657 0 10 16 2657 156
ROW 2657 1 17 32 2657 69
ROW 2657 2 1 31 2657 0
ROW 2657 3 0 8 2657 295
ROW 2657 4 4 4 2657 530
ROW 2657 5 193 255 2657 13
ROW 2657 6 3 21 2657 0
ROW 2657 7 10 24 2657 106
ROW 2658 0 11 16 2658 156
ROW 2658 1 19 32 2658 69
ROW 2658 2 4 31 2658 0
ROW 2658 3 4 8 2658 295
ROW 2658 4 4 4 2658 531
ROW 2658 5 199 255 2658 13
ROW 2658 6 10 21 2658 0
ROW 2658 7 18 24 2658 106
ROW 2659 0 12 16 2659 156
ROW 2659 1 21 32 2659 69
ROW 2659 2 7 31 2659 0
ROW 2659 3 8 8 2659 296
ROW 2659 4 4 4 2659 532
ROW 2659 5 205 255 2659 13
ROW 2659 6 17 21 2659 0
ROW 2659 7 1 24 2659 106
ROW 2660 0 14 16 2660 156
ROW 2660 1 24 32 2660 69
ROW 2660 2 11 31 2660 0
ROW 2660 3 4 8 2660 296
ROW 2660 4 0 4 2660 532
ROW 2660 5 212 255 2660 13
ROW 2660 6 0 21 2660 0
ROW 2660 7 10 24 2660 106
ROW 2661 0 15 16 2661 156
ROW 2661 1 26 32 2661 69
ROW 2661 2 14 31 2661 0
ROW 2661 3 8 8 2661 297
ROW 2661 4 0 4 2661 532
ROW 2661 5 218 255 2661 13
ROW 2661 6 7 21 2661 0
ROW 2661 7 18 24 2661 106
ROW 2662 0 16 16 2662 157
ROW 2662 1 28 32 2662 69
ROW 2662 2 17 31 2662 0
ROW 2662 3 3 8 2662 297
ROW 2662 4 0 4 2662 532
ROW 2662 5 224 255 2662 13
ROW 2662 6 14 21 2662 0
ROW 2662 7 1 24 2662 106
ROW 2663 0 0 16 2663 157
ROW 2663 1 30 32 2663 69
ROW 2663 2 20 31 2663 0
ROW 2663 3 7 8 2663 297
ROW 2663 4 0 4 2663 532
ROW 2663 5 230 255 2663 13
ROW 2663 6 21 21 2663 0
ROW 2663 7 9 24 2663 106
ROW 2664 0 1 16 2664 157
ROW 2664 1 32 32 2664 70
ROW 2664 2 23 31 2664 0
ROW 2664 3 2 8 2664 297
ROW 2664 4 0 4 2664 532
ROW 2664 5 236 255 2664 13
ROW 2664 6 3 21 2664 0
ROW 2664 7 17 24 2664 106
ROW 2665 0 2 16 2665 157
ROW 2665 1 1 32 2665 70
ROW 2665 2 26 31 2665 0
ROW 2665 3 6 8 2665 297
ROW 2665 4 0 4 2665 532
ROW 2665 5 242 255 2665 13
ROW 2665 6 10 21 2665 0
ROW 2665 7 0 24 2665 106
ROW 2666 0 3 16 2666 157
ROW 2666 1 3 32 2666 70
ROW 2666 2 29 31 2666 0
ROW 2666 3 1 8 2666 297
ROW 2666 4 0 4 2666 532
ROW 2666 5 248 255 2666 13
ROW 2666 6 17 21 2666 0
ROW 2666 7 8 24 2666 106
ROW 2667 0 5 16 2667 157
ROW 2667 1 6 32 2667 70
ROW 2667 2 0 31 2667 0
ROW 2667 3 6 8 2667 297
ROW 2667 4 1 4 2667 532
ROW 2667 5 255 255 2667 14
ROW 2667 6 0 21 2667 0
ROW 2667 7 17 24 2667 106
ROW 2668 0 6 16 2668 157
ROW 2668 1 8 32 2668 70
ROW 2668 2 3 31 2668 0
ROW 2668 3 1 8 2668 297
ROW 2668 4 1 4 2668 532
ROW 2668 5 5 255 2668 14
ROW 2668 6 7 21 2668 0
ROW 2668 7 0 24 2668 106
ROW 2669 0 7 16 2669 157
ROW 2669 1 10 32 2669 70
ROW 2669 2 6 31 2669 0
ROW 2669 3 5 8 2669 297
ROW 2669 4 1 4 2669 532
ROW 2669 5 11 255 2669 14
ROW 2669 6 14 21 2669 0
ROW 2669 7 8 24 2669 106
ROW 2670 0 8 16 2670 157
ROW 2670 1 12 32 2670 70
ROW 2670 2 9 31 2670 0
ROW 2670 3 0 8 2670 297
ROW 2670 4 1 4 2670 532
ROW 2670 5 17 255 2670 14
ROW 2670 6 21 21 2670 0
ROW 2670 7 16 24 2670 106
ROW 2671 0 9 16 2671 157
ROW 2671 1 14 32 2671 70
ROW 2671 2 12 31 2671 0
ROW 2671 3 4 8 2671 297
ROW 2671 4 1 4 2671 532
ROW 2671 5 23 255 2671 14
ROW 2671 6 3 21 2671 0
ROW 2671 7 24 24 2671 107
ROW 2672 0 10 16 2672 157
ROW 2672 1 16 32 2672 70
ROW 2672 2 15 31 2672 0
ROW 2672 3 8 8 2672 298
ROW 2672 4 1 4 2672 532
ROW 2672 5 29 255 2672 14
ROW 2672 6 10 21 2672 0
ROW 2672 7 7 24 2672 107
ROW 2673 0 11 16 2673 157
ROW 2673 1 18 32 2673 70
ROW 2673 2 18 31 2673 0
ROW 2673 3 3 8 2673 298
ROW 2673 4 1 4 2673 532
ROW 2673 5 35 255 2673 14
ROW 2673 6 17 21 2673 0
ROW 2673 7 15 24 2673 107
ROW 2674 0 13 16 2674 157
ROW 2674 1 21 32 2674 70
ROW 2674 2 22 31 2674 0
ROW 2674 3 8 8 2674 299
ROW 2674 4 2 4 2674 532
ROW 2674 5 42 255 2674 14
ROW 2674 6 0 21 2674 0
ROW 2674 7 24 24 2674 108
ROW 2675 0 14 16 2675 157
ROW 2675 1 23 32 2675 70
ROW 2675 2 25 31 2675 0
ROW 2675 3 3 8 2675 299
ROW 2675 4 2 4 2675 532
ROW 2675 5 48 255 2675 14
ROW 2675 6 7 21 2675 0
ROW 2675 7 7 24 2675 108
ROW 2676 0 15 16 2676 157
ROW 2676 1 25 32 2676 70
ROW 2676 2 28 31 2676 0
ROW 2676 3 7 8 2676 299
ROW 2676 4 2 4 2676 532
ROW 2676 5 54 255 2676 14
ROW 2676 6 14 21 2676 0
ROW 2676 7 15 24 2676 108
ROW 2677 0 16 16 2677 158
ROW 2677 1 27 32 2677 70
ROW 2677 2 31 31 2677 0
ROW 2677 3 2 8 2677 299
ROW 2677 4 2 4 2677 532
ROW 2677 5 60 255 2677 14
ROW 2677 6 21 21 2677 0
ROW 2677 7 23 24 2677 108
ROW 2678 0 0 16 2678 158
ROW 2678 1 29 32 2678 70
ROW 2678 2 1 31 2678 0
ROW 2678 3 6 8 2678 299
ROW 2678 4 2 4 2678 532
ROW 2678 5 66 255 2678 14
ROW 2678 6 3 21 2678 0
ROW 2678 7 6 24 2678 108
ROW 2679 0 1 16 2679 158
ROW 2679 1 31 32 2679 70
ROW 2679 2 4 31 2679 0
ROW 2679 3 1 8 2679 299
ROW 2679 4 2 4 2679 532
ROW 2679 5 72 255 2679 14
ROW 2679 6 10 21 2679 0
ROW 2679 7 14 24 2679 108
ROW 2680 0 2 16 2680 158
ROW 2680 1 0 32 2680 70
ROW 2680 2 7 31 2680 0
ROW 2680 3 5 8 2680 299
ROW 2680 4 2 4 2680 532
ROW 2680 5 78 255 2680 14
ROW 2680 6 17 21 2680 0
ROW 2680 7 22 24 2680 108
ROW 2681 0 4 16 2681 158
ROW 2681 1 3 32 2681 70
ROW 2681 2 11 31 2681 0
ROW 2681 3 1 8 2681 299
ROW 2681 4 3 4 2681 532
ROW 2681 5 85 255 2681 14
ROW 2681 6 0 21 2681 0
ROW 2681 7 6 24 2681 108
ROW 2682 0 5 16 2682 158
ROW 2682 1 5 32 2682 70
ROW 2682 2 14 31 2682 0
ROW 2682 3 5 8 2682 299
ROW 2682 4 3 4 2682 532
ROW 2682 5 91 255 2682 14
ROW 2682 6 7 21 2682 0
ROW 2682 7 14 24 2682 108
ROW 2683 0 6 16 2683 158
ROW 2683 1 7 32 2683 70
ROW 2683 2 17 31 2683 0
ROW 2683 3 0 8 2683 299
ROW 2683 4 3 4 2683 532
ROW 2683 5 97 255 2683 14
ROW 2683 6 14 21 2683 0
ROW 2683 7 22 24 2683 108
ROW 2684 0 7 16 2684 158
ROW 2684 1 9 32 2684 70
ROW 2684 2 20 31 2684 0
ROW 2684 3 4 8 2684 299
ROW 2684 4 3 4 2684 532
ROW 2684 5 103 255 2684 14
ROW 2684 6 21 21 2684 0
ROW 2684 7 5 24 2684 108
ROW 2685 0 8 16 2685 158
ROW 2685 1 11 32 2685 70
ROW 2685 2 23 31 2685 0
ROW 2685 3 8 8 2685 300
ROW 2685 4 3 4 2685 532
ROW 2685 5 109 255 2685 14
ROW 2685 6 3 21 2685 0
ROW 2685 7 13 24 2685 108
ROW 2686 0 9 16 2686 158
ROW 2686 1 13 32 2686 70
ROW 2686 2 26 31 2686 0
ROW 2686 3 3 8 2686 300
ROW 2686 4 3 4 2686 532
ROW 2686 5 115 255 2686 14
ROW 2686 6 10 21 2686 0
ROW 2686 7 21 24 2686 108
ROW 2687 0 10 16 2687 158
ROW 2687 1 15 32 2687 70
ROW 2687 2 29 31 2687 0
ROW 2687 3 7 8 2687 300
ROW 2687 4 3 4 2687 532
ROW 2687 5 121 255 2687 14
ROW 2687 6 17 21 2687 0
ROW 2687 7 4 24 2687 108
ROW 2688 0 12 16 2688 158
ROW 2688 1 18 32 2688 70
ROW 2688 2 0 31 2688 0
ROW 2688 3 3 8 2688 300
ROW 2688 4 4 4 2688 533
ROW 2688 5 128 255 2688 14
ROW 2688 6 0 21 2688 0
ROW 2688 7 13 24 2688 108
ROW 2689 0 13 16 2689 158
ROW 2689 1 20 32 2689 70
ROW 2689 2 3 31 2689 0
ROW 2689 3 7 8 2689 300
ROW 2689 4 4 4 2689 534
ROW 2689 5 134 255 2689 14
ROW 2689 6 7 21 2689 0
ROW 2689 7 21 24 2689 108
ROW 2690 0 14 16 2690 158
ROW 2690 1 22 32 2690 70
ROW 2690 2 6 31 2690 0
ROW 2690 3 2 8 2690 300
ROW 2690 4 4 4 2690 535
ROW 2690 5 140 255 2690 14
ROW 2690 6 14 21 2690 0
ROW 2690 7 4 24 2690 108
ROW 2691 0 15 16 2691 158
ROW 2691 1 24 32 2691 70
ROW 2691 2 9 31 2691 0
ROW 2691 3 6 8 2691 300
ROW 2691 4 4 4 2691 536
ROW 2691 5 146 255 2691 14
ROW 2691 6 21 21 2691 0
ROW 2691 7 12 24 2691 108
ROW 2692 0 16 16 2692 159
ROW 2692 1 26 32 2692 70
ROW 2692 2 12 31 2692 0
ROW 2692 3 1 8 2692 300
ROW 2692 4 4 4 2692 537
ROW 2692 5 152 255 2692 14
ROW 2692 6 3 21 2692 0
ROW 2692 7 20 24 2692 108
ROW 2693 0 0 16 2693 159
ROW 2693 1 28 32 2693 70
ROW 2693 2 15 31 2693 0
ROW 2693 3 5 8 2693 300
ROW 2693 4 4 4 2693 538
ROW 2693 5 158 255 2693 14
ROW 2693 6 10 21 2693 0
ROW 2693 7 3 24 2693 108
ROW 2694 0 1 16 2694 159
ROW 2694 1 30 32 2694 70
ROW 2694 2 18 31 2694 0
ROW 2694 3 0 8 2694 300
ROW 2694 4 4 4 2694 539
ROW 2694 5 164 255 2694 14
ROW 2694 6 17 21 2694 0
ROW 2694 7 11 24 2694 108
ROW 2695 0 3 16 2695 159
ROW 2695 1 0 32 2695 70
ROW 2695 2 22 31 2695 0
ROW 2695 3 5 8 2695 300
ROW 2695 4 0 4 2695 539
ROW 2695 5 171 255 2695 14
ROW 2695 6 0 21 2695 0
ROW 2695 7 20 24 2695 108
ROW 2696 0 4 16 2696 159
ROW 2696 1 2 32 2696 70
ROW 2696 2 25 31 2696 0
ROW 2696 3 0 8 2696 300
ROW 2696 4 0 4 2696 539
ROW 2696 5 177 255 2696 14
ROW 2696 6 7 21 2696 0
ROW 2696 7 3 24 2696 108
ROW 2697 0 5 16 2697 159
ROW 2697 1 4 32 2697 70
ROW 2697 2 28 31 2697 0
ROW 2697 3 4 8 2697 300
ROW 2697 4 0 4 2697 539
ROW 2697 5 183 255 2697 14
ROW 2697 6 14 21 2697 0
ROW 2697 7 11 24 2697 108
ROW 2698 0 6 16 2698 159
ROW 2698 1 6 32 2698 70
ROW 2698 2 31 31 2698 0
ROW 2698 3 8 8 2698 301
ROW 2698 4 0 4 2698 539
ROW 2698 5 189 255 2698 14
ROW 2698 6 21 21 2698 0
ROW 2698 7 19 24 2698 108
ROW 2699 0 7 16 2699 159
ROW 2699 1 8 32 2699 70
ROW 2699 2 1 31 2699 0
ROW 2699 3 3 8 2699 301
ROW 2699 4 0 4 2699 539
ROW 2699 5 195 255 2699 14
ROW 2699 6 3 21 2699 0
ROW 2699 7 2 24 2699 108
ROW 2700 0 8 16 2700 159
ROW 2700 1 10 32 2700 70
ROW 2700 2 4 31 2700 0
ROW 2700 3 7 8 2700 301
ROW 2700 4 0 4 2700 539
ROW 2700 5 201 255 2700 14
ROW 2700 6 10 21 2700 0
ROW 2700 7 10 24 2700 108
ROW 2701 0 9 16 2701 159
ROW 2701 1 12 32 2701 70
ROW 2701 2 7 31 2701 0
ROW 2701 3 2 8 2701 301
ROW 2701 4 0 4 2701 539
ROW 2701 5 207 255 2701 14
ROW 2701 6 17 21 2701 0
ROW 2701 7 18 24 2701 108
ROW 2702 0 11 16 2702 159
ROW 2702 1 15 32 2702 70
ROW 2702 2 11 31 2702 0
ROW 2702 3 7 8 2702 301
ROW 2702 4 1 4 2702 539
ROW 2702 5 214 255 2702 14
ROW 2702 6 0 21 2702 0
ROW 2702 7 2 24 2702 108
ROW 2703 0 12 16 2703 159
ROW 2703 1 17 32 2703 70
ROW 2703 2 14 31 2703 0
ROW 2703 3 2 8 2703 301
ROW 2703 4 1 4 2703 539
ROW 2703 5 220 255 2703 14
ROW 2703 6 7 21 2703 0
ROW 2703 7 10 24 2703 108
ROW 2704 0 13 16 2704 159
ROW 2704 1 19 32 2704 70
ROW 2704 2 17 31 2704 0
ROW 2704 3 6 8 2704 301
ROW 2704 4 1 4 2704 539
ROW 2704 5 226 255 2704 14
ROW 2704 6 14 21 2704 0
ROW 2704 7 18 24 2704 108
ROW 2705 0 14 16 2705 159
ROW 2705 1 21 32 2705 70
ROW 2705 2 20 31 2705 0
ROW 2705 3 1 8 2705 301
ROW 2705 4 1 4 2705 539
ROW 2705 5 232 255 2705 14
ROW 2705 6 21 21 2705 0
ROW 2705 7 1 24 2705 108
ROW 2706 0 15 16 2706 159
ROW 2706 1 23 32 2706 70
ROW 2706 2 23 31 2706 0
ROW 2706 3 5 8 2706 301
ROW 2706 4 1 4 2706 539
ROW 2706 5 238 255 2706 14
ROW 2706 6 3 21 2706 0
ROW 2706 7 9 24 2706 108
ROW 2707 0 16 16 2707 160
ROW 2707 1 25 32 2707 70
ROW 2707 2 26 31 2707 0
ROW 2707 3 0 8 2707 301
ROW 2707 4 1 4 2707 539
ROW 2707 5 244 255 2707 14
ROW 2707 6 10 21 2707 0
ROW 2707 7 17 24 2707 108
ROW 2708 0 0 16 2708 160
ROW 2708 1 27 32 2708 70
ROW 2708 2 29 31 2708 0
ROW 2708 3 4 8 2708 301
ROW 2708 4 1 4 2708 539
ROW 2708 5 250 255 2708 14
ROW 2708 6 17 21 2708 0
ROW 2708 7 0 24 2708 108
ROW 2709 0 2 16 2709 160
ROW 2709 1 30 32 2709 70
ROW 2709 2 0 31 2709 0
ROW 2709 3 0 8 2709 301
ROW 2709 4 2 4 2709 539
ROW 2709 5 1 255 2709 14
ROW 2709 6 0 21 2709 0
ROW 2709 7 9 24 2709 108
ROW 2710 0 3 16 2710 160
ROW 2710 1 32 32 2710 71
ROW 2710 2 3 31 2710 0
ROW 2710 3 4 8 2710 301
ROW 2710 4 2 4 2710 539
ROW 2710 5 7 255 2710 14
ROW 2710 6 7 21 2710 0
ROW 2710 7 17 24 2710 108
ROW 2711 0 4 16 2711 160
ROW 2711 1 1 32 2711 71
ROW 2711 2 6 31 2711 0
ROW 2711 3 8 8 2711 302
ROW 2711 4 2 4 2711 539
ROW 2711 5 13 255 2711 14
ROW 2711 6 14 21 2711 0
ROW 2711 7 0 24 2711 108
ROW 2712 0 5 16 2712 160
ROW 2712 1 3 32 2712 71
ROW 2712 2 9 31 2712 0
ROW 2712 3 3 8 2712 302
ROW 2712 4 2 4 2712 539
ROW 2712 5 19 255 2712 14
ROW 2712 6 21 21 2712 0
ROW 2712 7 8 24 2712 108
ROW 2713 0 6 16 2713 160
ROW 2713 1 5 32 2713 71
ROW 2713 2 12 31 2713 0
ROW 2713 3 7 8 2713 302
ROW 2713 4 2 4 2713 539
ROW 2713 5 25 255 2713 14
ROW 2713 6 3 21 2713 0
ROW 2713 7 16 24 2713 108
ROW 2714 0 7 16 2714 160
ROW 2714 1 7 32 2714 71
ROW 2714 2 15 31 2714 0
ROW 2714 3 2 8 2714 302
ROW 2714 4 2 4 2714 539
ROW 2714 5 31 255 2714 14
ROW 2714 6 10 21 2714 0
ROW 2714 7 24 24 2714 109
ROW 2715 0 8 16 2715 160
ROW 2715 1 9 32 2715 71
ROW 2715 2 18 31 2715 0
ROW 2715 3 6 8 2715 302
ROW 2715 4 2 4 2715 539
ROW 2715 5 37 255 2715 14
ROW 2715 6 17 21 2715 0
ROW 2715 7 7 24 2715 109
ROW 2716 0 10 16 2716 160
ROW 2716 1 12 32 2716 71
ROW 2716 2 22 31 2716 0
ROW 2716 3 2 8 2716 302
ROW 2716 4 3 4 2716 539
ROW 2716 5 44 255 2716 14
ROW 2716 6 0 21 2716 0
ROW 2716 7 16 24 2716 109
ROW 2717 0 11 16 2717 160
ROW 2717 1 14 32 2717 71
ROW 2717 2 25 31 2717 0
ROW 2717 3 6 8 2717 302
ROW 2717 4 3 4 2717 539
ROW 2717 5 50 255 2717 14
ROW 2717 6 7 21 2717 0
ROW 2717 7 24 24 2717 110
ROW 2718 0 12 16 2718 160
ROW 2718 1 16 32 2718 71
ROW 2718 2 28 31 2718 0
ROW 2718 3 1 8 2718 302
ROW 2718 4 3 4 2718 539
ROW 2718 5 56 255 2718 14
ROW 2718 6 14 21 2718 0
ROW 2718 7 7 24 2718 110
ROW 2719 0 13 16 2719 160
ROW 2719 1 18 32 2719 71
ROW 2719 2 31 31 2719 0
ROW 2719 3 5 8 2719 302
ROW 2719 4 3 4 2719 539
ROW 2719 5 62 255 2719 14
ROW 2719 6 21 21 2719 0
ROW 2719 7 15 24 2719 110
ROW 2720 0 14 16 2720 160
ROW 2720 1 20 32 2720 71
ROW 2720 2 1 31 2720 0
ROW 2720 3 0 8 2720 302
ROW 2720 4 3 4 2720 539
ROW 2720 5 68 255 2720 14
ROW 2720 6 3 21 2720 0
ROW 2720 7 23 24 2720 110
ROW 2721 0 15 16 2721 160
ROW 2721 1 22 32 2721 71
ROW 2721 2 4 31 2721 0
ROW 2721 3 4 8 2721 302
ROW 2721 4 3 4 2721 539
ROW 2721 5 74 255 2721 14
ROW 2721 6 10 21 2721 0
ROW 2721 7 6 24 2721 110
ROW 2722 0 16 16 2722 161
ROW 2722 1 24 32 2722 71
ROW 2722 2 7 31 2722 0
ROW 2722 3 8 8 2722 303
ROW 2722 4 3 4 2722 539
ROW 2722 5 80 255 2722 14
ROW 2722 6 17 21 2722 0
ROW 2722 7 14 24 2722 110
ROW 2723 0 1 16 2723 161
ROW 2723 1 27 32 2723 71
ROW 2723 2 11 31 2723 0
ROW 2723 3 4 8 2723 303
ROW 2723 4 4 4 2723 540
ROW 2723 5 87 255 2723 14
ROW 2723 6 0 21 2723 0
ROW 2723 7 23 24 2723 110
ROW 2724 0 2 16 2724 161
ROW 2724 1 29 32 2724 71
ROW 2724 2 14 31 2724 0
ROW 2724 3 8 8 2724 304
ROW 2724 4 4 4 2724 541
ROW 2724 5 93 255 2724 14
ROW 2724 6 7 21 2724 0
ROW 2724 7 6 24 2724 110
ROW 2725 0 3 16 2725 161
ROW 2725 1 31 32 2725 71
ROW 2725 2 17 31 2725 0
ROW 2725 3 3 8 2725 304
ROW 2725 4 4 4 2725 542
ROW 2725 5 99 255 2725 14
ROW 2725 6 14 21 2725 0
ROW 2725 7 14 24 2725 110
ROW 2726 0 4 16 2726 161
ROW 2726 1 0 32 2726 71
ROW 2726 2 20 31 2726 0
ROW 2726 3 7 8 2726 304
ROW 2726 4 4 4 2726 543
ROW 2726 5 105 255 2726 14
ROW 2726 6 21 21 2726 0
ROW 2726 7 22 24 2726 110
ROW 2727 0 5 16 2727 161
ROW 2727 1 2 32 2727 71
ROW 2727 2 23 31 2727 0
ROW 2727 3 2 8 2727 304
ROW 2727 4 4 4 2727 544
ROW 2727 5 111 255 2727 14
ROW 2727 6 3 21 2727 0
ROW 2727 7 5 24 2727 110
ROW 2728 0 6 16 2728 161
ROW 2728 1 4 32 2728 71
ROW 2728 2 26 31 2728 0
ROW 2728 3 6 8 2728 304
ROW 2728 4 4 4 2728 545
ROW 2728 5 117 255 2728 14
ROW 2728 6 10 21 2728 0
ROW 2728 7 13 24 2728 110
ROW 2729 0 7 16 2729 161
ROW 2729 1 6 32 2729 71
ROW 2729 2 29 31 2729 0
ROW 2729 3 1 8 2729 304
ROW 2729 4 4 4 2729 546
ROW 2729 5 123 255 2729 14
ROW 2729 6 17 21 2729 0
ROW 2729 7 21 24 2729 110
ROW 2730 0 9 16 2730 161
ROW 2730 1 9 32 2730 71
ROW 2730 2 0 31 2730 0
ROW 2730 3 6 8 2730 304
ROW 2730 4 0 4 2730 546
ROW 2730 5 130 255 2730 14
ROW 2730 6 0 21 2730 0
ROW 2730 7 5 24 2730 110
ROW 2731 0 10 16 2731 161
ROW 2731 1 11 32 2731 71
ROW 2731 2 3 31 2731 0
ROW 2731 3 1 8 2731 304
ROW 2731 4 0 4 2731 546
ROW 2731 5 136 255 2731 14
ROW 2731 6 7 21 2731 0
ROW 2731 7 13 24 2731 110
ROW 2732 0 11 16 2732 161
ROW 2732 1 13 32 2732 71
ROW 2732 2 6 31 2732 0
ROW 2732 3 5 8 2732 304
ROW 2732 4 0 4 2732 546
ROW 2732 5 142 255 2732 14
ROW 2732 6 14 21 2732 0
ROW 2732 7 21 24 2732 110
ROW 2733 0 12 16 2733 161
ROW 2733 1 15 32 2733 71
ROW 2733 2 9 31 2733 0
ROW 2733 3 0 8 2733 304
ROW 2733 4 0 4 2733 546
ROW 2733 5 148 255 2733 14
ROW 2733 6 21 21 2733 0
ROW 2733 7 4 24 2733 110
ROW 2734 0 13 16 2734 161
ROW 2734 1 17 32 2734 71
ROW 2734 2 12 31 2734 0
ROW 2734 3 4 8 2734 304
ROW 2734 4 0 4 2734 546
ROW 2734 5 154 255 2734 14
ROW 2734 6 3 21 2734 0
ROW 2734 7 12 24 2734 110
ROW 2735 0 14 16 2735 161
ROW 2735 1 19 32 2735 71
ROW 2735 2 15 31 2735 0
ROW 2735 3 8 8 2735 305
ROW 2735 4 0 4 2735 546
ROW 2735 5 160 255 2735 14
ROW 2735 6 10 21 2735 0
ROW 2735 7 20 24 2735 110
ROW 2736 0 15 16 2736 161
ROW 2736 1 21 32 2736 71
ROW 2736 2 18 31 2736 0
ROW 2736 3 3 8 2736 305
ROW 2736 4 0 4 2736 546
ROW 2736 5 166 255 2736 14
ROW 2736 6 17 21 2736 0
ROW 2736 7 3 24 2736 110
ROW 2737 0 0 16 2737 161
ROW 2737 1 24 32 2737 71
ROW 2737 2 22 31 2737 0
ROW 2737 3 8 8 2737 306
ROW 2737 4 1 4 2737 546
ROW 2737 5 173 255 2737 14
ROW 2737 6 0 21 2737 0
ROW 2737 7 12 24 2737 110
ROW 2738 0 1 16 2738 161
ROW 2738 1 26 32 2738 71
ROW 2738 2 25 31 2738 0
ROW 2738 3 3 8 2738 306
ROW 2738 4 1 4 2738 546
ROW 2738 5 179 255 2738 14
ROW 2738 6 7 21 2738 0
ROW 2738 7 20 24 2738 110
ROW 2739 0 2 16 2739 161
ROW 2739 1 28 32 2739 71
ROW 2739 2 28 31 2739 0
ROW 2739 3 7 8 2739 306
ROW 2739 4 1 4 2739 546
ROW 2739 5 185 255 2739 14
ROW 2739 6 14 21 2739 0
ROW 2739 7 3 24 2739 110
ROW 2740 0 3 16 2740 161
ROW 2740 1 30 32 2740 71
ROW 2740 2 31 31 2740 0
ROW 2740 3 2 8 2740 306
ROW 2740 4 1 4 2740 546
ROW 2740 5 191 255 2740 14
ROW 2740 6 21 21 2740 0
ROW 2740 7 11 24 2740 110
ROW 2741 0 4 16 2741 161
ROW 2741 1 32 32 2741 72
ROW 2741 2 1 31 2741 0
ROW 2741 3 6 8 2741 306
ROW 2741 4 1 4 2741 546
ROW 2741 5 197 255 2741 14
ROW 2741 6 3 21 2741 0
ROW 2741 7 19 24 2741 110
ROW 2742 0 5 16 2742 161
ROW 2742 1 1 32 2742 72
ROW 2742 2 4 31 2742 0
ROW 2742 3 1 8 2742 306
ROW 2742 4 1 4 2742 546
ROW 2742 5 203 255 2742 14
ROW 2742 6 10 21 2742 0
ROW 2742 7 2 24 2742 110
ROW 2743 0 6 16 2743 161
ROW 2743 1 3 32 2743 72
ROW 2743 2 7 31 2743 0
ROW 2743 3 5 8 2743 306
ROW 2743 4 1 4 2743 546
ROW 2743 5 209 255 2743 14
ROW 2743 6 17 21 2743 0
ROW 2743 7 10 24 2743 110
ROW 2744 0 8 16 2744 161
ROW 2744 1 6 32 2744 72
ROW 2744 2 11 31 2744 0
ROW 2744 3 1 8 2744 306
ROW 2744 4 2 4 2744 546
ROW 2744 5 216 255 2744 14
ROW 2744 6 0 21 2744 0
ROW 2744 7 19 24 2744 110
ROW 2745 0 9 16 2745 161
ROW 2745 1 8 32 2745 72
ROW 2745 2 14 31 2745 0
ROW 2745 3 5 8 2745 306
ROW 2745 4 2 4 2745 546
ROW 2745 5 222 255 2745 14
ROW 2745 6 7 21 2745 0
ROW 2745 7 2 24 2745 110
ROW 2746 0 10 16 2746 161
ROW 2746 1 10 32 2746 72
ROW 2746 2 17 31 2746 0
ROW 2746 3 0 8 2746 306
ROW 2746 4 2 4 2746 546
ROW 2746 5 228 255 2746 14
ROW 2746 6 14 21 2746 0
ROW 2746 7 10 24 2746 110
ROW 2747 0 11 16 2747 161
ROW 2747 1 12 32 2747 72
ROW 2747 2 20 31 2747 0
ROW 2747 3 4 8 2747 306
ROW 2747 4 2 4 2747 546
ROW 2747 5 234 255 2747 14
ROW 2747 6 21 21 2747 0
ROW 2747 7 18 24 2747 110
ROW 2748 0 12 16 2748 161
ROW 2748 1 14 32 2748 72
ROW 2748 2 23 31 2748 0
ROW 2748 3 8 8 2748 307
ROW 2748 4 2 4 2748 546
ROW 2748 5 240 255 2748 14
ROW 2748 6 3 21 2748 0
ROW 2748 7 1 24 2748 110
ROW 2749 0 13 16 2749 161
ROW 2749 1 16 32 2749 72
ROW 2749 2 26 31 2749 0
ROW 2749 3 3 8 2749 307
ROW 2749 4 2 4 2749 546
ROW 2749 5 246 255 2749 14
ROW 2749 6 10 21 2749 0
ROW 2749 7 9 24 2749 110
ROW 2750 0 14 16 2750 161
ROW 2750 1 18 32 2750 72
ROW 2750 2 29 31 2750 0
ROW 2750 3 7 8 2750 307
ROW 2750 4 2 4 2750 546
ROW 2750 5 252 255 2750 14
ROW 2750 6 17 21 2750 0
ROW 2750 7 17 24 2750 110
ROW 2751 0 16 16 2751 162
ROW 2751 1 21 32 2751 72
ROW 2751 2 0 31 2751 0
ROW 2751 3 3 8 2751 307
ROW 2751 4 3 4 2751 546
ROW 2751 5 3 255 2751 14
ROW 2751 6 0 21 2751 0
ROW 2751 7 1 24 2751 110
ROW 2752 0 0 16 2752 162
ROW 2752 1 23 32 2752 72
ROW 2752 2 3 31 2752 0
ROW 2752 3 7 8 2752 307
ROW 2752 4 3 4 2752 546
ROW 2752 5 9 255 2752 14
ROW 2752 6 7 21 2752 0
ROW 2752 7 9 24 2752 110
ROW 2753 0 1 16 2753 162
ROW 2753 1 25 32 2753 72
ROW 2753 2 6 31 2753 0
ROW 2753 3 2 8 2753 307
ROW 2753 4 3 4 2753 546
ROW 2753 5 15 255 2753 14
ROW 2753 6 14 21 2753 0
ROW 2753 7 17 24 2753 110
ROW 2754 0 2 16 2754 162
ROW 2754 1 27 32 2754 72
ROW 2754 2 9 31 2754 0
ROW 2754 3 6 8 2754 307
ROW 2754 4 3 4 2754 546
ROW 2754 5 21 255 2754 14
ROW 2754 6 21 21 2754 0
ROW 2754 7 0 24 2754 110
ROW 2755 0 3 16 2755 162
ROW 2755 1 29 32 2755 72
ROW 2755 2 12 31 2755 0
ROW 2755 3 1 8 2755 307
ROW 2755 4 3 4 2755 546
ROW 2755 5 27 255 2755 14
ROW 2755 6 3 21 2755 0
ROW 2755 7 8 24 2755 110
ROW 2756 0 4 16 2756 162
ROW 2756 1 31 32 2756 72
ROW 2756 2 15 31 2756 0
ROW 2756 3 5 8 2756 307
ROW 2756 4 3 4 2756 546
ROW 2756 5 33 255 2756 14
ROW 2756 6 10 21 2756 0
ROW 2756 7 16 24 2756 110
ROW 2757 0 5 16 2757 162
ROW 2757 1 0 32 2757 72
ROW 2757 2 18 31 2757 0
ROW 2757 3 0 8 2757 307
ROW 2757 4 3 4 2757 546
ROW 2757 5 39 255 2757 14
ROW 2757 6 17 21 2757 0
ROW 2757 7 24 24 2757 111
ROW 2758 0 7 16 2758 162
ROW 2758 1 3 32 2758 72
ROW 2758 2 22 31 2758 0
ROW 2758 3 5 8 2758 307
ROW 2758 4 4 4 2758 547
ROW 2758 5 46 255 2758 14
ROW 2758 6 0 21 2758 0
ROW 2758 7 8 24 2758 111
ROW 2759 0 8 16 2759 162
ROW 2759 1 5 32 2759 72
ROW 2759 2 25 31 2759 0
ROW 2759 3 0 8 2759 307
ROW 2759 4 4 4 2759 548
ROW 2759 5 52 255 2759 14
ROW 2759 6 7 21 2759 0
ROW 2759 7 16 24 2759 111
ROW 2760 0 9 16 2760 162
ROW 2760 1 7 32 2760 72
ROW 2760 2 28 31 2760 0
ROW 2760 3 4 8 2760 307
ROW 2760 4 4 4 2760 549
ROW 2760 5 58 255 2760 14
ROW 2760 6 14 21 2760 0
ROW 2760 7 24 24 2760 112
ROW 2761 0 10 16 2761 162
ROW 2761 1 9 32 2761 72
ROW 2761 2 31 31 2761 0
ROW 2761 3 8 8 2761 308
ROW 2761 4 4 4 2761 550
ROW 2761 5 64 255 2761 14
ROW 2761 6 21 21 2761 0
ROW 2761 7 7 24 2761 112
ROW 2762 0 11 16 2762 162
ROW 2762 1 11 32 2762 72
ROW 2762 2 1 31 2762 0
ROW 2762 3 3 8 2762 308
ROW 2762 4 4 4 2762 551
ROW 2762 5 70 255 2762 14
ROW 2762 6 3 21 2762 0
ROW 2762 7 15 24 2762 112
ROW 2763 0 12 16 2763 162
ROW 2763 1 13 32 2763 72
ROW 2763 2 4 31 2763 0
ROW 2763 3 7 8 2763 308
ROW 2763 4 4 4 2763 552
ROW 2763 5 76 255 2763 14
ROW 2763 6 10 21 2763 0
ROW 2763 7 23 24 2763 112
ROW 2764 0 13 16 2764 162
ROW 2764 1 15 32 2764 72
ROW 2764 2 7 31 2764 0
ROW 2764 3 2 8 2764 308
ROW 2764 4 4 4 2764 553
ROW 2764 5 82 255 2764 14
ROW 2764 6 17 21 2764 0
ROW 2764 7 6 24 2764 112
ROW 2765 0 15 16 2765 162
ROW 2765 1 18 32 2765 72
ROW 2765 2 11 31 2765 0
ROW 2765 3 7 8 2765 308
ROW 2765 4 0 4 2765 553
ROW 2765 5 89 255 2765 14
ROW 2765 6 0 21 2765 0
ROW 2765 7 15 24 2765 112
ROW 2766 0 16 16 2766 163
ROW 2766 1 20 32 2766 72
ROW 2766 2 14 31 2766 0
ROW 2766 3 2 8 2766 308
ROW 2766 4 0 4 2766 553
ROW 2766 5 95 255 2766 14
ROW 2766 6 7 21 2766 0
ROW 2766 7 23 24 2766 112
ROW 2767 0 0 16 2767 163
ROW 2767 1 22 32 2767 72
ROW 2767 2 17 31 2767 0
ROW 2767 3 6 8 2767 308
ROW 2767 4 0 4 2767 553
ROW 2767 5 101 255 2767 14
ROW 2767 6 14 21 2767 0
ROW 2767 7 6 24 2767 112
ROW 2768 0 1 16 2768 163
ROW 2768 1 24 32 2768 72
ROW 2768 2 20 31 2768 0
ROW 2768 3 1 8 2768 308
ROW 2768 4 0 4 2768 553
ROW 2768 5 107 255 2768 14
ROW 2768 6 21 21 2768 0
ROW 2768 7 14 24 2768 112
ROW 2769 0 2 16 2769 163
ROW 2769 1 26 32 2769 72
ROW 2769 2 23 31 2769 0
ROW 2769 3 5 8 2769 308
ROW 2769 4 0 4 2769 553
ROW 2769 5 113 255 2769 14
ROW 2769 6 3 21 2769 0
ROW 2769 7 22 24 2769 112
ROW 2770 0 3 16 2770 163
ROW 2770 1 28 32 2770 72
ROW 2770 2 26 31 2770 0
ROW 2770 3 0 8 2770 308
ROW 2770 4 0 4 2770 553
ROW 2770 5 119 255 2770 14
ROW 2770 6 10 21 2770 0
ROW 2770 7 5 24 2770 112
ROW 2771 0 4 16 2771 163
ROW 2771 1 30 32 2771 72
ROW 2771 2 29 31 2771 0
ROW 2771 3 4 8 2771 308
ROW 2771 4 0 4 2771 553
ROW 2771 5 125 255 2771 14
ROW 2771 6 17 21 2771 0
ROW 2771 7 13 24 2771 112
ROW 2772 0 6 16 2772 163
ROW 2772 1 0 32 2772 72
ROW 2772 2 0 31 2772 0
ROW 2772 3 0 8 2772 308
ROW 2772 4 1 4 2772 553
ROW 2772 5 132 255 2772 14
ROW 2772 6 0 21 2772 0
ROW 2772 7 22 24 2772 112
ROW 2773 0 7 16 2773 163
ROW 2773 1 2 32 2773 72
ROW 2773 2 3 31 2773 0
ROW 2773 3 4 8 2773 308
ROW 2773 4 1 4 2773 553
ROW 2773 5 138 255 2773 14
ROW 2773 6 7 21 2773 0
ROW 2773 7 5 24 2773 112
ROW 2774 0 8 16 2774 163
ROW 2774 1 4 32 2774 72
ROW 2774 2 6 31 2774 0
ROW 2774 3 8 8 2774 309
ROW 2774 4 1 4 2774 553
ROW 2774 5 144 255 2774 14
ROW 2774 6 14 21 2774 0
ROW 2774 7 13 24 2774 112
ROW 2775 0 9 16 2775 163
ROW 2775 1 6 32 2775 72
ROW 2775 2 9 31 2775 0
ROW 2775 3 3 8 2775 309
ROW 2775 4 1 4 2775 553
ROW 2775 5 150 255 2775 14
ROW 2775 6 21 21 2775 0
ROW 2775 7 21 24 2775 112
ROW 2776 0 10 16 2776 163
ROW 2776 1 8 32 2776 72
ROW 2776 2 12 31 2776 0
ROW 2776 3 7 8 2776 309
ROW 2776 4 1 4 2776 553
ROW 2776 5 156 255 2776 14
ROW 2776 6 3 21 2776 0
ROW 2776 7 4 24 2776 112
ROW 2777 0 11 16 2777 163
ROW 2777 1 10 32 2777 72
ROW 2777 2 15 31 2777 0
ROW 2777 3 2 8 2777 309
ROW 2777 4 1 4 2777 553
ROW 2777 5 162 255 2777 14
ROW 2777 6 10 21 2777 0
ROW 2777 7 12 24 2777 112
ROW 2778 0 12 16 2778 163
ROW 2778 1 12 32 2778 72
ROW 2778 2 18 31 2778 0
ROW 2778 3 6 8 2778 309
ROW 2778 4 1 4 2778 553
ROW 2778 5 168 255 2778 14
ROW 2778 6 17 21 2778 0
ROW 2778 7 20 24 2778 112
ROW 2779 0 14 16 2779 163
ROW 2779 1 15 32 2779 72
ROW 2779 2 22 31 2779 0
ROW 2779 3 2 8 2779 309
ROW 2779 4 2 4 2779 553
ROW 2779 5 175 255 2779 14
ROW 2779 6 0 21 2779 0
ROW 2779 7 4 24 2779 112
ROW 2780 0 15 16 2780 163
ROW 2780 1 17 32 2780 72
ROW 2780 2 25 31 2780 0
ROW 2780 3 6 8 2780 309
ROW 2780 4 2 4 2780 553
ROW 2780 5 181 255 2780 14
ROW 2780 6 7 21 2780 0
ROW 2780 7 12 24 2780 112
ROW 2781 0 16 16 2781 164
ROW 2781 1 19 32 2781 72
ROW 2781 2 28 31 2781 0
ROW 2781 3 1 8 2781 309
ROW 2781 4 2 4 2781 553
ROW 2781 5 187 255 2781 14
ROW 2781 6 14 21 2781 0
ROW 2781 7 20 24 2781 112
ROW 2782 0 0 16 2782 164
ROW 2782 1 21 32 2782 72
ROW 2782 2 31 31 2782 0
ROW 2782 3 5 8 2782 309
ROW 2782 4 2 4 2782 553
ROW 2782 5 193 255 2782 14
ROW 2782 6 21 21 2782 0
ROW 2782 7 3 24 2782 112
ROW 2783 0 1 16 2783 164
ROW 2783 1 23 32 2783 72
ROW 2783 2 1 31 2783 0
ROW 2783 3 0 8 2783 309
ROW 2783 4 2 4 2783 553
ROW 2783 5 199 255 2783 14
ROW 2783 6 3 21 2783 0
ROW 2783 7 11 24 2783 112
ROW 2784 0 2 16 2784 164
ROW 2784 1 25 32 2784 72
ROW 2784 2 4 31 2784 0
ROW 2784 3 4 8 2784 309
ROW 2784 4 2 4 2784 553
ROW 2784 5 205 255 2784 14
ROW 2784 6 10 21 2784 0
ROW 2784 7 19 24 2784 112
ROW 2785 0 3 16 2785 164
ROW 2785 1 27 32 2785 72
ROW 2785 2 7 31 2785 0
ROW 2785 3 8 8 2785 310
ROW 2785 4 2 4 2785 553
ROW 2785 5 211 255 2785 14
ROW 2785 6 17 21 2785 0
ROW 2785 7 2 24 2785 112
ROW 2786 0 5 16 2786 164
ROW 2786 1 30 32 2786 72
ROW 2786 2 11 31 2786 0
ROW 2786 3 4 8 2786 310
ROW 2786 4 3 4 2786 553
ROW 2786 5 218 255 2786 14
ROW 2786 6 0 21 2786 0
ROW 2786 7 11 24 2786 112
ROW 2787 0 6 16 2787 164
ROW 2787 1 32 32 2787 73
ROW 2787 2 14 31 2787 0
ROW 2787 3 8 8 2787 311
ROW 2787 4 3 4 2787 553
ROW 2787 5 224 255 2787 14
ROW 2787 6 7 21 2787 0
ROW 2787 7 19 24 2787 112
ROW 2788 0 7 16 2788 164
ROW 2788 1 1 32 2788 73
ROW 2788 2 17 31 2788 0
ROW 2788 3 3 8 2788 311
ROW 2788 4 3 4 2788 553
ROW 2788 5 230 255 2788 14
ROW 2788 6 14 21 2788 0
ROW 2788 7 2 24 2788 112
ROW 2789 0 8 16 2789 164
ROW 2789 1 3 32 2789 73
ROW 2789 2 20 31 2789 0
ROW 2789 3 7 8 2789 311
ROW 2789 4 3 4 2789 553
ROW 2789 5 236 255 2789 14
ROW 2789 6 21 21 2789 0
ROW 2789 7 10 24 2789 112
ROW 2790 0 9 16 2790 164
ROW 2790 1 5 32 2790 73
ROW 2790 2 23 31 2790 0
ROW 2790 3 2 8 2790 311
ROW 2790 4 3 4 2790 553
ROW 2790 5 242 255 2790 14
ROW 2790 6 3 21 2790 0
ROW 2790 7 18 24 2790 112
ROW 2791 0 10 16 2791 164
ROW 2791 1 7 32 2791 73
ROW 2791 2 26 31 2791 0
ROW 2791 3 6 8 2791 311
ROW 2791 4 3 4 2791 553
ROW 2791 5 248 255 2791 14
ROW 2791 6 10 21 2791 0
ROW 2791 7 1 24 2791 112
ROW 2792 0 11 16 2792 164
ROW 2792 1 9 32 2792 73
ROW 2792 2 29 31 2792 0
ROW 2792 3 1 8 2792 311
ROW 2792 4 3 4 2792 553
ROW 2792 5 254 255 2792 14
ROW 2792 6 17 21 2792 0
ROW 2792 7 9 24 2792 112
ROW 2793 0 13 16 2793 164
ROW 2793 1 12 32 2793 73
ROW 2793 2 0 31 2793 0
ROW 2793 3 6 8 2793 311
ROW 2793 4 4 4 2793 554
ROW 2793 5 5 255 2793 14
ROW 2793 6 0 21 2793 0
ROW 2793 7 18 24 2793 112
ROW 2794 0 14 16 2794 164
ROW 2794 1 14 32 2794 73
ROW 2794 2 3 31 2794 0
ROW 2794 3 1 8 2794 311
ROW 2794 4 4 4 2794 555
ROW 2794 5 11 255 2794 14
ROW 2794 6 7 21 2794 0
ROW 2794 7 1 24 2794 112
ROW 2795 0 15 16 2795 164
ROW 2795 1 16 32 2795 73
ROW 2795 2 6 31 2795 0
ROW 2795 3 5 8 2795 311
ROW 2795 4 4 4 2795 556
ROW 2795 5 17 255 2795 14
ROW 2795 6 14 21 2795 0
ROW 2795 7 9 24 2795 112
ROW 2796 0 16 16 2796 165
ROW 2796 1 18 32 2796 73
ROW 2796 2 9 31 2796 0
ROW 2796 3 0 8 2796 311
ROW 2796 4 4 4 2796 557
ROW 2796 5 23 255 2796 14
ROW 2796 6 21 21 2796 0
ROW 2796 7 17 24 2796 112
ROW 2797 0 0 16 2797 165
ROW 2797 1 20 32 2797 73
ROW 2797 2 12 31 2797 0
ROW 2797 3 4 8 2797 311
ROW 2797 4 4 4 2797 558
ROW 2797 5 29 255 2797 14
ROW 2797 6 3 21 2797 0
ROW 2797 7 0 24 2797 112
ROW 2798 0 1 16 2798 165
ROW 2798 1 22 32 2798 73
ROW 2798 2 15 31 2798 0
ROW 2798 3 8 8 2798 312
ROW 2798 4 4 4 2798 559
ROW 2798 5 35 255 2798 14
ROW 2798 6 10 21 2798 0
ROW 2798 7 8 24 2798 112
ROW 2799 0 2 16 2799 165
ROW 2799 1 24 32 2799 73
ROW 2799 2 18 31 2799 0
ROW 2799 3 3 8 2799 312
ROW 2799 4 4 4 2799 560
ROW 2799 5 41 255 2799 14
ROW 2799 6 17 21 2799 0
ROW 2799 7 16 24 2799 112
ROW 2800 0 4 16 2800 165
ROW 2800 1 27 32 2800 73
ROW 2800 2 22 31 2800 0
ROW 2800 3 8 8 2800 313
ROW 2800 4 0 4 2800 560
ROW 2800 5 48 255 2800 14
ROW 2800 6 0 21 2800 0
ROW 2800 7 0 24 2800 112
ROW 2801 0 5 16 2801 165
ROW 2801 1 29 32 2801 73
ROW 2801 2 25 31 2801 0
ROW 2801 3 3 8 2801 313
ROW 2801 4 0 4 2801 560
ROW 2801 5 54 255 2801 14
ROW 2801 6 7 21 2801 0
ROW 2801 7 8 24 2801 112
ROW 2802 0 6 16 2802 165
ROW 2802 1 31 32 2802 73
ROW 2802 2 28 31 2802 0
ROW 2802 3 7 8 2802 313
ROW 2802 4 0 4 2802 560
ROW 2802 5 60 255 2802 14
ROW 2802 6 14 21 2802 0
ROW 2802 7 16 24 2802 112
ROW 2803 0 7 16 2803 165
ROW 2803 1 0 32 2803 73
ROW 2803 2 31 31 2803 0
ROW 2803 3 2 8 2803 313
ROW 2803 4 0 4 2803 560
ROW 2803 5 66 255 2803 14
ROW 2803 6 21 21 2803 0
ROW 2803 7 24 24 2803 113
ROW 2804 0 8 16 2804 165
ROW 2804 1 2 32 2804 73
ROW 2804 2 1 31 2804 0
ROW 2804 3 6 8 2804 313
ROW 2804 4 0 4 2804 560
ROW 2804 5 72 255 2804 14
ROW 2804 6 3 21 2804 0
ROW 2804 7 7 24 2804 113
ROW 2805 0 9 16 2805 165
ROW 2805 1 4 32 2805 73
ROW 2805 2 4 31 2805 0
ROW 2805 3 1 8 2805 313
ROW 2805 4 0 4 2805 560
ROW 2805 5 78 255 2805 14
ROW 2805 6 10 21 2805 0
ROW 2805 7 15 24 2805 113
ROW 2806 0 10 16 2806 165
ROW 2806 1 6 32 2806 73
ROW 2806 2 7 31 2806 0
ROW 2806 3 5 8 2806 313
ROW 2806 4 0 4 2806 560
ROW 2806 5 84 255 2806 14
ROW 2806 6 17 21 2806 0
ROW 2806 7 23 24 2806 113
ROW 2807 0 12 16 2807 165
ROW 2807 1 9 32 2807 73
ROW 2807 2 11 31 2807 0
ROW 2807 3 1 8 2807 313
ROW 2807 4 1 4 2807 560
ROW 2807 5 91 255 2807 14
ROW 2807 6 0 21 2807 0
ROW 2807 7 7 24 2807 113
ROW 2808 0 13 16 2808 165
ROW 2808 1 11 32 2808 73
ROW 2808 2 14 31 2808 0
ROW 2808 3 5 8 2808 313
ROW 2808 4 1 4 2808 560
ROW 2808 5 97 255 2808 14
ROW 2808 6 7 21 2808 0
ROW 2808 7 15 24 2808 113
ROW 2809 0 14 16 2809 165
ROW 2809 1 13 32 2809 73
ROW 2809 2 17 31 2809 0
ROW 2809 3 0 8 2809 313
ROW 2809 4 1 4 2809 560
ROW 2809 5 103 255 2809 14
ROW 2809 6 14 21 2809 0
ROW 2809 7 23 24 2809 113
ROW 2810 0 15 16 2810 165
ROW 2810 1 15 32 2810 73
ROW 2810 2 20 31 2810 0
ROW 2810 3 4 8 2810 313
ROW 2810 4 1 4 2810 560
ROW 2810 5 109 255 2810 14
ROW 2810 6 21 21 2810 0
ROW 2810 7 6 24 2810 113
ROW 2811 0 16 16 2811 166
ROW 2811 1 17 32 2811 73
ROW 2811 2 23 31 2811 0
ROW 2811 3 8 8 2811 314
ROW 2811 4 1 4 2811 560
ROW 2811 5 115 255 2811 14
ROW 2811 6 3 21 2811 0
ROW 2811 7 14 24 2811 113
ROW 2812 0 0 16 2812 166
ROW 2812 1 19 32 2812 73
ROW 2812 2 26 31 2812 0
ROW 2812 3 3 8 2812 314
ROW 2812 4 1 4 2812 560
ROW 2812 5 121 255 2812 14
ROW 2812 6 10 21 2812 0
ROW 2812 7 22 24 2812 113
ROW 2813 0 1 16 2813 166
ROW 2813 1 21 32 2813 73
ROW 2813 2 29 31 2813 0
ROW 2813 3 7 8 2813 314
ROW 2813 4 1 4 2813 560
ROW 2813 5 127 255 2813 14
ROW 2813 6 17 21 2813 0
ROW 2813 7 5 24 2813 113
ROW 2814 0 3 16 2814 166
ROW 2814 1 24 32 2814 73
ROW 2814 2 0 31 2814 0
ROW 2814 3 3 8 2814 314
ROW 2814 4 2 4 2814 560
ROW 2814 5 134 255 2814 14
ROW 2814 6 0 21 2814 0
ROW 2814 7 14 24 2814 113
ROW 2815 0 4 16 2815 166
ROW 2815 1 26 32 2815 73
ROW 2815 2 3 31 2815 0
ROW 2815 3 7 8 2815 314
ROW 2815 4 2 4 2815 560
ROW 2815 5 140 255 2815 14
ROW 2815 6 7 21 2815 0
ROW 2815 7 22 24 2815 113
ROW 2816 0 5 16 2816 166
ROW 2816 1 28 32 2816 73
ROW 2816 2 6 31 2816 0
ROW 2816 3 2 8 2816 314
ROW 2816 4 2 4 2816 560
ROW 2816 5 146 255 2816 14
ROW 2816 6 14 21 2816 0
ROW 2816 7 5 24 2816 113
ROW 2817 0 6 16 2817 166
ROW 2817 1 30 32 2817 73
ROW 2817 2 9 31 2817 0
ROW 2817 3 6 8 2817 314
ROW 2817 4 2 4 2817 560
ROW 2817 5 152 255 2817 14
ROW 2817 6 21 21 2817 0
ROW 2817 7 13 24 2817 113
ROW 2818 0 7 16 2818 166
ROW 2818 1 32 32 2818 74
ROW 2818 2 12 31 2818 0
ROW 2818 3 1 8 2818 314
ROW 2818 4 2 4 2818 560
ROW 2818 5 158 255 2818 14
ROW 2818 6 3 21 2818 0
ROW 2818 7 21 24 2818 113
ROW 2819 0 8 16 2819 166
ROW 2819 1 1 32 2819 74
ROW 2819 2 15 31 2819 0
ROW 2819 3 5 8 2819 314
ROW 2819 4 2 4 2819 560
ROW 2819 5 164 255 2819 14
ROW 2819 6 10 21 2819 0
ROW 2819 7 4 24 2819 113
ROW 2820 0 9 16 2820 166
ROW 2820 1 3 32 2820 74
ROW 2820 2 18 31 2820 0
ROW 2820 3 0 8 2820 314
ROW 2820 4 2 4 2820 560
ROW 2820 5 170 255 2820 14
ROW 2820 6 17 21 2820 0
ROW 2820 7 12 24 2820 113
ROW 2821 0 11 16 2821 166
ROW 2821 1 6 32 2821 74
ROW 2821 2 22 31 2821 0
ROW 2821 3 5 8 2821 314
ROW 2821 4 3 4 2821 560
ROW 2821 5 177 255 2821 14
ROW 2821 6 0 21 2821 0
ROW 2821 7 21 24 2821 113
ROW 2822 0 12 16 2822 166
ROW 2822 1 8 32 2822 74
ROW 2822 2 25 31 2822 0
ROW 2822 3 0 8 2822 314
ROW 2822 4 3 4 2822 560
ROW 2822 5 183 255 2822 14
ROW 2822 6 7 21 2822 0
ROW 2822 7 4 24 2822 113
ROW 2823 0 13 16 2823 166
ROW 2823 1 10 32 2823 74
ROW 2823 2 28 31 2823 0
ROW 2823 3 4 8 2823 314
ROW 2823 4 3 4 2823 560
ROW 2823 5 189 255 2823 14
ROW 2823 6 14 21 2823 0
ROW 2823 7 12 24 2823 113
ROW 2824 0 14 16 2824 166
ROW 2824 1 12 32 2824 74
ROW 2824 2 31 31 2824 0
ROW 2824 3 8 8 2824 315
ROW 2824 4 3 4 2824 560
ROW 2824 5 195 255 2824 14
ROW 2824 6 21 21 2824 0
ROW 2824 7 20 24 2824 113
ROW 2825 0 15 16 2825 166
ROW 2825 1 14 32 2825 74
ROW 2825 2 1 31 2825 0
ROW 2825 3 3 8 2825 315
ROW 2825 4 3 4 2825 560
ROW 2825 5 201 255 2825 14
ROW 2825 6 3 21 2825 0
ROW 2825 7 3 24 2825 113
ROW 2826 0 16 16 2826 167
ROW 2826 1 16 32 2826 74
ROW 2826 2 4 31 2826 0
ROW 2826 3 7 8 2826 315
ROW 2826 4 3 4 2826 560
ROW 2826 5 207 255 2826 14
ROW 2826 6 10 21 2826 0
ROW 2826 7 11 24 2826 113
ROW 2827 0 0 16 2827 167
ROW 2827 1 18 32 2827 74
ROW 2827 2 7 31 2827 0
ROW 2827 3 2 8 2827 315
ROW 2827 4 3 4 2827 560
ROW 2827 5 213 255 2827 14
ROW 2827 6 17 21 2827 0
ROW 2827 7 19 24 2827 113
ROW 2828 0 2 16 2828 167
ROW 2828 1 21 32 2828 74
ROW 2828 2 11 31 2828 0
ROW 2828 3 7 8 2828 315
ROW 2828 4 4 4 2828 561
ROW 2828 5 220 255 2828 14
ROW 2828 6 0 21 2828 0
ROW 2828 7 3 24 2828 113
ROW 2829 0 3 16 2829 167
ROW 2829 1 23 32 2829 74
ROW 2829 2 14 31 2829 0
ROW 2829 3 2 8 2829 315
ROW 2829 4 4 4 2829 562
ROW 2829 5 226 255 2829 14
ROW 2829 6 7 21 2829 0
ROW 2829 7 11 24 2829 113
ROW 2830 0 4 16 2830 167
ROW 2830 1 25 32 2830 74
ROW 2830 2 17 31 2830 0
ROW 2830 3 6 8 2830 315
ROW 2830 4 4 4 2830 563
ROW 2830 5 232 255 2830 14
ROW 2830 6 14 21 2830 0
ROW 2830 7 19 24 2830 113
ROW 2831 0 5 16 2831 167
ROW 2831 1 27 32 2831 74
ROW 2831 2 20 31 2831 0
ROW 2831 3 1 8 2831 315
ROW 2831 4 4 4 2831 564
ROW 2831 5 238 255 2831 14
ROW 2831 6 21 21 2831 0
ROW 2831 7 2 24 2831 113
ROW 2832 0 6 16 2832 167
ROW 2832 1 29 32 2832 74
ROW 2832 2 23 31 2832 0
ROW 2832 3 5 8 2832 315
ROW 2832 4 4 4 2832 565
ROW 2832 5 244 255 2832 14
ROW 2832 6 3 21 2832 0
ROW 2832 7 10 24 2832 113
ROW 2833 0 7 16 2833 167
ROW 2833 1 31 32 2833 74
ROW 2833 2 26 31 2833 0
ROW 2833 3 0 8 2833 315
ROW 2833 4 4 4 2833 566
ROW 2833 5 250 255 2833 14
ROW 2833 6 10 21 2833 0
ROW 2833 7 18 24 2833 113
ROW 2834 0 8 16 2834 167
ROW 2834 1 0 32 2834 74
ROW 2834 2 29 31 2834 0
ROW 2834 3 4 8 2834 315
ROW 2834 4 4 4 2834 567
ROW 2834 5 0 255 2834 14
ROW 2834 6 17 21 2834 0
ROW 2834 7 1 24 2834 113
ROW 2835 0 10 16 2835 167
ROW 2835 1 3 32 2835 74
ROW 2835 2 0 31 2835 0
ROW 2835 3 0 8 2835 315
ROW 2835 4 0 4 2835 567
ROW 2835 5 7 255 2835 14
ROW 2835 6 0 21 2835 0
ROW 2835 7 10 24 2835 113
ROW 2836 0 11 16 2836 167
ROW 2836 1 5 32 2836 74
ROW 2836 2 3 31 2836 0
ROW 2836 3 4 8 2836 315
ROW 2836 4 0 4 2836 567
ROW 2836 5 13 255 2836 14
ROW 2836 6 7 21 2836 0
ROW 2836 7 18 24 2836 113
ROW 2837 0 12 16 2837 167
ROW 2837 1 7 32 2837 74
ROW 2837 2 6 31 2837 0
ROW 2837 3 8 8 2837 316
ROW 2837 4 0 4 2837 567
ROW 2837 5 19 255 2837 14
ROW 2837 6 14 21 2837 0
ROW 2837 7 1 24 2837 113
ROW 2838 0 13 16 2838 167
ROW 2838 1 9 32 2838 74
ROW 2838 2 9 31 2838 0
ROW 2838 3 3 8 2838 316
ROW 2838 4 0 4 2838 567
ROW 2838 5 25 255 2838 14
ROW 2838 6 21 21 2838 0
ROW 2838 7 9 24 2838 113
ROW 2839 0 14 16 2839 167
ROW 2839 1 11 32 2839 74
ROW 2839 2 12 31 2839 0
ROW 2839 3 7 8 2839 316
ROW 2839 4 0 4 2839 567
ROW 2839 5 31 255 2839 14
ROW 2839 6 3 21 2839 0
ROW 2839 7 17 24 2839 113
ROW 2840 0 15 16 2840 167
ROW 2840 1 13 32 2840 74
ROW 2840 2 15 31 2840 0
ROW 2840 3 2 8 2840 316
ROW 2840 4 0 4 2840 567
ROW 2840 5 37 255 2840 14
ROW 2840 6 10 21 2840 0
ROW 2840 7 0 24 2840 113
ROW 2841 0 16 16 2841 168
ROW 2841 1 15 32 2841 74
ROW 2841 2 18 31 2841 0
ROW 2841 3 6 8 2841 316
ROW 2841 4 0 4 2841 567
ROW 2841 5 43 255 2841 14
ROW 2841 6 17 21 2841 0
ROW 2841 7 8 24 2841 113
ROW 2842 0 1 16 2842 168
ROW 2842 1 18 32 2842 74
ROW 2842 2 22 31 2842 0
ROW 2842 3 2 8 2842 316
ROW 2842 4 1 4 2842 567
ROW 2842 5 50 255 2842 14
ROW 2842 6 0 21 2842 0
ROW 2842 7 17 24 2842 113
ROW 2843 0 2 16 2843 168
ROW 2843 1 20 32 2843 74
ROW 2843 2 25 31 2843 0
ROW 2843 3 6 8 2843 316
ROW 2843 4 1 4 2843 567
ROW 2843 5 56 255 2843 14
ROW 2843 6 7 21 2843 0
ROW 2843 7 0 24 2843 113
ROW 2844 0 3 16 2844 168
ROW 2844 1 22 32 2844 74
ROW 2844 2 28 31 2844 0
ROW 2844 3 1 8 2844 316
ROW 2844 4 1 4 2844 567
ROW 2844 5 62 255 2844 14
ROW 2844 6 14 21 2844 0
ROW 2844 7 8 24 2844 113
ROW 2845 0 4 16 2845 168
ROW 2845 1 24 32 2845 74
ROW 2845 2 31 31 2845 0
ROW 2845 3 5 8 2845 316
ROW 2845 4 1 4 2845 567
ROW 2845 5 68 255 2845 14
ROW 2845 6 21 21 2845 0
ROW 2845 7 16 24 2845 113
ROW 2846 0 5 16 2846 168
ROW 2846 1 26 32 2846 74
ROW 2846 2 1 31 2846 0
ROW 2846 3 0 8 2846 316
ROW 2846 4 1 4 2846 567
ROW 2846 5 74 255 2846 14
ROW 2846 6 3 21 2846 0
ROW 2846 7 24 24 2846 114
ROW 2847 0 6 16 2847 168
ROW 2847 1 28 32 2847 74
ROW 2847 2 4 31 2847 0
ROW 2847 3 4 8 2847 316
ROW 2847 4 1 4 2847 567
ROW 2847 5 80 255 2847 14
ROW 2847 6 10 21 2847 0
ROW 2847 7 7 24 2847 114
ROW 2848 0 7 16 2848 168
ROW 2848 1 30 32 2848 74
ROW 2848 2 7 31 2848 0
ROW 2848 3 8 8 2848 317
ROW 2848 4 1 4 2848 567
ROW 2848 5 86 255 2848 14
ROW 2848 6 17 21 2848 0
ROW 2848 7 15 24 2848 114
ROW 2849 0 9 16 2849 168
ROW 2849 1 0 32 2849 74
ROW 2849 2 11 31 2849 0
ROW 2849 3 4 8 2849 317
ROW 2849 4 2 4 2849 567
ROW 2849 5 93 255 2849 14
ROW 2849 6 0 21 2849 0
ROW 2849 7 24 24 2849 115
ROW 2850 0 10 16 2850 168
ROW 2850 1 2 32 2850 74
ROW 2850 2 14 31 2850 0
ROW 2850 3 8 8 2850 318
ROW 2850 4 2 4 2850 567
ROW 2850 5 99 255 2850 14
ROW 2850 6 7 21 2850 0
ROW 2850 7 7 24 2850 115
ROW 2851 0 11 16 2851 168
ROW 2851 1 4 32 2851 74
ROW 2851 2 17 31 2851 0
ROW 2851 3 3 8 2851 318
ROW 2851 4 2 4 2851 567
ROW 2851 5 105 255 2851 14
ROW 2851 6 14 21 2851 0
ROW 2851 7 15 24 2851 115
ROW 2852 0 12 16 2852 168
ROW 2852 1 6 32 2852 74
ROW 2852 2 20 31 2852 0
ROW 2852 3 7 8 2852 318
ROW 2852 4 2 4 2852 567
ROW 2852 5 111 255 2852 14
ROW 2852 6 21 21 2852 0
ROW 2852 7 23 24 2852 115
ROW 2853 0 13 16 2853 168
ROW 2853 1 8 32 2853 74
ROW 2853 2 23 31 2853 0
ROW 2853 3 2 8 2853 318
ROW 2853 4 2 4 2853 567
ROW 2853 5 117 255 2853 14
ROW 2853 6 3 21 2853 0
ROW 2853 7 6 24 2853 115
ROW 2854 0 14 16 2854 168
ROW 2854 1 10 32 2854 74
ROW 2854 2 26 31 2854 0
ROW 2854 3 6 8 2854 318
ROW 2854 4 2 4 2854 567
ROW 2854 5 123 255 2854 14
ROW 2854 6 10 21 2854 0
ROW 2854 7 14 24 2854 115
ROW 2855 0 15 16 2855 168
ROW 2855 1 12 32 2855 74
ROW 2855 2 29 31 2855 0
ROW 2855 3 1 8 2855 318
ROW 2855 4 2 4 2855 567
ROW 2855 5 129 255 2855 14
ROW 2855 6 17 21 2855 0
ROW 2855 7 22 24 2855 115
ROW 2856 0 0 16 2856 168
ROW 2856 1 15 32 2856 74
ROW 2856 2 0 31 2856 0
ROW 2856 3 6 8 2856 318
ROW 2856 4 3 4 2856 567
ROW 2856 5 136 255 2856 14
ROW 2856 6 0 21 2856 0
ROW 2856 7 6 24 2856 115
ROW 2857 0 1 16 2857 168
ROW 2857 1 17 32 2857 74
ROW 2857 2 3 31 2857 0
ROW 2857 3 1 8 2857 318
ROW 2857 4 3 4 2857 567
ROW 2857 5 142 255 2857 14
ROW 2857 6 7 21 2857 0
ROW 2857 7 14 24 2857 115
ROW 2858 0 2 16 2858 168
ROW 2858 1 19 32 2858 74
ROW 2858 2 6 31 2858 0
ROW 2858 3 5 8 2858 318
ROW 2858 4 3 4 2858 567
ROW 2858 5 148 255 2858 14
ROW 2858 6 14 21 2858 0
ROW 2858 7 22 24 2858 115
ROW 2859 0 3 16 2859 168
ROW 2859 1 21 32 2859 74
ROW 2859 2 9 31 2859 0
ROW 2859 3 0 8 2859 318
ROW 2859 4 3 4 2859 567
ROW 2859 5 154 255 2859 14
ROW 2859 6 21 21 2859 0
ROW 2859 7 5 24 2859 115
ROW 2860 0 4 16 2860 168
ROW 2860 1 23 32 2860 74
ROW 2860 2 12 31 2860 0
ROW 2860 3 4 8 2860 318
ROW 2860 4 3 4 2860 567
ROW 2860 5 160 255 2860 14
ROW 2860 6 3 21 2860 0
ROW 2860 7 13 24 2860 115
ROW 2861 0 5 16 2861 168
ROW 2861 1 25 32 2861 74
ROW 2861 2 15 31 2861 0
ROW 2861 3 8 8 2861 319
ROW 2861 4 3 4 2861 567
ROW 2861 5 166 255 2861 14
ROW 2861 6 10 21 2861 0
ROW 2861 7 21 24 2861 115
ROW 2862 0 6 16 2862 168
ROW 2862 1 27 32 2862 74
ROW 2862 2 18 31 2862 0
ROW 2862 3 3 8 2862 319
ROW 2862 4 3 4 2862 567
ROW 2862 5 172 255 2862 14
ROW 2862 6 17 21 2862 0
ROW 2862 7 4 24 2862 115
ROW 2863 0 8 16 2863 168
ROW 2863 1 30 32 2863 74
ROW 2863 2 22 31 2863 0
ROW 2863 3 8 8 2863 320
ROW 2863 4 4 4 2863 568
ROW 2863 5 179 255 2863 14
ROW 2863 6 0 21 2863 0
ROW 2863 7 13 24 2863 115
ROW 2864 0 9 16 2864 168
ROW 2864 1 32 32 2864 75
ROW 2864 2 25 31 2864 0
ROW 2864 3 3 8 2864 320
ROW 2864 4 4 4 2864 569
ROW 2864 5 185 255 2864 14
ROW 2864 6 7 21 2864 0
ROW 2864 7 21 24 2864 115
ROW 2865 0 10 16 2865 168
ROW 2865 1 1 32 2865 75
ROW 2865 2 28 31 2865 0
ROW 2865 3 7 8 2865 320
ROW 2865 4 4 4 2865 570
ROW 2865 5 191 255 2865 14
ROW 2865 6 14 21 2865 0
ROW 2865 7 4 24 2865 115
ROW 2866 0 11 16 2866 168
ROW 2866 1 3 32 2866 75
ROW 2866 2 31 31 2866 0
ROW 2866 3 2 8 2866 320
ROW 2866 4 4 4 2866 571
ROW 2866 5 197 255 2866 14
ROW 2866 6 21 21 2866 0
ROW 2866 7 12 24 2866 115
ROW 2867 0 12 16 2867 168
ROW 2867 1 5 32 2867 75
ROW 2867 2 1 31 2867 0
ROW 2867 3 6 8 2867 320
ROW 2867 4 4 4 2867 572
ROW 2867 5 203 255 2867 14
ROW 2867 6 3 21 2867 0
ROW 2867 7 20 24 2867 115
ROW 2868 0 13 16 2868 168
ROW 2868 1 7 32 2868 75
ROW 2868 2 4 31 2868 0
ROW 2868 3 1 8 2868 320
ROW 2868 4 4 4 2868 573
ROW 2868 5 209 255 2868 14
ROW 2868 6 10 21 2868 0
ROW 2868 7 3 24 2868 115
ROW 2869 0 14 16 2869 168
ROW 2869 1 9 32 2869 75
ROW 2869 2 7 31 2869 0
ROW 2869 3 5 8 2869 320
ROW 2869 4 4 4 2869 574
ROW 2869 5 215 255 2869 14
ROW 2869 6 17 21 2869 0
ROW 2869 7 11 24 2869 115
ROW 2870 0 16 16 2870 169
ROW 2870 1 12 32 2870 75
ROW 2870 2 11 31 2870 0
ROW 2870 3 1 8 2870 320
ROW 2870 4 0 4 2870 574
ROW 2870 5 222 255 2870 14
ROW 2870 6 0 21 2870 0
ROW 2870 7 20 24 2870 115
ROW 2871 0 0 16 2871 169
ROW 2871 1 14 32 2871 75
ROW 2871 2 14 31 2871 0
ROW 2871 3 5 8 2871 320
ROW 2871 4 0 4 2871 574
ROW 2871 5 228 255 2871 14
ROW 2871 6 7 21 2871 0
ROW 2871 7 3 24 2871 115
ROW 2872 0 1 16 2872 169
ROW 2872 1 16 32 2872 75
ROW 2872 2 17 31 2872 0
ROW 2872 3 0 8 2872 320
ROW 2872 4 0 4 2872 574
ROW 2872 5 234 255 2872 14
ROW 2872 6 14 21 2872 0
ROW 2872 7 11 24 2872 115
ROW 2873 0 2 16 2873 169
ROW 2873 1 18 32 2873 75
ROW 2873 2 20 31 2873 0
ROW 2873 3 4 8 2873 320
ROW 2873 4 0 4 2873 574
ROW 2873 5 240 255 2873 14
ROW 2873 6 21 21 2873 0
ROW 2873 7 19 24 2873 115
ROW 2874 0 3 16 2874 169
ROW 2874 1 20 32 2874 75
ROW 2874 2 23 31 2874 0
ROW 2874 3 8 8 2874 321
ROW 2874 4 0 4 2874 574
ROW 2874 5 246 255 2874 14
ROW 2874 6 3 21 2874 0
ROW 2874 7 2 24 2874 115
ROW 2875 0 4 16 2875 169
ROW 2875 1 22 32 2875 75
ROW 2875 2 26 31 2875 0
ROW 2875 3 3 8 2875 321
ROW 2875 4 0 4 2875 574
ROW 2875 5 252 255 2875 14
ROW 2875 6 10 21 2875 0
ROW 2875 7 10 24 2875 115
ROW 2876 0 5 16 2876 169
ROW 2876 1 24 32 2876 75
ROW 2876 2 29 31 2876 0
ROW 2876 3 7 8 2876 321
ROW 2876 4 0 4 2876 574
ROW 2876 5 2 255 2876 14
ROW 2876 6 17 21 2876 0
ROW 2876 7 18 24 2876 115
ROW 2877 0 7 16 2877 169
ROW 2877 1 27 32 2877 75
ROW 2877 2 0 31 2877 0
ROW 2877 3 3 8 2877 321
ROW 2877 4 1 4 2877 574
ROW 2877 5 9 255 2877 14
ROW 2877 6 0 21 2877 0
ROW 2877 7 2 24 2877 115
ROW 2878 0 8 16 2878 169
ROW 2878 1 29 32 2878 75
ROW 2878 2 3 31 2878 0
ROW 2878 3 7 8 2878 321
ROW 2878 4 1 4 2878 574
ROW 2878 5 15 255 2878 14
ROW 2878 6 7 21 2878 0
ROW 2878 7 10 24 2878 115
ROW 2879 0 9 16 2879 169
ROW 2879 1 31 32 2879 75
ROW 2879 2 6 31 2879 0
ROW 2879 3 2 8 2879 321
ROW 2879 4 1 4 2879 574
ROW 2879 5 21 255 2879 14
ROW 2879 6 14 21 2879 0
ROW 2879 7 18 24 2879 115
ROW 2880 0 10 16 2880 169
ROW 2880 1 0 32 2880 75
ROW 2880 2 9 31 2880 0
ROW 2880 3 6 8 2880 321
ROW 2880 4 1 4 2880 574
ROW 2880 5 27 255 2880 14
ROW 2880 6 21 21 2880 0
ROW 2880 7 1 24 2880 115
ROW 2881 0 11 16 2881 169
ROW 2881 1 2 32 2881 75
ROW 2881 2 12 31 2881 0
ROW 2881 3 1 8 2881 321
ROW 2881 4 1 4 2881 574
ROW 2881 5 33 255 2881 14
ROW 2881 6 3 21 2881 0
ROW 2881 7 9 24 2881 115
ROW 2882 0 12 16 2882 169
ROW 2882 1 4 32 2882 75
ROW 2882 2 15 31 2882 0
ROW 2882 3 5 8 2882 321
ROW 2882 4 1 4 2882 574
ROW 2882 5 39 255 2882 14
ROW 2882 6 10 21 2882 0
ROW 2882 7 17 24 2882 115
ROW 2883 0 13 16 2883 169
ROW 2883 1 6 32 2883 75
ROW 2883 2 18 31 2883 0
ROW 2883 3 0 8 2883 321
ROW 2883 4 1 4 2883 574
ROW 2883 5 45 255 2883 14
ROW 2883 6 17 21 2883 0
ROW 2883 7 0 24 2883 115
ROW 2884 0 15 16 2884 169
ROW 2884 1 9 32 2884 75
ROW 2884 2 22 31 2884 0
ROW 2884 3 5 8 2884 321
ROW 2884 4 2 4 2884 574
ROW 2884 5 52 255 2884 14
ROW 2884 6 0 21 2884 0
ROW 2884 7 9 24 2884 115
ROW 2885 0 16 16 2885 170
ROW 2885 1 11 32 2885 75
ROW 2885 2 25 31 2885 0
ROW 2885 3 0 8 2885 321
ROW 2885 4 2 4 2885 574
ROW 2885 5 58 255 2885 14
ROW 2885 6 7 21 2885 0
ROW 2885 7 17 24 2885 115
ROW 2886 0 0 16 2886 170
ROW 2886 1 13 32 2886 75
ROW 2886 2 28 31 2886 0
ROW 2886 3 4 8 2886 321
ROW 2886 4 2 4 2886 574
ROW 2886 5 64 255 2886 14
ROW 2886 6 14 21 2886 0
ROW 2886 7 0 24 2886 115
ROW 2887 0 1 16 2887 170
ROW 2887 1 15 32 2887 75
ROW 2887 2 31 31 2887 0
ROW 2887 3 8 8 2887 322
ROW 2887 4 2 4 2887 574
ROW 2887 5 70 255 2887 14
ROW 2887 6 21 21 2887 0
ROW 2887 7 8 24 2887 115
ROW 2888 0 2 16 2888 170
ROW 2888 1 17 32 2888 75
ROW 2888 2 1 31 2888 0
ROW 2888 3 3 8 2888 322
ROW 2888 4 2 4 2888 574
ROW 2888 5 76 255 2888 14
ROW 2888 6 3 21 2888 0
ROW 2888 7 16 24 2888 115
ROW 2889 0 3 16 2889 170
ROW 2889 1 19 32 2889 75
ROW 2889 2 4 31 2889 0
ROW 2889 3 7 8 2889 322
ROW 2889 4 2 4 2889 574
ROW 2889 5 82 255 2889 14
ROW 2889 6 10 21 2889 0
ROW 2889 7 24 24 2889 116
ROW 2890 0 4 16 2890 170
ROW 2890 1 21 32 2890 75
ROW 2890 2 7 31 2890 0
ROW 2890 3 2 8 2890 322
ROW 2890 4 2 4 2890 574
ROW 2890 5 88 255 2890 14
ROW 2890 6 17 21 2890 0
ROW 2890 7 7 24 2890 116
ROW 2891 0 6 16 2891 170
ROW 2891 1 24 32 2891 75
ROW 2891 2 11 31 2891 0
ROW 2891 3 7 8 2891 322
ROW 2891 4 3 4 2891 574
ROW 2891 5 95 255 2891 14
ROW 2891 6 0 21 2891 0
ROW 2891 7 16 24 2891 116
ROW 2892 0 7 16 2892 170
ROW 2892 1 26 32 2892 75
ROW 2892 2 14 31 2892 0
ROW 2892 3 2 8 2892 322
ROW 2892 4 3 4 2892 574
ROW 2892 5 101 255 2892 14
ROW 2892 6 7 21 2892 0
ROW 2892 7 24 24 2892 117
ROW 2893 0 8 16 2893 170
ROW 2893 1 28 32 2893 75
ROW 2893 2 17 31 2893 0
ROW 2893 3 6 8 2893 322
ROW 2893 4 3 4 2893 574
ROW 2893 5 107 255 2893 14
ROW 2893 6 14 21 2893 0
ROW 2893 7 7 24 2893 117
ROW 2894 0 9 16 2894 170
ROW 2894 1 30 32 2894 75
ROW 2894 2 20 31 2894 0
ROW 2894 3 1 8 2894 322
ROW 2894 4 3 4 2894 574
ROW 2894 5 113 255 2894 14
ROW 2894 6 21 21 2894 0
ROW 2894 7 15 24 2894 117
ROW 2895 0 10 16 2895 170
ROW 2895 1 32 32 2895 76
ROW 2895 2 23 31 2895 0
ROW 2895 3 5 8 2895 322
ROW 2895 4 3 4 2895 574
ROW 2895 5 119 255 2895 14
ROW 2895 6 3 21 2895 0
ROW 2895 7 23 24 2895 117
ROW 2896 0 11 16 2896 170
ROW 2896 1 1 32 2896 76
ROW 2896 2 26 31 2896 0
ROW 2896 3 0 8 2896 322
ROW 2896 4 3 4 2896 574
ROW 2896 5 125 255 2896 14
ROW 2896 6 10 21 2896 0
ROW 2896 7 6 24 2896 117
ROW 2897 0 12 16 2897 170
ROW 2897 1 3 32 2897 76
ROW 2897 2 29 31 2897 0
ROW 2897 3 4 8 2897 322
ROW 2897 4 3 4 2897 574
ROW 2897 5 131 255 2897 14
ROW 2897 6 17 21 2897 0
ROW 2897 7 14 24 2897 117
ROW 2898 0 14 16 2898 170
ROW 2898 1 6 32 2898 76
ROW 2898 2 0 31 2898 0
ROW 2898 3 0 8 2898 322
ROW 2898 4 4 4 2898 575
ROW 2898 5 138 255 2898 14
ROW 2898 6 0 21 2898 0
ROW 2898 7 23 24 2898 117
ROW 2899 0 15 16 2899 170
ROW 2899 1 8 32 2899 76
ROW 2899 2 3 31 2899 0
ROW 2899 3 4 8 2899 322
ROW 2899 4 4 4 2899 576
ROW 2899 5 144 255 2899 14
ROW 2899 6 7 21 2899 0
ROW 2899 7 6 24 2899 117
ROW 2900 0 16 16 2900 171
ROW 2900 1 10 32 2900 76
ROW 2900 2 6 31 2900 0
ROW 2900 3 8 8 2900 323
ROW 2900 4 4 4 2900 577
ROW 2900 5 150 255 2900 14
ROW 2900 6 14 21 2900 0
ROW 2900 7 14 24 2900 117
ROW 2901 0 0 16 2901 171
ROW 2901 1 12 32 2901 76
ROW 2901 2 9 31 2901 0
ROW 2901 3 3 8 2901 323
ROW 2901 4 4 4 2901 578
ROW 2901 5 156 255 2901 14
ROW 2901 6 21 21 2901 0
ROW 2901 7 22 24 2901 117
ROW 2902 0 1 16 2902 171
ROW 2902 1 14 32 2902 76
ROW 2902 2 12 31 2902 0
ROW 2902 3 7 8 2902 323
ROW 2902 4 4 4 2902 579
ROW 2902 5 162 255 2902 14
ROW 2902 6 3 21 2902 0
ROW 2902 7 5 24 2902 117
ROW 2903 0 2 16 2903 171
ROW 2903 1 16 32 2903 76
ROW 2903 2 15 31 2903 0
ROW 2903 3 2 8 2903 323
ROW 2903 4 4 4 2903 580
ROW 2903 5 168 255 2903 14
ROW 2903 6 10 21 2903 0
ROW 2903 7 13 24 2903 117
ROW 2904 0 3 16 2904 171
ROW 2904 1 18 32 2904 76
ROW 2904 2 18 31 2904 0
ROW 2904 3 6 8 2904 323
ROW 2904 4 4 4 2904 581
ROW 2904 5 174 255 2904 14
ROW 2904 6 17 21 2904 0
ROW 2904 7 21 24 2904 117
ROW 2905 0 5 16 2905 171
ROW 2905 1 21 32 2905 76
ROW 2905 2 22 31 2905 0
ROW 2905 3 2 8 2905 323
ROW 2905 4 0 4 2905 581
ROW 2905 5 181 255 2905 14
ROW 2905 6 0 21 2905 0
ROW 2905 7 5 24 2905 117
ROW 2906 0 6 16 2906 171
ROW 2906 1 23 32 2906 76
ROW 2906 2 25 31 2906 0
ROW 2906 3 6 8 2906 323
ROW 2906 4 0 4 2906 581
ROW 2906 5 187 255 2906 14
ROW 2906 6 7 21 2906 0
ROW 2906 7 13 24 2906 117
ROW 2907 0 7 16 2907 171
ROW 2907 1 25 32 2907 76
ROW 2907 2 28 31 2907 0
ROW 2907 3 1 8 2907 323
ROW 2907 4 0 4 2907 581
ROW 2907 5 193 255 2907 14
ROW 2907 6 14 21 2907 0
ROW 2907 7 21 24 2907 117
ROW 2908 0 8 16 2908 171
ROW 2908 1 27 32 2908 76
ROW 2908 2 31 31 2908 0
ROW 2908 3 5 8 2908 323
ROW 2908 4 0 4 2908 581
ROW 2908 5 199 255 2908 14
ROW 2908 6 21 21 2908 0
ROW 2908 7 4 24 2908 117
ROW 2909 0 9 16 2909 171
ROW 2909 1 29 32 2909 76
ROW 2909 2 1 31 2909 0
ROW 2909 3 0 8 2909 323
ROW 2909 4 0 4 2909 581
ROW 2909 5 205 255 2909 14
ROW 2909 6 3 21 2909 0
ROW 2909 7 12 24 2909 117
ROW 2910 0 10 16 2910 171
ROW 2910 1 31 32 2910 76
ROW 2910 2 4 31 2910 0
ROW 2910 3 4 8 2910 323
ROW 2910 4 0 4 2910 581
ROW 2910 5 211 255 2910 14
ROW 2910 6 10 21 2910 0
ROW 2910 7 20 24 2910 117
ROW 2911 0 11 16 2911 171
ROW 2911 1 0 32 2911 76
ROW 2911 2 7 31 2911 0
ROW 2911 3 8 8 2911 324
ROW 2911 4 0 4 2911 581
ROW 2911 5 217 255 2911 14
ROW 2911 6 17 21 2911 0
ROW 2911 7 3 24 2911 117
ROW 2912 0 13 16 2912 171
ROW 2912 1 3 32 2912 76
ROW 2912 2 11 31 2912 0
ROW 2912 3 4 8 2912 324
ROW 2912 4 1 4 2912 581
ROW 2912 5 224 255 2912 14
ROW 2912 6 0 21 2912 0
ROW 2912 7 12 24 2912 117
ROW 2913 0 14 16 2913 171
ROW 2913 1 5 32 2913 76
ROW 2913 2 14 31 2913 0
ROW 2913 3 8 8 2913 325
ROW 2913 4 1 4 2913 581
ROW 2913 5 230 255 2913 14
ROW 2913 6 7 21 2913 0
ROW 2913 7 20 24 2913 117
ROW 2914 0 15 16 2914 171
ROW 2914 1 7 32 2914 76
ROW 2914 2 17 31 2914 0
ROW 2914 3 3 8 2914 325
ROW 2914 4 1 4 2914 581
ROW 2914 5 236 255 2914 14
ROW 2914 6 14 21 2914 0
ROW 2914 7 3 24 2914 117
ROW 2915 0 16 16 2915 172
ROW 2915 1 9 32 2915 76
ROW 2915 2 20 31 2915 0
ROW 2915 3 7 8 2915 325
ROW 2915 4 1 4 2915 581
ROW 2915 5 242 255 2915 14
ROW 2915 6 21 21 2915 0
ROW 2915 7 11 24 2915 117
ROW 2916 0 0 16 2916 172
ROW 2916 1 11 32 2916 76
ROW 2916 2 23 31 2916 0
ROW 2916 3 2 8 2916 325
ROW 2916 4 1 4 2916 581
ROW 2916 5 248 255 2916 14
ROW 2916 6 3 21 2916 0
ROW 2916 7 19 24 2916 117
ROW 2917 0 1 16 2917 172
ROW 2917 1 13 32 2917 76
ROW 2917 2 26 31 2917 0
ROW 2917 3 6 8 2917 325
ROW 2917 4 1 4 2917 581
ROW 2917 5 254 255 2917 14
ROW 2917 6 10 21 2917 0
ROW 2917 7 2 24 2917 117
ROW 2918 0 2 16 2918 172
ROW 2918 1 15 32 2918 76
ROW 2918 2 29 31 2918 0
ROW 2918 3 1 8 2918 325
ROW 2918 4 1 4 2918 581
ROW 2918 5 4 255 2918 14
ROW 2918 6 17 21 2918 0
ROW 2918 7 10 24 2918 117
ROW 2919 0 4 16 2919 172
ROW 2919 1 18 32 2919 76
ROW 2919 2 0 31 2919 0
ROW 2919 3 6 8 2919 325
ROW 2919 4 2 4 2919 581
ROW 2919 5 11 255 2919 14
ROW 2919 6 0 21 2919 0
ROW 2919 7 19 24 2919 117
ROW 2920 0 5 16 2920 172
ROW 2920 1 20 32 2920 76
ROW 2920 2 3 31 2920 0
ROW 2920 3 1 8 2920 325
ROW 2920 4 2 4 2920 581
ROW 2920 5 17 255 2920 14
ROW 2920 6 7 21 2920 0
ROW 2920 7 2 24 2920 117
ROW 2921 0 6 16 2921 172
ROW 2921 1 22 32 2921 76
ROW 2921 2 6 31 2921 0
ROW 2921 3 5 8 2921 325
ROW 2921 4 2 4 2921 581
ROW 2921 5 23 255 2921 14
ROW 2921 6 14 21 2921 0
ROW 2921 7 10 24 2921 117
ROW 2922 0 7 16 2922 172
ROW 2922 1 24 32 2922 76
ROW 2922 2 9 31 2922 0
ROW 2922 3 0 8 2922 325
ROW 2922 4 2 4 2922 581
ROW 2922 5 29 255 2922 14
ROW 2922 6 21 21 2922 0
ROW 2922 7 18 24 2922 117
ROW 2923 0 8 16 2923 172
ROW 2923 1 26 32 2923 76
ROW 2923 2 12 31 2923 0
ROW 2923 3 4 8 2923 325
ROW 2923 4 2 4 2923 581
ROW 2923 5 35 255 2923 14
ROW 2923 6 3 21 2923 0
ROW 2923 7 1 24 2923 117
ROW 2924 0 9 16 2924 172
ROW 2924 1 28 32 2924 76
ROW 2924 2 15 31 2924 0
ROW 2924 3 8 8 2924 326
ROW 2924 4 2 4 2924 581
ROW 2924 5 41 255 2924 14
ROW 2924 6 10 21 2924 0
ROW 2924 7 9 24 2924 117
ROW 2925 0 10 16 2925 172
ROW 2925 1 30 32 2925 76
ROW 2925 2 18 31 2925 0
ROW 2925 3 3 8 2925 326
ROW 2925 4 2 4 2925 581
ROW 2925 5 47 255 2925 14
ROW 2925 6 17 21 2925 0
ROW 2925 7 17 24 2925 117
ROW 2926 0 12 16 2926 172
ROW 2926 1 0 32 2926 76
ROW 2926 2 22 31 2926 0
ROW 2926 3 8 8 2926 327
ROW 2926 4 3 4 2926 581
ROW 2926 5 54 255 2926 14
ROW 2926 6 0 21 2926 0
ROW 2926 7 1 24 2926 117
ROW 2927 0 13 16 2927 172
ROW 2927 1 2 32 2927 76
ROW 2927 2 25 31 2927 0
ROW 2927 3 3 8 2927 327
ROW 2927 4 3 4 2927 581
ROW 2927 5 60 255 2927 14
ROW 2927 6 7 21 2927 0
ROW 2927 7 9 24 2927 117
ROW 2928 0 14 16 2928 172
ROW 2928 1 4 32 2928 76
ROW 2928 2 28 31 2928 0
ROW 2928 3 7 8 2928 327
ROW 2928 4 3 4 2928 581
ROW 2928 5 66 255 2928 14
ROW 2928 6 14 21 2928 0
ROW 2928 7 17 24 2928 117
ROW 2929 0 15 16 2929 172
ROW 2929 1 6 32 2929 76
ROW 2929 2 31 31 2929 0
ROW 2929 3 2 8 2929 327
ROW 2929 4 3 4 2929 581
ROW 2929 5 72 255 2929 14
ROW 2929 6 21 21 2929 0
ROW 2929 7 0 24 2929 117
ROW 2930 0 16 16 2930 173
ROW 2930 1 8 32 2930 76
ROW 2930 2 1 31 2930 0
ROW 2930 3 6 8 2930 327
ROW 2930 4 3 4 2930 581
ROW 2930 5 78 255 2930 14
ROW 2930 6 3 21 2930 0
ROW 2930 7 8 24 2930 117
ROW 2931 0 0 16 2931 173
ROW 2931 1 10 32 2931 76
ROW 2931 2 4 31 2931 0
ROW 2931 3 1 8 2931 327
ROW 2931 4 3 4 2931 581
ROW 2931 5 84 255 2931 14
ROW 2931 6 10 21 2931 0
ROW 2931 7 16 24 2931 117
ROW 2932 0 1 16 2932 173
ROW 2932 1 12 32 2932 76
ROW 2932 2 7 31 2932 0
ROW 2932 3 5 8 2932 327
ROW 2932 4 3 4 2932 581
ROW 2932 5 90 255 2932 14
ROW 2932 6 17 21 2932 0
ROW 2932 7 24 24 2932 118
ROW 2933 0 3 16 2933 173
ROW 2933 1 15 32 2933 76
ROW 2933 2 11 31 2933 0
ROW 2933 3 1 8 2933 327
ROW 2933 4 4 4 2933 582
ROW 2933 5 97 255 2933 14
ROW 2933 6 0 21 2933 0
ROW 2933 7 8 24 2933 118
ROW 2934 0 4 16 2934 173
ROW 2934 1 17 32 2934 76
ROW 2934 2 14 31 2934 0
ROW 2934 3 5 8 2934 327
ROW 2934 4 4 4 2934 583
ROW 2934 5 103 255 2934 14
ROW 2934 6 7 21 2934 0
ROW 2934 7 16 24 2934 118
ROW 2935 0 5 16 2935 173
ROW 2935 1 19 32 2935 76
ROW 2935 2 17 31 2935 0
ROW 2935 3 0 8 2935 327
ROW 2935 4 4 4 2935 584
ROW 2935 5 109 255 2935 14
ROW 2935 6 14 21 2935 0
ROW 2935 7 24 24 2935 119
ROW 2936 0 6 16 2936 173
ROW 2936 1 21 32 2936 76
ROW 2936 2 20 31 2936 0
ROW 2936 3 4 8 2936 327
ROW 2936 4 4 4 2936 585
ROW 2936 5 115 255 2936 14
ROW 2936 6 21 21 2936 0
ROW 2936 7 7 24 2936 119
ROW 2937 0 7 16 2937 173
ROW 2937 1 23 32 2937 76
ROW 2937 2 23 31 2937 0
ROW 2937 3 8 8 2937 328
ROW 2937 4 4 4 2937 586
ROW 2937 5 121 255 2937 14
ROW 2937 6 3 21 2937 0
ROW 2937 7 15 24 2937 119
ROW 2938 0 8 16 2938 173
ROW 2938 1 25 32 2938 76
ROW 2938 2 26 31 2938 0
ROW 2938 3 3 8 2938 328
ROW 2938 4 4 4 2938 587
ROW 2938 5 127 255 2938 14
ROW 2938 6 10 21 2938 0
ROW 2938 7 23 24 2938 119
ROW 2939 0 9 16 2939 173
ROW 2939 1 27 32 2939 76
ROW 2939 2 29 31 2939 0
ROW 2939 3 7 8 2939 328
ROW 2939 4 4 4 2939 588
ROW 2939 5 133 255 2939 14
ROW 2939 6 17 21 2939 0
ROW 2939 7 6 24 2939 119
ROW 2940 0 11 16 2940 173
ROW 2940 1 30 32 2940 76
ROW 2940 2 0 31 2940 0
ROW 2940 3 3 8 2940 328
ROW 2940 4 0 4 2940 588
ROW 2940 5 140 255 2940 14
ROW 2940 6 0 21 2940 0
ROW 2940 7 15 24 2940 119
ROW 2941 0 12 16 2941 173
ROW 2941 1 32 32 2941 77
ROW 2941 2 3 31 2941 0
ROW 2941 3 7 8 2941 328
ROW 2941 4 0 4 2941 588
ROW 2941 5 146 255 2941 14
ROW 2941 6 7 21 2941 0
ROW 2941 7 23 24 2941 119
ROW 2942 0 13 16 2942 173
ROW 2942 1 1 32 2942 77
ROW 2942 2 6 31 2942 0
ROW 2942 3 2 8 2942 328
ROW 2942 4 0 4 2942 588
ROW 2942 5 152 255 2942 14
ROW 2942 6 14 21 2942 0
ROW 2942 7 6 24 2942 119
ROW 2943 0 14 16 2943 173
ROW 2943 1 3 32 2943 77
ROW 2943 2 9 31 2943 0
ROW 2943 3 6 8 2943 328
ROW 2943 4 0 4 2943 588
ROW 2943 5 158 255 2943 14
ROW 2943 6 21 21 2943 0
ROW 2943 7 14 24 2943 119
ROW 2944 0 15 16 2944 173
ROW 2944 1 5 32 2944 77
ROW 2944 2 12 31 2944 0
ROW 2944 3 1 8 2944 328
ROW 2944 4 0 4 2944 588
ROW 2944 5 164 255 2944 14
ROW 2944 6 3 21 2944 0
ROW 2944 7 22 24 2944 119
ROW 2945 0 16 16 2945 174
ROW 2945 1 7 32 2945 77
ROW 2945 2 15 31 2945 0
ROW 2945 3 5 8 2945 328
ROW 2945 4 0 4 2945 588
ROW 2945 5 170 255 2945 14
ROW 2945 6 10 21 2945 0
ROW 2945 7 5 24 2945 119
ROW 2946 0 0 16 2946 174
ROW 2946 1 9 32 2946 77
ROW 2946 2 18 31 2946 0
ROW 2946 3 0 8 2946 328
ROW 2946 4 0 4 2946 588
ROW 2946 5 176 255 2946 14
ROW 2946 6 17 21 2946 0
ROW 2946 7 13 24 2946 119
ROW 2947 0 2 16 2947 174
ROW 2947 1 12 32 2947 77
ROW 2947 2 22 31 2947 0
ROW 2947 3 5 8 2947 328
ROW 2947 4 1 4 2947 588
ROW 2947 5 183 255 2947 14
ROW 2947 6 0 21 2947 0
ROW 2947 7 22 24 2947 119
ROW 2948 0 3 16 2948 174
ROW 2948 1 14 32 2948 77
ROW 2948 2 25 31 2948 0
ROW 2948 3 0 8 2948 328
ROW 2948 4 1 4 2948 588
ROW 2948 5 189 255 2948 14
ROW 2948 6 7 21 2948 0
ROW 2948 7 5 24 2948 119
ROW 2949 0 4 16 2949 174
ROW 2949 1 16 32 2949 77
ROW 2949 2 28 31 2949 0
ROW 2949 3 4 8 2949 328
ROW 2949 4 1 4 2949 588
ROW 2949 5 195 255 2949 14
ROW 2949 6 14 21 2949 0
ROW 2949 7 13 24 2949 119
ROW 2950 0 5 16 2950 174
ROW 2950 1 18 32 2950 77
ROW 2950 2 31 31 2950 0
ROW 2950 3 8 8 2950 329
ROW 2950 4 1 4 2950 588
ROW 2950 5 201 255 2950 14
ROW 2950 6 21 21 2950 0
ROW 2950 7 21 24 2950 119
ROW 2951 0 6 16 2951 174
ROW 2951 1 20 32 2951 77
ROW 2951 2 1 31 2951 0
ROW 2951 3 3 8 2951 329
ROW 2951 4 1 4 2951 588
ROW 2951 5 207 255 2951 14
ROW 2951 6 3 21 2951 0
ROW 2951 7 4 24 2951 119
ROW 2952 0 7 16 2952 174
ROW 2952 1 22 32 2952 77
ROW 2952 2 4 31 2952 0
ROW 2952 3 7 8 2952 329
ROW 2952 4 1 4 2952 588
ROW 2952 5 213 255 2952 14
ROW 2952 6 10 21 2952 0
ROW 2952 7 12 24 2952 119
ROW 2953 0 8 16 2953 174
ROW 2953 1 24 32 2953 77
ROW 2953 2 7 31 2953 0
ROW 2953 3 2 8 2953 329
ROW 2953 4 1 4 2953 588
ROW 2953 5 219 255 2953 14
ROW 2953 6 17 21 2953 0
ROW 2953 7 20 24 2953 119
ROW 2954 0 10 16 2954 174
ROW 2954 1 27 32 2954 77
ROW 2954 2 11 31 2954 0
ROW 2954 3 7 8 2954 329
ROW 2954 4 2 4 2954 588
ROW 2954 5 226 255 2954 14
ROW 2954 6 0 21 2954 0
ROW 2954 7 4 24 2954 119
ROW 2955 0 11 16 2955 174
ROW 2955 1 29 32 2955 77
ROW 2955 2 14 31 2955 0
ROW 2955 3 2 8 2955 329
ROW 2955 4 2 4 2955 588
ROW 2955 5 232 255 2955 14
ROW 2955 6 7 21 2955 0
ROW 2955 7 12 24 2955 119
ROW 2956 0 12 16 2956 174
ROW 2956 1 31 32 2956 77
ROW 2956 2 17 31 2956 0
ROW 2956 3 6 8 2956 329
ROW 2956 4 2 4 2956 588
ROW 2956 5 238 255 2956 14
ROW 2956 6 14 21 2956 0
ROW 2956 7 20 24 2956 119
ROW 2957 0 13 16 2957 174
ROW 2957 1 0 32 2957 77
ROW 2957 2 20 31 2957 0
ROW 2957 3 1 8 2957 329
ROW 2957 4 2 4 2957 588
ROW 2957 5 244 255 2957 14
ROW 2957 6 21 21 2957 0
ROW 2957 7 3 24 2957 119
ROW 2958 0 14 16 2958 174
ROW 2958 1 2 32 2958 77
ROW 2958 2 23 31 2958 0
ROW 2958 3 5 8 2958 329
ROW 2958 4 2 4 2958 588
ROW 2958 5 250 255 2958 14
ROW 2958 6 3 21 2958 0
ROW 2958 7 11 24 2958 119
ROW 2959 0 15 16 2959 174
ROW 2959 1 4 32 2959 77
ROW 2959 2 26 31 2959 0
ROW 2959 3 0 8 2959 329
ROW 2959 4 2 4 2959 588
ROW 2959 5 0 255 2959 14
ROW 2959 6 10 21 2959 0
ROW 2959 7 19 24 2959 119
ROW 2960 0 16 16 2960 175
ROW 2960 1 6 32 2960 77
ROW 2960 2 29 31 2960 0
ROW 2960 3 4 8 2960 329
ROW 2960 4 2 4 2960 588
ROW 2960 5 6 255 2960 14
ROW 2960 6 17 21 2960 0
ROW 2960 7 2 24 2960 119
ROW 2961 0 1 16 2961 175
ROW 2961 1 9 32 2961 77
ROW 2961 2 0 31 2961 0
ROW 2961 3 0 8 2961 329
ROW 2961 4 3 4 2961 588
ROW 2961 5 13 255 2961 14
ROW 2961 6 0 21 2961 0
ROW 2961 7 11 24 2961 119
ROW 2962 0 2 16 2962 175
ROW 2962 1 11 32 2962 77
ROW 2962 2 3 31 2962 0
ROW 2962 3 4 8 2962 329
ROW 2962 4 3 4 2962 588
ROW 2962 5 19 255 2962 14
ROW 2962 6 7 21 2962 0
ROW 2962 7 19 24 2962 119
ROW 2963 0 3 16 2963 175
ROW 2963 1 13 32 2963 77
ROW 2963 2 6 31 2963 0
ROW 2963 3 8 8 2963 330
ROW 2963 4 3 4 2963 588
ROW 2963 5 25 255 2963 14
ROW 2963 6 14 21 2963 0
ROW 2963 7 2 24 2963 119
ROW 2964 0 4 16 2964 175
ROW 2964 1 15 32 2964 77
ROW 2964 2 9 31 2964 0
ROW 2964 3 3 8 2964 330
ROW 2964 4 3 4 2964 588
ROW 2964 5 31 255 2964 14
ROW 2964 6 21 21 2964 0
ROW 2964 7 10 24 2964 119
ROW 2965 0 5 16 2965 175
ROW 2965 1 17 32 2965 77
ROW 2965 2 12 31 2965 0
ROW 2965 3 7 8 2965 330
ROW 2965 4 3 4 2965 588
ROW 2965 5 37 255 2965 14
ROW 2965 6 3 21 2965 0
ROW 2965 7 18 24 2965 119
ROW 2966 0 6 16 2966 175
ROW 2966 1 19 32 2966 77
ROW 2966 2 15 31 2966 0
ROW 2966 3 2 8 2966 330
ROW 2966 4 3 4 2966 588
ROW 2966 5 43 255 2966 14
ROW 2966 6 10 21 2966 0
ROW 2966 7 1 24 2966 119
ROW 2967 0 7 16 2967 175
ROW 2967 1 21 32 2967 77
ROW 2967 2 18 31 2967 0
ROW 2967 3 6 8 2967 330
ROW 2967 4 3 4 2967 588
ROW 2967 5 49 255 2967 14
ROW 2967 6 17 21 2967 0
ROW 2967 7 9 24 2967 119
ROW 2968 0 9 16 2968 175
ROW 2968 1 24 32 2968 77
ROW 2968 2 22 31 2968 0
ROW 2968 3 2 8 2968 330
ROW 2968 4 4 4 2968 589
ROW 2968 5 56 255 2968 14
ROW 2968 6 0 21 2968 0
ROW 2968 7 18 24 2968 119
ROW 2969 0 10 16 2969 175
ROW 2969 1 26 32 2969 77
ROW 2969 2 25 31 2969 0
ROW 2969 3 6 8 2969 330
ROW 2969 4 4 4 2969 590
ROW 2969 5 62 255 2969 14
ROW 2969 6 7 21 2969 0
ROW 2969 7 1 24 2969 119
ROW 2970 0 11 16 2970 175
ROW 2970 1 28 32 2970 77
ROW 2970 2 28 31 2970 0
ROW 2970 3 1 8 2970 330
ROW 2970 4 4 4 2970 591
ROW 2970 5 68 255 2970 14
ROW 2970 6 14 21 2970 0
ROW 2970 7 9 24 2970 119
ROW 2971 0 12 16 2971 175
ROW 2971 1 30 32 2971 77
ROW 2971 2 31 31 2971 0
ROW 2971 3 5 8 2971 330
ROW 2971 4 4 4 2971 592
ROW 2971 5 74 255 2971 14
ROW 2971 6 21 21 2971 0
ROW 2971 7 17 24 2971 119
ROW 2972 0 13 16 2972 175
ROW 2972 1 32 32 2972 78
ROW 2972 2 1 31 2972 0
ROW 2972 3 0 8 2972 330
ROW 2972 4 4 4 2972 593
ROW 2972 5 80 255 2972 14
ROW 2972 6 3 21 2972 0
ROW 2972 7 0 24 2972 119
ROW 2973 0 14 16 2973 175
ROW 2973 1 1 32 2973 78
ROW 2973 2 4 31 2973 0
ROW 2973 3 4 8 2973 330
ROW 2973 4 4 4 2973 594
ROW 2973 5 86 255 2973 14
ROW 2973 6 10 21 2973 0
ROW 2973 7 8 24 2973 119
ROW 2974 0 15 16 2974 175
ROW 2974 1 3 32 2974 78
ROW 2974 2 7 31 2974 0
ROW 2974 3 8 8 2974 331
ROW 2974 4 4 4 2974 595
ROW 2974 5 92 255 2974 14
ROW 2974 6 17 21 2974 0
ROW 2974 7 16 24 2974 119
ROW 2975 0 0 16 2975 175
ROW 2975 1 6 32 2975 78
ROW 2975 2 11 31 2975 0
ROW 2975 3 4 8 2975 331
ROW 2975 4 0 4 2975 595
ROW 2975 5 99 255 2975 14
ROW 2975 6 0 21 2975 0
ROW 2975 7 0 24 2975 119
ROW 2976 0 1 16 2976 175
ROW 2976 1 8 32 2976 78
ROW 2976 2 14 31 2976 0
ROW 2976 3 8 8 2976 332
ROW 2976 4 0 4 2976 595
ROW 2976 5 105 255 2976 14
ROW 2976 6 7 21 2976 0
ROW 2976 7 8 24 2976 119
ROW 2977 0 2 16 2977 175
ROW 2977 1 10 32 2977 78
ROW 2977 2 17 31 2977 0
ROW 2977 3 3 8 2977 332
ROW 2977 4 0 4 2977 595
ROW 2977 5 111 255 2977 14
ROW 2977 6 14 21 2977 0
ROW 2977 7 16 24 2977 119
ROW 2978 0 3 16 2978 175
ROW 2978 1 12 32 2978 78
ROW 2978 2 20 31 2978 0
ROW 2978 3 7 8 2978 332
ROW 2978 4 0 4 2978 595
ROW 2978 5 117 255 2978 14
ROW 2978 6 21 21 2978 0
ROW 2978 7 24 24 2978 120
ROW 2979 0 4 16 2979 175
ROW 2979 1 14 32 2979 78
ROW 2979 2 23 31 2979 0
ROW 2979 3 2 8 2979 332
ROW 2979 4 0 4 2979 595
ROW 2979 5 123 255 2979 14
ROW 2979 6 3 21 2979 0
ROW 2979 7 7 24 2979 120
ROW 2980 0 5 16 2980 175
ROW 2980 1 16 32 2980 78
ROW 2980 2 26 31 2980 0
ROW 2980 3 6 8 2980 332
ROW 2980 4 0 4 2980 595
ROW 2980 5 129 255 2980 14
ROW 2980 6 10 21 2980 0
ROW 2980 7 15 24 2980 120
ROW 2981 0 6 16 2981 175
ROW 2981 1 18 32 2981 78
ROW 2981 2 29 31 2981 0
ROW 2981 3 1 8 2981 332
ROW 2981 4 0 4 2981 595
ROW 2981 5 135 255 2981 14
ROW 2981 6 17 21 2981 0
ROW 2981 7 23 24 2981 120
ROW 2982 0 8 16 2982 175
ROW 2982 1 21 32 2982 78
ROW 2982 2 0 31 2982 0
ROW 2982 3 6 8 2982 332
ROW 2982 4 1 4 2982 595
ROW 2982 5 142 255 2982 14
ROW 2982 6 0 21 2982 0
ROW 2982 7 7 24 2982 120
ROW 2983 0 9 16 2983 175
ROW 2983 1 23 32 2983 78
ROW 2983 2 3 31 2983 0
ROW 2983 3 1 8 2983 332
ROW 2983 4 1 4 2983 595
ROW 2983 5 148 255 2983 14
ROW 2983 6 7 21 2983 0
ROW 2983 7 15 24 2983 120
ROW 2984 0 10 16 2984 175
ROW 2984 1 25 32 2984 78
ROW 2984 2 6 31 2984 0
ROW 2984 3 5 8 2984 332
ROW 2984 4 1 4 2984 595
ROW 2984 5 154 255 2984 14
ROW 2984 6 14 21 2984 0
ROW 2984 7 23 24 2984 120
ROW 2985 0 11 16 2985 175
ROW 2985 1 27 32 2985 78
ROW 2985 2 9 31 2985 0
ROW 2985 3 0 8 2985 332
ROW 2985 4 1 4 2985 595
ROW 2985 5 160 255 2985 14
ROW 2985 6 21 21 2985 0
ROW 2985 7 6 24 2985 120
ROW 2986 0 12 16 2986 175
ROW 2986 1 29 32 2986 78
ROW 2986 2 12 31 2986 0
ROW 2986 3 4 8 2986 332
ROW 2986 4 1 4 2986 595
ROW 2986 5 166 255 2986 14
ROW 2986 6 3 21 2986 0
ROW 2986 7 14 24 2986 120
ROW 2987 0 13 16 2987 175
ROW 2987 1 31 32 2987 78
ROW 2987 2 15 31 2987 0
ROW 2987 3 8 8 2987 333
ROW 2987 4 1 4 2987 595
ROW 2987 5 172 255 2987 14
ROW 2987 6 10 21 2987 0
ROW 2987 7 22 24 2987 120
ROW 2988 0 14 16 2988 175
ROW 2988 1 0 32 2988 78
ROW 2988 2 18 31 2988 0
ROW 2988 3 3 8 2988 333
ROW 2988 4 1 4 2988 595
ROW 2988 5 178 255 2988 14
ROW 2988 6 17 21 2988 0
ROW 2988 7 5 24 2988 120
ROW 2989 0 16 16 2989 176
ROW 2989 1 3 32 2989 78
ROW 2989 2 22 31 2989 0
ROW 2989 3 8 8 2989 334
ROW 2989 4 2 4 2989 595
ROW 2989 5 185 255 2989 14
ROW 2989 6 0 21 2989 0
ROW 2989 7 14 24 2989 120
ROW 2990 0 0 16 2990 176
ROW 2990 1 5 32 2990 78
ROW 2990 2 25 31 2990 0
ROW 2990 3 3 8 2990 334
ROW 2990 4 2 4 2990 595
ROW 2990 5 191 255 2990 14
ROW 2990 6 7 21 2990 0
ROW 2990 7 22 24 2990 120
ROW 2991 0 1 16 2991 176
ROW 2991 1 7 32 2991 78
ROW 2991 2 28 31 2991 0
ROW 2991 3 7 8 2991 334
ROW 2991 4 2 4 2991 595
ROW 2991 5 197 255 2991 14
ROW 2991 6 14 21 2991 0
ROW 2991 7 5 24 2991 120
ROW 2992 0 2 16 2992 176
ROW 2992 1 9 32 2992 78
ROW 2992 2 31 31 2992 0
ROW 2992 3 2 8 2992 334
ROW 2992 4 2 4 2992 595
ROW 2992 5 203 255 2992 14
ROW 2992 6 21 21 2992 0
ROW 2992 7 13 24 2992 120
ROW 2993 0 3 16 2993 176
ROW 2993 1 11 32 2993 78
ROW 2993 2 1 31 2993 0
ROW 2993 3 6 8 2993 334
ROW 2993 4 2 4 2993 595
ROW 2993 5 209 255 2993 14
ROW 2993 6 3 21 2993 0
ROW 2993 7 21 24 2993 120
ROW 2994 0 4 16 2994 176
ROW 2994 1 13 32 2994 78
ROW 2994 2 4 31 2994 0
ROW 2994 3 1 8 2994 334
ROW 2994 4 2 4 2994 595
ROW 2994 5 215 255 2994 14
ROW 2994 6 10 21 2994 0
ROW 2994 7 4 24 2994 120
ROW 2995 0 5 16 2995 176
ROW 2995 1 15 32 2995 78
ROW 2995 2 7 31 2995 0
ROW 2995 3 5 8 2995 334
ROW 2995 4 2 4 2995 595
ROW 2995 5 221 255 2995 14
ROW 2995 6 17 21 2995 0
ROW 2995 7 12 24 2995 120
ROW 2996 0 7 16 2996 176
ROW 2996 1 18 32 2996 78
ROW 2996 2 11 31 2996 0
ROW 2996 3 1 8 2996 334
ROW 2996 4 3 4 2996 595
ROW 2996 5 228 255 2996 14
ROW 2996 6 0 21 2996 0
ROW 2996 7 21 24 2996 120
ROW 2997 0 8 16 2997 176
ROW 2997 1 20 32 2997 78
ROW 2997 2 14 31 2997 0
ROW 2997 3 5 8 2997 334
ROW 2997 4 3 4 2997 595
ROW 2997 5 234 255 2997 14
ROW 2997 6 7 21 2997 0
ROW 2997 7 4 24 2997 120
ROW 2998 0 9 16 2998 176
ROW 2998 1 22 32 2998 78
ROW 2998 2 17 31 2998 0
ROW 2998 3 0 8 2998 334
ROW 2998 4 3 4 2998 595
ROW 2998 5 240 255 2998 14
ROW 2998 6 14 21 2998 0
ROW 2998 7 12 24 2998 120
ROW 2999 0 10 16 2999 176
ROW 2999 1 24 32 2999 78
ROW 2999 2 20 31 2999 0
ROW 2999 3 4 8 2999 334
ROW 2999 4 3 4 2999 595
ROW 2999 5 246 255 2999 14
ROW 2999 6 21 21 2999 0
ROW 2999 7 20 24 2999 120
ROW 3000 0 11 16 3000 176
ROW 3000 1 26 32 3000 78
ROW 3000 2 23 31 3000 0
ROW 3000 3 8 8 3000 335
ROW 3000 4 3 4 3000 595
ROW 3000 5 252 255 3000 14
ROW 3000 6 3 21 3000 0
ROW 3000 7 3 24 3000 120
ROW 3001 0 12 16 3001 176
ROW 3001 1 28 32 3001 78
ROW 3001 2 26 31 3001 0
ROW 3001 3 3 8 3001 335
ROW 3001 4 3 4 3001 595
ROW 3001 5 2 255 3001 14
ROW 3001 6 10 21 3001 0
ROW 3001 7 11 24 3001 120
ROW 3002 0 13 16 3002 176
ROW 3002 1 30 32 3002 78
ROW 3002 2 29 31 3002 0
ROW 3002 3 7 8 3002 335
ROW 3002 4 3 4 3002 595
ROW 3002 5 8 255 3002 14
ROW 3002 6 17 21 3002 0
ROW 3002 7 19 24 3002 120
ROW 3003 0 15 16 3003 176
ROW 3003 1 0 32 3003 78
ROW 3003 2 0 31 3003 0
ROW 3003 3 3 8 3003 335
ROW 3003 4 4 4 3003 596
ROW 3003 5 15 255 3003 14
ROW 3003 6 0 21 3003 0
ROW 3003 7 3 24 3003 120
ROW 3004 0 16 16 3004 177
ROW 3004 1 2 32 3004 78
ROW 3004 2 3 31 3004 0
ROW 3004 3 7 8 3004 335
ROW 3004 4 4 4 3004 597
ROW 3004 5 21 255 3004 14
ROW 3004 6 7 21 3004 0
ROW 3004 7 11 24 3004 120
ROW 3005 0 0 16 3005 177
ROW 3005 1 4 32 3005 78
ROW 3005 2 6 31 3005 0
ROW 3005 3 2 8 3005 335
ROW 3005 4 4 4 3005 598
ROW 3005 5 27 255 3005 14
ROW 3005 6 14 21 3005 0
ROW 3005 7 19 24 3005 120
ROW 3006 0 1 16 3006 177
ROW 3006 1 6 32 3006 78
ROW 3006 2 9 31 3006 0
ROW 3006 3 6 8 3006 335
ROW 3006 4 4 4 3006 599
ROW 3006 5 33 255 3006 14
ROW 3006 6 21 21 3006 0
ROW 3006 7 2 24 3006 120
ROW 3007 0 2 16 3007 177
ROW 3007 1 8 32 3007 78
ROW 3007 2 12 31 3007 0
ROW 3007 3 1 8 3007 335
ROW 3007 4 4 4 3007 600
ROW 3007 5 39 255 3007 14
ROW 3007 6 3 21 3007 0
ROW 3007 7 10 24 3007 120
ROW 3008 0 3 16 3008 177
ROW 3008 1 10 32 3008 78
ROW 3008 2 15 31 3008 0
ROW 3008 3 5 8 3008 335
ROW 3008 4 4 4 3008 601
ROW 3008 5 45 255 3008 14
ROW 3008 6 10 21 3008 0
ROW 3008 7 18 24 3008 120
ROW 3009 0 4 16 3009 177
ROW 3009 1 12 32 3009 78
ROW 3009 2 18 31 3009 0
ROW 3009 3 0 8 3009 335
ROW 3009 4 4 4 3009 602
ROW 3009 5 51 255 3009 14
ROW 3009 6 17 21 3009 0
ROW 3009 7 1 24 3009 120
ROW 3010 0 6 16 3010 177
ROW 3010 1 15 32 3010 78
ROW 3010 2 22 31 3010 0
ROW 3010 3 5 8 3010 335
ROW 3010 4 0 4 3010 602
ROW 3010 5 58 255 3010 14
ROW 3010 6 0 21 3010 0
ROW 3010 7 10 24 3010 120
ROW 3011 0 7 16 3011 177
ROW 3011 1 17 32 3011 78
ROW 3011 2 25 31 3011 0
ROW 3011 3 0 8 3011 335
ROW 3011 4 0 4 3011 602
ROW 3011 5 64 255 3011 14
ROW 3011 6 7 21 3011 0
ROW 3011 7 18 24 3011 120
ROW 3012 0 8 16 3012 177
ROW 3012 1 19 32 3012 78
ROW 3012 2 28 31 3012 0
ROW 3012 3 4 8 3012 335
ROW 3012 4 0 4 3012 602
ROW 3012 5 70 255 3012 14
ROW 3012 6 14 21 3012 0
ROW 3012 7 1 24 3012 120
ROW 3013 0 9 16 3013 177
ROW 3013 1 21 32 3013 78
ROW 3013 2 31 31 3013 0
ROW 3013 3 8 8 3013 336
ROW 3013 4 0 4 3013 602
ROW 3013 5 76 255 3013 14
ROW 3013 6 21 21 3013 0
ROW 3013 7 9 24 3013 120
ROW 3014 0 10 16 3014 177
ROW 3014 1 23 32 3014 78
ROW 3014 2 1 31 3014 0
ROW 3014 3 3 8 3014 336
ROW 3014 4 0 4 3014 602
ROW 3014 5 82 255 3014 14
ROW 3014 6 3 21 3014 0
ROW 3014 7 17 24 3014 120
ROW 3015 0 11 16 3015 177
ROW 3015 1 25 32 3015 78
ROW 3015 2 4 31 3015 0
ROW 3015 3 7 8 3015 336
ROW 3015 4 0 4 3015 602
ROW 3015 5 88 255 3015 14
ROW 3015 6 10 21 3015 0
ROW 3015 7 0 24 3015 120
ROW 3016 0 12 16 3016 177
ROW 3016 1 27 32 3016 78
ROW 3016 2 7 31 3016 0
ROW 3016 3 2 8 3016 336
ROW 3016 4 0 4 3016 602
ROW 3016 5 94 255 3016 14
ROW 3016 6 17 21 3016 0
ROW 3016 7 8 24 3016 120
ROW 3017 0 14 16 3017 177
ROW 3017 1 30 32 3017 78
ROW 3017 2 11 31 3017 0
ROW 3017 3 7 8 3017 336
ROW 3017 4 1 4 3017 602
ROW 3017 5 101 255 3017 14
ROW 3017 6 0 21 3017 0
ROW 3017 7 17 24 3017 120
ROW 3018 0 15 16 3018 177
ROW 3018 1 32 32 3018 79
ROW 3018 2 14 31 3018 0
ROW 3018 3 2 8 3018 336
ROW 3018 4 1 4 3018 602
ROW 3018 5 107 255 3018 14
ROW 3018 6 7 21 3018 0
ROW 3018 7 0 24 3018 120
ROW 3019 0 16 16 3019 178
ROW 3019 1 1 32 3019 79
ROW 3019 2 17 31 3019 0
ROW 3019 3 6 8 3019 336
ROW 3019 4 1 4 3019 602
ROW 3019 5 113 255 3019 14
ROW 3019 6 14 21 3019 0
ROW 3019 7 8 24 3019 120
ROW 3020 0 0 16 3020 178
ROW 3020 1 3 32 3020 79
ROW 3020 2 20 31 3020 0
ROW 3020 3 1 8 3020 336
ROW 3020 4 1 4 3020 602
ROW 3020 5 119 255 3020 14
ROW 3020 6 21 21 3020 0
ROW 3020 7 16 24 3020 120
ROW 3021 0 1 16 3021 178
ROW 3021 1 5 32 3021 79
ROW 3021 2 23 31 3021 0
ROW 3021 3 5 8 3021 336
ROW 3021 4 1 4 3021 602
ROW 3021 5 125 255 3021 14
ROW 3021 6 3 21 3021 0
ROW 3021 7 24 24 3021 121
ROW 3022 0 2 16 3022 178
ROW 3022 1 7 32 3022 79
ROW 3022 2 26 31 3022 0
ROW 3022 3 0 8 3022 336
ROW 3022 4 1 4 3022 602
ROW 3022 5 131 255 3022 14
ROW 3022 6 10 21 3022 0
ROW 3022 7 7 24 3022 121
ROW 3023 0 3 16 3023 178
ROW 3023 1 9 32 3023 79
ROW 3023 2 29 31 3023 0
ROW 3023 3 4 8 3023 336
ROW 3023 4 1 4 3023 602
ROW 3023 5 137 255 3023 14
ROW 3023 6 17 21 3023 0
ROW 3023 7 15 24 3023 121
ROW 3024 0 5 16 3024 178
ROW 3024 1 12 32 3024 79
ROW 3024 2 0 31 3024 0
ROW 3024 3 0 8 3024 336
ROW 3024 4 2 4 3024 602
ROW 3024 5 144 255 3024 14
ROW 3024 6 0 21 3024 0
ROW 3024 7 24 24 3024 122
ROW 3025 0 6 16 3025 178
ROW 3025 1 14 32 3025 79
ROW 3025 2 3 31 3025 0
ROW 3025 3 4 8 3025 336
ROW 3025 4 2 4 3025 602
ROW 3025 5 150 255 3025 14
ROW 3025 6 7 21 3025 0
ROW 3025 7 7 24 3025 122
ROW 3026 0 7 16 3026 178
ROW 3026 1 16 32 3026 79
ROW 3026 2 6 31 3026 0
ROW 3026 3 8 8 3026 337
ROW 3026 4 2 4 3026 602
ROW 3026 5 156 255 3026 14
ROW 3026 6 14 21 3026 0
ROW 3026 7 15 24 3026 122
ROW 3027 0 8 16 3027 178
ROW 3027 1 18 32 3027 79
ROW 3027 2 9 31 3027 0
ROW 3027 3 3 8 3027 337
ROW 3027 4 2 4 3027 602
ROW 3027 5 162 255 3027 14
ROW 3027 6 21 21 3027 0
ROW 3027 7 23 24 3027 122
ROW 3028 0 9 16 3028 178
ROW 3028 1 20 32 3028 79
ROW 3028 2 12 31 3028 0
ROW 3028 3 7 8 3028 337
ROW 3028 4 2 4 3028 602
ROW 3028 5 168 255 3028 14
ROW 3028 6 3 21 3028 0
ROW 3028 7 6 24 3028 122
ROW 3029 0 10 16 3029 178
ROW 3029 1 22 32 3029 79
ROW 3029 2 15 31 3029 0
ROW 3029 3 2 8 3029 337
ROW 3029 4 2 4 3029 602
ROW 3029 5 174 255 3029 14
ROW 3029 6 10 21 3029 0
ROW 3029 7 14 24 3029 122
ROW 3030 0 11 16 3030 178
ROW 3030 1 24 32 3030 79
ROW 3030 2 18 31 3030 0
ROW 3030 3 6 8 3030 337
ROW 3030 4 2 4 3030 602
ROW 3030 5 180 255 3030 14
ROW 3030 6 17 21 3030 0
ROW 3030 7 22 24 3030 122
ROW 3031 0 13 16 3031 178
ROW 3031 1 27 32 3031 79
ROW 3031 2 22 31 3031 0
ROW 3031 3 2 8 3031 337
ROW 3031 4 3 4 3031 602
ROW 3031 5 187 255 3031 14
ROW 3031 6 0 21 3031 0
ROW 3031 7 6 24 3031 122
ROW 3032 0 14 16 3032 178
ROW 3032 1 29 32 3032 79
ROW 3032 2 25 31 3032 0
ROW 3032 3 6 8 3032 337
ROW 3032 4 3 4 3032 602
ROW 3032 5 193 255 3032 14
ROW 3032 6 7 21 3032 0
ROW 3032 7 14 24 3032 122
ROW 3033 0 15 16 3033 178
ROW 3033 1 31 32 3033 79
ROW 3033 2 28 31 3033 0
ROW 3033 3 1 8 3033 337
ROW 3033 4 3 4 3033 602
ROW 3033 5 199 255 3033 14
ROW 3033 6 14 21 3033 0
ROW 3033 7 22 24 3033 122
ROW 3034 0 16 16 3034 179
ROW 3034 1 0 32 3034 79
ROW 3034 2 31 31 3034 0
ROW 3034 3 5 8 3034 337
ROW 3034 4 3 4 3034 602
ROW 3034 5 205 255 3034 14
ROW 3034 6 21 21 3034 0
ROW 3034 7 5 24 3034 122
ROW 3035 0 0 16 3035 179
ROW 3035 1 2 32 3035 79
ROW 3035 2 1 31 3035 0
ROW 3035 3 0 8 3035 337
ROW 3035 4 3 4 3035 602
ROW 3035 5 211 255 3035 14
ROW 3035 6 3 21 3035 0
ROW 3035 7 13 24 3035 122
ROW 3036 0 1 16 3036 179
ROW 3036 1 4 32 3036 79
ROW 3036 2 4 31 3036 0
ROW 3036 3 4 8 3036 337
ROW 3036 4 3 4 3036 602
ROW 3036 5 217 255 3036 14
ROW 3036 6 10 21 3036 0
ROW 3036 7 21 24 3036 122
ROW 3037 0 2 16 3037 179
ROW 3037 1 6 32 3037 79
ROW 3037 2 7 31 3037 0
ROW 3037 3 8 8 3037 338
ROW 3037 4 3 4 3037 602
ROW 3037 5 223 255 3037 14
ROW 3037 6 17 21 3037 0
ROW 3037 7 4 24 3037 122
ROW 3038 0 4 16 3038 179
ROW 3038 1 9 32 3038 79
ROW 3038 2 11 31 3038 0
ROW 3038 3 4 8 3038 338
ROW 3038 4 4 4 3038 603
ROW 3038 5 230 255 3038 14
ROW 3038 6 0 21 3038 0
ROW 3038 7 13 24 3038 122
ROW 3039 0 5 16 3039 179
ROW 3039 1 11 32 3039 79
ROW 3039 2 14 31 3039 0
ROW 3039 3 8 8 3039 339
ROW 3039 4 4 4 3039 604
ROW 3039 5 236 255 3039 14
ROW 3039 6 7 21 3039 0
ROW 3039 7 21 24 3039 122
ROW 3040 0 6 16 3040 179
ROW 3040 1 13 32 3040 79
ROW 3040 2 17 31 3040 0
ROW 3040 3 3 8 3040 339
ROW 3040 4 4 4 3040 605
ROW 3040 5 242 255 3040 14
ROW 3040 6 14 21 3040 0
ROW 3040 7 4 24 3040 122
ROW 3041 0 7 16 3041 179
ROW 3041 1 15 32 3041 79
ROW 3041 2 20 31 3041 0
ROW 3041 3 7 8 3041 339
ROW 3041 4 4 4 3041 606
ROW 3041 5 248 255 3041 14
ROW 3041 6 21 21 3041 0
ROW 3041 7 12 24 3041 122
ROW 3042 0 8 16 3042 179
ROW 3042 1 17 32 3042 79
ROW 3042 2 23 31 3042 0
ROW 3042 3 2 8 3042 339
ROW 3042 4 4 4 3042 607
ROW 3042 5 254 255 3042 14
ROW 3042 6 3 21 3042 0
ROW 3042 7 20 24 3042 122
ROW 3043 0 9 16 3043 179
ROW 3043 1 19 32 3043 79
ROW 3043 2 26 31 3043 0
ROW 3043 3 6 8 3043 339
ROW 3043 4 4 4 3043 608
ROW 3043 5 4 255 3043 14
ROW 3043 6 10 21 3043 0
ROW 3043 7 3 24 3043 122
ROW 3044 0 10 16 3044 179
ROW 3044 1 21 32 3044 79
ROW 3044 2 29 31 3044 0
ROW 3044 3 1 8 3044 339
ROW 3044 4 4 4 3044 609
ROW 3044 5 10 255 3044 14
ROW 3044 6 17 21 3044 0
ROW 3044 7 11 24 3044 122
ROW 3045 0 12 16 3045 179
ROW 3045 1 24 32 3045 79
ROW 3045 2 0 31 3045 0
ROW 3045 3 6 8 3045 339
ROW 3045 4 0 4 3045 609
ROW 3045 5 17 255 3045 14
ROW 3045 6 0 21 3045 0
ROW 3045 7 20 24 3045 122
ROW 3046 0 13 16 3046 179
ROW 3046 1 26 32 3046 79
ROW 3046 2 3 31 3046 0
ROW 3046 3 1 8 3046 339
ROW 3046 4 0 4 3046 609
ROW 3046 5 23 255 3046 14
ROW 3046 6 7 21 3046 0
ROW 3046 7 3 24 3046 122
ROW 3047 0 14 16 3047 179
ROW 3047 1 28 32 3047 79
ROW 3047 2 6 31 3047 0
ROW 3047 3 5 8 3047 339
ROW 3047 4 0 4 3047 609
ROW 3047 5 29 255 3047 14
ROW 3047 6 14 21 3047 0
ROW 3047 7 11 24 3047 122
ROW 3048 0 15 16 3048 179
ROW 3048 1 30 32 3048 79
ROW 3048 2 9 31 3048 0
ROW 3048 3 0 8 3048 339
ROW 3048 4 0 4 3048 609
ROW 3048 5 35 255 3048 14
ROW 3048 6 21 21 3048 0
ROW 3048 7 19 24 3048 122
ROW 3049 0 16 16 3049 180
ROW 3049 1 32 32 3049 80
ROW 3049 2 12 31 3049 0
ROW 3049 3 4 8 3049 339
ROW 3049 4 0 4 3049 609
ROW 3049 5 41 255 3049 14
ROW 3049 6 3 21 3049 0
ROW 3049 7 2 24 3049 122
ROW 3050 0 0 16 3050 180
ROW 3050 1 1 32 3050 80
ROW 3050 2 15 31 3050 0
ROW 3050 3 8 8 3050 340
ROW 3050 4 0 4 3050 609
ROW 3050 5 47 255 3050 14
ROW 3050 6 10 21 3050 0
ROW 3050 7 10 24 3050 122
ROW 3051 0 1 16 3051 180
ROW 3051 1 3 32 3051 80
ROW 3051 2 18 31 3051 0
ROW 3051 3 3 8 3051 340
ROW 3051 4 0 4 3051 609
ROW 3051 5 53 255 3051 14
ROW 3051 6 17 21 3051 0
ROW 3051 7 18 24 3051 122
ROW 3052 0 3 16 3052 180
ROW 3052 1 6 32 3052 80
ROW 3052 2 22 31 3052 0
ROW 3052 3 8 8 3052 341
ROW 3052 4 1 4 3052 609
ROW 3052 5 60 255 3052 14
ROW 3052 6 0 21 3052 0
ROW 3052 7 2 24 3052 122
ROW 3053 0 4 16 3053 180
ROW 3053 1 8 32 3053 80
ROW 3053 2 25 31 3053 0
ROW 3053 3 3 8 3053 341
ROW 3053 4 1 4 3053 609
ROW 3053 5 66 255 3053 14
ROW 3053 6 7 21 3053 0
ROW 3053 7 10 24 3053 122
ROW 3054 0 5 16 3054 180
ROW 3054 1 10 32 3054 80
ROW 3054 2 28 31 3054 0
ROW 3054 3 7 8 3054 341
ROW 3054 4 1 4 3054 609
ROW 3054 5 72 255 3054 14
ROW 3054 6 14 21 3054 0
ROW 3054 7 18 24 3054 122
ROW 3055 0 6 16 3055 180
ROW 3055 1 12 32 3055 80
ROW 3055 2 31 31 3055 0
ROW 3055 3 2 8 3055 341
ROW 3055 4 1 4 3055 609
ROW 3055 5 78 255 3055 14
ROW 3055 6 21 21 3055 0
ROW 3055 7 1 24 3055 122
ROW 3056 0 7 16 3056 180
ROW 3056 1 14 32 3056 80
ROW 3056 2 1 31 3056 0
ROW 3056 3 6 8 3056 341
ROW 3056 4 1 4 3056 609
ROW 3056 5 84 255 3056 14
ROW 3056 6 3 21 3056 0
ROW 3056 7 9 24 3056 122
ROW 3057 0 8 16 3057 180
ROW 3057 1 16 32 3057 80
ROW 3057 2 4 31 3057 0
ROW 3057 3 1 8 3057 341
ROW 3057 4 1 4 3057 609
ROW 3057 5 90 255 3057 14
ROW 3057 6 10 21 3057 0
ROW 3057 7 17 24 3057 122
ROW 3058 0 9 16 3058 180
ROW 3058 1 18 32 3058 80
ROW 3058 2 7 31 3058 0
ROW 3058 3 5 8 3058 341
ROW 3058 4 1 4 3058 609
ROW 3058 5 96 255 3058 14
ROW 3058 6 17 21 3058 0
ROW 3058 7 0 24 3058 122
ROW 3059 0 11 16 3059 180
ROW 3059 1 21 32 3059 80
ROW 3059 2 11 31 3059 0
ROW 3059 3 1 8 3059 341
ROW 3059 4 2 4 3059 609
ROW 3059 5 103 255 3059 14
ROW 3059 6 0 21 3059 0
ROW 3059 7 9 24 3059 122
ROW 3060 0 12 16 3060 180
ROW 3060 1 23 32 3060 80
ROW 3060 2 14 31 3060 0
ROW 3060 3 5 8 3060 341
ROW 3060 4 2 4 3060 609
ROW 3060 5 109 255 3060 14
ROW 3060 6 7 21 3060 0
ROW 3060 7 17 24 3060 122
ROW 3061 0 13 16 3061 180
ROW 3061 1 25 32 3061 80
ROW 3061 2 17 31 3061 0
ROW 3061 3 0 8 3061 341
ROW 3061 4 2 4 3061 609
ROW 3061 5 115 255 3061 14
ROW 3061 6 14 21 3061 0
ROW 3061 7 0 24 3061 122
ROW 3062 0 14 16 3062 180
ROW 3062 1 27 32 3062 80
ROW 3062 2 20 31 3062 0
ROW 3062 3 4 8 3062 341
ROW 3062 4 2 4 3062 609
ROW 3062 5 121 255 3062 14
ROW 3062 6 21 21 3062 0
ROW 3062 7 8 24 3062 122
ROW 3063 0 15 16 3063 180
ROW 3063 1 29 32 3063 80
ROW 3063 2 23 31 3063 0
ROW 3063 3 8 8 3063 342
ROW 3063 4 2 4 3063 609
ROW 3063 5 127 255 3063 14
ROW 3063 6 3 21 3063 0
ROW 3063 7 16 24 3063 122
ROW 3064 0 16 16 3064 181
ROW 3064 1 31 32 3064 80
ROW 3064 2 26 31 3064 0
ROW 3064 3 3 8 3064 342
ROW 3064 4 2 4 3064 609
ROW 3064 5 133 255 3064 14
ROW 3064 6 10 21 3064 0
ROW 3064 7 24 24 3064 123
ROW 3065 0 0 16 3065 181
ROW 3065 1 0 32 3065 80
ROW 3065 2 29 31 3065 0
ROW 3065 3 7 8 3065 342
ROW 3065 4 2 4 3065 609
ROW 3065 5 139 255 3065 14
ROW 3065 6 17 21 3065 0
ROW 3065 7 7 24 3065 123
ROW 3066 0 2 16 3066 181
ROW 3066 1 3 32 3066 80
ROW 3066 2 0 31 3066 0
ROW 3066 3 3 8 3066 342
ROW 3066 4 3 4 3066 609
ROW 3066 5 146 255 3066 14
ROW 3066 6 0 21 3066 0
ROW 3066 7 16 24 3066 123
ROW 3067 0 3 16 3067 181
ROW 3067 1 5 32 3067 80
ROW 3067 2 3 31 3067 0
ROW 3067 3 7 8 3067 342
ROW 3067 4 3 4 3067 609
ROW 3067 5 152 255 3067 14
ROW 3067 6 7 21 3067 0
ROW 3067 7 24 24 3067 124
ROW 3068 0 4 16 3068 181
ROW 3068 1 7 32 3068 80
ROW 3068 2 6 31 3068 0
ROW 3068 3 2 8 3068 342
ROW 3068 4 3 4 3068 609
ROW 3068 5 158 255 3068 14
ROW 3068 6 14 21 3068 0
ROW 3068 7 7 24 3068 124
ROW 3069 0 5 16 3069 181
ROW 3069 1 9 32 3069 80
ROW 3069 2 9 31 3069 0
ROW 3069 3 6 8 3069 342
ROW 3069 4 3 4 3069 609
ROW 3069 5 164 255 3069 14
ROW 3069 6 21 21 3069 0
ROW 3069 7 15 24 3069 124
ROW 3070 0 6 16 3070 181
ROW 3070 1 11 32 3070 80
ROW 3070 2 12 31 3070 0
ROW 3070 3 1 8 3070 342
ROW 3070 4 3 4 3070 609
ROW 3070 5 170 255 3070 14
ROW 3070 6 3 21 3070 0
ROW 3070 7 23 24 3070 124
ROW 3071 0 7 16 3071 181
ROW 3071 1 13 32 3071 80
ROW 3071 2 15 31 3071 0
ROW 3071 3 5 8 3071 342
ROW 3071 4 3 4 3071 609
ROW 3071 5 176 255 3071 14
ROW 3071 6 10 21 3071 0
ROW 3071 7 6 24 3071 124
ROW 3072 0 8 16 3072 181
ROW 3072 1 15 32 3072 80
ROW 3072 2 18 31 3072 0
ROW 3072 3 0 8 3072 342
ROW 3072 4 3 4 3072 609
ROW 3072 5 182 255 3072 14
ROW 3072 6 17 21 3072 0
ROW 3072 7 14 24 3072 124
ROW 3073 0 10 16 3073 181
ROW 3073 1 18 32 3073 80
ROW 3073 2 22 31 3073 0
ROW 3073 3 5 8 3073 342
ROW 3073 4 4 4 3073 610
ROW 3073 5 189 255 3073 14
ROW 3073 6 0 21 3073 0
ROW 3073 7 23 24 3073 124
ROW 3074 0 11 16 3074 181
ROW 3074 1 20 32 3074 80
ROW 3074 2 25 31 3074 0
ROW 3074 3 0 8 3074 342
ROW 3074 4 4 4 3074 611
ROW 3074 5 195 255 3074 14
ROW 3074 6 7 21 3074 0
ROW 3074 7 6 24 3074 124
ROW 3075 0 12 16 3075 181
ROW 3075 1 22 32 3075 80
ROW 3075 2 28 31 3075 0
ROW 3075 3 4 8 3075 342
ROW 3075 4 4 4 3075 612
ROW 3075 5 201 255 3075 14
ROW 3075 6 14 21 3075 0
ROW 3075 7 14 24 3075 124
ROW 3076 0 13 16 3076 181
ROW 3076 1 24 32 3076 80
ROW 3076 2 31 31 3076 0
ROW 3076 3 8 8 3076 343
ROW 3076 4 4 4 3076 613
ROW 3076 5 207 255 3076 14
ROW 3076 6 21 21 3076 0
ROW 3076 7 22 24 3076 124
ROW 3077 0 14 16 3077 181
ROW 3077 1 26 32 3077 80
ROW 3077 2 1 31 3077 0
ROW 3077 3 3 8 3077 343
ROW 3077 4 4 4 3077 614
ROW 3077 5 213 255 3077 14
ROW 3077 6 3 21 3077 0
ROW 3077 7 5 24 3077 124
ROW 3078 0 15 16 3078 181
ROW 3078 1 28 32 3078 80
ROW 3078 2 4 31 3078 0
ROW 3078 3 7 8 3078 343
ROW 3078 4 4 4 3078 615
ROW 3078 5 219 255 3078 14
ROW 3078 6 10 21 3078 0
ROW 3078 7 13 24 3078 124
ROW 3079 0 16 16 3079 182
ROW 3079 1 30 32 3079 80
ROW 3079 2 7 31 3079 0
ROW 3079 3 2 8 3079 343
ROW 3079 4 4 4 3079 616
ROW 3079 5 225 255 3079 14
ROW 3079 6 17 21 3079 0
ROW 3079 7 21 24 3079 124
ROW 3080 0 1 16 3080 182
ROW 3080 1 0 32 3080 80
ROW 3080 2 11 31 3080 0
ROW 3080 3 7 8 3080 343
ROW 3080 4 0 4 3080 616
ROW 3080 5 232 255 3080 14
ROW 3080 6 0 21 3080 0
ROW 3080 7 5 24 3080 124
ROW 3081 0 2 16 3081 182
ROW 3081 1 2 32 3081 80
ROW 3081 2 14 31 3081 0
ROW 3081 3 2 8 3081 343
ROW 3081 4 0 4 3081 616
ROW 3081 5 238 255 3081 14
ROW 3081 6 7 21 3081 0
ROW 3081 7 13 24 3081 124
ROW 3082 0 3 16 3082 182
ROW 3082 1 4 32 3082 80
ROW 3082 2 17 31 3082 0
ROW 3082 3 6 8 3082 343
ROW 3082 4 0 4 3082 616
ROW 3082 5 244 255 3082 14
ROW 3082 6 14 21 3082 0
ROW 3082 7 21 24 3082 124
ROW 3083 0 4 16 3083 182
ROW 3083 1 6 32 3083 80
ROW 3083 2 20 31 3083 0
ROW 3083 3 1 8 3083 343
ROW 3083 4 0 4 3083 616
ROW 3083 5 250 255 3083 14
ROW 3083 6 21 21 3083 0
ROW 3083 7 4 24 3083 124
ROW 3084 0 5 16 3084 182
ROW 3084 1 8 32 3084 80
ROW 3084 2 23 31 3084 0
ROW 3084 3 5 8 3084 343
ROW 3084 4 0 4 3084 616
ROW 3084 5 0 255 3084 14
ROW 3084 6 3 21 3084 0
ROW 3084 7 12 24 3084 124
ROW 3085 0 6 16 3085 182
ROW 3085 1 10 32 3085 80
ROW 3085 2 26 31 3085 0
ROW 3085 3 0 8 3085 343
ROW 3085 4 0 4 3085 616
ROW 3085 5 6 255 3085 14
ROW 3085 6 10 21 3085 0
ROW 3085 7 20 24 3085 124
ROW 3086 0 7 16 3086 182
ROW 3086 1 12 32 3086 80
ROW 3086 2 29 31 3086 0
ROW 3086 3 4 8 3086 343
ROW 3086 4 0 4 3086 616
ROW 3086 5 12 255 3086 14
ROW 3086 6 17 21 3086 0
ROW 3086 7 3 24 3086 124
ROW 3087 0 9 16 3087 182
ROW 3087 1 15 32 3087 80
ROW 3087 2 0 31 3087 0
ROW 3087 3 0 8 3087 343
ROW 3087 4 1 4 3087 616
ROW 3087 5 19 255 3087 14
ROW 3087 6 0 21 3087 0
ROW 3087 7 12 24 3087 124
ROW 3088 0 10 16 3088 182
ROW 3088 1 17 32 3088 80
ROW 3088 2 3 31 3088 0
ROW 3088 3 4 8 3088 343
ROW 3088 4 1 4 3088 616
ROW 3088 5 25 255 3088 14
ROW 3088 6 7 21 3088 0
ROW 3088 7 20 24 3088 124
ROW 3089 0 11 16 3089 182
ROW 3089 1 19 32 3089 80
ROW 3089 2 6 31 3089 0
ROW 3089 3 8 8 3089 344
ROW 3089 4 1 4 3089 616
ROW 3089 5 31 255 3089 14
ROW 3089 6 14 21 3089 0
ROW 3089 7 3 24 3089 124
ROW 3090 0 12 16 3090 182
ROW 3090 1 21 32 3090 80
ROW 3090 2 9 31 3090 0
ROW 3090 3 3 8 3090 344
ROW 3090 4 1 4 3090 616
ROW 3090 5 37 255 3090 14
ROW 3090 6 21 21 3090 0
ROW 3090 7 11 24 3090 124
ROW 3091 0 13 16 3091 182
ROW 3091 1 23 32 3091 80
ROW 3091 2 12 31 3091 0
ROW 3091 3 7 8 3091 344
ROW 3091 4 1 4 3091 616
ROW 3091 5 43 255 3091 14
ROW 3091 6 3 21 3091 0
ROW 3091 7 19 24 3091 124
ROW 3092 0 14 16 3092 182
ROW 3092 1 25 32 3092 80
ROW 3092 2 15 31 3092 0
ROW 3092 3 2 8 3092 344
ROW 3092 4 1 4 3092 616
ROW 3092 5 49 255 3092 14
ROW 3092 6 10 21 3092 0
ROW 3092 7 2 24 3092 124
ROW 3093 0 15 16 3093 182
ROW 3093 1 27 32 3093 80
ROW 3093 2 18 31 3093 0
ROW 3093 3 6 8 3093 344
ROW 3093 4 1 4 3093 616
ROW 3093 5 55 255 3093 14
ROW 3093 6 17 21 3093 0
ROW 3093 7 10 24 3093 124
ROW 3094 0 0 16 3094 182
ROW 3094 1 30 32 3094 80
ROW 3094 2 22 31 3094 0
ROW 3094 3 2 8 3094 344
ROW 3094 4 2 4 3094 616
ROW 3094 5 62 255 3094 14
ROW 3094 6 0 21 3094 0
ROW 3094 7 19 24 3094 124
ROW 3095 0 1 16 3095 182
ROW 3095 1 32 32 3095 81
ROW 3095 2 25 31 3095 0
ROW 3095 3 6 8 3095 344
ROW 3095 4 2 4 3095 616
ROW 3095 5 68 255 3095 14
ROW 3095 6 7 21 3095 0
ROW 3095 7 2 24 3095 124
ROW 3096 0 2 16 3096 182
ROW 3096 1 1 32 3096 81
ROW 3096 2 28 31 3096 0
ROW 3096 3 1 8 3096 344
ROW 3096 4 2 4 3096 616
ROW 3096 5 74 255 3096 14
ROW 3096 6 14 21 3096 0
ROW 3096 7 10 24 3096 124
ROW 3097 0 3 16 3097 182
ROW 3097 1 3 32 3097 81
ROW 3097 2 31 31 3097 0
ROW 3097 3 5 8 3097 344
ROW 3097 4 2 4 3097 616
ROW 3097 5 80 255 3097 14
ROW 3097 6 21 21 3097 0
ROW 3097 7 18 24 3097 124
ROW 3098 0 4 16 3098 182
ROW 3098 1 5 32 3098 81
ROW 3098 2 1 31 3098 0
ROW 3098 3 0 8 3098 344
ROW 3098 4 2 4 3098 616
ROW 3098 5 86 255 3098 14
ROW 3098 6 3 21 3098 0
ROW 3098 7 1 24 3098 124
ROW 3099 0 5 16 3099 182
ROW 3099 1 7 32 3099 81
ROW 3099 2 4 31 3099 0
ROW 3099 3 4 8 3099 344
ROW 3099 4 2 4 3099 616
ROW 3099 5 92 255 3099 14
ROW 3099 6 10 21 3099 0
ROW 3099 7 9 24 3099 124
ROW 3100 0 6 16 3100 182
ROW 3100 1 9 32 3100 81
ROW 3100 2 7 31 3100 0
ROW 3100 3 8 8 3100 345
ROW 3100 4 2 4 3100 616
ROW 3100 5 98 255 3100 14
ROW 3100 6 17 21 3100 0
ROW 3100 7 17 24 3100 124
ROW 3101 0 8 16 3101 182
ROW 3101 1 12 32 3101 81
ROW 3101 2 11 31 3101 0
ROW 3101 3 4 8 3101 345
ROW 3101 4 3 4 3101 616
ROW 3101 5 105 255 3101 14
ROW 3101 6 0 21 3101 0
ROW 3101 7 1 24 3101 124
ROW 3102 0 9 16 3102 182
ROW 3102 1 14 32 3102 81
ROW 3102 2 14 31 3102 0
ROW 3102 3 8 8 3102 346
ROW 3102 4 3 4 3102 616
ROW 3102 5 111 255 3102 14
ROW 3102 6 7 21 3102 0
ROW 3102 7 9 24 3102 124
ROW 3103 0 10 16 3103 182
ROW 3103 1 16 32 3103 81
ROW 3103 2 17 31 3103 0
ROW 3103 3 3 8 3103 346
ROW 3103 4 3 4 3103 616
ROW 3103 5 117 255 3103 14
ROW 3103 6 14 21 3103 0
ROW 3103 7 17 24 3103 124
ROW 3104 0 11 16 3104 182
ROW 3104 1 18 32 3104 81
ROW 3104 2 20 31 3104 0
ROW 3104 3 7 8 3104 346
ROW 3104 4 3 4 3104 616
ROW 3104 5 123 255 3104 14
ROW 3104 6 21 21 3104 0
ROW 3104 7 0 24 3104 124
ROW 3105 0 12 16 3105 182
ROW 3105 1 20 32 3105 81
ROW 3105 2 23 31 3105 0
ROW 3105 3 2 8 3105 346
ROW 3105 4 3 4 3105 616
ROW 3105 5 129 255 3105 14
ROW 3105 6 3 21 3105 0
ROW 3105 7 8 24 3105 124
ROW 3106 0 13 16 3106 182
ROW 3106 1 22 32 3106 81
ROW 3106 2 26 31 3106 0
ROW 3106 3 6 8 3106 346
ROW 3106 4 3 4 3106 616
ROW 3106 5 135 255 3106 14
ROW 3106 6 10 21 3106 0
ROW 3106 7 16 24 3106 124
ROW 3107 0 14 16 3107 182
ROW 3107 1 24 32 3107 81
ROW 3107 2 29 31 3107 0
ROW 3107 3 1 8 3107 346
ROW 3107 4 3 4 3107 616
ROW 3107 5 141 255 3107 14
ROW 3107 6 17 21 3107 0
ROW 3107 7 24 24 3107 125
ROW 3108 0 16 16 3108 183
ROW 3108 1 27 32 3108 81
ROW 3108 2 0 31 3108 0
ROW 3108 3 6 8 3108 346
ROW 3108 4 4 4 3108 617
ROW 3108 5 148 255 3108 14
ROW 3108 6 0 21 3108 0
ROW 3108 7 8 24 3108 125
ROW 3109 0 0 16 3109 183
ROW 3109 1 29 32 3109 81
ROW 3109 2 3 31 3109 0
ROW 3109 3 1 8 3109 346
ROW 3109 4 4 4 3109 618
ROW 3109 5 154 255 3109 14
ROW 3109 6 7 21 3109 0
ROW 3109 7 16 24 3109 125
ROW 3110 0 1 16 3110 183
ROW 3110 1 31 32 3110 81
ROW 3110 2 6 31 3110 0
ROW 3110 3 5 8 3110 346
ROW 3110 4 4 4 3110 619
ROW 3110 5 160 255 3110 14
ROW 3110 6 14 21 3110 0
ROW 3110 7 24 24 3110 126
ROW 3111 0 2 16 3111 183
ROW 3111 1 0 32 3111 81
ROW 3111 2 9 31 3111 0
ROW 3111 3 0 8 3111 346
ROW 3111 4 4 4 3111 620
ROW 3111 5 166 255 3111 14
ROW 3111 6 21 21 3111 0
ROW 3111 7 7 24 3111 126
ROW 3112 0 3 16 3112 183
ROW 3112 1 2 32 3112 81
ROW 3112 2 12 31 3112 0
ROW 3112 3 4 8 3112 346
ROW 3112 4 4 4 3112 621
ROW 3112 5 172 255 3112 14
ROW 3112 6 3 21 3112 0
ROW 3112 7 15 24 3112 126
ROW 3113 0 4 16 3113 183
ROW 3113 1 4 32 3113 81
ROW 3113 2 15 31 3113 0
ROW 3113 3 8 8 3113 347
ROW 3113 4 4 4 3113 622
ROW 3113 5 178 255 3113 14
ROW 3113 6 10 21 3113 0
ROW 3113 7 23 24 3113 126
ROW 3114 0 5 16 3114 183
ROW 3114 1 6 32 3114 81
ROW 3114 2 18 31 3114 0
ROW 3114 3 3 8 3114 347
ROW 3114 4 4 4 3114 623
ROW 3114 5 184 255 3114 14
ROW 3114 6 17 21 3114 0
ROW 3114 7 6 24 3114 126
ROW 3115 0 7 16 3115 183
ROW 3115 1 9 32 3115 81
ROW 3115 2 22 31 3115 0
ROW 3115 3 8 8 3115 348
ROW 3115 4 0 4 3115 623
ROW 3115 5 191 255 3115 14
ROW 3115 6 0 21 3115 0
ROW 3115 7 15 24 3115 126
ROW 3116 0 8 16 3116 183
ROW 3116 1 11 32 3116 81
ROW 3116 2 25 31 3116 0
ROW 3116 3 3 8 3116 348
ROW 3116 4 0 4 3116 623
ROW 3116 5 197 255 3116 14
ROW 3116 6 7 21 3116 0
ROW 3116 7 23 24 3116 126
ROW 3117 0 9 16 3117 183
ROW 3117 1 13 32 3117 81
ROW 3117 2 28 31 3117 0
ROW 3117 3 7 8 3117 348
ROW 3117 4 0 4 3117 623
ROW 3117 5 203 255 3117 14
ROW 3117 6 14 21 3117 0
ROW 3117 7 6 24 3117 126
ROW 3118 0 10 16 3118 183
ROW 3118 1 15 32 3118 81
ROW 3118 2 31 31 3118 0
ROW 3118 3 2 8 3118 348
ROW 3118 4 0 4 3118 623
ROW 3118 5 209 255 3118 14
ROW 3118 6 21 21 3118 0
ROW 3118 7 14 24 3118 126
ROW 3119 0 11 16 3119 183
ROW 3119 1 17 32 3119 81
ROW 3119 2 1 31 3119 0
ROW 3119 3 6 8 3119 348
ROW 3119 4 0 4 3119 623
ROW 3119 5 215 255 3119 14
ROW 3119 6 3 21 3119 0
ROW 3119 7 22 24 3119 126
ROW 3120 0 12 16 3120 183
ROW 3120 1 19 32 3120 81
ROW 3120 2 4 31 3120 0
ROW 3120 3 1 8 3120 348
ROW 3120 4 0 4 3120 623
ROW 3120 5 221 255 3120 14
ROW 3120 6 10 21 3120 0
ROW 3120 7 5 24 3120 126
ROW 3121 0 13 16 3121 183
ROW 3121 1 21 32 3121 81
ROW 3121 2 7 31 3121 0
ROW 3121 3 5 8 3121 348
ROW 3121 4 0 4 3121 623
ROW 3121 5 227 255 3121 14
ROW 3121 6 17 21 3121 0
ROW 3121 7 13 24 3121 126
ROW 3122 0 15 16 3122 183
ROW 3122 1 24 32 3122 81
ROW 3122 2 11 31 3122 0
ROW 3122 3 1 8 3122 348
ROW 3122 4 1 4 3122 623
ROW 3122 5 234 255 3122 14
ROW 3122 6 0 21 3122 0
ROW 3122 7 22 24 3122 126
ROW 3123 0 16 16 3123 184
ROW 3123 1 26 32 3123 81
ROW 3123 2 14 31 3123 0
ROW 3123 3 5 8 3123 348
ROW 3123 4 1 4 3123 623
ROW 3123 5 240 255 3123 14
ROW 3123 6 7 21 3123 0
ROW 3123 7 5 24 3123 126
ROW 3124 0 0 16 3124 184
ROW 3124 1 28 32 3124 81
ROW 3124 2 17 31 3124 0
ROW 3124 3 0 8 3124 348
ROW 3124 4 1 4 3124 623
ROW 3124 5 246 255 3124 14
ROW 3124 6 14 21 3124 0
ROW 3124 7 13 24 3124 126
ROW 3125 0 1 16 3125 184
ROW 3125 1 30 32 3125 81
ROW 3125 2 20 31 3125 0
ROW 3125 3 4 8 3125 348
ROW 3125 4 1 4 3125 623
ROW 3125 5 252 255 3125 14
ROW 3125 6 21 21 3125 0
ROW 3125 7 21 24 3125 126
ROW 3126 0 2 16 3126 184
ROW 3126 1 32 32 3126 82
ROW 3126 2 23 31 3126 0
ROW 3126 3 8 8 3126 349
ROW 3126 4 1 4 3126 623
ROW 3126 5 2 255 3126 14
ROW 3126 6 3 21 3126 0
ROW 3126 7 4 24 3126 126
ROW 3127 0 3 16 3127 184
ROW 3127 1 1 32 3127 82
ROW 3127 2 26 31 3127 0
ROW 3127 3 3 8 3127 349
ROW 3127 4 1 4 3127 623
ROW 3127 5 8 255 3127 14
ROW 3127 6 10 21 3127 0
ROW 3127 7 12 24 3127 126
ROW 3128 0 4 16 3128 184
ROW 3128 1 3 32 3128 82
ROW 3128 2 29 31 3128 0
ROW 3128 3 7 8 3128 349
ROW 3128 4 1 4 3128 623
ROW 3128 5 14 255 3128 14
ROW 3128 6 17 21 3128 0
ROW 3128 7 20 24 3128 126
ROW 3129 0 6 16 3129 184
ROW 3129 1 6 32 3129 82
ROW 3129 2 0 31 3129 0
ROW 3129 3 3 8 3129 349
ROW 3129 4 2 4 3129 623
ROW 3129 5 21 255 3129 14
ROW 3129 6 0 21 3129 0
ROW 3129 7 4 24 3129 126
ROW 3130 0 7 16 3130 184
ROW 3130 1 8 32 3130 82
ROW 3130 2 3 31 3130 0
ROW 3130 3 7 8 3130 349
ROW 3130 4 2 4 3130 623
ROW 3130 5 27 255 3130 14
ROW 3130 6 7 21 3130 0
ROW 3130 7 12 24 3130 126
ROW 3131 0 8 16 3131 184
ROW 3131 1 10 32 3131 82
ROW 3131 2 6 31 3131 0
ROW 3131 3 2 8 3131 349
ROW 3131 4 2 4 3131 623
ROW 3131 5 33 255 3131 14
ROW 3131 6 14 21 3131 0
ROW 3131 7 20 24 3131 126
ROW 3132 0 9 16 3132 184
ROW 3132 1 12 32 3132 82
ROW 3132 2 9 31 3132 0
ROW 3132 3 6 8 3132 349
ROW 3132 4 2 4 3132 623
ROW 3132 5 39 255 3132 14
ROW 3132 6 21 21 3132 0
ROW 3132 7 3 24 3132 126
ROW 3133 0 10 16 3133 184
ROW 3133 1 14 32 3133 82
ROW 3133 2 12 31 3133 0
ROW 3133 3 1 8 3133 349
ROW 3133 4 2 4 3133 623
ROW 3133 5 45 255 3133 14
ROW 3133 6 3 21 3133 0
ROW 3133 7 11 24 3133 126
ROW 3134 0 11 16 3134 184
ROW 3134 1 16 32 3134 82
ROW 3134 2 15 31 3134 0
ROW 3134 3 5 8 3134 349
ROW 3134 4 2 4 3134 623
ROW 3134 5 51 255 3134 14
ROW 3134 6 10 21 3134 0
ROW 3134 7 19 24 3134 126
ROW 3135 0 12 16 3135 184
ROW 3135 1 18 32 3135 82
ROW 3135 2 18 31 3135 0
ROW 3135 3 0 8 3135 349
ROW 3135 4 2 4 3135 623
ROW 3135 5 57 255 3135 14
ROW 3135 6 17 21 3135 0
ROW 3135 7 2 24 3135 126
ROW 3136 0 14 16 3136 184
ROW 3136 1 21 32 3136 82
ROW 3136 2 22 31 3136 0
ROW 3136 3 5 8 3136 349
ROW 3136 4 3 4 3136 623
ROW 3136 5 64 255 3136 14
ROW 3136 6 0 21 3136 0
ROW 3136 7 11 24 3136 126
ROW 3137 0 15 16 3137 184
ROW 3137 1 23 32 3137 82
ROW 3137 2 25 31 3137 0
ROW 3137 3 0 8 3137 349
ROW 3137 4 3 4 3137 623
ROW 3137 5 70 255 3137 14
ROW 3137 6 7 21 3137 0
ROW 3137 7 19 24 3137 126
ROW 3138 0 16 16 3138 185
ROW 3138 1 25 32 3138 82
ROW 3138 2 28 31 3138 0
ROW 3138 3 4 8 3138 349
ROW 3138 4 3 4 3138 623
ROW 3138 5 76 255 3138 14
ROW 3138 6 14 21 3138 0
ROW 3138 7 2 24 3138 126
ROW 3139 0 0 16 3139 185
ROW 3139 1 27 32 3139 82
ROW 3139 2 31 31 3139 0
ROW 3139 3 8 8 3139 350
ROW 3139 4 3 4 3139 623
ROW 3139 5 82 255 3139 14
ROW 3139 6 21 21 3139 0
ROW 3139 7 10 24 3139 126
ROW 3140 0 1 16 3140 185
ROW 3140 1 29 32 3140 82
ROW 3140 2 1 31 3140 0
ROW 3140 3 3 8 3140 350
ROW 3140 4 3 4 3140 623
ROW 3140 5 88 255 3140 14
ROW 3140 6 3 21 3140 0
ROW 3140 7 18 24 3140 126
ROW 3141 0 2 16 3141 185
ROW 3141 1 31 32 3141 82
ROW 3141 2 4 31 3141 0
ROW 3141 3 7 8 3141 350
ROW 3141 4 3 4 3141 623
ROW 3141 5 94 255 3141 14
ROW 3141 6 10 21 3141 0
ROW 3141 7 1 24 3141 126
ROW 3142 0 3 16 3142 185
ROW 3142 1 0 32 3142 82
ROW 3142 2 7 31 3142 0
ROW 3142 3 2 8 3142 350
ROW 3142 4 3 4 3142 623
ROW 3142 5 100 255 3142 14
ROW 3142 6 17 21 3142 0
ROW 3142 7 9 24 3142 126
ROW 3143 0 5 16 3143 185
ROW 3143 1 3 32 3143 82
ROW 3143 2 11 31 3143 0
ROW 3143 3 7 8 3143 350
ROW 3143 4 4 4 3143 624
ROW 3143 5 107 255 3143 14
ROW 3143 6 0 21 3143 0
ROW 3143 7 18 24 3143 126
ROW 3144 0 6 16 3144 185
ROW 3144 1 5 32 3144 82
ROW 3144 2 14 31 3144 0
ROW 3144 3 2 8 3144 350
ROW 3144 4 4 4 3144 625
ROW 3144 5 113 255 3144 14
ROW 3144 6 7 21 3144 0
ROW 3144 7 1 24 3144 126
ROW 3145 0 7 16 3145 185
ROW 3145 1 7 32 3145 82
ROW 3145 2 17 31 3145 0
ROW 3145 3 6 8 3145 350
ROW 3145 4 4 4 3145 626
ROW 3145 5 119 255 3145 14
ROW 3145 6 14 21 3145 0
ROW 3145 7 9 24 3145 126
ROW 3146 0 8 16 3146 185
ROW 3146 1 9 32 3146 82
ROW 3146 2 20 31 3146 0
ROW 3146 3 1 8 3146 350
ROW 3146 4 4 4 3146 627
ROW 3146 5 125 255 3146 14
ROW 3146 6 21 21 3146 0
ROW 3146 7 17 24 3146 126
ROW 3147 0 9 16 3147 185
ROW 3147 1 11 32 3147 82
ROW 3147 2 23 31 3147 0
ROW 3147 3 5 8 3147 350
ROW 3147 4 4 4 3147 628
ROW 3147 5 131 255 3147 14
ROW 3147 6 3 21 3147 0
ROW 3147 7 0 24 3147 126
ROW 3148 0 10 16 3148 185
ROW 3148 1 13 32 3148 82
ROW 3148 2 26 31 3148 0
ROW 3148 3 0 8 3148 350
ROW 3148 4 4 4 3148 629
ROW 3148 5 137 255 3148 14
ROW 3148 6 10 21 3148 0
ROW 3148 7 8 24 3148 126
ROW 3149 0 11 16 3149 185
ROW 3149 1 15 32 3149 82
ROW 3149 2 29 31 3149 0
ROW 3149 3 4 8 3149 350
ROW 3149 4 4 4 3149 630
ROW 3149 5 143 255 3149 14
ROW 3149 6 17 21 3149 0
ROW 3149 7 16 24 3149 126
ROW 3150 0 13 16 3150 185
ROW 3150 1 18 32 3150 82
ROW 3150 2 0 31 3150 0
ROW 3150 3 0 8 3150 350
ROW 3150 4 0 4 3150 630
ROW 3150 5 150 255 3150 14
ROW 3150 6 0 21 3150 0
ROW 3150 7 0 24 3150 126
ROW 3151 0 14 16 3151 185
ROW 3151 1 20 32 3151 82
ROW 3151 2 3 31 3151 0
ROW 3151 3 4 8 3151 350
ROW 3151 4 0 4 3151 630
ROW 3151 5 156 255 3151 14
ROW 3151 6 7 21 3151 0
ROW 3151 7 8 24 3151 126
ROW 3152 0 15 16 3152 185
ROW 3152 1 22 32 3152 82
ROW 3152 2 6 31 3152 0
ROW 3152 3 8 8 3152 351
ROW 3152 4 0 4 3152 630
ROW 3152 5 162 255 3152 14
ROW 3152 6 14 21 3152 0
ROW 3152 7 16 24 3152 126
ROW 3153 0 16 16 3153 186
ROW 3153 1 24 32 3153 82
ROW 3153 2 9 31 3153 0
ROW 3153 3 3 8 3153 351
ROW 3153 4 0 4 3153 630
ROW 3153 5 168 255 3153 14
ROW 3153 6 21 21 3153 0
ROW 3153 7 24 24 3153 127
ROW 3154 0 0 16 3154 186
ROW 3154 1 26 32 3154 82
ROW 3154 2 12 31 3154 0
ROW 3154 3 7 8 3154 351
ROW 3154 4 0 4 3154 630
ROW 3154 5 174 255 3154 14
ROW 3154 6 3 21 3154 0
ROW 3154 7 7 24 3154 127
ROW 3155 0 1 16 3155 186
ROW 3155 1 28 32 3155 82
ROW 3155 2 15 31 3155 0
ROW 3155 3 2 8 3155 351
ROW 3155 4 0 4 3155 630
ROW 3155 5 180 255 3155 14
ROW 3155 6 10 21 3155 0
ROW 3155 7 15 24 3155 127
ROW 3156 0 2 16 3156 186
ROW 3156 1 30 32 3156 82
ROW 3156 2 18 31 3156 0
ROW 3156 3 6 8 3156 351
ROW 3156 4 0 4 3156 630
ROW 3156 5 186 255 3156 14
ROW 3156 6 17 21 3156 0
ROW 3156 7 23 24 3156 127
ROW 3157 0 4 16 3157 186
ROW 3157 1 0 32 3157 82
ROW 3157 2 22 31 3157 0
ROW 3157 3 2 8 3157 351
ROW 3157 4 1 4 3157 630
ROW 3157 5 193 255 3157 14
ROW 3157 6 0 21 3157 0
ROW 3157 7 7 24 3157 127
ROW 3158 0 5 16 3158 186
ROW 3158 1 2 32 3158 82
ROW 3158 2 25 31 3158 0
ROW 3158 3 6 8 3158 351
ROW 3158 4 1 4 3158 630
ROW 3158 5 199 255 3158 14
ROW 3158 6 7 21 3158 0
ROW 3158 7 15 24 3158 127
ROW 3159 0 6 16 3159 186
ROW 3159 1 4 32 3159 82
ROW 3159 2 28 31 3159 0
ROW 3159 3 1 8 3159 351
ROW 3159 4 1 4 3159 630
ROW 3159 5 205 255 3159 14
ROW 3159 6 14 21 3159 0
ROW 3159 7 23 24 3159 127
ROW 3160 0 7 16 3160 186
ROW 3160 1 6 32 3160 82
ROW 3160 2 31 31 3160 0
ROW 3160 3 5 8 3160 351
ROW 3160 4 1 4 3160 630
ROW 3160 5 211 255 3160 14
ROW 3160 6 21 21 3160 0
ROW 3160 7 6 24 3160 127
ROW 3161 0 8 16 3161 186
ROW 3161 1 8 32 3161 82
ROW 3161 2 1 31 3161 0
ROW 3161 3 0 8 3161 351
ROW 3161 4 1 4 3161 630
ROW 3161 5 217 255 3161 14
ROW 3161 6 3 21 3161 0
ROW 3161 7 14 24 3161 127
ROW 3162 0 9 16 3162 186
ROW 3162 1 10 32 3162 82
ROW 3162 2 4 31 3162 0
ROW 3162 3 4 8 3162 351
ROW 3162 4 1 4 3162 630
ROW 3162 5 223 255 3162 14
ROW 3162 6 10 21 3162 0
ROW 3162 7 22 24 3162 127
ROW 3163 0 10 16 3163 186
ROW 3163 1 12 32 3163 82
ROW 3163 2 7 31 3163 0
ROW 3163 3 8 8 3163 352
ROW 3163 4 1 4 3163 630
ROW 3163 5 229 255 3163 14
ROW 3163 6 17 21 3163 0
ROW 3163 7 5 24 3163 127
ROW 3164 0 12 16 3164 186
ROW 3164 1 15 32 3164 82
ROW 3164 2 11 31 3164 0
ROW 3164 3 4 8 3164 352
ROW 3164 4 2 4 3164 630
ROW 3164 5 236 255 3164 14
ROW 3164 6 0 21 3164 0
ROW 3164 7 14 24 3164 127
ROW 3165 0 13 16 3165 186
ROW 3165 1 17 32 3165 82
ROW 3165 2 14 31 3165 0
ROW 3165 3 8 8 3165 353
ROW 3165 4 2 4 3165 630
ROW 3165 5 242 255 3165 14
ROW 3165 6 7 21 3165 0
ROW 3165 7 22 24 3165 127
ROW 3166 0 14 16 3166 186
ROW 3166 1 19 32 3166 82
ROW 3166 2 17 31 3166 0
ROW 3166 3 3 8 3166 353
ROW 3166 4 2 4 3166 630
ROW 3166 5 248 255 3166 14
ROW 3166 6 14 21 3166 0
ROW 3166 7 5 24 3166 127
ROW 3167 0 15 16 3167 186
ROW 3167 1 21 32 3167 82
ROW 3167 2 20 31 3167 0
ROW 3167 3 7 8 3167 353
ROW 3167 4 2 4 3167 630
ROW 3167 5 254 255 3167 14
ROW 3167 6 21 21 3167 0
ROW 3167 7 13 24 3167 127
ROW 3168 0 16 16 3168 187
ROW 3168 1 23 32 3168 82
ROW 3168 2 23 31 3168 0
ROW 3168 3 2 8 3168 353
ROW 3168 4 2 4 3168 630
ROW 3168 5 4 255 3168 14
ROW 3168 6 3 21 3168 0
ROW 3168 7 21 24 3168 127
ROW 3169 0 0 16 3169 187
ROW 3169 1 25 32 3169 82
ROW 3169 2 26 31 3169 0
ROW 3169 3 6 8 3169 353
ROW 3169 4 2 4 3169 630
ROW 3169 5 10 255 3169 14
ROW 3169 6 10 21 3169 0
ROW 3169 7 4 24 3169 127
ROW 3170 0 1 16 3170 187
ROW 3170 1 27 32 3170 82
ROW 3170 2 29 31 3170 0
ROW 3170 3 1 8 3170 353
ROW 3170 4 2 4 3170 630
ROW 3170 5 16 255 3170 14
ROW 3170 6 17 21 3170 0
ROW 3170 7 12 24 3170 127
ROW 3171 0 3 16 3171 187
ROW 3171 1 30 32 3171 82
ROW 3171 2 0 31 3171 0
ROW 3171 3 6 8 3171 353
ROW 3171 4 3 4 3171 630
ROW 3171 5 23 255 3171 14
ROW 3171 6 0 21 3171 0
ROW 3171 7 21 24 3171 127
ROW 3172 0 4 16 3172 187
ROW 3172 1 32 32 3172 83
ROW 3172 2 3 31 3172 0
ROW 3172 3 1 8 3172 353
ROW 3172 4 3 4 3172 630
ROW 3172 5 29 255 3172 14
ROW 3172 6 7 21 3172 0
ROW 3172 7 4 24 3172 127
ROW 3173 0 5 16 3173 187
ROW 3173 1 1 32 3173 83
ROW 3173 2 6 31 3173 0
ROW 3173 3 5 8 3173 353
ROW 3173 4 3 4 3173 630
ROW 3173 5 35 255 3173 14
ROW 3173 6 14 21 3173 0
ROW 3173 7 12 24 3173 127
ROW 3174 0 6 16 3174 187
ROW 3174 1 3 32 3174 83
ROW 3174 2 9 31 3174 0
ROW 3174 3 0 8 3174 353
ROW 3174 4 3 4 3174 630
ROW 3174 5 41 255 3174 14
ROW 3174 6 21 21 3174 0
ROW 3174 7 20 24 3174 127
ROW 3175 0 7 16 3175 187
ROW 3175 1 5 32 3175 83
ROW 3175 2 12 31 3175 0
ROW 3175 3 4 8 3175 353
ROW 3175 4 3 4 3175 630
ROW 3175 5 47 255 3175 14
ROW 3175 6 3 21 3175 0
ROW 3175 7 3 24 3175 127
ROW 3176 0 8 16 3176 187
ROW 3176 1 7 32 3176 83
ROW 3176 2 15 31 3176 0
ROW 3176 3 8 8 3176 354
ROW 3176 4 3 4 3176 630
ROW 3176 5 53 255 3176 14
ROW 3176 6 10 21 3176 0
ROW 3176 7 11 24 3176 127
ROW 3177 0 9 16 3177 187
ROW 3177 1 9 32 3177 83
ROW 3177 2 18 31 3177 0
ROW 3177 3 3 8 3177 354
ROW 3177 4 3 4 3177 630
ROW 3177 5 59 255 3177 14
ROW 3177 6 17 21 3177 0
ROW 3177 7 19 24 3177 127
ROW 3178 0 11 16 3178 187
ROW 3178 1 12 32 3178 83
ROW 3178 2 22 31 3178 0
ROW 3178 3 8 8 3178 355
ROW 3178 4 4 4 3178 631
ROW 3178 5 66 255 3178 14
ROW 3178 6 0 21 3178 0
ROW 3178 7 3 24 3178 127
ROW 3179 0 12 16 3179 187
ROW 3179 1 14 32 3179 83
ROW 3179 2 25 31 3179 0
ROW 3179 3 3 8 3179 355
ROW 3179 4 4 4 3179 632
ROW 3179 5 72 255 3179 14
ROW 3179 6 7 21 3179 0
ROW 3179 7 11 24 3179 127
ROW 3180 0 13 16 3180 187
ROW 3180 1 16 32 3180 83
ROW 3180 2 28 31 3180 0
ROW 3180 3 7 8 3180 355
ROW 3180 4 4 4 3180 633
ROW 3180 5 78 255 3180 14
ROW 3180 6 14 21 3180 0
ROW 3180 7 19 24 3180 127
ROW 3181 0 14 16 3181 187
ROW 3181 1 18 32 3181 83
ROW 3181 2 31 31 3181 0
ROW 3181 3 2 8 3181 355
ROW 3181 4 4 4 3181 634
ROW 3181 5 84 255 3181 14
ROW 3181 6 21 21 3181 0
ROW 3181 7 2 24 3181 127
ROW 3182 0 15 16 3182 187
ROW 3182 1 20 32 3182 83
ROW 3182 2 1 31 3182 0
ROW 3182 3 6 8 3182 355
ROW 3182 4 4 4 3182 635
ROW 3182 5 90 255 3182 14
ROW 3182 6 3 21 3182 0
ROW 3182 7 10 24 3182 127
ROW 3183 0 16 16 3183 188
ROW 3183 1 22 32 3183 83
ROW 3183 2 4 31 3183 0
ROW 3183 3 1 8 3183 355
ROW 3183 4 4 4 3183 636
ROW 3183 5 96 255 3183 14
ROW 3183 6 10 21 3183 0
ROW 3183 7 18 24 3183 127
ROW 3184 0 0 16 3184 188
ROW 3184 1 24 32 3184 83
ROW 3184 2 7 31 3184 0
ROW 3184 3 5 8 3184 355
ROW 3184 4 4 4 3184 637
ROW 3184 5 102 255 3184 14
ROW 3184 6 17 21 3184 0
ROW 3184 7 1 24 3184 127
ROW 3185 0 2 16 3185 188
ROW 3185 1 27 32 3185 83
ROW 3185 2 11 31 3185 0
ROW 3185 3 1 8 3185 355
ROW 3185 4 0 4 3185 637
ROW 3185 5 109 255 3185 14
ROW 3185 6 0 21 3185 0
ROW 3185 7 10 24 3185 127
ROW 3186 0 3 16 3186 188
ROW 3186 1 29 32 3186 83
ROW 3186 2 14 31 3186 0
ROW 3186 3 5 8 3186 355
ROW 3186 4 0 4 3186 637
ROW 3186 5 115 255 3186 14
ROW 3186 6 7 21 3186 0
ROW 3186 7 18 24 3186 127
ROW 3187 0 4 16 3187 188
ROW 3187 1 31 32 3187 83
ROW 3187 2 17 31 3187 0
ROW 3187 3 0 8 3187 355
ROW 3187 4 0 4 3187 637
ROW 3187 5 121 255 3187 14
ROW 3187 6 14 21 3187 0
ROW 3187 7 1 24 3187 127
ROW 3188 0 5 16 3188 188
ROW 3188 1 0 32 3188 83
ROW 3188 2 20 31 3188 0
ROW 3188 3 4 8 3188 355
ROW 3188 4 0 4 3188 637
ROW 3188 5 127 255 3188 14
ROW 3188 6 21 21 3188 0
ROW 3188 7 9 24 3188 127
ROW 3189 0 6 16 3189 188
ROW 3189 1 2 32 3189 83
ROW 3189 2 23 31 3189 0
ROW 3189 3 8 8 3189 356
ROW 3189 4 0 4 3189 637
ROW 3189 5 133 255 3189 14
ROW 3189 6 3 21 3189 0
ROW 3189 7 17 24 3189 127
ROW 3190 0 7 16 3190 188
ROW 3190 1 4 32 3190 83
ROW 3190 2 26 31 3190 0
ROW 3190 3 3 8 3190 356
ROW 3190 4 0 4 3190 637
ROW 3190 5 139 255 3190 14
ROW 3190 6 10 21 3190 0
ROW 3190 7 0 24 3190 127
ROW 3191 0 8 16 3191 188
ROW 3191 1 6 32 3191 83
ROW 3191 2 29 31 3191 0
ROW 3191 3 7 8 3191 356
ROW 3191 4 0 4 3191 637
ROW 3191 5 145 255 3191 14
ROW 3191 6 17 21 3191 0
ROW 3191 7 8 24 3191 127
ROW 3192 0 10 16 3192 188
ROW 3192 1 9 32 3192 83
ROW 3192 2 0 31 3192 0
ROW 3192 3 3 8 3192 356
ROW 3192 4 1 4 3192 637
ROW 3192 5 152 255 3192 14
ROW 3192 6 0 21 3192 0
ROW 3192 7 17 24 3192 127
ROW 3193 0 11 16 3193 188
ROW 3193 1 11 32 3193 83
ROW 3193 2 3 31 3193 0
ROW 3193 3 7 8 3193 356
ROW 3193 4 1 4 3193 637
ROW 3193 5 158 255 3193 14
ROW 3193 6 7 21 3193 0
ROW 3193 7 0 24 3193 127
ROW 3194 0 12 16 3194 188
ROW 3194 1 13 32 3194 83
ROW 3194 2 6 31 3194 0
ROW 3194 3 2 8 3194 356
ROW 3194 4 1 4 3194 637
ROW 3194 5 164 255 3194 14
ROW 3194 6 14 21 3194 0
ROW 3194 7 8 24 3194 127
ROW 3195 0 13 16 3195 188
ROW 3195 1 15 32 3195 83
ROW 3195 2 9 31 3195 0
ROW 3195 3 6 8 3195 356
ROW 3195 4 1 4 3195 637
ROW 3195 5 170 255 3195 14
ROW 3195 6 21 21 3195 0
ROW 3195 7 16 24 3195 127
ROW 3196 0 14 16 3196 188
ROW 3196 1 17 32 3196 83
ROW 3196 2 12 31 3196 0
ROW 3196 3 1 8 3196 356
ROW 3196 4 1 4 3196 637
ROW 3196 5 176 255 3196 14
ROW 3196 6 3 21 3196 0
ROW 3196 7 24 24 3196 128
ROW 3197 0 15 16 3197 188
ROW 3197 1 19 32 3197 83
ROW 3197 2 15 31 3197 0
ROW 3197 3 5 8 3197 356
ROW 3197 4 1 4 3197 637
ROW 3197 5 182 255 3197 14
ROW 3197 6 10 21 3197 0
ROW 3197 7 7 24 3197 128
ROW 3198 0 16 16 3198 189
ROW 3198 1 21 32 3198 83
ROW 3198 2 18 31 3198 0
ROW 3198 3 0 8 3198 356
ROW 3198 4 1 4 3198 637
ROW 3198 5 188 255 3198 14
ROW 3198 6 17 21 3198 0
ROW 3198 7 15 24 3198 128
ROW 3199 0 1 16 3199 189
ROW 3199 1 24 32 3199 83
ROW 3199 2 22 31 3199 0
ROW 3199 3 5 8 3199 356
ROW 3199 4 2 4 3199 637
ROW 3199 5 195 255 3199 14
ROW 3199 6 0 21 3199 0
ROW 3199 7 24 24 3199 129
ROW 3200 0 2 16 3200 189
ROW 3200 1 26 32 3200 83
ROW 3200 2 25 31 3200 0
ROW 3200 3 0 8 3200 356
ROW 3200 4 2 4 3200 637
ROW 3200 5 201 255 3200 14
ROW 3200 6 7 21 3200 0
ROW 3200 7 7 24 3200 129
