Boundary PASS: 170335 transitions; two 65535-sample counter limits
ROW 1 0 1 1 1 0
ROW 1 1 14 14 1 0
ROW 1 2 27 27 1 0
ROW 1 3 4 4 1 0
ROW 1 4 3 3 1 0
ROW 1 5 66 66 1 0
ROW 1 6 4 4 1 0
ROW 1 7 17 17 1 0
ROW 2 0 2 2 2 0
ROW 2 1 15 15 2 0
ROW 2 2 28 28 2 0
ROW 2 3 5 5 2 0
ROW 2 4 4 4 2 1
ROW 2 5 67 67 2 0
ROW 2 6 5 5 2 0
ROW 2 7 18 18 2 0
ROW 3 0 3 3 3 0
ROW 3 1 16 16 3 0
ROW 3 2 29 29 3 0
ROW 3 3 6 6 3 0
ROW 3 4 0 4 3 1
ROW 3 5 68 68 3 0
ROW 3 6 6 6 3 0
ROW 3 7 19 19 3 0
ROW 4 0 4 4 4 0
ROW 4 1 17 17 4 0
ROW 4 2 30 30 4 0
ROW 4 3 7 7 4 0
ROW 4 4 1 4 4 1
ROW 4 5 69 69 4 0
ROW 4 6 7 7 4 0
ROW 4 7 20 20 4 0
ROW 5 0 5 5 5 0
ROW 5 1 18 18 5 0
ROW 5 2 31 31 5 0
ROW 5 3 8 8 5 1
ROW 5 4 2 4 5 1
ROW 5 5 70 70 5 0
ROW 5 6 8 8 5 0
ROW 5 7 21 21 5 0
ROW 6 0 6 6 6 0
ROW 6 1 19 19 6 0
ROW 6 2 32 32 6 1
ROW 6 3 0 8 6 1
ROW 6 4 3 4 6 1
ROW 6 5 71 71 6 0
ROW 6 6 9 9 6 0
ROW 6 7 22 22 6 0
ROW 7 0 7 7 7 0
ROW 7 1 20 20 7 0
ROW 7 2 0 32 7 1
ROW 7 3 1 8 7 1
ROW 7 4 4 4 7 2
ROW 7 5 72 72 7 0
ROW 7 6 10 10 7 0
ROW 7 7 23 23 7 0
ROW 8 0 8 8 8 0
ROW 8 1 21 21 8 0
ROW 8 2 1 32 8 1
ROW 8 3 2 8 8 1
ROW 8 4 0 4 8 2
ROW 8 5 73 73 8 0
ROW 8 6 11 11 8 0
ROW 8 7 24 24 8 1
ROW 9 0 9 9 9 0
ROW 9 1 22 22 9 0
ROW 9 2 2 32 9 1
ROW 9 3 3 8 9 1
ROW 9 4 1 4 9 2
ROW 9 5 74 74 9 0
ROW 9 6 12 12 9 0
ROW 9 7 0 24 9 1
ROW 10 0 10 10 10 0
ROW 10 1 23 23 10 0
ROW 10 2 3 32 10 1
ROW 10 3 4 8 10 1
ROW 10 4 2 4 10 2
ROW 10 5 75 75 10 0
ROW 10 6 13 13 10 0
ROW 10 7 1 24 10 1
ROW 11 0 11 11 11 0
ROW 11 1 24 24 11 0
ROW 11 2 4 32 11 1
ROW 11 3 5 8 11 1
ROW 11 4 3 4 11 2
ROW 11 5 76 76 11 0
ROW 11 6 14 14 11 0
ROW 11 7 2 24 11 1
ROW 12 0 12 12 12 0
ROW 12 1 25 25 12 0
ROW 12 2 5 32 12 1
ROW 12 3 6 8 12 1
ROW 12 4 4 4 12 3
ROW 12 5 77 77 12 0
ROW 12 6 15 15 12 0
ROW 12 7 3 24 12 1
ROW 13 0 13 13 13 0
ROW 13 1 26 26 13 0
ROW 13 2 6 32 13 1
ROW 13 3 7 8 13 1
ROW 13 4 0 4 13 3
ROW 13 5 78 78 13 0
ROW 13 6 16 16 13 0
ROW 13 7 4 24 13 1
ROW 14 0 14 14 14 0
ROW 14 1 27 27 14 0
ROW 14 2 7 32 14 1
ROW 14 3 8 8 14 2
ROW 14 4 1 4 14 3
ROW 14 5 79 79 14 0
ROW 14 6 17 17 14 0
ROW 14 7 5 24 14 1
ROW 15 0 15 15 15 0
ROW 15 1 28 28 15 0
ROW 15 2 8 32 15 1
ROW 15 3 0 8 15 2
ROW 15 4 2 4 15 3
ROW 15 5 80 80 15 0
ROW 15 6 18 18 15 0
ROW 15 7 6 24 15 1
ROW 16 0 16 16 16 1
ROW 16 1 29 29 16 0
ROW 16 2 9 32 16 1
ROW 16 3 1 8 16 2
ROW 16 4 3 4 16 3
ROW 16 5 81 81 16 0
ROW 16 6 19 19 16 0
ROW 16 7 7 24 16 1
ROW 17 0 0 16 17 1
ROW 17 1 30 30 17 0
ROW 17 2 10 32 17 1
ROW 17 3 2 8 17 2
ROW 17 4 4 4 17 4
ROW 17 5 82 82 17 0
ROW 17 6 20 20 17 0
ROW 17 7 8 24 17 1
ROW 18 0 1 16 18 1
ROW 18 1 31 31 18 0
ROW 18 2 11 32 18 1
ROW 18 3 3 8 18 2
ROW 18 4 0 4 18 4
ROW 18 5 83 83 18 0
ROW 18 6 21 21 18 0
ROW 18 7 9 24 18 1
ROW 19 0 2 16 19 1
ROW 19 1 32 32 19 1
ROW 19 2 12 32 19 1
ROW 19 3 4 8 19 2
ROW 19 4 1 4 19 4
ROW 19 5 84 84 19 0
ROW 19 6 22 22 19 0
ROW 19 7 10 24 19 1
ROW 20 0 3 16 20 1
ROW 20 1 0 32 20 1
ROW 20 2 13 32 20 1
ROW 20 3 5 8 20 2
ROW 20 4 2 4 20 4
ROW 20 5 85 85 20 0
ROW 20 6 23 23 20 0
ROW 20 7 11 24 20 1
ROW 21 0 4 16 21 1
ROW 21 1 1 32 21 1
ROW 21 2 14 32 21 1
ROW 21 3 6 8 21 2
ROW 21 4 3 4 21 4
ROW 21 5 86 86 21 0
ROW 21 6 24 24 21 1
ROW 21 7 12 24 21 1
ROW 22 0 5 16 22 1
ROW 22 1 2 32 22 1
ROW 22 2 15 32 22 1
ROW 22 3 7 8 22 2
ROW 22 4 4 4 22 5
ROW 22 5 87 87 22 0
ROW 22 6 0 24 22 1
ROW 22 7 13 24 22 1
ROW 23 0 6 16 23 1
ROW 23 1 3 32 23 1
ROW 23 2 16 32 23 1
ROW 23 3 8 8 23 3
ROW 23 4 0 4 23 5
ROW 23 5 88 88 23 0
ROW 23 6 1 24 23 1
ROW 23 7 14 24 23 1
ROW 24 0 7 16 24 1
ROW 24 1 4 32 24 1
ROW 24 2 17 32 24 1
ROW 24 3 0 8 24 3
ROW 24 4 1 4 24 5
ROW 24 5 89 89 24 0
ROW 24 6 2 24 24 1
ROW 24 7 15 24 24 1
ROW 25 0 8 16 25 1
ROW 25 1 5 32 25 1
ROW 25 2 18 32 25 1
ROW 25 3 1 8 25 3
ROW 25 4 2 4 25 5
ROW 25 5 90 90 25 0
ROW 25 6 3 24 25 1
ROW 25 7 16 24 25 1
ROW 26 0 9 16 26 1
ROW 26 1 6 32 26 1
ROW 26 2 19 32 26 1
ROW 26 3 2 8 26 3
ROW 26 4 3 4 26 5
ROW 26 5 91 91 26 0
ROW 26 6 4 24 26 1
ROW 26 7 17 24 26 1
ROW 27 0 10 16 27 1
ROW 27 1 7 32 27 1
ROW 27 2 20 32 27 1
ROW 27 3 3 8 27 3
ROW 27 4 4 4 27 6
ROW 27 5 92 92 27 0
ROW 27 6 5 24 27 1
ROW 27 7 18 24 27 1
ROW 28 0 11 16 28 1
ROW 28 1 8 32 28 1
ROW 28 2 21 32 28 1
ROW 28 3 4 8 28 3
ROW 28 4 0 4 28 6
ROW 28 5 93 93 28 0
ROW 28 6 6 24 28 1
ROW 28 7 19 24 28 1
ROW 29 0 12 16 29 1
ROW 29 1 9 32 29 1
ROW 29 2 22 32 29 1
ROW 29 3 5 8 29 3
ROW 29 4 1 4 29 6
ROW 29 5 94 94 29 0
ROW 29 6 7 24 29 1
ROW 29 7 20 24 29 1
ROW 30 0 13 16 30 1
ROW 30 1 10 32 30 1
ROW 30 2 23 32 30 1
ROW 30 3 6 8 30 3
ROW 30 4 2 4 30 6
ROW 30 5 95 95 30 0
ROW 30 6 8 24 30 1
ROW 30 7 21 24 30 1
ROW 31 0 14 16 31 1
ROW 31 1 11 32 31 1
ROW 31 2 24 32 31 1
ROW 31 3 7 8 31 3
ROW 31 4 3 4 31 6
ROW 31 5 96 96 31 0
ROW 31 6 9 24 31 1
ROW 31 7 22 24 31 1
ROW 32 0 15 16 32 1
ROW 32 1 12 32 32 1
ROW 32 2 25 32 32 1
ROW 32 3 8 8 32 4
ROW 32 4 4 4 32 7
ROW 32 5 97 97 32 0
ROW 32 6 10 24 32 1
ROW 32 7 23 24 32 1
ROW 33 0 16 16 33 2
ROW 33 1 13 32 33 1
ROW 33 2 26 32 33 1
ROW 33 3 0 8 33 4
ROW 33 4 0 4 33 7
ROW 33 5 98 98 33 0
ROW 33 6 11 24 33 1
ROW 33 7 24 24 33 2
ROW 34 0 0 16 34 2
ROW 34 1 14 32 34 1
ROW 34 2 27 32 34 1
ROW 34 3 1 8 34 4
ROW 34 4 1 4 34 7
ROW 34 5 99 99 34 0
ROW 34 6 12 24 34 1
ROW 34 7 0 24 34 2
ROW 35 0 1 16 35 2
ROW 35 1 15 32 35 1
ROW 35 2 28 32 35 1
ROW 35 3 2 8 35 4
ROW 35 4 2 4 35 7
ROW 35 5 100 100 35 0
ROW 35 6 13 24 35 1
ROW 35 7 1 24 35 2
ROW 36 0 2 16 36 2
ROW 36 1 16 32 36 1
ROW 36 2 29 32 36 1
ROW 36 3 3 8 36 4
ROW 36 4 3 4 36 7
ROW 36 5 101 101 36 0
ROW 36 6 14 24 36 1
ROW 36 7 2 24 36 2
ROW 37 0 3 16 37 2
ROW 37 1 17 32 37 1
ROW 37 2 30 32 37 1
ROW 37 3 4 8 37 4
ROW 37 4 4 4 37 8
ROW 37 5 102 102 37 0
ROW 37 6 15 24 37 1
ROW 37 7 3 24 37 2
ROW 38 0 4 16 38 2
ROW 38 1 18 32 38 1
ROW 38 2 31 32 38 1
ROW 38 3 5 8 38 4
ROW 38 4 0 4 38 8
ROW 38 5 103 103 38 0
ROW 38 6 16 24 38 1
ROW 38 7 4 24 38 2
ROW 39 0 5 16 39 2
ROW 39 1 19 32 39 1
ROW 39 2 32 32 39 2
ROW 39 3 6 8 39 4
ROW 39 4 1 4 39 8
ROW 39 5 104 104 39 0
ROW 39 6 17 24 39 1
ROW 39 7 5 24 39 2
ROW 40 0 6 16 40 2
ROW 40 1 20 32 40 1
ROW 40 2 0 32 40 2
ROW 40 3 7 8 40 4
ROW 40 4 2 4 40 8
ROW 40 5 105 105 40 0
ROW 40 6 18 24 40 1
ROW 40 7 6 24 40 2
ROW 41 0 7 16 41 2
ROW 41 1 21 32 41 1
ROW 41 2 1 32 41 2
ROW 41 3 8 8 41 5
ROW 41 4 3 4 41 8
ROW 41 5 106 106 41 0
ROW 41 6 19 24 41 1
ROW 41 7 7 24 41 2
ROW 42 0 8 16 42 2
ROW 42 1 22 32 42 1
ROW 42 2 2 32 42 2
ROW 42 3 0 8 42 5
ROW 42 4 4 4 42 9
ROW 42 5 107 107 42 0
ROW 42 6 20 24 42 1
ROW 42 7 8 24 42 2
ROW 43 0 9 16 43 2
ROW 43 1 23 32 43 1
ROW 43 2 3 32 43 2
ROW 43 3 1 8 43 5
ROW 43 4 0 4 43 9
ROW 43 5 108 108 43 0
ROW 43 6 21 24 43 1
ROW 43 7 9 24 43 2
ROW 44 0 10 16 44 2
ROW 44 1 24 32 44 1
ROW 44 2 4 32 44 2
ROW 44 3 2 8 44 5
ROW 44 4 1 4 44 9
ROW 44 5 109 109 44 0
ROW 44 6 22 24 44 1
ROW 44 7 10 24 44 2
ROW 45 0 11 16 45 2
ROW 45 1 25 32 45 1
ROW 45 2 5 32 45 2
ROW 45 3 3 8 45 5
ROW 45 4 2 4 45 9
ROW 45 5 110 110 45 0
ROW 45 6 23 24 45 1
ROW 45 7 11 24 45 2
ROW 46 0 12 16 46 2
ROW 46 1 26 32 46 1
ROW 46 2 6 32 46 2
ROW 46 3 4 8 46 5
ROW 46 4 3 4 46 9
ROW 46 5 111 111 46 0
ROW 46 6 24 24 46 2
ROW 46 7 12 24 46 2
ROW 47 0 13 16 47 2
ROW 47 1 27 32 47 1
ROW 47 2 7 32 47 2
ROW 47 3 5 8 47 5
ROW 47 4 4 4 47 10
ROW 47 5 112 112 47 0
ROW 47 6 0 24 47 2
ROW 47 7 13 24 47 2
ROW 48 0 14 16 48 2
ROW 48 1 28 32 48 1
ROW 48 2 8 32 48 2
ROW 48 3 6 8 48 5
ROW 48 4 0 4 48 10
ROW 48 5 113 113 48 0
ROW 48 6 1 24 48 2
ROW 48 7 14 24 48 2
ROW 49 0 15 16 49 2
ROW 49 1 29 32 49 1
ROW 49 2 9 32 49 2
ROW 49 3 7 8 49 5
ROW 49 4 1 4 49 10
ROW 49 5 114 114 49 0
ROW 49 6 2 24 49 2
ROW 49 7 15 24 49 2
ROW 50 0 16 16 50 3
ROW 50 1 30 32 50 1
ROW 50 2 10 32 50 2
ROW 50 3 8 8 50 6
ROW 50 4 2 4 50 10
ROW 50 5 115 115 50 0
ROW 50 6 3 24 50 2
ROW 50 7 16 24 50 2
ROW 51 0 0 16 51 3
ROW 51 1 31 32 51 1
ROW 51 2 11 32 51 2
ROW 51 3 0 8 51 6
ROW 51 4 3 4 51 10
ROW 51 5 116 116 51 0
ROW 51 6 4 24 51 2
ROW 51 7 17 24 51 2
ROW 52 0 1 16 52 3
ROW 52 1 32 32 52 2
ROW 52 2 12 32 52 2
ROW 52 3 1 8 52 6
ROW 52 4 4 4 52 11
ROW 52 5 117 117 52 0
ROW 52 6 5 24 52 2
ROW 52 7 18 24 52 2
ROW 53 0 2 16 53 3
ROW 53 1 0 32 53 2
ROW 53 2 13 32 53 2
ROW 53 3 2 8 53 6
ROW 53 4 0 4 53 11
ROW 53 5 118 118 53 0
ROW 53 6 6 24 53 2
ROW 53 7 19 24 53 2
ROW 54 0 3 16 54 3
ROW 54 1 1 32 54 2
ROW 54 2 14 32 54 2
ROW 54 3 3 8 54 6
ROW 54 4 1 4 54 11
ROW 54 5 119 119 54 0
ROW 54 6 7 24 54 2
ROW 54 7 20 24 54 2
ROW 55 0 4 16 55 3
ROW 55 1 2 32 55 2
ROW 55 2 15 32 55 2
ROW 55 3 4 8 55 6
ROW 55 4 2 4 55 11
ROW 55 5 120 120 55 0
ROW 55 6 8 24 55 2
ROW 55 7 21 24 55 2
ROW 56 0 5 16 56 3
ROW 56 1 3 32 56 2
ROW 56 2 16 32 56 2
ROW 56 3 5 8 56 6
ROW 56 4 3 4 56 11
ROW 56 5 121 121 56 0
ROW 56 6 9 24 56 2
ROW 56 7 22 24 56 2
ROW 57 0 6 16 57 3
ROW 57 1 4 32 57 2
ROW 57 2 17 32 57 2
ROW 57 3 6 8 57 6
ROW 57 4 4 4 57 12
ROW 57 5 122 122 57 0
ROW 57 6 10 24 57 2
ROW 57 7 23 24 57 2
ROW 58 0 7 16 58 3
ROW 58 1 5 32 58 2
ROW 58 2 18 32 58 2
ROW 58 3 7 8 58 6
ROW 58 4 0 4 58 12
ROW 58 5 123 123 58 0
ROW 58 6 11 24 58 2
ROW 58 7 24 24 58 3
ROW 59 0 8 16 59 3
ROW 59 1 6 32 59 2
ROW 59 2 19 32 59 2
ROW 59 3 8 8 59 7
ROW 59 4 1 4 59 12
ROW 59 5 124 124 59 0
ROW 59 6 12 24 59 2
ROW 59 7 0 24 59 3
ROW 60 0 9 16 60 3
ROW 60 1 7 32 60 2
ROW 60 2 20 32 60 2
ROW 60 3 0 8 60 7
ROW 60 4 2 4 60 12
ROW 60 5 125 125 60 0
ROW 60 6 13 24 60 2
ROW 60 7 1 24 60 3
ROW 61 0 10 16 61 3
ROW 61 1 8 32 61 2
ROW 61 2 21 32 61 2
ROW 61 3 1 8 61 7
ROW 61 4 3 4 61 12
ROW 61 5 126 126 61 0
ROW 61 6 14 24 61 2
ROW 61 7 2 24 61 3
ROW 62 0 11 16 62 3
ROW 62 1 9 32 62 2
ROW 62 2 22 32 62 2
ROW 62 3 2 8 62 7
ROW 62 4 4 4 62 13
ROW 62 5 127 127 62 0
ROW 62 6 15 24 62 2
ROW 62 7 3 24 62 3
ROW 63 0 12 16 63 3
ROW 63 1 10 32 63 2
ROW 63 2 23 32 63 2
ROW 63 3 3 8 63 7
ROW 63 4 0 4 63 13
ROW 63 5 128 128 63 0
ROW 63 6 16 24 63 2
ROW 63 7 4 24 63 3
ROW 64 0 13 16 64 3
ROW 64 1 11 32 64 2
ROW 64 2 24 32 64 2
ROW 64 3 4 8 64 7
ROW 64 4 1 4 64 13
ROW 64 5 129 129 64 0
ROW 64 6 17 24 64 2
ROW 64 7 5 24 64 3
ROW 65 0 14 16 65 3
ROW 65 1 12 32 65 2
ROW 65 2 25 32 65 2
ROW 65 3 5 8 65 7
ROW 65 4 2 4 65 13
ROW 65 5 130 130 65 0
ROW 65 6 18 24 65 2
ROW 65 7 6 24 65 3
ROW 66 0 15 16 66 3
ROW 66 1 13 32 66 2
ROW 66 2 26 32 66 2
ROW 66 3 6 8 66 7
ROW 66 4 3 4 66 13
ROW 66 5 131 131 66 0
ROW 66 6 19 24 66 2
ROW 66 7 7 24 66 3
ROW 67 0 16 16 67 4
ROW 67 1 14 32 67 2
ROW 67 2 27 32 67 2
ROW 67 3 7 8 67 7
ROW 67 4 4 4 67 14
ROW 67 5 132 132 67 0
ROW 67 6 20 24 67 2
ROW 67 7 8 24 67 3
ROW 68 0 0 16 68 4
ROW 68 1 15 32 68 2
ROW 68 2 28 32 68 2
ROW 68 3 8 8 68 8
ROW 68 4 0 4 68 14
ROW 68 5 133 133 68 0
ROW 68 6 21 24 68 2
ROW 68 7 9 24 68 3
ROW 69 0 1 16 69 4
ROW 69 1 16 32 69 2
ROW 69 2 29 32 69 2
ROW 69 3 0 8 69 8
ROW 69 4 1 4 69 14
ROW 69 5 134 134 69 0
ROW 69 6 22 24 69 2
ROW 69 7 10 24 69 3
ROW 70 0 2 16 70 4
ROW 70 1 17 32 70 2
ROW 70 2 30 32 70 2
ROW 70 3 1 8 70 8
ROW 70 4 2 4 70 14
ROW 70 5 135 135 70 0
ROW 70 6 23 24 70 2
ROW 70 7 11 24 70 3
ROW 71 0 3 16 71 4
ROW 71 1 18 32 71 2
ROW 71 2 31 32 71 2
ROW 71 3 2 8 71 8
ROW 71 4 3 4 71 14
ROW 71 5 136 136 71 0
ROW 71 6 24 24 71 3
ROW 71 7 12 24 71 3
ROW 72 0 4 16 72 4
ROW 72 1 19 32 72 2
ROW 72 2 32 32 72 3
ROW 72 3 3 8 72 8
ROW 72 4 4 4 72 15
ROW 72 5 137 137 72 0
ROW 72 6 0 24 72 3
ROW 72 7 13 24 72 3
ROW 73 0 5 16 73 4
ROW 73 1 20 32 73 2
ROW 73 2 0 32 73 3
ROW 73 3 4 8 73 8
ROW 73 4 0 4 73 15
ROW 73 5 138 138 73 0
ROW 73 6 1 24 73 3
ROW 73 7 14 24 73 3
ROW 74 0 6 16 74 4
ROW 74 1 21 32 74 2
ROW 74 2 1 32 74 3
ROW 74 3 5 8 74 8
ROW 74 4 1 4 74 15
ROW 74 5 139 139 74 0
ROW 74 6 2 24 74 3
ROW 74 7 15 24 74 3
ROW 75 0 7 16 75 4
ROW 75 1 22 32 75 2
ROW 75 2 2 32 75 3
ROW 75 3 6 8 75 8
ROW 75 4 2 4 75 15
ROW 75 5 140 140 75 0
ROW 75 6 3 24 75 3
ROW 75 7 16 24 75 3
ROW 76 0 8 16 76 4
ROW 76 1 23 32 76 2
ROW 76 2 3 32 76 3
ROW 76 3 7 8 76 8
ROW 76 4 3 4 76 15
ROW 76 5 141 141 76 0
ROW 76 6 4 24 76 3
ROW 76 7 17 24 76 3
ROW 77 0 9 16 77 4
ROW 77 1 24 32 77 2
ROW 77 2 4 32 77 3
ROW 77 3 8 8 77 9
ROW 77 4 4 4 77 16
ROW 77 5 142 142 77 0
ROW 77 6 5 24 77 3
ROW 77 7 18 24 77 3
ROW 78 0 10 16 78 4
ROW 78 1 25 32 78 2
ROW 78 2 5 32 78 3
ROW 78 3 0 8 78 9
ROW 78 4 0 4 78 16
ROW 78 5 143 143 78 0
ROW 78 6 6 24 78 3
ROW 78 7 19 24 78 3
ROW 79 0 11 16 79 4
ROW 79 1 26 32 79 2
ROW 79 2 6 32 79 3
ROW 79 3 1 8 79 9
ROW 79 4 1 4 79 16
ROW 79 5 144 144 79 0
ROW 79 6 7 24 79 3
ROW 79 7 20 24 79 3
ROW 80 0 12 16 80 4
ROW 80 1 27 32 80 2
ROW 80 2 7 32 80 3
ROW 80 3 2 8 80 9
ROW 80 4 2 4 80 16
ROW 80 5 145 145 80 0
ROW 80 6 8 24 80 3
ROW 80 7 21 24 80 3
ROW 81 0 13 16 81 4
ROW 81 1 28 32 81 2
ROW 81 2 8 32 81 3
ROW 81 3 3 8 81 9
ROW 81 4 3 4 81 16
ROW 81 5 146 146 81 0
ROW 81 6 9 24 81 3
ROW 81 7 22 24 81 3
ROW 82 0 14 16 82 4
ROW 82 1 29 32 82 2
ROW 82 2 9 32 82 3
ROW 82 3 4 8 82 9
ROW 82 4 4 4 82 17
ROW 82 5 147 147 82 0
ROW 82 6 10 24 82 3
ROW 82 7 23 24 82 3
ROW 83 0 15 16 83 4
ROW 83 1 30 32 83 2
ROW 83 2 10 32 83 3
ROW 83 3 5 8 83 9
ROW 83 4 0 4 83 17
ROW 83 5 148 148 83 0
ROW 83 6 11 24 83 3
ROW 83 7 24 24 83 4
ROW 84 0 16 16 84 5
ROW 84 1 31 32 84 2
ROW 84 2 11 32 84 3
ROW 84 3 6 8 84 9
ROW 84 4 1 4 84 17
ROW 84 5 149 149 84 0
ROW 84 6 12 24 84 3
ROW 84 7 0 24 84 4
ROW 85 0 0 16 85 5
ROW 85 1 32 32 85 3
ROW 85 2 12 32 85 3
ROW 85 3 7 8 85 9
ROW 85 4 2 4 85 17
ROW 85 5 150 150 85 0
ROW 85 6 13 24 85 3
ROW 85 7 1 24 85 4
ROW 86 0 1 16 86 5
ROW 86 1 0 32 86 3
ROW 86 2 13 32 86 3
ROW 86 3 8 8 86 10
ROW 86 4 3 4 86 17
ROW 86 5 151 151 86 0
ROW 86 6 14 24 86 3
ROW 86 7 2 24 86 4
ROW 87 0 2 16 87 5
ROW 87 1 1 32 87 3
ROW 87 2 14 32 87 3
ROW 87 3 0 8 87 10
ROW 87 4 4 4 87 18
ROW 87 5 152 152 87 0
ROW 87 6 15 24 87 3
ROW 87 7 3 24 87 4
ROW 88 0 3 16 88 5
ROW 88 1 2 32 88 3
ROW 88 2 15 32 88 3
ROW 88 3 1 8 88 10
ROW 88 4 0 4 88 18
ROW 88 5 153 153 88 0
ROW 88 6 16 24 88 3
ROW 88 7 4 24 88 4
ROW 89 0 4 16 89 5
ROW 89 1 3 32 89 3
ROW 89 2 16 32 89 3
ROW 89 3 2 8 89 10
ROW 89 4 1 4 89 18
ROW 89 5 154 154 89 0
ROW 89 6 17 24 89 3
ROW 89 7 5 24 89 4
ROW 90 0 5 16 90 5
ROW 90 1 4 32 90 3
ROW 90 2 17 32 90 3
ROW 90 3 3 8 90 10
ROW 90 4 2 4 90 18
ROW 90 5 155 155 90 0
ROW 90 6 18 24 90 3
ROW 90 7 6 24 90 4
ROW 91 0 6 16 91 5
ROW 91 1 5 32 91 3
ROW 91 2 18 32 91 3
ROW 91 3 4 8 91 10
ROW 91 4 3 4 91 18
ROW 91 5 156 156 91 0
ROW 91 6 19 24 91 3
ROW 91 7 7 24 91 4
ROW 92 0 7 16 92 5
ROW 92 1 6 32 92 3
ROW 92 2 19 32 92 3
ROW 92 3 5 8 92 10
ROW 92 4 4 4 92 19
ROW 92 5 157 157 92 0
ROW 92 6 20 24 92 3
ROW 92 7 8 24 92 4
ROW 93 0 8 16 93 5
ROW 93 1 7 32 93 3
ROW 93 2 20 32 93 3
ROW 93 3 6 8 93 10
ROW 93 4 0 4 93 19
ROW 93 5 158 158 93 0
ROW 93 6 21 24 93 3
ROW 93 7 9 24 93 4
ROW 94 0 9 16 94 5
ROW 94 1 8 32 94 3
ROW 94 2 21 32 94 3
ROW 94 3 7 8 94 10
ROW 94 4 1 4 94 19
ROW 94 5 159 159 94 0
ROW 94 6 22 24 94 3
ROW 94 7 10 24 94 4
ROW 95 0 10 16 95 5
ROW 95 1 9 32 95 3
ROW 95 2 22 32 95 3
ROW 95 3 8 8 95 11
ROW 95 4 2 4 95 19
ROW 95 5 160 160 95 0
ROW 95 6 23 24 95 3
ROW 95 7 11 24 95 4
ROW 96 0 11 16 96 5
ROW 96 1 10 32 96 3
ROW 96 2 23 32 96 3
ROW 96 3 0 8 96 11
ROW 96 4 3 4 96 19
ROW 96 5 161 161 96 0
ROW 96 6 24 24 96 4
ROW 96 7 12 24 96 4
ROW 97 0 12 16 97 5
ROW 97 1 11 32 97 3
ROW 97 2 24 32 97 3
ROW 97 3 1 8 97 11
ROW 97 4 4 4 97 20
ROW 97 5 162 162 97 0
ROW 97 6 0 24 97 4
ROW 97 7 13 24 97 4
ROW 98 0 13 16 98 5
ROW 98 1 12 32 98 3
ROW 98 2 25 32 98 3
ROW 98 3 2 8 98 11
ROW 98 4 0 4 98 20
ROW 98 5 163 163 98 0
ROW 98 6 1 24 98 4
ROW 98 7 14 24 98 4
ROW 99 0 14 16 99 5
ROW 99 1 13 32 99 3
ROW 99 2 26 32 99 3
ROW 99 3 3 8 99 11
ROW 99 4 1 4 99 20
ROW 99 5 164 164 99 0
ROW 99 6 2 24 99 4
ROW 99 7 15 24 99 4
ROW 100 0 15 16 100 5
ROW 100 1 14 32 100 3
ROW 100 2 27 32 100 3
ROW 100 3 4 8 100 11
ROW 100 4 2 4 100 20
ROW 100 5 165 165 100 0
ROW 100 6 3 24 100 4
ROW 100 7 16 24 100 4
ROW 101 0 16 16 101 6
ROW 101 1 15 32 101 3
ROW 101 2 28 32 101 3
ROW 101 3 5 8 101 11
ROW 101 4 3 4 101 20
ROW 101 5 166 166 101 0
ROW 101 6 4 24 101 4
ROW 101 7 17 24 101 4
ROW 102 0 0 16 102 6
ROW 102 1 16 32 102 3
ROW 102 2 29 32 102 3
ROW 102 3 6 8 102 11
ROW 102 4 4 4 102 21
ROW 102 5 167 167 102 0
ROW 102 6 5 24 102 4
ROW 102 7 18 24 102 4
ROW 103 0 1 16 103 6
ROW 103 1 17 32 103 3
ROW 103 2 30 32 103 3
ROW 103 3 7 8 103 11
ROW 103 4 0 4 103 21
ROW 103 5 168 168 103 0
ROW 103 6 6 24 103 4
ROW 103 7 19 24 103 4
ROW 104 0 2 16 104 6
ROW 104 1 18 32 104 3
ROW 104 2 31 32 104 3
ROW 104 3 8 8 104 12
ROW 104 4 1 4 104 21
ROW 104 5 169 169 104 0
ROW 104 6 7 24 104 4
ROW 104 7 20 24 104 4
ROW 105 0 3 16 105 6
ROW 105 1 19 32 105 3
ROW 105 2 32 32 105 4
ROW 105 3 0 8 105 12
ROW 105 4 2 4 105 21
ROW 105 5 170 170 105 0
ROW 105 6 8 24 105 4
ROW 105 7 21 24 105 4
ROW 106 0 4 16 106 6
ROW 106 1 20 32 106 3
ROW 106 2 0 32 106 4
ROW 106 3 1 8 106 12
ROW 106 4 3 4 106 21
ROW 106 5 171 171 106 0
ROW 106 6 9 24 106 4
ROW 106 7 22 24 106 4
ROW 107 0 5 16 107 6
ROW 107 1 21 32 107 3
ROW 107 2 1 32 107 4
ROW 107 3 2 8 107 12
ROW 107 4 4 4 107 22
ROW 107 5 172 172 107 0
ROW 107 6 10 24 107 4
ROW 107 7 23 24 107 4
ROW 108 0 6 16 108 6
ROW 108 1 22 32 108 3
ROW 108 2 2 32 108 4
ROW 108 3 3 8 108 12
ROW 108 4 0 4 108 22
ROW 108 5 173 173 108 0
ROW 108 6 11 24 108 4
ROW 108 7 24 24 108 5
ROW 109 0 7 16 109 6
ROW 109 1 23 32 109 3
ROW 109 2 3 32 109 4
ROW 109 3 4 8 109 12
ROW 109 4 1 4 109 22
ROW 109 5 174 174 109 0
ROW 109 6 12 24 109 4
ROW 109 7 0 24 109 5
ROW 110 0 8 16 110 6
ROW 110 1 24 32 110 3
ROW 110 2 4 32 110 4
ROW 110 3 5 8 110 12
ROW 110 4 2 4 110 22
ROW 110 5 175 175 110 0
ROW 110 6 13 24 110 4
ROW 110 7 1 24 110 5
ROW 111 0 9 16 111 6
ROW 111 1 25 32 111 3
ROW 111 2 5 32 111 4
ROW 111 3 6 8 111 12
ROW 111 4 3 4 111 22
ROW 111 5 176 176 111 0
ROW 111 6 14 24 111 4
ROW 111 7 2 24 111 5
ROW 112 0 10 16 112 6
ROW 112 1 26 32 112 3
ROW 112 2 6 32 112 4
ROW 112 3 7 8 112 12
ROW 112 4 4 4 112 23
ROW 112 5 177 177 112 0
ROW 112 6 15 24 112 4
ROW 112 7 3 24 112 5
ROW 113 0 11 16 113 6
ROW 113 1 27 32 113 3
ROW 113 2 7 32 113 4
ROW 113 3 8 8 113 13
ROW 113 4 0 4 113 23
ROW 113 5 178 178 113 0
ROW 113 6 16 24 113 4
ROW 113 7 4 24 113 5
ROW 114 0 12 16 114 6
ROW 114 1 28 32 114 3
ROW 114 2 8 32 114 4
ROW 114 3 0 8 114 13
ROW 114 4 1 4 114 23
ROW 114 5 179 179 114 0
ROW 114 6 17 24 114 4
ROW 114 7 5 24 114 5
ROW 115 0 13 16 115 6
ROW 115 1 29 32 115 3
ROW 115 2 9 32 115 4
ROW 115 3 1 8 115 13
ROW 115 4 2 4 115 23
ROW 115 5 180 180 115 0
ROW 115 6 18 24 115 4
ROW 115 7 6 24 115 5
ROW 116 0 14 16 116 6
ROW 116 1 30 32 116 3
ROW 116 2 10 32 116 4
ROW 116 3 2 8 116 13
ROW 116 4 3 4 116 23
ROW 116 5 181 181 116 0
ROW 116 6 19 24 116 4
ROW 116 7 7 24 116 5
ROW 117 0 15 16 117 6
ROW 117 1 31 32 117 3
ROW 117 2 11 32 117 4
ROW 117 3 3 8 117 13
ROW 117 4 4 4 117 24
ROW 117 5 182 182 117 0
ROW 117 6 20 24 117 4
ROW 117 7 8 24 117 5
ROW 118 0 16 16 118 7
ROW 118 1 32 32 118 4
ROW 118 2 12 32 118 4
ROW 118 3 4 8 118 13
ROW 118 4 0 4 118 24
ROW 118 5 183 183 118 0
ROW 118 6 21 24 118 4
ROW 118 7 9 24 118 5
ROW 119 0 0 16 119 7
ROW 119 1 0 32 119 4
ROW 119 2 13 32 119 4
ROW 119 3 5 8 119 13
ROW 119 4 1 4 119 24
ROW 119 5 184 184 119 0
ROW 119 6 22 24 119 4
ROW 119 7 10 24 119 5
ROW 120 0 1 16 120 7
ROW 120 1 1 32 120 4
ROW 120 2 14 32 120 4
ROW 120 3 6 8 120 13
ROW 120 4 2 4 120 24
ROW 120 5 185 185 120 0
ROW 120 6 23 24 120 4
ROW 120 7 11 24 120 5
ROW 121 0 2 16 121 7
ROW 121 1 2 32 121 4
ROW 121 2 15 32 121 4
ROW 121 3 7 8 121 13
ROW 121 4 3 4 121 24
ROW 121 5 186 186 121 0
ROW 121 6 24 24 121 5
ROW 121 7 12 24 121 5
ROW 122 0 3 16 122 7
ROW 122 1 3 32 122 4
ROW 122 2 16 32 122 4
ROW 122 3 8 8 122 14
ROW 122 4 4 4 122 25
ROW 122 5 187 187 122 0
ROW 122 6 0 24 122 5
ROW 122 7 13 24 122 5
ROW 123 0 4 16 123 7
ROW 123 1 4 32 123 4
ROW 123 2 17 32 123 4
ROW 123 3 0 8 123 14
ROW 123 4 0 4 123 25
ROW 123 5 188 188 123 0
ROW 123 6 1 24 123 5
ROW 123 7 14 24 123 5
ROW 124 0 5 16 124 7
ROW 124 1 5 32 124 4
ROW 124 2 18 32 124 4
ROW 124 3 1 8 124 14
ROW 124 4 1 4 124 25
ROW 124 5 189 189 124 0
ROW 124 6 2 24 124 5
ROW 124 7 15 24 124 5
ROW 125 0 6 16 125 7
ROW 125 1 6 32 125 4
ROW 125 2 19 32 125 4
ROW 125 3 2 8 125 14
ROW 125 4 2 4 125 25
ROW 125 5 190 190 125 0
ROW 125 6 3 24 125 5
ROW 125 7 16 24 125 5
ROW 126 0 7 16 126 7
ROW 126 1 7 32 126 4
ROW 126 2 20 32 126 4
ROW 126 3 3 8 126 14
ROW 126 4 3 4 126 25
ROW 126 5 191 191 126 0
ROW 126 6 4 24 126 5
ROW 126 7 17 24 126 5
ROW 127 0 8 16 127 7
ROW 127 1 8 32 127 4
ROW 127 2 21 32 127 4
ROW 127 3 4 8 127 14
ROW 127 4 4 4 127 26
ROW 127 5 192 192 127 0
ROW 127 6 5 24 127 5
ROW 127 7 18 24 127 5
ROW 128 0 9 16 128 7
ROW 128 1 9 32 128 4
ROW 128 2 22 32 128 4
ROW 128 3 5 8 128 14
ROW 128 4 0 4 128 26
ROW 128 5 193 193 128 0
ROW 128 6 6 24 128 5
ROW 128 7 19 24 128 5
ROW 129 0 10 16 129 7
ROW 129 1 10 32 129 4
ROW 129 2 23 32 129 4
ROW 129 3 6 8 129 14
ROW 129 4 1 4 129 26
ROW 129 5 194 194 129 0
ROW 129 6 7 24 129 5
ROW 129 7 20 24 129 5
ROW 130 0 11 16 130 7
ROW 130 1 11 32 130 4
ROW 130 2 24 32 130 4
ROW 130 3 7 8 130 14
ROW 130 4 2 4 130 26
ROW 130 5 195 195 130 0
ROW 130 6 8 24 130 5
ROW 130 7 21 24 130 5
ROW 131 0 12 16 131 7
ROW 131 1 12 32 131 4
ROW 131 2 25 32 131 4
ROW 131 3 8 8 131 15
ROW 131 4 3 4 131 26
ROW 131 5 196 196 131 0
ROW 131 6 9 24 131 5
ROW 131 7 22 24 131 5
ROW 132 0 13 16 132 7
ROW 132 1 13 32 132 4
ROW 132 2 26 32 132 4
ROW 132 3 0 8 132 15
ROW 132 4 4 4 132 27
ROW 132 5 197 197 132 0
ROW 132 6 10 24 132 5
ROW 132 7 23 24 132 5
ROW 133 0 14 16 133 7
ROW 133 1 14 32 133 4
ROW 133 2 27 32 133 4
ROW 133 3 1 8 133 15
ROW 133 4 0 4 133 27
ROW 133 5 198 198 133 0
ROW 133 6 11 24 133 5
ROW 133 7 24 24 133 6
ROW 134 0 15 16 134 7
ROW 134 1 15 32 134 4
ROW 134 2 28 32 134 4
ROW 134 3 2 8 134 15
ROW 134 4 1 4 134 27
ROW 134 5 199 199 134 0
ROW 134 6 12 24 134 5
ROW 134 7 0 24 134 6
ROW 135 0 16 16 135 8
ROW 135 1 16 32 135 4
ROW 135 2 29 32 135 4
ROW 135 3 3 8 135 15
ROW 135 4 2 4 135 27
ROW 135 5 200 200 135 0
ROW 135 6 13 24 135 5
ROW 135 7 1 24 135 6
ROW 136 0 0 16 136 8
ROW 136 1 17 32 136 4
ROW 136 2 30 32 136 4
ROW 136 3 4 8 136 15
ROW 136 4 3 4 136 27
ROW 136 5 201 201 136 0
ROW 136 6 14 24 136 5
ROW 136 7 2 24 136 6
ROW 137 0 1 16 137 8
ROW 137 1 18 32 137 4
ROW 137 2 31 32 137 4
ROW 137 3 5 8 137 15
ROW 137 4 4 4 137 28
ROW 137 5 202 202 137 0
ROW 137 6 15 24 137 5
ROW 137 7 3 24 137 6
ROW 138 0 2 16 138 8
ROW 138 1 19 32 138 4
ROW 138 2 32 32 138 5
ROW 138 3 6 8 138 15
ROW 138 4 0 4 138 28
ROW 138 5 203 203 138 0
ROW 138 6 16 24 138 5
ROW 138 7 4 24 138 6
ROW 139 0 3 16 139 8
ROW 139 1 20 32 139 4
ROW 139 2 0 32 139 5
ROW 139 3 7 8 139 15
ROW 139 4 1 4 139 28
ROW 139 5 204 204 139 0
ROW 139 6 17 24 139 5
ROW 139 7 5 24 139 6
ROW 140 0 4 16 140 8
ROW 140 1 21 32 140 4
ROW 140 2 1 32 140 5
ROW 140 3 8 8 140 16
ROW 140 4 2 4 140 28
ROW 140 5 205 205 140 0
ROW 140 6 18 24 140 5
ROW 140 7 6 24 140 6
ROW 141 0 5 16 141 8
ROW 141 1 22 32 141 4
ROW 141 2 2 32 141 5
ROW 141 3 0 8 141 16
ROW 141 4 3 4 141 28
ROW 141 5 206 206 141 0
ROW 141 6 19 24 141 5
ROW 141 7 7 24 141 6
ROW 142 0 6 16 142 8
ROW 142 1 23 32 142 4
ROW 142 2 3 32 142 5
ROW 142 3 1 8 142 16
ROW 142 4 4 4 142 29
ROW 142 5 207 207 142 0
ROW 142 6 20 24 142 5
ROW 142 7 8 24 142 6
ROW 143 0 7 16 143 8
ROW 143 1 24 32 143 4
ROW 143 2 4 32 143 5
ROW 143 3 2 8 143 16
ROW 143 4 0 4 143 29
ROW 143 5 208 208 143 0
ROW 143 6 21 24 143 5
ROW 143 7 9 24 143 6
ROW 144 0 8 16 144 8
ROW 144 1 25 32 144 4
ROW 144 2 5 32 144 5
ROW 144 3 3 8 144 16
ROW 144 4 1 4 144 29
ROW 144 5 209 209 144 0
ROW 144 6 22 24 144 5
ROW 144 7 10 24 144 6
ROW 145 0 9 16 145 8
ROW 145 1 26 32 145 4
ROW 145 2 6 32 145 5
ROW 145 3 4 8 145 16
ROW 145 4 2 4 145 29
ROW 145 5 210 210 145 0
ROW 145 6 23 24 145 5
ROW 145 7 11 24 145 6
ROW 146 0 10 16 146 8
ROW 146 1 27 32 146 4
ROW 146 2 7 32 146 5
ROW 146 3 5 8 146 16
ROW 146 4 3 4 146 29
ROW 146 5 211 211 146 0
ROW 146 6 24 24 146 6
ROW 146 7 12 24 146 6
ROW 147 0 11 16 147 8
ROW 147 1 28 32 147 4
ROW 147 2 8 32 147 5
ROW 147 3 6 8 147 16
ROW 147 4 4 4 147 30
ROW 147 5 212 212 147 0
ROW 147 6 0 24 147 6
ROW 147 7 13 24 147 6
ROW 148 0 12 16 148 8
ROW 148 1 29 32 148 4
ROW 148 2 9 32 148 5
ROW 148 3 7 8 148 16
ROW 148 4 0 4 148 30
ROW 148 5 213 213 148 0
ROW 148 6 1 24 148 6
ROW 148 7 14 24 148 6
ROW 149 0 13 16 149 8
ROW 149 1 30 32 149 4
ROW 149 2 10 32 149 5
ROW 149 3 8 8 149 17
ROW 149 4 1 4 149 30
ROW 149 5 214 214 149 0
ROW 149 6 2 24 149 6
ROW 149 7 15 24 149 6
ROW 150 0 14 16 150 8
ROW 150 1 31 32 150 4
ROW 150 2 11 32 150 5
ROW 150 3 0 8 150 17
ROW 150 4 2 4 150 30
ROW 150 5 215 215 150 0
ROW 150 6 3 24 150 6
ROW 150 7 16 24 150 6
ROW 151 0 15 16 151 8
ROW 151 1 32 32 151 5
ROW 151 2 12 32 151 5
ROW 151 3 1 8 151 17
ROW 151 4 3 4 151 30
ROW 151 5 216 216 151 0
ROW 151 6 4 24 151 6
ROW 151 7 17 24 151 6
ROW 152 0 16 16 152 9
ROW 152 1 0 32 152 5
ROW 152 2 13 32 152 5
ROW 152 3 2 8 152 17
ROW 152 4 4 4 152 31
ROW 152 5 217 217 152 0
ROW 152 6 5 24 152 6
ROW 152 7 18 24 152 6
ROW 153 0 0 16 153 9
ROW 153 1 1 32 153 5
ROW 153 2 14 32 153 5
ROW 153 3 3 8 153 17
ROW 153 4 0 4 153 31
ROW 153 5 218 218 153 0
ROW 153 6 6 24 153 6
ROW 153 7 19 24 153 6
ROW 154 0 1 16 154 9
ROW 154 1 2 32 154 5
ROW 154 2 15 32 154 5
ROW 154 3 4 8 154 17
ROW 154 4 1 4 154 31
ROW 154 5 219 219 154 0
ROW 154 6 7 24 154 6
ROW 154 7 20 24 154 6
ROW 155 0 2 16 155 9
ROW 155 1 3 32 155 5
ROW 155 2 16 32 155 5
ROW 155 3 5 8 155 17
ROW 155 4 2 4 155 31
ROW 155 5 220 220 155 0
ROW 155 6 8 24 155 6
ROW 155 7 21 24 155 6
ROW 156 0 3 16 156 9
ROW 156 1 4 32 156 5
ROW 156 2 17 32 156 5
ROW 156 3 6 8 156 17
ROW 156 4 3 4 156 31
ROW 156 5 221 221 156 0
ROW 156 6 9 24 156 6
ROW 156 7 22 24 156 6
ROW 157 0 4 16 157 9
ROW 157 1 5 32 157 5
ROW 157 2 18 32 157 5
ROW 157 3 7 8 157 17
ROW 157 4 4 4 157 32
ROW 157 5 222 222 157 0
ROW 157 6 10 24 157 6
ROW 157 7 23 24 157 6
ROW 158 0 5 16 158 9
ROW 158 1 6 32 158 5
ROW 158 2 19 32 158 5
ROW 158 3 8 8 158 18
ROW 158 4 0 4 158 32
ROW 158 5 223 223 158 0
ROW 158 6 11 24 158 6
ROW 158 7 24 24 158 7
ROW 159 0 6 16 159 9
ROW 159 1 7 32 159 5
ROW 159 2 20 32 159 5
ROW 159 3 0 8 159 18
ROW 159 4 1 4 159 32
ROW 159 5 224 224 159 0
ROW 159 6 12 24 159 6
ROW 159 7 0 24 159 7
ROW 160 0 7 16 160 9
ROW 160 1 8 32 160 5
ROW 160 2 21 32 160 5
ROW 160 3 1 8 160 18
ROW 160 4 2 4 160 32
ROW 160 5 225 225 160 0
ROW 160 6 13 24 160 6
ROW 160 7 1 24 160 7
ROW 161 0 8 16 161 9
ROW 161 1 9 32 161 5
ROW 161 2 22 32 161 5
ROW 161 3 2 8 161 18
ROW 161 4 3 4 161 32
ROW 161 5 226 226 161 0
ROW 161 6 14 24 161 6
ROW 161 7 2 24 161 7
ROW 162 0 9 16 162 9
ROW 162 1 10 32 162 5
ROW 162 2 23 32 162 5
ROW 162 3 3 8 162 18
ROW 162 4 4 4 162 33
ROW 162 5 227 227 162 0
ROW 162 6 15 24 162 6
ROW 162 7 3 24 162 7
ROW 163 0 10 16 163 9
ROW 163 1 11 32 163 5
ROW 163 2 24 32 163 5
ROW 163 3 4 8 163 18
ROW 163 4 0 4 163 33
ROW 163 5 228 228 163 0
ROW 163 6 16 24 163 6
ROW 163 7 4 24 163 7
ROW 164 0 11 16 164 9
ROW 164 1 12 32 164 5
ROW 164 2 25 32 164 5
ROW 164 3 5 8 164 18
ROW 164 4 1 4 164 33
ROW 164 5 229 229 164 0
ROW 164 6 17 24 164 6
ROW 164 7 5 24 164 7
ROW 165 0 12 16 165 9
ROW 165 1 13 32 165 5
ROW 165 2 26 32 165 5
ROW 165 3 6 8 165 18
ROW 165 4 2 4 165 33
ROW 165 5 230 230 165 0
ROW 165 6 18 24 165 6
ROW 165 7 6 24 165 7
ROW 166 0 13 16 166 9
ROW 166 1 14 32 166 5
ROW 166 2 27 32 166 5
ROW 166 3 7 8 166 18
ROW 166 4 3 4 166 33
ROW 166 5 231 231 166 0
ROW 166 6 19 24 166 6
ROW 166 7 7 24 166 7
ROW 167 0 14 16 167 9
ROW 167 1 15 32 167 5
ROW 167 2 28 32 167 5
ROW 167 3 8 8 167 19
ROW 167 4 4 4 167 34
ROW 167 5 232 232 167 0
ROW 167 6 20 24 167 6
ROW 167 7 8 24 167 7
ROW 168 0 15 16 168 9
ROW 168 1 16 32 168 5
ROW 168 2 29 32 168 5
ROW 168 3 0 8 168 19
ROW 168 4 0 4 168 34
ROW 168 5 233 233 168 0
ROW 168 6 21 24 168 6
ROW 168 7 9 24 168 7
ROW 169 0 16 16 169 10
ROW 169 1 17 32 169 5
ROW 169 2 30 32 169 5
ROW 169 3 1 8 169 19
ROW 169 4 1 4 169 34
ROW 169 5 234 234 169 0
ROW 169 6 22 24 169 6
ROW 169 7 10 24 169 7
ROW 170 0 0 16 170 10
ROW 170 1 18 32 170 5
ROW 170 2 31 32 170 5
ROW 170 3 2 8 170 19
ROW 170 4 2 4 170 34
ROW 170 5 235 235 170 0
ROW 170 6 23 24 170 6
ROW 170 7 11 24 170 7
ROW 171 0 1 16 171 10
ROW 171 1 19 32 171 5
ROW 171 2 32 32 171 6
ROW 171 3 3 8 171 19
ROW 171 4 3 4 171 34
ROW 171 5 236 236 171 0
ROW 171 6 24 24 171 7
ROW 171 7 12 24 171 7
ROW 172 0 2 16 172 10
ROW 172 1 20 32 172 5
ROW 172 2 0 32 172 6
ROW 172 3 4 8 172 19
ROW 172 4 4 4 172 35
ROW 172 5 237 237 172 0
ROW 172 6 0 24 172 7
ROW 172 7 13 24 172 7
ROW 173 0 3 16 173 10
ROW 173 1 21 32 173 5
ROW 173 2 1 32 173 6
ROW 173 3 5 8 173 19
ROW 173 4 0 4 173 35
ROW 173 5 238 238 173 0
ROW 173 6 1 24 173 7
ROW 173 7 14 24 173 7
ROW 174 0 4 16 174 10
ROW 174 1 22 32 174 5
ROW 174 2 2 32 174 6
ROW 174 3 6 8 174 19
ROW 174 4 1 4 174 35
ROW 174 5 239 239 174 0
ROW 174 6 2 24 174 7
ROW 174 7 15 24 174 7
ROW 175 0 5 16 175 10
ROW 175 1 23 32 175 5
ROW 175 2 3 32 175 6
ROW 175 3 7 8 175 19
ROW 175 4 2 4 175 35
ROW 175 5 240 240 175 0
ROW 175 6 3 24 175 7
ROW 175 7 16 24 175 7
ROW 176 0 6 16 176 10
ROW 176 1 24 32 176 5
ROW 176 2 4 32 176 6
ROW 176 3 8 8 176 20
ROW 176 4 3 4 176 35
ROW 176 5 241 241 176 0
ROW 176 6 4 24 176 7
ROW 176 7 17 24 176 7
ROW 177 0 7 16 177 10
ROW 177 1 25 32 177 5
ROW 177 2 5 32 177 6
ROW 177 3 0 8 177 20
ROW 177 4 4 4 177 36
ROW 177 5 242 242 177 0
ROW 177 6 5 24 177 7
ROW 177 7 18 24 177 7
ROW 178 0 8 16 178 10
ROW 178 1 26 32 178 5
ROW 178 2 6 32 178 6
ROW 178 3 1 8 178 20
ROW 178 4 0 4 178 36
ROW 178 5 243 243 178 0
ROW 178 6 6 24 178 7
ROW 178 7 19 24 178 7
ROW 179 0 9 16 179 10
ROW 179 1 27 32 179 5
ROW 179 2 7 32 179 6
ROW 179 3 2 8 179 20
ROW 179 4 1 4 179 36
ROW 179 5 244 244 179 0
ROW 179 6 7 24 179 7
ROW 179 7 20 24 179 7
ROW 180 0 10 16 180 10
ROW 180 1 28 32 180 5
ROW 180 2 8 32 180 6
ROW 180 3 3 8 180 20
ROW 180 4 2 4 180 36
ROW 180 5 245 245 180 0
ROW 180 6 8 24 180 7
ROW 180 7 21 24 180 7
ROW 181 0 11 16 181 10
ROW 181 1 29 32 181 5
ROW 181 2 9 32 181 6
ROW 181 3 4 8 181 20
ROW 181 4 3 4 181 36
ROW 181 5 246 246 181 0
ROW 181 6 9 24 181 7
ROW 181 7 22 24 181 7
ROW 182 0 12 16 182 10
ROW 182 1 30 32 182 5
ROW 182 2 10 32 182 6
ROW 182 3 5 8 182 20
ROW 182 4 4 4 182 37
ROW 182 5 247 247 182 0
ROW 182 6 10 24 182 7
ROW 182 7 23 24 182 7
ROW 183 0 13 16 183 10
ROW 183 1 31 32 183 5
ROW 183 2 11 32 183 6
ROW 183 3 6 8 183 20
ROW 183 4 0 4 183 37
ROW 183 5 248 248 183 0
ROW 183 6 11 24 183 7
ROW 183 7 24 24 183 8
ROW 184 0 14 16 184 10
ROW 184 1 32 32 184 6
ROW 184 2 12 32 184 6
ROW 184 3 7 8 184 20
ROW 184 4 1 4 184 37
ROW 184 5 249 249 184 0
ROW 184 6 12 24 184 7
ROW 184 7 0 24 184 8
ROW 185 0 15 16 185 10
ROW 185 1 0 32 185 6
ROW 185 2 13 32 185 6
ROW 185 3 8 8 185 21
ROW 185 4 2 4 185 37
ROW 185 5 250 250 185 0
ROW 185 6 13 24 185 7
ROW 185 7 1 24 185 8
ROW 186 0 16 16 186 11
ROW 186 1 1 32 186 6
ROW 186 2 14 32 186 6
ROW 186 3 0 8 186 21
ROW 186 4 3 4 186 37
ROW 186 5 251 251 186 0
ROW 186 6 14 24 186 7
ROW 186 7 2 24 186 8
ROW 187 0 0 16 187 11
ROW 187 1 2 32 187 6
ROW 187 2 15 32 187 6
ROW 187 3 1 8 187 21
ROW 187 4 4 4 187 38
ROW 187 5 252 252 187 0
ROW 187 6 15 24 187 7
ROW 187 7 3 24 187 8
ROW 188 0 1 16 188 11
ROW 188 1 3 32 188 6
ROW 188 2 16 32 188 6
ROW 188 3 2 8 188 21
ROW 188 4 0 4 188 38
ROW 188 5 253 253 188 0
ROW 188 6 16 24 188 7
ROW 188 7 4 24 188 8
ROW 189 0 2 16 189 11
ROW 189 1 4 32 189 6
ROW 189 2 17 32 189 6
ROW 189 3 3 8 189 21
ROW 189 4 1 4 189 38
ROW 189 5 254 254 189 0
ROW 189 6 17 24 189 7
ROW 189 7 5 24 189 8
ROW 190 0 3 16 190 11
ROW 190 1 5 32 190 6
ROW 190 2 18 32 190 6
ROW 190 3 4 8 190 21
ROW 190 4 2 4 190 38
ROW 190 5 255 255 190 1
ROW 190 6 18 24 190 7
ROW 190 7 6 24 190 8
ROW 191 0 4 16 191 11
ROW 191 1 6 32 191 6
ROW 191 2 19 32 191 6
ROW 191 3 5 8 191 21
ROW 191 4 3 4 191 38
ROW 191 5 0 255 191 1
ROW 191 6 19 24 191 7
ROW 191 7 7 24 191 8
ROW 192 0 5 16 192 11
ROW 192 1 7 32 192 6
ROW 192 2 20 32 192 6
ROW 192 3 6 8 192 21
ROW 192 4 4 4 192 39
ROW 192 5 1 255 192 1
ROW 192 6 20 24 192 7
ROW 192 7 8 24 192 8
ROW 193 0 6 16 193 11
ROW 193 1 8 32 193 6
ROW 193 2 21 32 193 6
ROW 193 3 7 8 193 21
ROW 193 4 0 4 193 39
ROW 193 5 2 255 193 1
ROW 193 6 21 24 193 7
ROW 193 7 9 24 193 8
ROW 194 0 7 16 194 11
ROW 194 1 9 32 194 6
ROW 194 2 22 32 194 6
ROW 194 3 8 8 194 22
ROW 194 4 1 4 194 39
ROW 194 5 3 255 194 1
ROW 194 6 22 24 194 7
ROW 194 7 10 24 194 8
ROW 195 0 8 16 195 11
ROW 195 1 10 32 195 6
ROW 195 2 23 32 195 6
ROW 195 3 0 8 195 22
ROW 195 4 2 4 195 39
ROW 195 5 4 255 195 1
ROW 195 6 23 24 195 7
ROW 195 7 11 24 195 8
ROW 196 0 9 16 196 11
ROW 196 1 11 32 196 6
ROW 196 2 24 32 196 6
ROW 196 3 1 8 196 22
ROW 196 4 3 4 196 39
ROW 196 5 5 255 196 1
ROW 196 6 24 24 196 8
ROW 196 7 12 24 196 8
ROW 197 0 10 16 197 11
ROW 197 1 12 32 197 6
ROW 197 2 25 32 197 6
ROW 197 3 2 8 197 22
ROW 197 4 4 4 197 40
ROW 197 5 6 255 197 1
ROW 197 6 0 24 197 8
ROW 197 7 13 24 197 8
ROW 198 0 11 16 198 11
ROW 198 1 13 32 198 6
ROW 198 2 26 32 198 6
ROW 198 3 3 8 198 22
ROW 198 4 0 4 198 40
ROW 198 5 7 255 198 1
ROW 198 6 1 24 198 8
ROW 198 7 14 24 198 8
ROW 199 0 12 16 199 11
ROW 199 1 14 32 199 6
ROW 199 2 27 32 199 6
ROW 199 3 4 8 199 22
ROW 199 4 1 4 199 40
ROW 199 5 8 255 199 1
ROW 199 6 2 24 199 8
ROW 199 7 15 24 199 8
ROW 200 0 13 16 200 11
ROW 200 1 15 32 200 6
ROW 200 2 28 32 200 6
ROW 200 3 5 8 200 22
ROW 200 4 2 4 200 40
ROW 200 5 9 255 200 1
ROW 200 6 3 24 200 8
ROW 200 7 16 24 200 8
ROW 201 0 14 16 201 11
ROW 201 1 16 32 201 6
ROW 201 2 29 32 201 6
ROW 201 3 6 8 201 22
ROW 201 4 3 4 201 40
ROW 201 5 10 255 201 1
ROW 201 6 4 24 201 8
ROW 201 7 17 24 201 8
ROW 202 0 15 16 202 11
ROW 202 1 17 32 202 6
ROW 202 2 30 32 202 6
ROW 202 3 7 8 202 22
ROW 202 4 4 4 202 41
ROW 202 5 11 255 202 1
ROW 202 6 5 24 202 8
ROW 202 7 18 24 202 8
ROW 203 0 16 16 203 12
ROW 203 1 18 32 203 6
ROW 203 2 31 32 203 6
ROW 203 3 8 8 203 23
ROW 203 4 0 4 203 41
ROW 203 5 12 255 203 1
ROW 203 6 6 24 203 8
ROW 203 7 19 24 203 8
ROW 204 0 0 16 204 12
ROW 204 1 19 32 204 6
ROW 204 2 32 32 204 7
ROW 204 3 0 8 204 23
ROW 204 4 1 4 204 41
ROW 204 5 13 255 204 1
ROW 204 6 7 24 204 8
ROW 204 7 20 24 204 8
ROW 205 0 1 16 205 12
ROW 205 1 20 32 205 6
ROW 205 2 0 32 205 7
ROW 205 3 1 8 205 23
ROW 205 4 2 4 205 41
ROW 205 5 14 255 205 1
ROW 205 6 8 24 205 8
ROW 205 7 21 24 205 8
ROW 206 0 2 16 206 12
ROW 206 1 21 32 206 6
ROW 206 2 1 32 206 7
ROW 206 3 2 8 206 23
ROW 206 4 3 4 206 41
ROW 206 5 15 255 206 1
ROW 206 6 9 24 206 8
ROW 206 7 22 24 206 8
ROW 207 0 3 16 207 12
ROW 207 1 22 32 207 6
ROW 207 2 2 32 207 7
ROW 207 3 3 8 207 23
ROW 207 4 4 4 207 42
ROW 207 5 16 255 207 1
ROW 207 6 10 24 207 8
ROW 207 7 23 24 207 8
ROW 208 0 4 16 208 12
ROW 208 1 23 32 208 6
ROW 208 2 3 32 208 7
ROW 208 3 4 8 208 23
ROW 208 4 0 4 208 42
ROW 208 5 17 255 208 1
ROW 208 6 11 24 208 8
ROW 208 7 24 24 208 9
ROW 209 0 5 16 209 12
ROW 209 1 24 32 209 6
ROW 209 2 4 32 209 7
ROW 209 3 5 8 209 23
ROW 209 4 1 4 209 42
ROW 209 5 18 255 209 1
ROW 209 6 12 24 209 8
ROW 209 7 0 24 209 9
ROW 210 0 6 16 210 12
ROW 210 1 25 32 210 6
ROW 210 2 5 32 210 7
ROW 210 3 6 8 210 23
ROW 210 4 2 4 210 42
ROW 210 5 19 255 210 1
ROW 210 6 13 24 210 8
ROW 210 7 1 24 210 9
ROW 211 0 7 16 211 12
ROW 211 1 26 32 211 6
ROW 211 2 6 32 211 7
ROW 211 3 7 8 211 23
ROW 211 4 3 4 211 42
ROW 211 5 20 255 211 1
ROW 211 6 14 24 211 8
ROW 211 7 2 24 211 9
ROW 212 0 8 16 212 12
ROW 212 1 27 32 212 6
ROW 212 2 7 32 212 7
ROW 212 3 8 8 212 24
ROW 212 4 4 4 212 43
ROW 212 5 21 255 212 1
ROW 212 6 15 24 212 8
ROW 212 7 3 24 212 9
ROW 213 0 9 16 213 12
ROW 213 1 28 32 213 6
ROW 213 2 8 32 213 7
ROW 213 3 0 8 213 24
ROW 213 4 0 4 213 43
ROW 213 5 22 255 213 1
ROW 213 6 16 24 213 8
ROW 213 7 4 24 213 9
ROW 214 0 10 16 214 12
ROW 214 1 29 32 214 6
ROW 214 2 9 32 214 7
ROW 214 3 1 8 214 24
ROW 214 4 1 4 214 43
ROW 214 5 23 255 214 1
ROW 214 6 17 24 214 8
ROW 214 7 5 24 214 9
ROW 215 0 11 16 215 12
ROW 215 1 30 32 215 6
ROW 215 2 10 32 215 7
ROW 215 3 2 8 215 24
ROW 215 4 2 4 215 43
ROW 215 5 24 255 215 1
ROW 215 6 18 24 215 8
ROW 215 7 6 24 215 9
ROW 216 0 12 16 216 12
ROW 216 1 31 32 216 6
ROW 216 2 11 32 216 7
ROW 216 3 3 8 216 24
ROW 216 4 3 4 216 43
ROW 216 5 25 255 216 1
ROW 216 6 19 24 216 8
ROW 216 7 7 24 216 9
ROW 217 0 13 16 217 12
ROW 217 1 32 32 217 7
ROW 217 2 12 32 217 7
ROW 217 3 4 8 217 24
ROW 217 4 4 4 217 44
ROW 217 5 26 255 217 1
ROW 217 6 20 24 217 8
ROW 217 7 8 24 217 9
ROW 218 0 14 16 218 12
ROW 218 1 0 32 218 7
ROW 218 2 13 32 218 7
ROW 218 3 5 8 218 24
ROW 218 4 0 4 218 44
ROW 218 5 27 255 218 1
ROW 218 6 21 24 218 8
ROW 218 7 9 24 218 9
ROW 219 0 15 16 219 12
ROW 219 1 1 32 219 7
ROW 219 2 14 32 219 7
ROW 219 3 6 8 219 24
ROW 219 4 1 4 219 44
ROW 219 5 28 255 219 1
ROW 219 6 22 24 219 8
ROW 219 7 10 24 219 9
ROW 220 0 16 16 220 13
ROW 220 1 2 32 220 7
ROW 220 2 15 32 220 7
ROW 220 3 7 8 220 24
ROW 220 4 2 4 220 44
ROW 220 5 29 255 220 1
ROW 220 6 23 24 220 8
ROW 220 7 11 24 220 9
ROW 221 0 0 16 221 13
ROW 221 1 3 32 221 7
ROW 221 2 16 32 221 7
ROW 221 3 8 8 221 25
ROW 221 4 3 4 221 44
ROW 221 5 30 255 221 1
ROW 221 6 24 24 221 9
ROW 221 7 12 24 221 9
ROW 222 0 1 16 222 13
ROW 222 1 4 32 222 7
ROW 222 2 17 32 222 7
ROW 222 3 0 8 222 25
ROW 222 4 4 4 222 45
ROW 222 5 31 255 222 1
ROW 222 6 0 24 222 9
ROW 222 7 13 24 222 9
ROW 223 0 2 16 223 13
ROW 223 1 5 32 223 7
ROW 223 2 18 32 223 7
ROW 223 3 1 8 223 25
ROW 223 4 0 4 223 45
ROW 223 5 32 255 223 1
ROW 223 6 1 24 223 9
ROW 223 7 14 24 223 9
ROW 224 0 3 16 224 13
ROW 224 1 6 32 224 7
ROW 224 2 19 32 224 7
ROW 224 3 2 8 224 25
ROW 224 4 1 4 224 45
ROW 224 5 33 255 224 1
ROW 224 6 2 24 224 9
ROW 224 7 15 24 224 9
ROW 225 0 4 16 225 13
ROW 225 1 7 32 225 7
ROW 225 2 20 32 225 7
ROW 225 3 3 8 225 25
ROW 225 4 2 4 225 45
ROW 225 5 34 255 225 1
ROW 225 6 3 24 225 9
ROW 225 7 16 24 225 9
ROW 226 0 5 16 226 13
ROW 226 1 8 32 226 7
ROW 226 2 21 32 226 7
ROW 226 3 4 8 226 25
ROW 226 4 3 4 226 45
ROW 226 5 35 255 226 1
ROW 226 6 4 24 226 9
ROW 226 7 17 24 226 9
ROW 227 0 6 16 227 13
ROW 227 1 9 32 227 7
ROW 227 2 22 32 227 7
ROW 227 3 5 8 227 25
ROW 227 4 4 4 227 46
ROW 227 5 36 255 227 1
ROW 227 6 5 24 227 9
ROW 227 7 18 24 227 9
ROW 228 0 7 16 228 13
ROW 228 1 10 32 228 7
ROW 228 2 23 32 228 7
ROW 228 3 6 8 228 25
ROW 228 4 0 4 228 46
ROW 228 5 37 255 228 1
ROW 228 6 6 24 228 9
ROW 228 7 19 24 228 9
ROW 229 0 8 16 229 13
ROW 229 1 11 32 229 7
ROW 229 2 24 32 229 7
ROW 229 3 7 8 229 25
ROW 229 4 1 4 229 46
ROW 229 5 38 255 229 1
ROW 229 6 7 24 229 9
ROW 229 7 20 24 229 9
ROW 230 0 9 16 230 13
ROW 230 1 12 32 230 7
ROW 230 2 25 32 230 7
ROW 230 3 8 8 230 26
ROW 230 4 2 4 230 46
ROW 230 5 39 255 230 1
ROW 230 6 8 24 230 9
ROW 230 7 21 24 230 9
ROW 231 0 10 16 231 13
ROW 231 1 13 32 231 7
ROW 231 2 26 32 231 7
ROW 231 3 0 8 231 26
ROW 231 4 3 4 231 46
ROW 231 5 40 255 231 1
ROW 231 6 9 24 231 9
ROW 231 7 22 24 231 9
ROW 232 0 11 16 232 13
ROW 232 1 14 32 232 7
ROW 232 2 27 32 232 7
ROW 232 3 1 8 232 26
ROW 232 4 4 4 232 47
ROW 232 5 41 255 232 1
ROW 232 6 10 24 232 9
ROW 232 7 23 24 232 9
ROW 233 0 12 16 233 13
ROW 233 1 15 32 233 7
ROW 233 2 28 32 233 7
ROW 233 3 2 8 233 26
ROW 233 4 0 4 233 47
ROW 233 5 42 255 233 1
ROW 233 6 11 24 233 9
ROW 233 7 24 24 233 10
ROW 234 0 13 16 234 13
ROW 234 1 16 32 234 7
ROW 234 2 29 32 234 7
ROW 234 3 3 8 234 26
ROW 234 4 1 4 234 47
ROW 234 5 43 255 234 1
ROW 234 6 12 24 234 9
ROW 234 7 0 24 234 10
ROW 235 0 14 16 235 13
ROW 235 1 17 32 235 7
ROW 235 2 30 32 235 7
ROW 235 3 4 8 235 26
ROW 235 4 2 4 235 47
ROW 235 5 44 255 235 1
ROW 235 6 13 24 235 9
ROW 235 7 1 24 235 10
ROW 236 0 15 16 236 13
ROW 236 1 18 32 236 7
ROW 236 2 31 32 236 7
ROW 236 3 5 8 236 26
ROW 236 4 3 4 236 47
ROW 236 5 45 255 236 1
ROW 236 6 14 24 236 9
ROW 236 7 2 24 236 10
ROW 237 0 16 16 237 14
ROW 237 1 19 32 237 7
ROW 237 2 32 32 237 8
ROW 237 3 6 8 237 26
ROW 237 4 4 4 237 48
ROW 237 5 46 255 237 1
ROW 237 6 15 24 237 9
ROW 237 7 3 24 237 10
ROW 238 0 0 16 238 14
ROW 238 1 20 32 238 7
ROW 238 2 0 32 238 8
ROW 238 3 7 8 238 26
ROW 238 4 0 4 238 48
ROW 238 5 47 255 238 1
ROW 238 6 16 24 238 9
ROW 238 7 4 24 238 10
ROW 239 0 1 16 239 14
ROW 239 1 21 32 239 7
ROW 239 2 1 32 239 8
ROW 239 3 8 8 239 27
ROW 239 4 1 4 239 48
ROW 239 5 48 255 239 1
ROW 239 6 17 24 239 9
ROW 239 7 5 24 239 10
ROW 240 0 2 16 240 14
ROW 240 1 22 32 240 7
ROW 240 2 2 32 240 8
ROW 240 3 0 8 240 27
ROW 240 4 2 4 240 48
ROW 240 5 49 255 240 1
ROW 240 6 18 24 240 9
ROW 240 7 6 24 240 10
ROW 241 0 3 16 241 14
ROW 241 1 23 32 241 7
ROW 241 2 3 32 241 8
ROW 241 3 1 8 241 27
ROW 241 4 3 4 241 48
ROW 241 5 50 255 241 1
ROW 241 6 19 24 241 9
ROW 241 7 7 24 241 10
ROW 242 0 4 16 242 14
ROW 242 1 24 32 242 7
ROW 242 2 4 32 242 8
ROW 242 3 2 8 242 27
ROW 242 4 4 4 242 49
ROW 242 5 51 255 242 1
ROW 242 6 20 24 242 9
ROW 242 7 8 24 242 10
ROW 243 0 5 16 243 14
ROW 243 1 25 32 243 7
ROW 243 2 5 32 243 8
ROW 243 3 3 8 243 27
ROW 243 4 0 4 243 49
ROW 243 5 52 255 243 1
ROW 243 6 21 24 243 9
ROW 243 7 9 24 243 10
ROW 244 0 6 16 244 14
ROW 244 1 26 32 244 7
ROW 244 2 6 32 244 8
ROW 244 3 4 8 244 27
ROW 244 4 1 4 244 49
ROW 244 5 53 255 244 1
ROW 244 6 22 24 244 9
ROW 244 7 10 24 244 10
ROW 245 0 7 16 245 14
ROW 245 1 27 32 245 7
ROW 245 2 7 32 245 8
ROW 245 3 5 8 245 27
ROW 245 4 2 4 245 49
ROW 245 5 54 255 245 1
ROW 245 6 23 24 245 9
ROW 245 7 11 24 245 10
ROW 246 0 8 16 246 14
ROW 246 1 28 32 246 7
ROW 246 2 8 32 246 8
ROW 246 3 6 8 246 27
ROW 246 4 3 4 246 49
ROW 246 5 55 255 246 1
ROW 246 6 24 24 246 10
ROW 246 7 12 24 246 10
ROW 247 0 9 16 247 14
ROW 247 1 29 32 247 7
ROW 247 2 9 32 247 8
ROW 247 3 7 8 247 27
ROW 247 4 4 4 247 50
ROW 247 5 56 255 247 1
ROW 247 6 0 24 247 10
ROW 247 7 13 24 247 10
ROW 248 0 10 16 248 14
ROW 248 1 30 32 248 7
ROW 248 2 10 32 248 8
ROW 248 3 8 8 248 28
ROW 248 4 0 4 248 50
ROW 248 5 57 255 248 1
ROW 248 6 1 24 248 10
ROW 248 7 14 24 248 10
ROW 249 0 11 16 249 14
ROW 249 1 31 32 249 7
ROW 249 2 11 32 249 8
ROW 249 3 0 8 249 28
ROW 249 4 1 4 249 50
ROW 249 5 58 255 249 1
ROW 249 6 2 24 249 10
ROW 249 7 15 24 249 10
ROW 250 0 12 16 250 14
ROW 250 1 32 32 250 8
ROW 250 2 12 32 250 8
ROW 250 3 1 8 250 28
ROW 250 4 2 4 250 50
ROW 250 5 59 255 250 1
ROW 250 6 3 24 250 10
ROW 250 7 16 24 250 10
ROW 251 0 13 16 251 14
ROW 251 1 0 32 251 8
ROW 251 2 13 32 251 8
ROW 251 3 2 8 251 28
ROW 251 4 3 4 251 50
ROW 251 5 60 255 251 1
ROW 251 6 4 24 251 10
ROW 251 7 17 24 251 10
ROW 252 0 14 16 252 14
ROW 252 1 1 32 252 8
ROW 252 2 14 32 252 8
ROW 252 3 3 8 252 28
ROW 252 4 4 4 252 51
ROW 252 5 61 255 252 1
ROW 252 6 5 24 252 10
ROW 252 7 18 24 252 10
ROW 253 0 15 16 253 14
ROW 253 1 2 32 253 8
ROW 253 2 15 32 253 8
ROW 253 3 4 8 253 28
ROW 253 4 0 4 253 51
ROW 253 5 62 255 253 1
ROW 253 6 6 24 253 10
ROW 253 7 19 24 253 10
ROW 254 0 16 16 254 15
ROW 254 1 3 32 254 8
ROW 254 2 16 32 254 8
ROW 254 3 5 8 254 28
ROW 254 4 1 4 254 51
ROW 254 5 63 255 254 1
ROW 254 6 7 24 254 10
ROW 254 7 20 24 254 10
ROW 255 0 0 16 255 15
ROW 255 1 4 32 255 8
ROW 255 2 17 32 255 8
ROW 255 3 6 8 255 28
ROW 255 4 2 4 255 51
ROW 255 5 64 255 255 1
ROW 255 6 8 24 255 10
ROW 255 7 21 24 255 10
ROW 256 0 1 16 256 15
ROW 256 1 5 32 256 8
ROW 256 2 18 32 256 8
ROW 256 3 7 8 256 28
ROW 256 4 3 4 256 51
ROW 256 5 65 255 256 1
ROW 256 6 9 24 256 10
ROW 256 7 22 24 256 10
ROW 257 0 2 16 257 15
ROW 257 1 6 32 257 8
ROW 257 2 19 32 257 8
ROW 257 3 8 8 257 29
ROW 257 4 4 4 257 52
ROW 257 5 66 255 257 1
ROW 257 6 10 24 257 10
ROW 257 7 23 24 257 10
ROW 258 0 3 16 258 15
ROW 258 1 7 32 258 8
ROW 258 2 20 32 258 8
ROW 258 3 0 8 258 29
ROW 258 4 0 4 258 52
ROW 258 5 67 255 258 1
ROW 258 6 11 24 258 10
ROW 258 7 24 24 258 11
ROW 259 0 4 16 259 15
ROW 259 1 8 32 259 8
ROW 259 2 21 32 259 8
ROW 259 3 1 8 259 29
ROW 259 4 1 4 259 52
ROW 259 5 68 255 259 1
ROW 259 6 12 24 259 10
ROW 259 7 0 24 259 11
ROW 260 0 5 16 260 15
ROW 260 1 9 32 260 8
ROW 260 2 22 32 260 8
ROW 260 3 2 8 260 29
ROW 260 4 2 4 260 52
ROW 260 5 69 255 260 1
ROW 260 6 13 24 260 10
ROW 260 7 1 24 260 11
ROW 261 0 6 16 261 15
ROW 261 1 10 32 261 8
ROW 261 2 23 32 261 8
ROW 261 3 3 8 261 29
ROW 261 4 3 4 261 52
ROW 261 5 70 255 261 1
ROW 261 6 14 24 261 10
ROW 261 7 2 24 261 11
ROW 262 0 7 16 262 15
ROW 262 1 11 32 262 8
ROW 262 2 24 32 262 8
ROW 262 3 4 8 262 29
ROW 262 4 4 4 262 53
ROW 262 5 71 255 262 1
ROW 262 6 15 24 262 10
ROW 262 7 3 24 262 11
ROW 263 0 8 16 263 15
ROW 263 1 12 32 263 8
ROW 263 2 25 32 263 8
ROW 263 3 5 8 263 29
ROW 263 4 0 4 263 53
ROW 263 5 72 255 263 1
ROW 263 6 16 24 263 10
ROW 263 7 4 24 263 11
ROW 264 0 9 16 264 15
ROW 264 1 13 32 264 8
ROW 264 2 26 32 264 8
ROW 264 3 6 8 264 29
ROW 264 4 1 4 264 53
ROW 264 5 73 255 264 1
ROW 264 6 17 24 264 10
ROW 264 7 5 24 264 11
ROW 265 0 10 16 265 15
ROW 265 1 14 32 265 8
ROW 265 2 27 32 265 8
ROW 265 3 7 8 265 29
ROW 265 4 2 4 265 53
ROW 265 5 74 255 265 1
ROW 265 6 18 24 265 10
ROW 265 7 6 24 265 11
ROW 266 0 11 16 266 15
ROW 266 1 15 32 266 8
ROW 266 2 28 32 266 8
ROW 266 3 8 8 266 30
ROW 266 4 3 4 266 53
ROW 266 5 75 255 266 1
ROW 266 6 19 24 266 10
ROW 266 7 7 24 266 11
ROW 267 0 12 16 267 15
ROW 267 1 16 32 267 8
ROW 267 2 29 32 267 8
ROW 267 3 0 8 267 30
ROW 267 4 4 4 267 54
ROW 267 5 76 255 267 1
ROW 267 6 20 24 267 10
ROW 267 7 8 24 267 11
ROW 268 0 13 16 268 15
ROW 268 1 17 32 268 8
ROW 268 2 30 32 268 8
ROW 268 3 1 8 268 30
ROW 268 4 0 4 268 54
ROW 268 5 77 255 268 1
ROW 268 6 21 24 268 10
ROW 268 7 9 24 268 11
ROW 269 0 14 16 269 15
ROW 269 1 18 32 269 8
ROW 269 2 31 32 269 8
ROW 269 3 2 8 269 30
ROW 269 4 1 4 269 54
ROW 269 5 78 255 269 1
ROW 269 6 22 24 269 10
ROW 269 7 10 24 269 11
ROW 270 0 15 16 270 15
ROW 270 1 19 32 270 8
ROW 270 2 32 32 270 9
ROW 270 3 3 8 270 30
ROW 270 4 2 4 270 54
ROW 270 5 79 255 270 1
ROW 270 6 23 24 270 10
ROW 270 7 11 24 270 11
ROW 271 0 16 16 271 16
ROW 271 1 20 32 271 8
ROW 271 2 0 32 271 9
ROW 271 3 4 8 271 30
ROW 271 4 3 4 271 54
ROW 271 5 80 255 271 1
ROW 271 6 24 24 271 11
ROW 271 7 12 24 271 11
ROW 272 0 0 16 272 16
ROW 272 1 21 32 272 8
ROW 272 2 1 32 272 9
ROW 272 3 5 8 272 30
ROW 272 4 4 4 272 55
ROW 272 5 81 255 272 1
ROW 272 6 0 24 272 11
ROW 272 7 13 24 272 11
ROW 273 0 1 16 273 16
ROW 273 1 22 32 273 8
ROW 273 2 2 32 273 9
ROW 273 3 6 8 273 30
ROW 273 4 0 4 273 55
ROW 273 5 82 255 273 1
ROW 273 6 1 24 273 11
ROW 273 7 14 24 273 11
ROW 274 0 2 16 274 16
ROW 274 1 23 32 274 8
ROW 274 2 3 32 274 9
ROW 274 3 7 8 274 30
ROW 274 4 1 4 274 55
ROW 274 5 83 255 274 1
ROW 274 6 2 24 274 11
ROW 274 7 15 24 274 11
ROW 275 0 3 16 275 16
ROW 275 1 24 32 275 8
ROW 275 2 4 32 275 9
ROW 275 3 8 8 275 31
ROW 275 4 2 4 275 55
ROW 275 5 84 255 275 1
ROW 275 6 3 24 275 11
ROW 275 7 16 24 275 11
ROW 276 0 4 16 276 16
ROW 276 1 25 32 276 8
ROW 276 2 5 32 276 9
ROW 276 3 0 8 276 31
ROW 276 4 3 4 276 55
ROW 276 5 85 255 276 1
ROW 276 6 4 24 276 11
ROW 276 7 17 24 276 11
ROW 277 0 5 16 277 16
ROW 277 1 26 32 277 8
ROW 277 2 6 32 277 9
ROW 277 3 1 8 277 31
ROW 277 4 4 4 277 56
ROW 277 5 86 255 277 1
ROW 277 6 5 24 277 11
ROW 277 7 18 24 277 11
ROW 278 0 6 16 278 16
ROW 278 1 27 32 278 8
ROW 278 2 7 32 278 9
ROW 278 3 2 8 278 31
ROW 278 4 0 4 278 56
ROW 278 5 87 255 278 1
ROW 278 6 6 24 278 11
ROW 278 7 19 24 278 11
ROW 279 0 7 16 279 16
ROW 279 1 28 32 279 8
ROW 279 2 8 32 279 9
ROW 279 3 3 8 279 31
ROW 279 4 1 4 279 56
ROW 279 5 88 255 279 1
ROW 279 6 7 24 279 11
ROW 279 7 20 24 279 11
ROW 280 0 8 16 280 16
ROW 280 1 29 32 280 8
ROW 280 2 9 32 280 9
ROW 280 3 4 8 280 31
ROW 280 4 2 4 280 56
ROW 280 5 89 255 280 1
ROW 280 6 8 24 280 11
ROW 280 7 21 24 280 11
ROW 281 0 9 16 281 16
ROW 281 1 30 32 281 8
ROW 281 2 10 32 281 9
ROW 281 3 5 8 281 31
ROW 281 4 3 4 281 56
ROW 281 5 90 255 281 1
ROW 281 6 9 24 281 11
ROW 281 7 22 24 281 11
ROW 282 0 10 16 282 16
ROW 282 1 31 32 282 8
ROW 282 2 11 32 282 9
ROW 282 3 6 8 282 31
ROW 282 4 4 4 282 57
ROW 282 5 91 255 282 1
ROW 282 6 10 24 282 11
ROW 282 7 23 24 282 11
ROW 283 0 11 16 283 16
ROW 283 1 32 32 283 9
ROW 283 2 12 32 283 9
ROW 283 3 7 8 283 31
ROW 283 4 0 4 283 57
ROW 283 5 92 255 283 1
ROW 283 6 11 24 283 11
ROW 283 7 24 24 283 12
ROW 284 0 12 16 284 16
ROW 284 1 0 32 284 9
ROW 284 2 13 32 284 9
ROW 284 3 8 8 284 32
ROW 284 4 1 4 284 57
ROW 284 5 93 255 284 1
ROW 284 6 12 24 284 11
ROW 284 7 0 24 284 12
ROW 285 0 13 16 285 16
ROW 285 1 1 32 285 9
ROW 285 2 14 32 285 9
ROW 285 3 0 8 285 32
ROW 285 4 2 4 285 57
ROW 285 5 94 255 285 1
ROW 285 6 13 24 285 11
ROW 285 7 1 24 285 12
ROW 286 0 14 16 286 16
ROW 286 1 2 32 286 9
ROW 286 2 15 32 286 9
ROW 286 3 1 8 286 32
ROW 286 4 3 4 286 57
ROW 286 5 95 255 286 1
ROW 286 6 14 24 286 11
ROW 286 7 2 24 286 12
ROW 287 0 15 16 287 16
ROW 287 1 3 32 287 9
ROW 287 2 16 32 287 9
ROW 287 3 2 8 287 32
ROW 287 4 4 4 287 58
ROW 287 5 96 255 287 1
ROW 287 6 15 24 287 11
ROW 287 7 3 24 287 12
ROW 288 0 16 16 288 17
ROW 288 1 4 32 288 9
ROW 288 2 17 32 288 9
ROW 288 3 3 8 288 32
ROW 288 4 0 4 288 58
ROW 288 5 97 255 288 1
ROW 288 6 16 24 288 11
ROW 288 7 4 24 288 12
ROW 289 0 0 16 289 17
ROW 289 1 5 32 289 9
ROW 289 2 18 32 289 9
ROW 289 3 4 8 289 32
ROW 289 4 1 4 289 58
ROW 289 5 98 255 289 1
ROW 289 6 17 24 289 11
ROW 289 7 5 24 289 12
ROW 290 0 1 16 290 17
ROW 290 1 6 32 290 9
ROW 290 2 19 32 290 9
ROW 290 3 5 8 290 32
ROW 290 4 2 4 290 58
ROW 290 5 99 255 290 1
ROW 290 6 18 24 290 11
ROW 290 7 6 24 290 12
ROW 291 0 2 16 291 17
ROW 291 1 7 32 291 9
ROW 291 2 20 32 291 9
ROW 291 3 6 8 291 32
ROW 291 4 3 4 291 58
ROW 291 5 100 255 291 1
ROW 291 6 19 24 291 11
ROW 291 7 7 24 291 12
ROW 292 0 3 16 292 17
ROW 292 1 8 32 292 9
ROW 292 2 21 32 292 9
ROW 292 3 7 8 292 32
ROW 292 4 4 4 292 59
ROW 292 5 101 255 292 1
ROW 292 6 20 24 292 11
ROW 292 7 8 24 292 12
ROW 293 0 4 16 293 17
ROW 293 1 9 32 293 9
ROW 293 2 22 32 293 9
ROW 293 3 8 8 293 33
ROW 293 4 0 4 293 59
ROW 293 5 102 255 293 1
ROW 293 6 21 24 293 11
ROW 293 7 9 24 293 12
ROW 294 0 5 16 294 17
ROW 294 1 10 32 294 9
ROW 294 2 23 32 294 9
ROW 294 3 0 8 294 33
ROW 294 4 1 4 294 59
ROW 294 5 103 255 294 1
ROW 294 6 22 24 294 11
ROW 294 7 10 24 294 12
ROW 295 0 6 16 295 17
ROW 295 1 11 32 295 9
ROW 295 2 24 32 295 9
ROW 295 3 1 8 295 33
ROW 295 4 2 4 295 59
ROW 295 5 104 255 295 1
ROW 295 6 23 24 295 11
ROW 295 7 11 24 295 12
ROW 296 0 7 16 296 17
ROW 296 1 12 32 296 9
ROW 296 2 25 32 296 9
ROW 296 3 2 8 296 33
ROW 296 4 3 4 296 59
ROW 296 5 105 255 296 1
ROW 296 6 24 24 296 12
ROW 296 7 12 24 296 12
ROW 297 0 8 16 297 17
ROW 297 1 13 32 297 9
ROW 297 2 26 32 297 9
ROW 297 3 3 8 297 33
ROW 297 4 4 4 297 60
ROW 297 5 106 255 297 1
ROW 297 6 0 24 297 12
ROW 297 7 13 24 297 12
ROW 298 0 9 16 298 17
ROW 298 1 14 32 298 9
ROW 298 2 27 32 298 9
ROW 298 3 4 8 298 33
ROW 298 4 0 4 298 60
ROW 298 5 107 255 298 1
ROW 298 6 1 24 298 12
ROW 298 7 14 24 298 12
ROW 299 0 10 16 299 17
ROW 299 1 15 32 299 9
ROW 299 2 28 32 299 9
ROW 299 3 5 8 299 33
ROW 299 4 1 4 299 60
ROW 299 5 108 255 299 1
ROW 299 6 2 24 299 12
ROW 299 7 15 24 299 12
ROW 300 0 11 16 300 17
ROW 300 1 16 32 300 9
ROW 300 2 29 32 300 9
ROW 300 3 6 8 300 33
ROW 300 4 2 4 300 60
ROW 300 5 109 255 300 1
ROW 300 6 3 24 300 12
ROW 300 7 16 24 300 12
ROW 301 0 12 16 301 17
ROW 301 1 17 32 301 9
ROW 301 2 30 32 301 9
ROW 301 3 7 8 301 33
ROW 301 4 3 4 301 60
ROW 301 5 110 255 301 1
ROW 301 6 4 24 301 12
ROW 301 7 17 24 301 12
ROW 302 0 13 16 302 17
ROW 302 1 18 32 302 9
ROW 302 2 31 32 302 9
ROW 302 3 8 8 302 34
ROW 302 4 4 4 302 61
ROW 302 5 111 255 302 1
ROW 302 6 5 24 302 12
ROW 302 7 18 24 302 12
ROW 303 0 14 16 303 17
ROW 303 1 19 32 303 9
ROW 303 2 32 32 303 10
ROW 303 3 0 8 303 34
ROW 303 4 0 4 303 61
ROW 303 5 112 255 303 1
ROW 303 6 6 24 303 12
ROW 303 7 19 24 303 12
ROW 304 0 15 16 304 17
ROW 304 1 20 32 304 9
ROW 304 2 0 32 304 10
ROW 304 3 1 8 304 34
ROW 304 4 1 4 304 61
ROW 304 5 113 255 304 1
ROW 304 6 7 24 304 12
ROW 304 7 20 24 304 12
ROW 305 0 16 16 305 18
ROW 305 1 21 32 305 9
ROW 305 2 1 32 305 10
ROW 305 3 2 8 305 34
ROW 305 4 2 4 305 61
ROW 305 5 114 255 305 1
ROW 305 6 8 24 305 12
ROW 305 7 21 24 305 12
ROW 306 0 0 16 306 18
ROW 306 1 22 32 306 9
ROW 306 2 2 32 306 10
ROW 306 3 3 8 306 34
ROW 306 4 3 4 306 61
ROW 306 5 115 255 306 1
ROW 306 6 9 24 306 12
ROW 306 7 22 24 306 12
ROW 307 0 1 16 307 18
ROW 307 1 23 32 307 9
ROW 307 2 3 32 307 10
ROW 307 3 4 8 307 34
ROW 307 4 4 4 307 62
ROW 307 5 116 255 307 1
ROW 307 6 10 24 307 12
ROW 307 7 23 24 307 12
ROW 308 0 2 16 308 18
ROW 308 1 24 32 308 9
ROW 308 2 4 32 308 10
ROW 308 3 5 8 308 34
ROW 308 4 0 4 308 62
ROW 308 5 117 255 308 1
ROW 308 6 11 24 308 12
ROW 308 7 24 24 308 13
ROW 309 0 3 16 309 18
ROW 309 1 25 32 309 9
ROW 309 2 5 32 309 10
ROW 309 3 6 8 309 34
ROW 309 4 1 4 309 62
ROW 309 5 118 255 309 1
ROW 309 6 12 24 309 12
ROW 309 7 0 24 309 13
ROW 310 0 4 16 310 18
ROW 310 1 26 32 310 9
ROW 310 2 6 32 310 10
ROW 310 3 7 8 310 34
ROW 310 4 2 4 310 62
ROW 310 5 119 255 310 1
ROW 310 6 13 24 310 12
ROW 310 7 1 24 310 13
ROW 311 0 5 16 311 18
ROW 311 1 27 32 311 9
ROW 311 2 7 32 311 10
ROW 311 3 8 8 311 35
ROW 311 4 3 4 311 62
ROW 311 5 120 255 311 1
ROW 311 6 14 24 311 12
ROW 311 7 2 24 311 13
ROW 312 0 6 16 312 18
ROW 312 1 28 32 312 9
ROW 312 2 8 32 312 10
ROW 312 3 0 8 312 35
ROW 312 4 4 4 312 63
ROW 312 5 121 255 312 1
ROW 312 6 15 24 312 12
ROW 312 7 3 24 312 13
ROW 313 0 7 16 313 18
ROW 313 1 29 32 313 9
ROW 313 2 9 32 313 10
ROW 313 3 1 8 313 35
ROW 313 4 0 4 313 63
ROW 313 5 122 255 313 1
ROW 313 6 16 24 313 12
ROW 313 7 4 24 313 13
ROW 314 0 8 16 314 18
ROW 314 1 30 32 314 9
ROW 314 2 10 32 314 10
ROW 314 3 2 8 314 35
ROW 314 4 1 4 314 63
ROW 314 5 123 255 314 1
ROW 314 6 17 24 314 12
ROW 314 7 5 24 314 13
ROW 315 0 9 16 315 18
ROW 315 1 31 32 315 9
ROW 315 2 11 32 315 10
ROW 315 3 3 8 315 35
ROW 315 4 2 4 315 63
ROW 315 5 124 255 315 1
ROW 315 6 18 24 315 12
ROW 315 7 6 24 315 13
ROW 316 0 10 16 316 18
ROW 316 1 32 32 316 10
ROW 316 2 12 32 316 10
ROW 316 3 4 8 316 35
ROW 316 4 3 4 316 63
ROW 316 5 125 255 316 1
ROW 316 6 19 24 316 12
ROW 316 7 7 24 316 13
ROW 317 0 11 16 317 18
ROW 317 1 0 32 317 10
ROW 317 2 13 32 317 10
ROW 317 3 5 8 317 35
ROW 317 4 4 4 317 64
ROW 317 5 126 255 317 1
ROW 317 6 20 24 317 12
ROW 317 7 8 24 317 13
ROW 318 0 12 16 318 18
ROW 318 1 1 32 318 10
ROW 318 2 14 32 318 10
ROW 318 3 6 8 318 35
ROW 318 4 0 4 318 64
ROW 318 5 127 255 318 1
ROW 318 6 21 24 318 12
ROW 318 7 9 24 318 13
ROW 319 0 13 16 319 18
ROW 319 1 2 32 319 10
ROW 319 2 15 32 319 10
ROW 319 3 7 8 319 35
ROW 319 4 1 4 319 64
ROW 319 5 128 255 319 1
ROW 319 6 22 24 319 12
ROW 319 7 10 24 319 13
ROW 320 0 14 16 320 18
ROW 320 1 3 32 320 10
ROW 320 2 16 32 320 10
ROW 320 3 8 8 320 36
ROW 320 4 2 4 320 64
ROW 320 5 129 255 320 1
ROW 320 6 23 24 320 12
ROW 320 7 11 24 320 13
ROW 321 0 15 16 321 18
ROW 321 1 4 32 321 10
ROW 321 2 17 32 321 10
ROW 321 3 0 8 321 36
ROW 321 4 3 4 321 64
ROW 321 5 130 255 321 1
ROW 321 6 24 24 321 13
ROW 321 7 12 24 321 13
ROW 322 0 16 16 322 19
ROW 322 1 5 32 322 10
ROW 322 2 18 32 322 10
ROW 322 3 1 8 322 36
ROW 322 4 4 4 322 65
ROW 322 5 131 255 322 1
ROW 322 6 0 24 322 13
ROW 322 7 13 24 322 13
ROW 323 0 0 16 323 19
ROW 323 1 6 32 323 10
ROW 323 2 19 32 323 10
ROW 323 3 2 8 323 36
ROW 323 4 0 4 323 65
ROW 323 5 132 255 323 1
ROW 323 6 1 24 323 13
ROW 323 7 14 24 323 13
ROW 324 0 1 16 324 19
ROW 324 1 7 32 324 10
ROW 324 2 20 32 324 10
ROW 324 3 3 8 324 36
ROW 324 4 1 4 324 65
ROW 324 5 133 255 324 1
ROW 324 6 2 24 324 13
ROW 324 7 15 24 324 13
ROW 325 0 2 16 325 19
ROW 325 1 8 32 325 10
ROW 325 2 21 32 325 10
ROW 325 3 4 8 325 36
ROW 325 4 2 4 325 65
ROW 325 5 134 255 325 1
ROW 325 6 3 24 325 13
ROW 325 7 16 24 325 13
ROW 326 0 3 16 326 19
ROW 326 1 9 32 326 10
ROW 326 2 22 32 326 10
ROW 326 3 5 8 326 36
ROW 326 4 3 4 326 65
ROW 326 5 135 255 326 1
ROW 326 6 4 24 326 13
ROW 326 7 17 24 326 13
ROW 327 0 4 16 327 19
ROW 327 1 10 32 327 10
ROW 327 2 23 32 327 10
ROW 327 3 6 8 327 36
ROW 327 4 4 4 327 66
ROW 327 5 136 255 327 1
ROW 327 6 5 24 327 13
ROW 327 7 18 24 327 13
ROW 328 0 5 16 328 19
ROW 328 1 11 32 328 10
ROW 328 2 24 32 328 10
ROW 328 3 7 8 328 36
ROW 328 4 0 4 328 66
ROW 328 5 137 255 328 1
ROW 328 6 6 24 328 13
ROW 328 7 19 24 328 13
ROW 329 0 6 16 329 19
ROW 329 1 12 32 329 10
ROW 329 2 25 32 329 10
ROW 329 3 8 8 329 37
ROW 329 4 1 4 329 66
ROW 329 5 138 255 329 1
ROW 329 6 7 24 329 13
ROW 329 7 20 24 329 13
ROW 330 0 7 16 330 19
ROW 330 1 13 32 330 10
ROW 330 2 26 32 330 10
ROW 330 3 0 8 330 37
ROW 330 4 2 4 330 66
ROW 330 5 139 255 330 1
ROW 330 6 8 24 330 13
ROW 330 7 21 24 330 13
ROW 331 0 8 16 331 19
ROW 331 1 14 32 331 10
ROW 331 2 27 32 331 10
ROW 331 3 1 8 331 37
ROW 331 4 3 4 331 66
ROW 331 5 140 255 331 1
ROW 331 6 9 24 331 13
ROW 331 7 22 24 331 13
ROW 332 0 9 16 332 19
ROW 332 1 15 32 332 10
ROW 332 2 28 32 332 10
ROW 332 3 2 8 332 37
ROW 332 4 4 4 332 67
ROW 332 5 141 255 332 1
ROW 332 6 10 24 332 13
ROW 332 7 23 24 332 13
ROW 333 0 10 16 333 19
ROW 333 1 16 32 333 10
ROW 333 2 29 32 333 10
ROW 333 3 3 8 333 37
ROW 333 4 0 4 333 67
ROW 333 5 142 255 333 1
ROW 333 6 11 24 333 13
ROW 333 7 24 24 333 14
ROW 334 0 11 16 334 19
ROW 334 1 17 32 334 10
ROW 334 2 30 32 334 10
ROW 334 3 4 8 334 37
ROW 334 4 1 4 334 67
ROW 334 5 143 255 334 1
ROW 334 6 12 24 334 13
ROW 334 7 0 24 334 14
ROW 335 0 12 16 335 19
ROW 335 1 18 32 335 10
ROW 335 2 31 32 335 10
ROW 335 3 5 8 335 37
ROW 335 4 2 4 335 67
ROW 335 5 144 255 335 1
ROW 335 6 13 24 335 13
ROW 335 7 1 24 335 14
ROW 336 0 13 16 336 19
ROW 336 1 19 32 336 10
ROW 336 2 32 32 336 11
ROW 336 3 6 8 336 37
ROW 336 4 3 4 336 67
ROW 336 5 145 255 336 1
ROW 336 6 14 24 336 13
ROW 336 7 2 24 336 14
ROW 337 0 14 16 337 19
ROW 337 1 20 32 337 10
ROW 337 2 0 32 337 11
ROW 337 3 7 8 337 37
ROW 337 4 4 4 337 68
ROW 337 5 146 255 337 1
ROW 337 6 15 24 337 13
ROW 337 7 3 24 337 14
ROW 338 0 15 16 338 19
ROW 338 1 21 32 338 10
ROW 338 2 1 32 338 11
ROW 338 3 8 8 338 38
ROW 338 4 0 4 338 68
ROW 338 5 147 255 338 1
ROW 338 6 16 24 338 13
ROW 338 7 4 24 338 14
ROW 339 0 16 16 339 20
ROW 339 1 22 32 339 10
ROW 339 2 2 32 339 11
ROW 339 3 0 8 339 38
ROW 339 4 1 4 339 68
ROW 339 5 148 255 339 1
ROW 339 6 17 24 339 13
ROW 339 7 5 24 339 14
ROW 340 0 0 16 340 20
ROW 340 1 23 32 340 10
ROW 340 2 3 32 340 11
ROW 340 3 1 8 340 38
ROW 340 4 2 4 340 68
ROW 340 5 149 255 340 1
ROW 340 6 18 24 340 13
ROW 340 7 6 24 340 14
ROW 341 0 1 16 341 20
ROW 341 1 24 32 341 10
ROW 341 2 4 32 341 11
ROW 341 3 2 8 341 38
ROW 341 4 3 4 341 68
ROW 341 5 150 255 341 1
ROW 341 6 19 24 341 13
ROW 341 7 7 24 341 14
ROW 342 0 2 16 342 20
ROW 342 1 25 32 342 10
ROW 342 2 5 32 342 11
ROW 342 3 3 8 342 38
ROW 342 4 4 4 342 69
ROW 342 5 151 255 342 1
ROW 342 6 20 24 342 13
ROW 342 7 8 24 342 14
ROW 343 0 3 16 343 20
ROW 343 1 26 32 343 10
ROW 343 2 6 32 343 11
ROW 343 3 4 8 343 38
ROW 343 4 0 4 343 69
ROW 343 5 152 255 343 1
ROW 343 6 21 24 343 13
ROW 343 7 9 24 343 14
ROW 344 0 4 16 344 20
ROW 344 1 27 32 344 10
ROW 344 2 7 32 344 11
ROW 344 3 5 8 344 38
ROW 344 4 1 4 344 69
ROW 344 5 153 255 344 1
ROW 344 6 22 24 344 13
ROW 344 7 10 24 344 14
ROW 345 0 5 16 345 20
ROW 345 1 28 32 345 10
ROW 345 2 8 32 345 11
ROW 345 3 6 8 345 38
ROW 345 4 2 4 345 69
ROW 345 5 154 255 345 1
ROW 345 6 23 24 345 13
ROW 345 7 11 24 345 14
ROW 346 0 6 16 346 20
ROW 346 1 29 32 346 10
ROW 346 2 9 32 346 11
ROW 346 3 7 8 346 38
ROW 346 4 3 4 346 69
ROW 346 5 155 255 346 1
ROW 346 6 24 24 346 14
ROW 346 7 12 24 346 14
ROW 347 0 7 16 347 20
ROW 347 1 30 32 347 10
ROW 347 2 10 32 347 11
ROW 347 3 8 8 347 39
ROW 347 4 4 4 347 70
ROW 347 5 156 255 347 1
ROW 347 6 0 24 347 14
ROW 347 7 13 24 347 14
ROW 348 0 8 16 348 20
ROW 348 1 31 32 348 10
ROW 348 2 11 32 348 11
ROW 348 3 0 8 348 39
ROW 348 4 0 4 348 70
ROW 348 5 157 255 348 1
ROW 348 6 1 24 348 14
ROW 348 7 14 24 348 14
ROW 349 0 9 16 349 20
ROW 349 1 32 32 349 11
ROW 349 2 12 32 349 11
ROW 349 3 1 8 349 39
ROW 349 4 1 4 349 70
ROW 349 5 158 255 349 1
ROW 349 6 2 24 349 14
ROW 349 7 15 24 349 14
ROW 350 0 10 16 350 20
ROW 350 1 0 32 350 11
ROW 350 2 13 32 350 11
ROW 350 3 2 8 350 39
ROW 350 4 2 4 350 70
ROW 350 5 159 255 350 1
ROW 350 6 3 24 350 14
ROW 350 7 16 24 350 14
ROW 351 0 11 16 351 20
ROW 351 1 1 32 351 11
ROW 351 2 14 32 351 11
ROW 351 3 3 8 351 39
ROW 351 4 3 4 351 70
ROW 351 5 160 255 351 1
ROW 351 6 4 24 351 14
ROW 351 7 17 24 351 14
ROW 352 0 12 16 352 20
ROW 352 1 2 32 352 11
ROW 352 2 15 32 352 11
ROW 352 3 4 8 352 39
ROW 352 4 4 4 352 71
ROW 352 5 161 255 352 1
ROW 352 6 5 24 352 14
ROW 352 7 18 24 352 14
ROW 353 0 13 16 353 20
ROW 353 1 3 32 353 11
ROW 353 2 16 32 353 11
ROW 353 3 5 8 353 39
ROW 353 4 0 4 353 71
ROW 353 5 162 255 353 1
ROW 353 6 6 24 353 14
ROW 353 7 19 24 353 14
ROW 354 0 14 16 354 20
ROW 354 1 4 32 354 11
ROW 354 2 17 32 354 11
ROW 354 3 6 8 354 39
ROW 354 4 1 4 354 71
ROW 354 5 163 255 354 1
ROW 354 6 7 24 354 14
ROW 354 7 20 24 354 14
ROW 355 0 15 16 355 20
ROW 355 1 5 32 355 11
ROW 355 2 18 32 355 11
ROW 355 3 7 8 355 39
ROW 355 4 2 4 355 71
ROW 355 5 164 255 355 1
ROW 355 6 8 24 355 14
ROW 355 7 21 24 355 14
ROW 356 0 16 16 356 21
ROW 356 1 6 32 356 11
ROW 356 2 19 32 356 11
ROW 356 3 8 8 356 40
ROW 356 4 3 4 356 71
ROW 356 5 165 255 356 1
ROW 356 6 9 24 356 14
ROW 356 7 22 24 356 14
ROW 357 0 0 16 357 21
ROW 357 1 7 32 357 11
ROW 357 2 20 32 357 11
ROW 357 3 0 8 357 40
ROW 357 4 4 4 357 72
ROW 357 5 166 255 357 1
ROW 357 6 10 24 357 14
ROW 357 7 23 24 357 14
ROW 358 0 1 16 358 21
ROW 358 1 8 32 358 11
ROW 358 2 21 32 358 11
ROW 358 3 1 8 358 40
ROW 358 4 0 4 358 72
ROW 358 5 167 255 358 1
ROW 358 6 11 24 358 14
ROW 358 7 24 24 358 15
ROW 359 0 2 16 359 21
ROW 359 1 9 32 359 11
ROW 359 2 22 32 359 11
ROW 359 3 2 8 359 40
ROW 359 4 1 4 359 72
ROW 359 5 168 255 359 1
ROW 359 6 12 24 359 14
ROW 359 7 0 24 359 15
ROW 360 0 3 16 360 21
ROW 360 1 10 32 360 11
ROW 360 2 23 32 360 11
ROW 360 3 3 8 360 40
ROW 360 4 2 4 360 72
ROW 360 5 169 255 360 1
ROW 360 6 13 24 360 14
ROW 360 7 1 24 360 15
ROW 361 0 4 16 361 21
ROW 361 1 11 32 361 11
ROW 361 2 24 32 361 11
ROW 361 3 4 8 361 40
ROW 361 4 3 4 361 72
ROW 361 5 170 255 361 1
ROW 361 6 14 24 361 14
ROW 361 7 2 24 361 15
ROW 362 0 5 16 362 21
ROW 362 1 12 32 362 11
ROW 362 2 25 32 362 11
ROW 362 3 5 8 362 40
ROW 362 4 4 4 362 73
ROW 362 5 171 255 362 1
ROW 362 6 15 24 362 14
ROW 362 7 3 24 362 15
ROW 363 0 6 16 363 21
ROW 363 1 13 32 363 11
ROW 363 2 26 32 363 11
ROW 363 3 6 8 363 40
ROW 363 4 0 4 363 73
ROW 363 5 172 255 363 1
ROW 363 6 16 24 363 14
ROW 363 7 4 24 363 15
ROW 364 0 7 16 364 21
ROW 364 1 14 32 364 11
ROW 364 2 27 32 364 11
ROW 364 3 7 8 364 40
ROW 364 4 1 4 364 73
ROW 364 5 173 255 364 1
ROW 364 6 17 24 364 14
ROW 364 7 5 24 364 15
ROW 365 0 8 16 365 21
ROW 365 1 15 32 365 11
ROW 365 2 28 32 365 11
ROW 365 3 8 8 365 41
ROW 365 4 2 4 365 73
ROW 365 5 174 255 365 1
ROW 365 6 18 24 365 14
ROW 365 7 6 24 365 15
ROW 366 0 9 16 366 21
ROW 366 1 16 32 366 11
ROW 366 2 29 32 366 11
ROW 366 3 0 8 366 41
ROW 366 4 3 4 366 73
ROW 366 5 175 255 366 1
ROW 366 6 19 24 366 14
ROW 366 7 7 24 366 15
ROW 367 0 10 16 367 21
ROW 367 1 17 32 367 11
ROW 367 2 30 32 367 11
ROW 367 3 1 8 367 41
ROW 367 4 4 4 367 74
ROW 367 5 176 255 367 1
ROW 367 6 20 24 367 14
ROW 367 7 8 24 367 15
ROW 368 0 11 16 368 21
ROW 368 1 18 32 368 11
ROW 368 2 31 32 368 11
ROW 368 3 2 8 368 41
ROW 368 4 0 4 368 74
ROW 368 5 177 255 368 1
ROW 368 6 21 24 368 14
ROW 368 7 9 24 368 15
ROW 369 0 12 16 369 21
ROW 369 1 19 32 369 11
ROW 369 2 32 32 369 12
ROW 369 3 3 8 369 41
ROW 369 4 1 4 369 74
ROW 369 5 178 255 369 1
ROW 369 6 22 24 369 14
ROW 369 7 10 24 369 15
ROW 370 0 13 16 370 21
ROW 370 1 20 32 370 11
ROW 370 2 0 32 370 12
ROW 370 3 4 8 370 41
ROW 370 4 2 4 370 74
ROW 370 5 179 255 370 1
ROW 370 6 23 24 370 14
ROW 370 7 11 24 370 15
ROW 371 0 14 16 371 21
ROW 371 1 21 32 371 11
ROW 371 2 1 32 371 12
ROW 371 3 5 8 371 41
ROW 371 4 3 4 371 74
ROW 371 5 180 255 371 1
ROW 371 6 24 24 371 15
ROW 371 7 12 24 371 15
ROW 372 0 15 16 372 21
ROW 372 1 22 32 372 11
ROW 372 2 2 32 372 12
ROW 372 3 6 8 372 41
ROW 372 4 4 4 372 75
ROW 372 5 181 255 372 1
ROW 372 6 0 24 372 15
ROW 372 7 13 24 372 15
ROW 373 0 16 16 373 22
ROW 373 1 23 32 373 11
ROW 373 2 3 32 373 12
ROW 373 3 7 8 373 41
ROW 373 4 0 4 373 75
ROW 373 5 182 255 373 1
ROW 373 6 1 24 373 15
ROW 373 7 14 24 373 15
ROW 374 0 0 16 374 22
ROW 374 1 24 32 374 11
ROW 374 2 4 32 374 12
ROW 374 3 8 8 374 42
ROW 374 4 1 4 374 75
ROW 374 5 183 255 374 1
ROW 374 6 2 24 374 15
ROW 374 7 15 24 374 15
ROW 375 0 1 16 375 22
ROW 375 1 25 32 375 11
ROW 375 2 5 32 375 12
ROW 375 3 0 8 375 42
ROW 375 4 2 4 375 75
ROW 375 5 184 255 375 1
ROW 375 6 3 24 375 15
ROW 375 7 16 24 375 15
ROW 376 0 2 16 376 22
ROW 376 1 26 32 376 11
ROW 376 2 6 32 376 12
ROW 376 3 1 8 376 42
ROW 376 4 3 4 376 75
ROW 376 5 185 255 376 1
ROW 376 6 4 24 376 15
ROW 376 7 17 24 376 15
ROW 377 0 3 16 377 22
ROW 377 1 27 32 377 11
ROW 377 2 7 32 377 12
ROW 377 3 2 8 377 42
ROW 377 4 4 4 377 76
ROW 377 5 186 255 377 1
ROW 377 6 5 24 377 15
ROW 377 7 18 24 377 15
ROW 378 0 4 16 378 22
ROW 378 1 28 32 378 11
ROW 378 2 8 32 378 12
ROW 378 3 3 8 378 42
ROW 378 4 0 4 378 76
ROW 378 5 187 255 378 1
ROW 378 6 6 24 378 15
ROW 378 7 19 24 378 15
ROW 379 0 5 16 379 22
ROW 379 1 29 32 379 11
ROW 379 2 9 32 379 12
ROW 379 3 4 8 379 42
ROW 379 4 1 4 379 76
ROW 379 5 188 255 379 1
ROW 379 6 7 24 379 15
ROW 379 7 20 24 379 15
ROW 380 0 6 16 380 22
ROW 380 1 30 32 380 11
ROW 380 2 10 32 380 12
ROW 380 3 5 8 380 42
ROW 380 4 2 4 380 76
ROW 380 5 189 255 380 1
ROW 380 6 8 24 380 15
ROW 380 7 21 24 380 15
ROW 381 0 7 16 381 22
ROW 381 1 31 32 381 11
ROW 381 2 11 32 381 12
ROW 381 3 6 8 381 42
ROW 381 4 3 4 381 76
ROW 381 5 190 255 381 1
ROW 381 6 9 24 381 15
ROW 381 7 22 24 381 15
ROW 382 0 8 16 382 22
ROW 382 1 32 32 382 12
ROW 382 2 12 32 382 12
ROW 382 3 7 8 382 42
ROW 382 4 4 4 382 77
ROW 382 5 191 255 382 1
ROW 382 6 10 24 382 15
ROW 382 7 23 24 382 15
ROW 383 0 9 16 383 22
ROW 383 1 0 32 383 12
ROW 383 2 13 32 383 12
ROW 383 3 8 8 383 43
ROW 383 4 0 4 383 77
ROW 383 5 192 255 383 1
ROW 383 6 11 24 383 15
ROW 383 7 24 24 383 16
ROW 384 0 10 16 384 22
ROW 384 1 1 32 384 12
ROW 384 2 14 32 384 12
ROW 384 3 0 8 384 43
ROW 384 4 1 4 384 77
ROW 384 5 193 255 384 1
ROW 384 6 12 24 384 15
ROW 384 7 0 24 384 16
ROW 385 0 11 16 385 22
ROW 385 1 2 32 385 12
ROW 385 2 15 32 385 12
ROW 385 3 1 8 385 43
ROW 385 4 2 4 385 77
ROW 385 5 194 255 385 1
ROW 385 6 13 24 385 15
ROW 385 7 1 24 385 16
ROW 386 0 12 16 386 22
ROW 386 1 3 32 386 12
ROW 386 2 16 32 386 12
ROW 386 3 2 8 386 43
ROW 386 4 3 4 386 77
ROW 386 5 195 255 386 1
ROW 386 6 14 24 386 15
ROW 386 7 2 24 386 16
ROW 387 0 13 16 387 22
ROW 387 1 4 32 387 12
ROW 387 2 17 32 387 12
ROW 387 3 3 8 387 43
ROW 387 4 4 4 387 78
ROW 387 5 196 255 387 1
ROW 387 6 15 24 387 15
ROW 387 7 3 24 387 16
ROW 388 0 14 16 388 22
ROW 388 1 5 32 388 12
ROW 388 2 18 32 388 12
ROW 388 3 4 8 388 43
ROW 388 4 0 4 388 78
ROW 388 5 197 255 388 1
ROW 388 6 16 24 388 15
ROW 388 7 4 24 388 16
ROW 389 0 15 16 389 22
ROW 389 1 6 32 389 12
ROW 389 2 19 32 389 12
ROW 389 3 5 8 389 43
ROW 389 4 1 4 389 78
ROW 389 5 198 255 389 1
ROW 389 6 17 24 389 15
ROW 389 7 5 24 389 16
ROW 390 0 16 16 390 23
ROW 390 1 7 32 390 12
ROW 390 2 20 32 390 12
ROW 390 3 6 8 390 43
ROW 390 4 2 4 390 78
ROW 390 5 199 255 390 1
ROW 390 6 18 24 390 15
ROW 390 7 6 24 390 16
ROW 391 0 0 16 391 23
ROW 391 1 8 32 391 12
ROW 391 2 21 32 391 12
ROW 391 3 7 8 391 43
ROW 391 4 3 4 391 78
ROW 391 5 200 255 391 1
ROW 391 6 19 24 391 15
ROW 391 7 7 24 391 16
ROW 392 0 1 16 392 23
ROW 392 1 9 32 392 12
ROW 392 2 22 32 392 12
ROW 392 3 8 8 392 44
ROW 392 4 4 4 392 79
ROW 392 5 201 255 392 1
ROW 392 6 20 24 392 15
ROW 392 7 8 24 392 16
ROW 393 0 2 16 393 23
ROW 393 1 10 32 393 12
ROW 393 2 23 32 393 12
ROW 393 3 0 8 393 44
ROW 393 4 0 4 393 79
ROW 393 5 202 255 393 1
ROW 393 6 21 24 393 15
ROW 393 7 9 24 393 16
ROW 394 0 3 16 394 23
ROW 394 1 11 32 394 12
ROW 394 2 24 32 394 12
ROW 394 3 1 8 394 44
ROW 394 4 1 4 394 79
ROW 394 5 203 255 394 1
ROW 394 6 22 24 394 15
ROW 394 7 10 24 394 16
ROW 395 0 4 16 395 23
ROW 395 1 12 32 395 12
ROW 395 2 25 32 395 12
ROW 395 3 2 8 395 44
ROW 395 4 2 4 395 79
ROW 395 5 204 255 395 1
ROW 395 6 23 24 395 15
ROW 395 7 11 24 395 16
ROW 396 0 5 16 396 23
ROW 396 1 13 32 396 12
ROW 396 2 26 32 396 12
ROW 396 3 3 8 396 44
ROW 396 4 3 4 396 79
ROW 396 5 205 255 396 1
ROW 396 6 24 24 396 16
ROW 396 7 12 24 396 16
ROW 397 0 6 16 397 23
ROW 397 1 14 32 397 12
ROW 397 2 27 32 397 12
ROW 397 3 4 8 397 44
ROW 397 4 4 4 397 80
ROW 397 5 206 255 397 1
ROW 397 6 0 24 397 16
ROW 397 7 13 24 397 16
ROW 398 0 7 16 398 23
ROW 398 1 15 32 398 12
ROW 398 2 28 32 398 12
ROW 398 3 5 8 398 44
ROW 398 4 0 4 398 80
ROW 398 5 207 255 398 1
ROW 398 6 1 24 398 16
ROW 398 7 14 24 398 16
ROW 399 0 8 16 399 23
ROW 399 1 16 32 399 12
ROW 399 2 29 32 399 12
ROW 399 3 6 8 399 44
ROW 399 4 1 4 399 80
ROW 399 5 208 255 399 1
ROW 399 6 2 24 399 16
ROW 399 7 15 24 399 16
ROW 400 0 9 16 400 23
ROW 400 1 17 32 400 12
ROW 400 2 30 32 400 12
ROW 400 3 7 8 400 44
ROW 400 4 2 4 400 80
ROW 400 5 209 255 400 1
ROW 400 6 3 24 400 16
ROW 400 7 16 24 400 16
ROW 401 0 10 16 401 23
ROW 401 1 18 32 401 12
ROW 401 2 31 32 401 12
ROW 401 3 8 8 401 45
ROW 401 4 3 4 401 80
ROW 401 5 210 255 401 1
ROW 401 6 4 24 401 16
ROW 401 7 17 24 401 16
ROW 402 0 11 16 402 23
ROW 402 1 19 32 402 12
ROW 402 2 32 32 402 13
ROW 402 3 0 8 402 45
ROW 402 4 4 4 402 81
ROW 402 5 211 255 402 1
ROW 402 6 5 24 402 16
ROW 402 7 18 24 402 16
ROW 403 0 12 16 403 23
ROW 403 1 20 32 403 12
ROW 403 2 0 32 403 13
ROW 403 3 1 8 403 45
ROW 403 4 0 4 403 81
ROW 403 5 212 255 403 1
ROW 403 6 6 24 403 16
ROW 403 7 19 24 403 16
ROW 404 0 13 16 404 23
ROW 404 1 21 32 404 12
ROW 404 2 1 32 404 13
ROW 404 3 2 8 404 45
ROW 404 4 1 4 404 81
ROW 404 5 213 255 404 1
ROW 404 6 7 24 404 16
ROW 404 7 20 24 404 16
ROW 405 0 14 16 405 23
ROW 405 1 22 32 405 12
ROW 405 2 2 32 405 13
ROW 405 3 3 8 405 45
ROW 405 4 2 4 405 81
ROW 405 5 214 255 405 1
ROW 405 6 8 24 405 16
ROW 405 7 21 24 405 16
ROW 406 0 15 16 406 23
ROW 406 1 23 32 406 12
ROW 406 2 3 32 406 13
ROW 406 3 4 8 406 45
ROW 406 4 3 4 406 81
ROW 406 5 215 255 406 1
ROW 406 6 9 24 406 16
ROW 406 7 22 24 406 16
ROW 407 0 16 16 407 24
ROW 407 1 24 32 407 12
ROW 407 2 4 32 407 13
ROW 407 3 5 8 407 45
ROW 407 4 4 4 407 82
ROW 407 5 216 255 407 1
ROW 407 6 10 24 407 16
ROW 407 7 23 24 407 16
ROW 408 0 0 16 408 24
ROW 408 1 25 32 408 12
ROW 408 2 5 32 408 13
ROW 408 3 6 8 408 45
ROW 408 4 0 4 408 82
ROW 408 5 217 255 408 1
ROW 408 6 11 24 408 16
ROW 408 7 24 24 408 17
ROW 409 0 1 16 409 24
ROW 409 1 26 32 409 12
ROW 409 2 6 32 409 13
ROW 409 3 7 8 409 45
ROW 409 4 1 4 409 82
ROW 409 5 218 255 409 1
ROW 409 6 12 24 409 16
ROW 409 7 0 24 409 17
ROW 410 0 2 16 410 24
ROW 410 1 27 32 410 12
ROW 410 2 7 32 410 13
ROW 410 3 8 8 410 46
ROW 410 4 2 4 410 82
ROW 410 5 219 255 410 1
ROW 410 6 13 24 410 16
ROW 410 7 1 24 410 17
ROW 411 0 3 16 411 24
ROW 411 1 28 32 411 12
ROW 411 2 8 32 411 13
ROW 411 3 0 8 411 46
ROW 411 4 3 4 411 82
ROW 411 5 220 255 411 1
ROW 411 6 14 24 411 16
ROW 411 7 2 24 411 17
ROW 412 0 4 16 412 24
ROW 412 1 29 32 412 12
ROW 412 2 9 32 412 13
ROW 412 3 1 8 412 46
ROW 412 4 4 4 412 83
ROW 412 5 221 255 412 1
ROW 412 6 15 24 412 16
ROW 412 7 3 24 412 17
ROW 413 0 5 16 413 24
ROW 413 1 30 32 413 12
ROW 413 2 10 32 413 13
ROW 413 3 2 8 413 46
ROW 413 4 0 4 413 83
ROW 413 5 222 255 413 1
ROW 413 6 16 24 413 16
ROW 413 7 4 24 413 17
ROW 414 0 6 16 414 24
ROW 414 1 31 32 414 12
ROW 414 2 11 32 414 13
ROW 414 3 3 8 414 46
ROW 414 4 1 4 414 83
ROW 414 5 223 255 414 1
ROW 414 6 17 24 414 16
ROW 414 7 5 24 414 17
ROW 415 0 7 16 415 24
ROW 415 1 32 32 415 13
ROW 415 2 12 32 415 13
ROW 415 3 4 8 415 46
ROW 415 4 2 4 415 83
ROW 415 5 224 255 415 1
ROW 415 6 18 24 415 16
ROW 415 7 6 24 415 17
ROW 416 0 8 16 416 24
ROW 416 1 0 32 416 13
ROW 416 2 13 32 416 13
ROW 416 3 5 8 416 46
ROW 416 4 3 4 416 83
ROW 416 5 225 255 416 1
ROW 416 6 19 24 416 16
ROW 416 7 7 24 416 17
ROW 417 0 9 16 417 24
ROW 417 1 1 32 417 13
ROW 417 2 14 32 417 13
ROW 417 3 6 8 417 46
ROW 417 4 4 4 417 84
ROW 417 5 226 255 417 1
ROW 417 6 20 24 417 16
ROW 417 7 8 24 417 17
ROW 418 0 10 16 418 24
ROW 418 1 2 32 418 13
ROW 418 2 15 32 418 13
ROW 418 3 7 8 418 46
ROW 418 4 0 4 418 84
ROW 418 5 227 255 418 1
ROW 418 6 21 24 418 16
ROW 418 7 9 24 418 17
ROW 419 0 11 16 419 24
ROW 419 1 3 32 419 13
ROW 419 2 16 32 419 13
ROW 419 3 8 8 419 47
ROW 419 4 1 4 419 84
ROW 419 5 228 255 419 1
ROW 419 6 22 24 419 16
ROW 419 7 10 24 419 17
ROW 420 0 12 16 420 24
ROW 420 1 4 32 420 13
ROW 420 2 17 32 420 13
ROW 420 3 0 8 420 47
ROW 420 4 2 4 420 84
ROW 420 5 229 255 420 1
ROW 420 6 23 24 420 16
ROW 420 7 11 24 420 17
ROW 421 0 13 16 421 24
ROW 421 1 5 32 421 13
ROW 421 2 18 32 421 13
ROW 421 3 1 8 421 47
ROW 421 4 3 4 421 84
ROW 421 5 230 255 421 1
ROW 421 6 24 24 421 17
ROW 421 7 12 24 421 17
ROW 422 0 14 16 422 24
ROW 422 1 6 32 422 13
ROW 422 2 19 32 422 13
ROW 422 3 2 8 422 47
ROW 422 4 4 4 422 85
ROW 422 5 231 255 422 1
ROW 422 6 0 24 422 17
ROW 422 7 13 24 422 17
ROW 423 0 15 16 423 24
ROW 423 1 7 32 423 13
ROW 423 2 20 32 423 13
ROW 423 3 3 8 423 47
ROW 423 4 0 4 423 85
ROW 423 5 232 255 423 1
ROW 423 6 1 24 423 17
ROW 423 7 14 24 423 17
ROW 424 0 16 16 424 25
ROW 424 1 8 32 424 13
ROW 424 2 21 32 424 13
ROW 424 3 4 8 424 47
ROW 424 4 1 4 424 85
ROW 424 5 233 255 424 1
ROW 424 6 2 24 424 17
ROW 424 7 15 24 424 17
ROW 425 0 0 16 425 25
ROW 425 1 9 32 425 13
ROW 425 2 22 32 425 13
ROW 425 3 5 8 425 47
ROW 425 4 2 4 425 85
ROW 425 5 234 255 425 1
ROW 425 6 3 24 425 17
ROW 425 7 16 24 425 17
ROW 426 0 1 16 426 25
ROW 426 1 10 32 426 13
ROW 426 2 23 32 426 13
ROW 426 3 6 8 426 47
ROW 426 4 3 4 426 85
ROW 426 5 235 255 426 1
ROW 426 6 4 24 426 17
ROW 426 7 17 24 426 17
ROW 427 0 2 16 427 25
ROW 427 1 11 32 427 13
ROW 427 2 24 32 427 13
ROW 427 3 7 8 427 47
ROW 427 4 4 4 427 86
ROW 427 5 236 255 427 1
ROW 427 6 5 24 427 17
ROW 427 7 18 24 427 17
ROW 428 0 3 16 428 25
ROW 428 1 12 32 428 13
ROW 428 2 25 32 428 13
ROW 428 3 8 8 428 48
ROW 428 4 0 4 428 86
ROW 428 5 237 255 428 1
ROW 428 6 6 24 428 17
ROW 428 7 19 24 428 17
ROW 429 0 4 16 429 25
ROW 429 1 13 32 429 13
ROW 429 2 26 32 429 13
ROW 429 3 0 8 429 48
ROW 429 4 1 4 429 86
ROW 429 5 238 255 429 1
ROW 429 6 7 24 429 17
ROW 429 7 20 24 429 17
ROW 430 0 5 16 430 25
ROW 430 1 14 32 430 13
ROW 430 2 27 32 430 13
ROW 430 3 1 8 430 48
ROW 430 4 2 4 430 86
ROW 430 5 239 255 430 1
ROW 430 6 8 24 430 17
ROW 430 7 21 24 430 17
ROW 431 0 6 16 431 25
ROW 431 1 15 32 431 13
ROW 431 2 28 32 431 13
ROW 431 3 2 8 431 48
ROW 431 4 3 4 431 86
ROW 431 5 240 255 431 1
ROW 431 6 9 24 431 17
ROW 431 7 22 24 431 17
ROW 432 0 7 16 432 25
ROW 432 1 16 32 432 13
ROW 432 2 29 32 432 13
ROW 432 3 3 8 432 48
ROW 432 4 4 4 432 87
ROW 432 5 241 255 432 1
ROW 432 6 10 24 432 17
ROW 432 7 23 24 432 17
ROW 433 0 8 16 433 25
ROW 433 1 17 32 433 13
ROW 433 2 30 32 433 13
ROW 433 3 4 8 433 48
ROW 433 4 0 4 433 87
ROW 433 5 242 255 433 1
ROW 433 6 11 24 433 17
ROW 433 7 24 24 433 18
ROW 434 0 9 16 434 25
ROW 434 1 18 32 434 13
ROW 434 2 31 32 434 13
ROW 434 3 5 8 434 48
ROW 434 4 1 4 434 87
ROW 434 5 243 255 434 1
ROW 434 6 12 24 434 17
ROW 434 7 0 24 434 18
ROW 435 0 10 16 435 25
ROW 435 1 19 32 435 13
ROW 435 2 32 32 435 14
ROW 435 3 6 8 435 48
ROW 435 4 2 4 435 87
ROW 435 5 244 255 435 1
ROW 435 6 13 24 435 17
ROW 435 7 1 24 435 18
ROW 436 0 11 16 436 25
ROW 436 1 20 32 436 13
ROW 436 2 0 32 436 14
ROW 436 3 7 8 436 48
ROW 436 4 3 4 436 87
ROW 436 5 245 255 436 1
ROW 436 6 14 24 436 17
ROW 436 7 2 24 436 18
ROW 437 0 12 16 437 25
ROW 437 1 21 32 437 13
ROW 437 2 1 32 437 14
ROW 437 3 8 8 437 49
ROW 437 4 4 4 437 88
ROW 437 5 246 255 437 1
ROW 437 6 15 24 437 17
ROW 437 7 3 24 437 18
ROW 438 0 13 16 438 25
ROW 438 1 22 32 438 13
ROW 438 2 2 32 438 14
ROW 438 3 0 8 438 49
ROW 438 4 0 4 438 88
ROW 438 5 247 255 438 1
ROW 438 6 16 24 438 17
ROW 438 7 4 24 438 18
ROW 439 0 14 16 439 25
ROW 439 1 23 32 439 13
ROW 439 2 3 32 439 14
ROW 439 3 1 8 439 49
ROW 439 4 1 4 439 88
ROW 439 5 248 255 439 1
ROW 439 6 17 24 439 17
ROW 439 7 5 24 439 18
ROW 440 0 15 16 440 25
ROW 440 1 24 32 440 13
ROW 440 2 4 32 440 14
ROW 440 3 2 8 440 49
ROW 440 4 2 4 440 88
ROW 440 5 249 255 440 1
ROW 440 6 18 24 440 17
ROW 440 7 6 24 440 18
ROW 441 0 16 16 441 26
ROW 441 1 25 32 441 13
ROW 441 2 5 32 441 14
ROW 441 3 3 8 441 49
ROW 441 4 3 4 441 88
ROW 441 5 250 255 441 1
ROW 441 6 19 24 441 17
ROW 441 7 7 24 441 18
ROW 442 0 0 16 442 26
ROW 442 1 26 32 442 13
ROW 442 2 6 32 442 14
ROW 442 3 4 8 442 49
ROW 442 4 4 4 442 89
ROW 442 5 251 255 442 1
ROW 442 6 20 24 442 17
ROW 442 7 8 24 442 18
ROW 443 0 1 16 443 26
ROW 443 1 27 32 443 13
ROW 443 2 7 32 443 14
ROW 443 3 5 8 443 49
ROW 443 4 0 4 443 89
ROW 443 5 252 255 443 1
ROW 443 6 21 24 443 17
ROW 443 7 9 24 443 18
ROW 444 0 2 16 444 26
ROW 444 1 28 32 444 13
ROW 444 2 8 32 444 14
ROW 444 3 6 8 444 49
ROW 444 4 1 4 444 89
ROW 444 5 253 255 444 1
ROW 444 6 22 24 444 17
ROW 444 7 10 24 444 18
ROW 445 0 3 16 445 26
ROW 445 1 29 32 445 13
ROW 445 2 9 32 445 14
ROW 445 3 7 8 445 49
ROW 445 4 2 4 445 89
ROW 445 5 254 255 445 1
ROW 445 6 23 24 445 17
ROW 445 7 11 24 445 18
ROW 446 0 4 16 446 26
ROW 446 1 30 32 446 13
ROW 446 2 10 32 446 14
ROW 446 3 8 8 446 50
ROW 446 4 3 4 446 89
ROW 446 5 255 255 446 2
ROW 446 6 24 24 446 18
ROW 446 7 12 24 446 18
ROW 447 0 5 16 447 26
ROW 447 1 31 32 447 13
ROW 447 2 11 32 447 14
ROW 447 3 0 8 447 50
ROW 447 4 4 4 447 90
ROW 447 5 0 255 447 2
ROW 447 6 0 24 447 18
ROW 447 7 13 24 447 18
ROW 448 0 6 16 448 26
ROW 448 1 32 32 448 14
ROW 448 2 12 32 448 14
ROW 448 3 1 8 448 50
ROW 448 4 0 4 448 90
ROW 448 5 1 255 448 2
ROW 448 6 1 24 448 18
ROW 448 7 14 24 448 18
ROW 449 0 7 16 449 26
ROW 449 1 0 32 449 14
ROW 449 2 13 32 449 14
ROW 449 3 2 8 449 50
ROW 449 4 1 4 449 90
ROW 449 5 2 255 449 2
ROW 449 6 2 24 449 18
ROW 449 7 15 24 449 18
ROW 450 0 8 16 450 26
ROW 450 1 1 32 450 14
ROW 450 2 14 32 450 14
ROW 450 3 3 8 450 50
ROW 450 4 2 4 450 90
ROW 450 5 3 255 450 2
ROW 450 6 3 24 450 18
ROW 450 7 16 24 450 18
ROW 451 0 9 16 451 26
ROW 451 1 2 32 451 14
ROW 451 2 15 32 451 14
ROW 451 3 4 8 451 50
ROW 451 4 3 4 451 90
ROW 451 5 4 255 451 2
ROW 451 6 4 24 451 18
ROW 451 7 17 24 451 18
ROW 452 0 10 16 452 26
ROW 452 1 3 32 452 14
ROW 452 2 16 32 452 14
ROW 452 3 5 8 452 50
ROW 452 4 4 4 452 91
ROW 452 5 5 255 452 2
ROW 452 6 5 24 452 18
ROW 452 7 18 24 452 18
ROW 453 0 11 16 453 26
ROW 453 1 4 32 453 14
ROW 453 2 17 32 453 14
ROW 453 3 6 8 453 50
ROW 453 4 0 4 453 91
ROW 453 5 6 255 453 2
ROW 453 6 6 24 453 18
ROW 453 7 19 24 453 18
ROW 454 0 12 16 454 26
ROW 454 1 5 32 454 14
ROW 454 2 18 32 454 14
ROW 454 3 7 8 454 50
ROW 454 4 1 4 454 91
ROW 454 5 7 255 454 2
ROW 454 6 7 24 454 18
ROW 454 7 20 24 454 18
ROW 455 0 13 16 455 26
ROW 455 1 6 32 455 14
ROW 455 2 19 32 455 14
ROW 455 3 8 8 455 51
ROW 455 4 2 4 455 91
ROW 455 5 8 255 455 2
ROW 455 6 8 24 455 18
ROW 455 7 21 24 455 18
ROW 456 0 14 16 456 26
ROW 456 1 7 32 456 14
ROW 456 2 20 32 456 14
ROW 456 3 0 8 456 51
ROW 456 4 3 4 456 91
ROW 456 5 9 255 456 2
ROW 456 6 9 24 456 18
ROW 456 7 22 24 456 18
ROW 457 0 15 16 457 26
ROW 457 1 8 32 457 14
ROW 457 2 21 32 457 14
ROW 457 3 1 8 457 51
ROW 457 4 4 4 457 92
ROW 457 5 10 255 457 2
ROW 457 6 10 24 457 18
ROW 457 7 23 24 457 18
ROW 458 0 16 16 458 27
ROW 458 1 9 32 458 14
ROW 458 2 22 32 458 14
ROW 458 3 2 8 458 51
ROW 458 4 0 4 458 92
ROW 458 5 11 255 458 2
ROW 458 6 11 24 458 18
ROW 458 7 24 24 458 19
ROW 459 0 0 16 459 27
ROW 459 1 10 32 459 14
ROW 459 2 23 32 459 14
ROW 459 3 3 8 459 51
ROW 459 4 1 4 459 92
ROW 459 5 12 255 459 2
ROW 459 6 12 24 459 18
ROW 459 7 0 24 459 19
ROW 460 0 1 16 460 27
ROW 460 1 11 32 460 14
ROW 460 2 24 32 460 14
ROW 460 3 4 8 460 51
ROW 460 4 2 4 460 92
ROW 460 5 13 255 460 2
ROW 460 6 13 24 460 18
ROW 460 7 1 24 460 19
ROW 461 0 2 16 461 27
ROW 461 1 12 32 461 14
ROW 461 2 25 32 461 14
ROW 461 3 5 8 461 51
ROW 461 4 3 4 461 92
ROW 461 5 14 255 461 2
ROW 461 6 14 24 461 18
ROW 461 7 2 24 461 19
ROW 462 0 3 16 462 27
ROW 462 1 13 32 462 14
ROW 462 2 26 32 462 14
ROW 462 3 6 8 462 51
ROW 462 4 4 4 462 93
ROW 462 5 15 255 462 2
ROW 462 6 15 24 462 18
ROW 462 7 3 24 462 19
ROW 463 0 4 16 463 27
ROW 463 1 14 32 463 14
ROW 463 2 27 32 463 14
ROW 463 3 7 8 463 51
ROW 463 4 0 4 463 93
ROW 463 5 16 255 463 2
ROW 463 6 16 24 463 18
ROW 463 7 4 24 463 19
ROW 464 0 5 16 464 27
ROW 464 1 15 32 464 14
ROW 464 2 28 32 464 14
ROW 464 3 8 8 464 52
ROW 464 4 1 4 464 93
ROW 464 5 17 255 464 2
ROW 464 6 17 24 464 18
ROW 464 7 5 24 464 19
ROW 465 0 6 16 465 27
ROW 465 1 16 32 465 14
ROW 465 2 29 32 465 14
ROW 465 3 0 8 465 52
ROW 465 4 2 4 465 93
ROW 465 5 18 255 465 2
ROW 465 6 18 24 465 18
ROW 465 7 6 24 465 19
ROW 466 0 7 16 466 27
ROW 466 1 17 32 466 14
ROW 466 2 30 32 466 14
ROW 466 3 1 8 466 52
ROW 466 4 3 4 466 93
ROW 466 5 19 255 466 2
ROW 466 6 19 24 466 18
ROW 466 7 7 24 466 19
ROW 467 0 8 16 467 27
ROW 467 1 18 32 467 14
ROW 467 2 31 32 467 14
ROW 467 3 2 8 467 52
ROW 467 4 4 4 467 94
ROW 467 5 20 255 467 2
ROW 467 6 20 24 467 18
ROW 467 7 8 24 467 19
ROW 468 0 9 16 468 27
ROW 468 1 19 32 468 14
ROW 468 2 32 32 468 15
ROW 468 3 3 8 468 52
ROW 468 4 0 4 468 94
ROW 468 5 21 255 468 2
ROW 468 6 21 24 468 18
ROW 468 7 9 24 468 19
ROW 469 0 10 16 469 27
ROW 469 1 20 32 469 14
ROW 469 2 0 32 469 15
ROW 469 3 4 8 469 52
ROW 469 4 1 4 469 94
ROW 469 5 22 255 469 2
ROW 469 6 22 24 469 18
ROW 469 7 10 24 469 19
ROW 470 0 11 16 470 27
ROW 470 1 21 32 470 14
ROW 470 2 1 32 470 15
ROW 470 3 5 8 470 52
ROW 470 4 2 4 470 94
ROW 470 5 23 255 470 2
ROW 470 6 23 24 470 18
ROW 470 7 11 24 470 19
ROW 471 0 12 16 471 27
ROW 471 1 22 32 471 14
ROW 471 2 2 32 471 15
ROW 471 3 6 8 471 52
ROW 471 4 3 4 471 94
ROW 471 5 24 255 471 2
ROW 471 6 24 24 471 19
ROW 471 7 12 24 471 19
ROW 472 0 13 16 472 27
ROW 472 1 23 32 472 14
ROW 472 2 3 32 472 15
ROW 472 3 7 8 472 52
ROW 472 4 4 4 472 95
ROW 472 5 25 255 472 2
ROW 472 6 0 24 472 19
ROW 472 7 13 24 472 19
ROW 473 0 14 16 473 27
ROW 473 1 24 32 473 14
ROW 473 2 4 32 473 15
ROW 473 3 8 8 473 53
ROW 473 4 0 4 473 95
ROW 473 5 26 255 473 2
ROW 473 6 1 24 473 19
ROW 473 7 14 24 473 19
ROW 474 0 15 16 474 27
ROW 474 1 25 32 474 14
ROW 474 2 5 32 474 15
ROW 474 3 0 8 474 53
ROW 474 4 1 4 474 95
ROW 474 5 27 255 474 2
ROW 474 6 2 24 474 19
ROW 474 7 15 24 474 19
ROW 475 0 16 16 475 28
ROW 475 1 26 32 475 14
ROW 475 2 6 32 475 15
ROW 475 3 1 8 475 53
ROW 475 4 2 4 475 95
ROW 475 5 28 255 475 2
ROW 475 6 3 24 475 19
ROW 475 7 16 24 475 19
ROW 476 0 0 16 476 28
ROW 476 1 27 32 476 14
ROW 476 2 7 32 476 15
ROW 476 3 2 8 476 53
ROW 476 4 3 4 476 95
ROW 476 5 29 255 476 2
ROW 476 6 4 24 476 19
ROW 476 7 17 24 476 19
ROW 477 0 1 16 477 28
ROW 477 1 28 32 477 14
ROW 477 2 8 32 477 15
ROW 477 3 3 8 477 53
ROW 477 4 4 4 477 96
ROW 477 5 30 255 477 2
ROW 477 6 5 24 477 19
ROW 477 7 18 24 477 19
ROW 478 0 2 16 478 28
ROW 478 1 29 32 478 14
ROW 478 2 9 32 478 15
ROW 478 3 4 8 478 53
ROW 478 4 0 4 478 96
ROW 478 5 31 255 478 2
ROW 478 6 6 24 478 19
ROW 478 7 19 24 478 19
ROW 479 0 3 16 479 28
ROW 479 1 30 32 479 14
ROW 479 2 10 32 479 15
ROW 479 3 5 8 479 53
ROW 479 4 1 4 479 96
ROW 479 5 32 255 479 2
ROW 479 6 7 24 479 19
ROW 479 7 20 24 479 19
ROW 480 0 4 16 480 28
ROW 480 1 31 32 480 14
ROW 480 2 11 32 480 15
ROW 480 3 6 8 480 53
ROW 480 4 2 4 480 96
ROW 480 5 33 255 480 2
ROW 480 6 8 24 480 19
ROW 480 7 21 24 480 19
ROW 481 0 5 16 481 28
ROW 481 1 32 32 481 15
ROW 481 2 12 32 481 15
ROW 481 3 7 8 481 53
ROW 481 4 3 4 481 96
ROW 481 5 34 255 481 2
ROW 481 6 9 24 481 19
ROW 481 7 22 24 481 19
ROW 482 0 6 16 482 28
ROW 482 1 0 32 482 15
ROW 482 2 13 32 482 15
ROW 482 3 8 8 482 54
ROW 482 4 4 4 482 97
ROW 482 5 35 255 482 2
ROW 482 6 10 24 482 19
ROW 482 7 23 24 482 19
ROW 483 0 7 16 483 28
ROW 483 1 1 32 483 15
ROW 483 2 14 32 483 15
ROW 483 3 0 8 483 54
ROW 483 4 0 4 483 97
ROW 483 5 36 255 483 2
ROW 483 6 11 24 483 19
ROW 483 7 24 24 483 20
ROW 484 0 8 16 484 28
ROW 484 1 2 32 484 15
ROW 484 2 15 32 484 15
ROW 484 3 1 8 484 54
ROW 484 4 1 4 484 97
ROW 484 5 37 255 484 2
ROW 484 6 12 24 484 19
ROW 484 7 0 24 484 20
ROW 485 0 9 16 485 28
ROW 485 1 3 32 485 15
ROW 485 2 16 32 485 15
ROW 485 3 2 8 485 54
ROW 485 4 2 4 485 97
ROW 485 5 38 255 485 2
ROW 485 6 13 24 485 19
ROW 485 7 1 24 485 20
ROW 486 0 10 16 486 28
ROW 486 1 4 32 486 15
ROW 486 2 17 32 486 15
ROW 486 3 3 8 486 54
ROW 486 4 3 4 486 97
ROW 486 5 39 255 486 2
ROW 486 6 14 24 486 19
ROW 486 7 2 24 486 20
ROW 487 0 11 16 487 28
ROW 487 1 5 32 487 15
ROW 487 2 18 32 487 15
ROW 487 3 4 8 487 54
ROW 487 4 4 4 487 98
ROW 487 5 40 255 487 2
ROW 487 6 15 24 487 19
ROW 487 7 3 24 487 20
ROW 488 0 12 16 488 28
ROW 488 1 6 32 488 15
ROW 488 2 19 32 488 15
ROW 488 3 5 8 488 54
ROW 488 4 0 4 488 98
ROW 488 5 41 255 488 2
ROW 488 6 16 24 488 19
ROW 488 7 4 24 488 20
ROW 489 0 13 16 489 28
ROW 489 1 7 32 489 15
ROW 489 2 20 32 489 15
ROW 489 3 6 8 489 54
ROW 489 4 1 4 489 98
ROW 489 5 42 255 489 2
ROW 489 6 17 24 489 19
ROW 489 7 5 24 489 20
ROW 490 0 14 16 490 28
ROW 490 1 8 32 490 15
ROW 490 2 21 32 490 15
ROW 490 3 7 8 490 54
ROW 490 4 2 4 490 98
ROW 490 5 43 255 490 2
ROW 490 6 18 24 490 19
ROW 490 7 6 24 490 20
ROW 491 0 15 16 491 28
ROW 491 1 9 32 491 15
ROW 491 2 22 32 491 15
ROW 491 3 8 8 491 55
ROW 491 4 3 4 491 98
ROW 491 5 44 255 491 2
ROW 491 6 19 24 491 19
ROW 491 7 7 24 491 20
ROW 492 0 16 16 492 29
ROW 492 1 10 32 492 15
ROW 492 2 23 32 492 15
ROW 492 3 0 8 492 55
ROW 492 4 4 4 492 99
ROW 492 5 45 255 492 2
ROW 492 6 20 24 492 19
ROW 492 7 8 24 492 20
ROW 493 0 0 16 493 29
ROW 493 1 11 32 493 15
ROW 493 2 24 32 493 15
ROW 493 3 1 8 493 55
ROW 493 4 0 4 493 99
ROW 493 5 46 255 493 2
ROW 493 6 21 24 493 19
ROW 493 7 9 24 493 20
ROW 494 0 1 16 494 29
ROW 494 1 12 32 494 15
ROW 494 2 25 32 494 15
ROW 494 3 2 8 494 55
ROW 494 4 1 4 494 99
ROW 494 5 47 255 494 2
ROW 494 6 22 24 494 19
ROW 494 7 10 24 494 20
ROW 495 0 2 16 495 29
ROW 495 1 13 32 495 15
ROW 495 2 26 32 495 15
ROW 495 3 3 8 495 55
ROW 495 4 2 4 495 99
ROW 495 5 48 255 495 2
ROW 495 6 23 24 495 19
ROW 495 7 11 24 495 20
ROW 496 0 3 16 496 29
ROW 496 1 14 32 496 15
ROW 496 2 27 32 496 15
ROW 496 3 4 8 496 55
ROW 496 4 3 4 496 99
ROW 496 5 49 255 496 2
ROW 496 6 24 24 496 20
ROW 496 7 12 24 496 20
ROW 497 0 4 16 497 29
ROW 497 1 15 32 497 15
ROW 497 2 28 32 497 15
ROW 497 3 5 8 497 55
ROW 497 4 4 4 497 100
ROW 497 5 50 255 497 2
ROW 497 6 0 24 497 20
ROW 497 7 13 24 497 20
ROW 498 0 5 16 498 29
ROW 498 1 16 32 498 15
ROW 498 2 29 32 498 15
ROW 498 3 6 8 498 55
ROW 498 4 0 4 498 100
ROW 498 5 51 255 498 2
ROW 498 6 1 24 498 20
ROW 498 7 14 24 498 20
ROW 499 0 6 16 499 29
ROW 499 1 17 32 499 15
ROW 499 2 30 32 499 15
ROW 499 3 7 8 499 55
ROW 499 4 1 4 499 100
ROW 499 5 52 255 499 2
ROW 499 6 2 24 499 20
ROW 499 7 15 24 499 20
ROW 500 0 7 16 500 29
ROW 500 1 18 32 500 15
ROW 500 2 31 32 500 15
ROW 500 3 8 8 500 56
ROW 500 4 2 4 500 100
ROW 500 5 53 255 500 2
ROW 500 6 3 24 500 20
ROW 500 7 16 24 500 20
ROW 501 0 8 16 501 29
ROW 501 1 19 32 501 15
ROW 501 2 32 32 501 16
ROW 501 3 0 8 501 56
ROW 501 4 3 4 501 100
ROW 501 5 54 255 501 2
ROW 501 6 4 24 501 20
ROW 501 7 17 24 501 20
ROW 502 0 9 16 502 29
ROW 502 1 20 32 502 15
ROW 502 2 0 32 502 16
ROW 502 3 1 8 502 56
ROW 502 4 4 4 502 101
ROW 502 5 55 255 502 2
ROW 502 6 5 24 502 20
ROW 502 7 18 24 502 20
ROW 503 0 10 16 503 29
ROW 503 1 21 32 503 15
ROW 503 2 1 32 503 16
ROW 503 3 2 8 503 56
ROW 503 4 0 4 503 101
ROW 503 5 56 255 503 2
ROW 503 6 6 24 503 20
ROW 503 7 19 24 503 20
ROW 504 0 11 16 504 29
ROW 504 1 22 32 504 15
ROW 504 2 2 32 504 16
ROW 504 3 3 8 504 56
ROW 504 4 1 4 504 101
ROW 504 5 57 255 504 2
ROW 504 6 7 24 504 20
ROW 504 7 20 24 504 20
ROW 505 0 12 16 505 29
ROW 505 1 23 32 505 15
ROW 505 2 3 32 505 16
ROW 505 3 4 8 505 56
ROW 505 4 2 4 505 101
ROW 505 5 58 255 505 2
ROW 505 6 8 24 505 20
ROW 505 7 21 24 505 20
ROW 506 0 13 16 506 29
ROW 506 1 24 32 506 15
ROW 506 2 4 32 506 16
ROW 506 3 5 8 506 56
ROW 506 4 3 4 506 101
ROW 506 5 59 255 506 2
ROW 506 6 9 24 506 20
ROW 506 7 22 24 506 20
ROW 507 0 14 16 507 29
ROW 507 1 25 32 507 15
ROW 507 2 5 32 507 16
ROW 507 3 6 8 507 56
ROW 507 4 4 4 507 102
ROW 507 5 60 255 507 2
ROW 507 6 10 24 507 20
ROW 507 7 23 24 507 20
ROW 508 0 15 16 508 29
ROW 508 1 26 32 508 15
ROW 508 2 6 32 508 16
ROW 508 3 7 8 508 56
ROW 508 4 0 4 508 102
ROW 508 5 61 255 508 2
ROW 508 6 11 24 508 20
ROW 508 7 24 24 508 21
ROW 509 0 16 16 509 30
ROW 509 1 27 32 509 15
ROW 509 2 7 32 509 16
ROW 509 3 8 8 509 57
ROW 509 4 1 4 509 102
ROW 509 5 62 255 509 2
ROW 509 6 12 24 509 20
ROW 509 7 0 24 509 21
ROW 510 0 0 16 510 30
ROW 510 1 28 32 510 15
ROW 510 2 8 32 510 16
ROW 510 3 0 8 510 57
ROW 510 4 2 4 510 102
ROW 510 5 63 255 510 2
ROW 510 6 13 24 510 20
ROW 510 7 1 24 510 21
ROW 511 0 1 16 511 30
ROW 511 1 29 32 511 15
ROW 511 2 9 32 511 16
ROW 511 3 1 8 511 57
ROW 511 4 3 4 511 102
ROW 511 5 64 255 511 2
ROW 511 6 14 24 511 20
ROW 511 7 2 24 511 21
ROW 512 0 2 16 512 30
ROW 512 1 30 32 512 15
ROW 512 2 10 32 512 16
ROW 512 3 2 8 512 57
ROW 512 4 4 4 512 103
ROW 512 5 65 255 512 2
ROW 512 6 15 24 512 20
ROW 512 7 3 24 512 21
ROW 513 0 3 16 513 30
ROW 513 1 31 32 513 15
ROW 513 2 11 32 513 16
ROW 513 3 3 8 513 57
ROW 513 4 0 4 513 103
ROW 513 5 66 255 513 2
ROW 513 6 16 24 513 20
ROW 513 7 4 24 513 21
ROW 514 0 4 16 514 30
ROW 514 1 32 32 514 16
ROW 514 2 12 32 514 16
ROW 514 3 4 8 514 57
ROW 514 4 1 4 514 103
ROW 514 5 67 255 514 2
ROW 514 6 17 24 514 20
ROW 514 7 5 24 514 21
ROW 515 0 5 16 515 30
ROW 515 1 0 32 515 16
ROW 515 2 13 32 515 16
ROW 515 3 5 8 515 57
ROW 515 4 2 4 515 103
ROW 515 5 68 255 515 2
ROW 515 6 18 24 515 20
ROW 515 7 6 24 515 21
ROW 516 0 6 16 516 30
ROW 516 1 1 32 516 16
ROW 516 2 14 32 516 16
ROW 516 3 6 8 516 57
ROW 516 4 3 4 516 103
ROW 516 5 69 255 516 2
ROW 516 6 19 24 516 20
ROW 516 7 7 24 516 21
ROW 517 0 7 16 517 30
ROW 517 1 2 32 517 16
ROW 517 2 15 32 517 16
ROW 517 3 7 8 517 57
ROW 517 4 4 4 517 104
ROW 517 5 70 255 517 2
ROW 517 6 20 24 517 20
ROW 517 7 8 24 517 21
ROW 518 0 8 16 518 30
ROW 518 1 3 32 518 16
ROW 518 2 16 32 518 16
ROW 518 3 8 8 518 58
ROW 518 4 0 4 518 104
ROW 518 5 71 255 518 2
ROW 518 6 21 24 518 20
ROW 518 7 9 24 518 21
ROW 519 0 9 16 519 30
ROW 519 1 4 32 519 16
ROW 519 2 17 32 519 16
ROW 519 3 0 8 519 58
ROW 519 4 1 4 519 104
ROW 519 5 72 255 519 2
ROW 519 6 22 24 519 20
ROW 519 7 10 24 519 21
ROW 520 0 10 16 520 30
ROW 520 1 5 32 520 16
ROW 520 2 18 32 520 16
ROW 520 3 1 8 520 58
ROW 520 4 2 4 520 104
ROW 520 5 73 255 520 2
ROW 520 6 23 24 520 20
ROW 520 7 11 24 520 21
ROW 521 0 11 16 521 30
ROW 521 1 6 32 521 16
ROW 521 2 19 32 521 16
ROW 521 3 2 8 521 58
ROW 521 4 3 4 521 104
ROW 521 5 74 255 521 2
ROW 521 6 24 24 521 21
ROW 521 7 12 24 521 21
ROW 522 0 12 16 522 30
ROW 522 1 7 32 522 16
ROW 522 2 20 32 522 16
ROW 522 3 3 8 522 58
ROW 522 4 4 4 522 105
ROW 522 5 75 255 522 2
ROW 522 6 0 24 522 21
ROW 522 7 13 24 522 21
ROW 523 0 13 16 523 30
ROW 523 1 8 32 523 16
ROW 523 2 21 32 523 16
ROW 523 3 4 8 523 58
ROW 523 4 0 4 523 105
ROW 523 5 76 255 523 2
ROW 523 6 1 24 523 21
ROW 523 7 14 24 523 21
ROW 524 0 14 16 524 30
ROW 524 1 9 32 524 16
ROW 524 2 22 32 524 16
ROW 524 3 5 8 524 58
ROW 524 4 1 4 524 105
ROW 524 5 77 255 524 2
ROW 524 6 2 24 524 21
ROW 524 7 15 24 524 21
ROW 525 0 15 16 525 30
ROW 525 1 10 32 525 16
ROW 525 2 23 32 525 16
ROW 525 3 6 8 525 58
ROW 525 4 2 4 525 105
ROW 525 5 78 255 525 2
ROW 525 6 3 24 525 21
ROW 525 7 16 24 525 21
ROW 526 0 16 16 526 31
ROW 526 1 11 32 526 16
ROW 526 2 24 32 526 16
ROW 526 3 7 8 526 58
ROW 526 4 3 4 526 105
ROW 526 5 79 255 526 2
ROW 526 6 4 24 526 21
ROW 526 7 17 24 526 21
ROW 527 0 0 16 527 31
ROW 527 1 12 32 527 16
ROW 527 2 25 32 527 16
ROW 527 3 8 8 527 59
ROW 527 4 4 4 527 106
ROW 527 5 80 255 527 2
ROW 527 6 5 24 527 21
ROW 527 7 18 24 527 21
ROW 528 0 1 16 528 31
ROW 528 1 13 32 528 16
ROW 528 2 26 32 528 16
ROW 528 3 0 8 528 59
ROW 528 4 0 4 528 106
ROW 528 5 81 255 528 2
ROW 528 6 6 24 528 21
ROW 528 7 19 24 528 21
ROW 529 0 2 16 529 31
ROW 529 1 14 32 529 16
ROW 529 2 27 32 529 16
ROW 529 3 1 8 529 59
ROW 529 4 1 4 529 106
ROW 529 5 82 255 529 2
ROW 529 6 7 24 529 21
ROW 529 7 20 24 529 21
ROW 530 0 3 16 530 31
ROW 530 1 15 32 530 16
ROW 530 2 28 32 530 16
ROW 530 3 2 8 530 59
ROW 530 4 2 4 530 106
ROW 530 5 83 255 530 2
ROW 530 6 8 24 530 21
ROW 530 7 21 24 530 21
ROW 531 0 4 16 531 31
ROW 531 1 16 32 531 16
ROW 531 2 29 32 531 16
ROW 531 3 3 8 531 59
ROW 531 4 3 4 531 106
ROW 531 5 84 255 531 2
ROW 531 6 9 24 531 21
ROW 531 7 22 24 531 21
ROW 532 0 5 16 532 31
ROW 532 1 17 32 532 16
ROW 532 2 30 32 532 16
ROW 532 3 4 8 532 59
ROW 532 4 4 4 532 107
ROW 532 5 85 255 532 2
ROW 532 6 10 24 532 21
ROW 532 7 23 24 532 21
ROW 533 0 6 16 533 31
ROW 533 1 18 32 533 16
ROW 533 2 31 32 533 16
ROW 533 3 5 8 533 59
ROW 533 4 0 4 533 107
ROW 533 5 86 255 533 2
ROW 533 6 11 24 533 21
ROW 533 7 24 24 533 22
ROW 534 0 7 16 534 31
ROW 534 1 19 32 534 16
ROW 534 2 32 32 534 17
ROW 534 3 6 8 534 59
ROW 534 4 1 4 534 107
ROW 534 5 87 255 534 2
ROW 534 6 12 24 534 21
ROW 534 7 0 24 534 22
ROW 535 0 8 16 535 31
ROW 535 1 20 32 535 16
ROW 535 2 0 32 535 17
ROW 535 3 7 8 535 59
ROW 535 4 2 4 535 107
ROW 535 5 88 255 535 2
ROW 535 6 13 24 535 21
ROW 535 7 1 24 535 22
ROW 536 0 9 16 536 31
ROW 536 1 21 32 536 16
ROW 536 2 1 32 536 17
ROW 536 3 8 8 536 60
ROW 536 4 3 4 536 107
ROW 536 5 89 255 536 2
ROW 536 6 14 24 536 21
ROW 536 7 2 24 536 22
ROW 537 0 10 16 537 31
ROW 537 1 22 32 537 16
ROW 537 2 2 32 537 17
ROW 537 3 0 8 537 60
ROW 537 4 4 4 537 108
ROW 537 5 90 255 537 2
ROW 537 6 15 24 537 21
ROW 537 7 3 24 537 22
ROW 538 0 11 16 538 31
ROW 538 1 23 32 538 16
ROW 538 2 3 32 538 17
ROW 538 3 1 8 538 60
ROW 538 4 0 4 538 108
ROW 538 5 91 255 538 2
ROW 538 6 16 24 538 21
ROW 538 7 4 24 538 22
ROW 539 0 12 16 539 31
ROW 539 1 24 32 539 16
ROW 539 2 4 32 539 17
ROW 539 3 2 8 539 60
ROW 539 4 1 4 539 108
ROW 539 5 92 255 539 2
ROW 539 6 17 24 539 21
ROW 539 7 5 24 539 22
ROW 540 0 13 16 540 31
ROW 540 1 25 32 540 16
ROW 540 2 5 32 540 17
ROW 540 3 3 8 540 60
ROW 540 4 2 4 540 108
ROW 540 5 93 255 540 2
ROW 540 6 18 24 540 21
ROW 540 7 6 24 540 22
ROW 541 0 14 16 541 31
ROW 541 1 26 32 541 16
ROW 541 2 6 32 541 17
ROW 541 3 4 8 541 60
ROW 541 4 3 4 541 108
ROW 541 5 94 255 541 2
ROW 541 6 19 24 541 21
ROW 541 7 7 24 541 22
ROW 542 0 15 16 542 31
ROW 542 1 27 32 542 16
ROW 542 2 7 32 542 17
ROW 542 3 5 8 542 60
ROW 542 4 4 4 542 109
ROW 542 5 95 255 542 2
ROW 542 6 20 24 542 21
ROW 542 7 8 24 542 22
ROW 543 0 16 16 543 32
ROW 543 1 28 32 543 16
ROW 543 2 8 32 543 17
ROW 543 3 6 8 543 60
ROW 543 4 0 4 543 109
ROW 543 5 96 255 543 2
ROW 543 6 21 24 543 21
ROW 543 7 9 24 543 22
ROW 544 0 0 16 544 32
ROW 544 1 29 32 544 16
ROW 544 2 9 32 544 17
ROW 544 3 7 8 544 60
ROW 544 4 1 4 544 109
ROW 544 5 97 255 544 2
ROW 544 6 22 24 544 21
ROW 544 7 10 24 544 22
ROW 545 0 1 16 545 32
ROW 545 1 30 32 545 16
ROW 545 2 10 32 545 17
ROW 545 3 8 8 545 61
ROW 545 4 2 4 545 109
ROW 545 5 98 255 545 2
ROW 545 6 23 24 545 21
ROW 545 7 11 24 545 22
ROW 546 0 2 16 546 32
ROW 546 1 31 32 546 16
ROW 546 2 11 32 546 17
ROW 546 3 0 8 546 61
ROW 546 4 3 4 546 109
ROW 546 5 99 255 546 2
ROW 546 6 24 24 546 22
ROW 546 7 12 24 546 22
ROW 547 0 3 16 547 32
ROW 547 1 32 32 547 17
ROW 547 2 12 32 547 17
ROW 547 3 1 8 547 61
ROW 547 4 4 4 547 110
ROW 547 5 100 255 547 2
ROW 547 6 0 24 547 22
ROW 547 7 13 24 547 22
ROW 548 0 4 16 548 32
ROW 548 1 0 32 548 17
ROW 548 2 13 32 548 17
ROW 548 3 2 8 548 61
ROW 548 4 0 4 548 110
ROW 548 5 101 255 548 2
ROW 548 6 1 24 548 22
ROW 548 7 14 24 548 22
ROW 549 0 5 16 549 32
ROW 549 1 1 32 549 17
ROW 549 2 14 32 549 17
ROW 549 3 3 8 549 61
ROW 549 4 1 4 549 110
ROW 549 5 102 255 549 2
ROW 549 6 2 24 549 22
ROW 549 7 15 24 549 22
ROW 550 0 6 16 550 32
ROW 550 1 2 32 550 17
ROW 550 2 15 32 550 17
ROW 550 3 4 8 550 61
ROW 550 4 2 4 550 110
ROW 550 5 103 255 550 2
ROW 550 6 3 24 550 22
ROW 550 7 16 24 550 22
ROW 551 0 7 16 551 32
ROW 551 1 3 32 551 17
ROW 551 2 16 32 551 17
ROW 551 3 5 8 551 61
ROW 551 4 3 4 551 110
ROW 551 5 104 255 551 2
ROW 551 6 4 24 551 22
ROW 551 7 17 24 551 22
ROW 552 0 8 16 552 32
ROW 552 1 4 32 552 17
ROW 552 2 17 32 552 17
ROW 552 3 6 8 552 61
ROW 552 4 4 4 552 111
ROW 552 5 105 255 552 2
ROW 552 6 5 24 552 22
ROW 552 7 18 24 552 22
ROW 553 0 9 16 553 32
ROW 553 1 5 32 553 17
ROW 553 2 18 32 553 17
ROW 553 3 7 8 553 61
ROW 553 4 0 4 553 111
ROW 553 5 106 255 553 2
ROW 553 6 6 24 553 22
ROW 553 7 19 24 553 22
ROW 554 0 10 16 554 32
ROW 554 1 6 32 554 17
ROW 554 2 19 32 554 17
ROW 554 3 8 8 554 62
ROW 554 4 1 4 554 111
ROW 554 5 107 255 554 2
ROW 554 6 7 24 554 22
ROW 554 7 20 24 554 22
ROW 555 0 11 16 555 32
ROW 555 1 7 32 555 17
ROW 555 2 20 32 555 17
ROW 555 3 0 8 555 62
ROW 555 4 2 4 555 111
ROW 555 5 108 255 555 2
ROW 555 6 8 24 555 22
ROW 555 7 21 24 555 22
ROW 556 0 12 16 556 32
ROW 556 1 8 32 556 17
ROW 556 2 21 32 556 17
ROW 556 3 1 8 556 62
ROW 556 4 3 4 556 111
ROW 556 5 109 255 556 2
ROW 556 6 9 24 556 22
ROW 556 7 22 24 556 22
ROW 557 0 13 16 557 32
ROW 557 1 9 32 557 17
ROW 557 2 22 32 557 17
ROW 557 3 2 8 557 62
ROW 557 4 4 4 557 112
ROW 557 5 110 255 557 2
ROW 557 6 10 24 557 22
ROW 557 7 23 24 557 22
ROW 558 0 14 16 558 32
ROW 558 1 10 32 558 17
ROW 558 2 23 32 558 17
ROW 558 3 3 8 558 62
ROW 558 4 0 4 558 112
ROW 558 5 111 255 558 2
ROW 558 6 11 24 558 22
ROW 558 7 24 24 558 23
ROW 559 0 15 16 559 32
ROW 559 1 11 32 559 17
ROW 559 2 24 32 559 17
ROW 559 3 4 8 559 62
ROW 559 4 1 4 559 112
ROW 559 5 112 255 559 2
ROW 559 6 12 24 559 22
ROW 559 7 0 24 559 23
ROW 560 0 16 16 560 33
ROW 560 1 12 32 560 17
ROW 560 2 25 32 560 17
ROW 560 3 5 8 560 62
ROW 560 4 2 4 560 112
ROW 560 5 113 255 560 2
ROW 560 6 13 24 560 22
ROW 560 7 1 24 560 23
ROW 561 0 0 16 561 33
ROW 561 1 13 32 561 17
ROW 561 2 26 32 561 17
ROW 561 3 6 8 561 62
ROW 561 4 3 4 561 112
ROW 561 5 114 255 561 2
ROW 561 6 14 24 561 22
ROW 561 7 2 24 561 23
ROW 562 0 1 16 562 33
ROW 562 1 14 32 562 17
ROW 562 2 27 32 562 17
ROW 562 3 7 8 562 62
ROW 562 4 4 4 562 113
ROW 562 5 115 255 562 2
ROW 562 6 15 24 562 22
ROW 562 7 3 24 562 23
ROW 563 0 2 16 563 33
ROW 563 1 15 32 563 17
ROW 563 2 28 32 563 17
ROW 563 3 8 8 563 63
ROW 563 4 0 4 563 113
ROW 563 5 116 255 563 2
ROW 563 6 16 24 563 22
ROW 563 7 4 24 563 23
ROW 564 0 3 16 564 33
ROW 564 1 16 32 564 17
ROW 564 2 29 32 564 17
ROW 564 3 0 8 564 63
ROW 564 4 1 4 564 113
ROW 564 5 117 255 564 2
ROW 564 6 17 24 564 22
ROW 564 7 5 24 564 23
ROW 565 0 4 16 565 33
ROW 565 1 17 32 565 17
ROW 565 2 30 32 565 17
ROW 565 3 1 8 565 63
ROW 565 4 2 4 565 113
ROW 565 5 118 255 565 2
ROW 565 6 18 24 565 22
ROW 565 7 6 24 565 23
ROW 566 0 5 16 566 33
ROW 566 1 18 32 566 17
ROW 566 2 31 32 566 17
ROW 566 3 2 8 566 63
ROW 566 4 3 4 566 113
ROW 566 5 119 255 566 2
ROW 566 6 19 24 566 22
ROW 566 7 7 24 566 23
ROW 567 0 6 16 567 33
ROW 567 1 19 32 567 17
ROW 567 2 32 32 567 18
ROW 567 3 3 8 567 63
ROW 567 4 4 4 567 114
ROW 567 5 120 255 567 2
ROW 567 6 20 24 567 22
ROW 567 7 8 24 567 23
ROW 568 0 7 16 568 33
ROW 568 1 20 32 568 17
ROW 568 2 0 32 568 18
ROW 568 3 4 8 568 63
ROW 568 4 0 4 568 114
ROW 568 5 121 255 568 2
ROW 568 6 21 24 568 22
ROW 568 7 9 24 568 23
ROW 569 0 8 16 569 33
ROW 569 1 21 32 569 17
ROW 569 2 1 32 569 18
ROW 569 3 5 8 569 63
ROW 569 4 1 4 569 114
ROW 569 5 122 255 569 2
ROW 569 6 22 24 569 22
ROW 569 7 10 24 569 23
ROW 570 0 9 16 570 33
ROW 570 1 22 32 570 17
ROW 570 2 2 32 570 18
ROW 570 3 6 8 570 63
ROW 570 4 2 4 570 114
ROW 570 5 123 255 570 2
ROW 570 6 23 24 570 22
ROW 570 7 11 24 570 23
ROW 571 0 10 16 571 33
ROW 571 1 23 32 571 17
ROW 571 2 3 32 571 18
ROW 571 3 7 8 571 63
ROW 571 4 3 4 571 114
ROW 571 5 124 255 571 2
ROW 571 6 24 24 571 23
ROW 571 7 12 24 571 23
ROW 572 0 11 16 572 33
ROW 572 1 24 32 572 17
ROW 572 2 4 32 572 18
ROW 572 3 8 8 572 64
ROW 572 4 4 4 572 115
ROW 572 5 125 255 572 2
ROW 572 6 0 24 572 23
ROW 572 7 13 24 572 23
ROW 573 0 12 16 573 33
ROW 573 1 25 32 573 17
ROW 573 2 5 32 573 18
ROW 573 3 0 8 573 64
ROW 573 4 0 4 573 115
ROW 573 5 126 255 573 2
ROW 573 6 1 24 573 23
ROW 573 7 14 24 573 23
ROW 574 0 13 16 574 33
ROW 574 1 26 32 574 17
ROW 574 2 6 32 574 18
ROW 574 3 1 8 574 64
ROW 574 4 1 4 574 115
ROW 574 5 127 255 574 2
ROW 574 6 2 24 574 23
ROW 574 7 15 24 574 23
ROW 575 0 14 16 575 33
ROW 575 1 27 32 575 17
ROW 575 2 7 32 575 18
ROW 575 3 2 8 575 64
ROW 575 4 2 4 575 115
ROW 575 5 128 255 575 2
ROW 575 6 3 24 575 23
ROW 575 7 16 24 575 23
ROW 576 0 15 16 576 33
ROW 576 1 28 32 576 17
ROW 576 2 8 32 576 18
ROW 576 3 3 8 576 64
ROW 576 4 3 4 576 115
ROW 576 5 129 255 576 2
ROW 576 6 4 24 576 23
ROW 576 7 17 24 576 23
ROW 577 0 16 16 577 34
ROW 577 1 29 32 577 17
ROW 577 2 9 32 577 18
ROW 577 3 4 8 577 64
ROW 577 4 4 4 577 116
ROW 577 5 130 255 577 2
ROW 577 6 5 24 577 23
ROW 577 7 18 24 577 23
ROW 578 0 0 16 578 34
ROW 578 1 30 32 578 17
ROW 578 2 10 32 578 18
ROW 578 3 5 8 578 64
ROW 578 4 0 4 578 116
ROW 578 5 131 255 578 2
ROW 578 6 6 24 578 23
ROW 578 7 19 24 578 23
ROW 579 0 1 16 579 34
ROW 579 1 31 32 579 17
ROW 579 2 11 32 579 18
ROW 579 3 6 8 579 64
ROW 579 4 1 4 579 116
ROW 579 5 132 255 579 2
ROW 579 6 7 24 579 23
ROW 579 7 20 24 579 23
ROW 580 0 2 16 580 34
ROW 580 1 32 32 580 18
ROW 580 2 12 32 580 18
ROW 580 3 7 8 580 64
ROW 580 4 2 4 580 116
ROW 580 5 133 255 580 2
ROW 580 6 8 24 580 23
ROW 580 7 21 24 580 23
ROW 581 0 3 16 581 34
ROW 581 1 0 32 581 18
ROW 581 2 13 32 581 18
ROW 581 3 8 8 581 65
ROW 581 4 3 4 581 116
ROW 581 5 134 255 581 2
ROW 581 6 9 24 581 23
ROW 581 7 22 24 581 23
ROW 582 0 4 16 582 34
ROW 582 1 1 32 582 18
ROW 582 2 14 32 582 18
ROW 582 3 0 8 582 65
ROW 582 4 4 4 582 117
ROW 582 5 135 255 582 2
ROW 582 6 10 24 582 23
ROW 582 7 23 24 582 23
ROW 583 0 5 16 583 34
ROW 583 1 2 32 583 18
ROW 583 2 15 32 583 18
ROW 583 3 1 8 583 65
ROW 583 4 0 4 583 117
ROW 583 5 136 255 583 2
ROW 583 6 11 24 583 23
ROW 583 7 24 24 583 24
ROW 584 0 6 16 584 34
ROW 584 1 3 32 584 18
ROW 584 2 16 32 584 18
ROW 584 3 2 8 584 65
ROW 584 4 1 4 584 117
ROW 584 5 137 255 584 2
ROW 584 6 12 24 584 23
ROW 584 7 0 24 584 24
ROW 585 0 7 16 585 34
ROW 585 1 4 32 585 18
ROW 585 2 17 32 585 18
ROW 585 3 3 8 585 65
ROW 585 4 2 4 585 117
ROW 585 5 138 255 585 2
ROW 585 6 13 24 585 23
ROW 585 7 1 24 585 24
ROW 586 0 8 16 586 34
ROW 586 1 5 32 586 18
ROW 586 2 18 32 586 18
ROW 586 3 4 8 586 65
ROW 586 4 3 4 586 117
ROW 586 5 139 255 586 2
ROW 586 6 14 24 586 23
ROW 586 7 2 24 586 24
ROW 587 0 9 16 587 34
ROW 587 1 6 32 587 18
ROW 587 2 19 32 587 18
ROW 587 3 5 8 587 65
ROW 587 4 4 4 587 118
ROW 587 5 140 255 587 2
ROW 587 6 15 24 587 23
ROW 587 7 3 24 587 24
ROW 588 0 10 16 588 34
ROW 588 1 7 32 588 18
ROW 588 2 20 32 588 18
ROW 588 3 6 8 588 65
ROW 588 4 0 4 588 118
ROW 588 5 141 255 588 2
ROW 588 6 16 24 588 23
ROW 588 7 4 24 588 24
ROW 589 0 11 16 589 34
ROW 589 1 8 32 589 18
ROW 589 2 21 32 589 18
ROW 589 3 7 8 589 65
ROW 589 4 1 4 589 118
ROW 589 5 142 255 589 2
ROW 589 6 17 24 589 23
ROW 589 7 5 24 589 24
ROW 590 0 12 16 590 34
ROW 590 1 9 32 590 18
ROW 590 2 22 32 590 18
ROW 590 3 8 8 590 66
ROW 590 4 2 4 590 118
ROW 590 5 143 255 590 2
ROW 590 6 18 24 590 23
ROW 590 7 6 24 590 24
ROW 591 0 13 16 591 34
ROW 591 1 10 32 591 18
ROW 591 2 23 32 591 18
ROW 591 3 0 8 591 66
ROW 591 4 3 4 591 118
ROW 591 5 144 255 591 2
ROW 591 6 19 24 591 23
ROW 591 7 7 24 591 24
ROW 592 0 14 16 592 34
ROW 592 1 11 32 592 18
ROW 592 2 24 32 592 18
ROW 592 3 1 8 592 66
ROW 592 4 4 4 592 119
ROW 592 5 145 255 592 2
ROW 592 6 20 24 592 23
ROW 592 7 8 24 592 24
ROW 593 0 15 16 593 34
ROW 593 1 12 32 593 18
ROW 593 2 25 32 593 18
ROW 593 3 2 8 593 66
ROW 593 4 0 4 593 119
ROW 593 5 146 255 593 2
ROW 593 6 21 24 593 23
ROW 593 7 9 24 593 24
ROW 594 0 16 16 594 35
ROW 594 1 13 32 594 18
ROW 594 2 26 32 594 18
ROW 594 3 3 8 594 66
ROW 594 4 1 4 594 119
ROW 594 5 147 255 594 2
ROW 594 6 22 24 594 23
ROW 594 7 10 24 594 24
ROW 595 0 0 16 595 35
ROW 595 1 14 32 595 18
ROW 595 2 27 32 595 18
ROW 595 3 4 8 595 66
ROW 595 4 2 4 595 119
ROW 595 5 148 255 595 2
ROW 595 6 23 24 595 23
ROW 595 7 11 24 595 24
ROW 596 0 1 16 596 35
ROW 596 1 15 32 596 18
ROW 596 2 28 32 596 18
ROW 596 3 5 8 596 66
ROW 596 4 3 4 596 119
ROW 596 5 149 255 596 2
ROW 596 6 24 24 596 24
ROW 596 7 12 24 596 24
ROW 597 0 2 16 597 35
ROW 597 1 16 32 597 18
ROW 597 2 29 32 597 18
ROW 597 3 6 8 597 66
ROW 597 4 4 4 597 120
ROW 597 5 150 255 597 2
ROW 597 6 0 24 597 24
ROW 597 7 13 24 597 24
ROW 598 0 3 16 598 35
ROW 598 1 17 32 598 18
ROW 598 2 30 32 598 18
ROW 598 3 7 8 598 66
ROW 598 4 0 4 598 120
ROW 598 5 151 255 598 2
ROW 598 6 1 24 598 24
ROW 598 7 14 24 598 24
ROW 599 0 4 16 599 35
ROW 599 1 18 32 599 18
ROW 599 2 31 32 599 18
ROW 599 3 8 8 599 67
ROW 599 4 1 4 599 120
ROW 599 5 152 255 599 2
ROW 599 6 2 24 599 24
ROW 599 7 15 24 599 24
ROW 600 0 5 16 600 35
ROW 600 1 19 32 600 18
ROW 600 2 32 32 600 19
ROW 600 3 0 8 600 67
ROW 600 4 2 4 600 120
ROW 600 5 153 255 600 2
ROW 600 6 3 24 600 24
ROW 600 7 16 24 600 24
ROW 601 0 6 16 601 35
ROW 601 1 20 32 601 18
ROW 601 2 0 32 601 19
ROW 601 3 1 8 601 67
ROW 601 4 3 4 601 120
ROW 601 5 154 255 601 2
ROW 601 6 4 24 601 24
ROW 601 7 17 24 601 24
ROW 602 0 7 16 602 35
ROW 602 1 21 32 602 18
ROW 602 2 1 32 602 19
ROW 602 3 2 8 602 67
ROW 602 4 4 4 602 121
ROW 602 5 155 255 602 2
ROW 602 6 5 24 602 24
ROW 602 7 18 24 602 24
ROW 603 0 8 16 603 35
ROW 603 1 22 32 603 18
ROW 603 2 2 32 603 19
ROW 603 3 3 8 603 67
ROW 603 4 0 4 603 121
ROW 603 5 156 255 603 2
ROW 603 6 6 24 603 24
ROW 603 7 19 24 603 24
ROW 604 0 9 16 604 35
ROW 604 1 23 32 604 18
ROW 604 2 3 32 604 19
ROW 604 3 4 8 604 67
ROW 604 4 1 4 604 121
ROW 604 5 157 255 604 2
ROW 604 6 7 24 604 24
ROW 604 7 20 24 604 24
ROW 605 0 10 16 605 35
ROW 605 1 24 32 605 18
ROW 605 2 4 32 605 19
ROW 605 3 5 8 605 67
ROW 605 4 2 4 605 121
ROW 605 5 158 255 605 2
ROW 605 6 8 24 605 24
ROW 605 7 21 24 605 24
ROW 606 0 11 16 606 35
ROW 606 1 25 32 606 18
ROW 606 2 5 32 606 19
ROW 606 3 6 8 606 67
ROW 606 4 3 4 606 121
ROW 606 5 159 255 606 2
ROW 606 6 9 24 606 24
ROW 606 7 22 24 606 24
ROW 607 0 12 16 607 35
ROW 607 1 26 32 607 18
ROW 607 2 6 32 607 19
ROW 607 3 7 8 607 67
ROW 607 4 4 4 607 122
ROW 607 5 160 255 607 2
ROW 607 6 10 24 607 24
ROW 607 7 23 24 607 24
ROW 608 0 13 16 608 35
ROW 608 1 27 32 608 18
ROW 608 2 7 32 608 19
ROW 608 3 8 8 608 68
ROW 608 4 0 4 608 122
ROW 608 5 161 255 608 2
ROW 608 6 11 24 608 24
ROW 608 7 24 24 608 25
ROW 609 0 14 16 609 35
ROW 609 1 28 32 609 18
ROW 609 2 8 32 609 19
ROW 609 3 0 8 609 68
ROW 609 4 1 4 609 122
ROW 609 5 162 255 609 2
ROW 609 6 12 24 609 24
ROW 609 7 0 24 609 25
ROW 610 0 15 16 610 35
ROW 610 1 29 32 610 18
ROW 610 2 9 32 610 19
ROW 610 3 1 8 610 68
ROW 610 4 2 4 610 122
ROW 610 5 163 255 610 2
ROW 610 6 13 24 610 24
ROW 610 7 1 24 610 25
ROW 611 0 16 16 611 36
ROW 611 1 30 32 611 18
ROW 611 2 10 32 611 19
ROW 611 3 2 8 611 68
ROW 611 4 3 4 611 122
ROW 611 5 164 255 611 2
ROW 611 6 14 24 611 24
ROW 611 7 2 24 611 25
ROW 612 0 0 16 612 36
ROW 612 1 31 32 612 18
ROW 612 2 11 32 612 19
ROW 612 3 3 8 612 68
ROW 612 4 4 4 612 123
ROW 612 5 165 255 612 2
ROW 612 6 15 24 612 24
ROW 612 7 3 24 612 25
ROW 613 0 1 16 613 36
ROW 613 1 32 32 613 19
ROW 613 2 12 32 613 19
ROW 613 3 4 8 613 68
ROW 613 4 0 4 613 123
ROW 613 5 166 255 613 2
ROW 613 6 16 24 613 24
ROW 613 7 4 24 613 25
ROW 614 0 2 16 614 36
ROW 614 1 0 32 614 19
ROW 614 2 13 32 614 19
ROW 614 3 5 8 614 68
ROW 614 4 1 4 614 123
ROW 614 5 167 255 614 2
ROW 614 6 17 24 614 24
ROW 614 7 5 24 614 25
ROW 615 0 3 16 615 36
ROW 615 1 1 32 615 19
ROW 615 2 14 32 615 19
ROW 615 3 6 8 615 68
ROW 615 4 2 4 615 123
ROW 615 5 168 255 615 2
ROW 615 6 18 24 615 24
ROW 615 7 6 24 615 25
ROW 616 0 4 16 616 36
ROW 616 1 2 32 616 19
ROW 616 2 15 32 616 19
ROW 616 3 7 8 616 68
ROW 616 4 3 4 616 123
ROW 616 5 169 255 616 2
ROW 616 6 19 24 616 24
ROW 616 7 7 24 616 25
ROW 617 0 5 16 617 36
ROW 617 1 3 32 617 19
ROW 617 2 16 32 617 19
ROW 617 3 8 8 617 69
ROW 617 4 4 4 617 124
ROW 617 5 170 255 617 2
ROW 617 6 20 24 617 24
ROW 617 7 8 24 617 25
ROW 618 0 6 16 618 36
ROW 618 1 4 32 618 19
ROW 618 2 17 32 618 19
ROW 618 3 0 8 618 69
ROW 618 4 0 4 618 124
ROW 618 5 171 255 618 2
ROW 618 6 21 24 618 24
ROW 618 7 9 24 618 25
ROW 619 0 7 16 619 36
ROW 619 1 5 32 619 19
ROW 619 2 18 32 619 19
ROW 619 3 1 8 619 69
ROW 619 4 1 4 619 124
ROW 619 5 172 255 619 2
ROW 619 6 22 24 619 24
ROW 619 7 10 24 619 25
ROW 620 0 8 16 620 36
ROW 620 1 6 32 620 19
ROW 620 2 19 32 620 19
ROW 620 3 2 8 620 69
ROW 620 4 2 4 620 124
ROW 620 5 173 255 620 2
ROW 620 6 23 24 620 24
ROW 620 7 11 24 620 25
ROW 621 0 9 16 621 36
ROW 621 1 7 32 621 19
ROW 621 2 20 32 621 19
ROW 621 3 3 8 621 69
ROW 621 4 3 4 621 124
ROW 621 5 174 255 621 2
ROW 621 6 24 24 621 25
ROW 621 7 12 24 621 25
ROW 622 0 10 16 622 36
ROW 622 1 8 32 622 19
ROW 622 2 21 32 622 19
ROW 622 3 4 8 622 69
ROW 622 4 4 4 622 125
ROW 622 5 175 255 622 2
ROW 622 6 0 24 622 25
ROW 622 7 13 24 622 25
ROW 623 0 11 16 623 36
ROW 623 1 9 32 623 19
ROW 623 2 22 32 623 19
ROW 623 3 5 8 623 69
ROW 623 4 0 4 623 125
ROW 623 5 176 255 623 2
ROW 623 6 1 24 623 25
ROW 623 7 14 24 623 25
ROW 624 0 12 16 624 36
ROW 624 1 10 32 624 19
ROW 624 2 23 32 624 19
ROW 624 3 6 8 624 69
ROW 624 4 1 4 624 125
ROW 624 5 177 255 624 2
ROW 624 6 2 24 624 25
ROW 624 7 15 24 624 25
ROW 625 0 13 16 625 36
ROW 625 1 11 32 625 19
ROW 625 2 24 32 625 19
ROW 625 3 7 8 625 69
ROW 625 4 2 4 625 125
ROW 625 5 178 255 625 2
ROW 625 6 3 24 625 25
ROW 625 7 16 24 625 25
ROW 626 0 14 16 626 36
ROW 626 1 12 32 626 19
ROW 626 2 25 32 626 19
ROW 626 3 8 8 626 70
ROW 626 4 3 4 626 125
ROW 626 5 179 255 626 2
ROW 626 6 4 24 626 25
ROW 626 7 17 24 626 25
ROW 627 0 15 16 627 36
ROW 627 1 13 32 627 19
ROW 627 2 26 32 627 19
ROW 627 3 0 8 627 70
ROW 627 4 4 4 627 126
ROW 627 5 180 255 627 2
ROW 627 6 5 24 627 25
ROW 627 7 18 24 627 25
ROW 628 0 16 16 628 37
ROW 628 1 14 32 628 19
ROW 628 2 27 32 628 19
ROW 628 3 1 8 628 70
ROW 628 4 0 4 628 126
ROW 628 5 181 255 628 2
ROW 628 6 6 24 628 25
ROW 628 7 19 24 628 25
ROW 629 0 0 16 629 37
ROW 629 1 15 32 629 19
ROW 629 2 28 32 629 19
ROW 629 3 2 8 629 70
ROW 629 4 1 4 629 126
ROW 629 5 182 255 629 2
ROW 629 6 7 24 629 25
ROW 629 7 20 24 629 25
ROW 630 0 1 16 630 37
ROW 630 1 16 32 630 19
ROW 630 2 29 32 630 19
ROW 630 3 3 8 630 70
ROW 630 4 2 4 630 126
ROW 630 5 183 255 630 2
ROW 630 6 8 24 630 25
ROW 630 7 21 24 630 25
ROW 631 0 2 16 631 37
ROW 631 1 17 32 631 19
ROW 631 2 30 32 631 19
ROW 631 3 4 8 631 70
ROW 631 4 3 4 631 126
ROW 631 5 184 255 631 2
ROW 631 6 9 24 631 25
ROW 631 7 22 24 631 25
ROW 632 0 3 16 632 37
ROW 632 1 18 32 632 19
ROW 632 2 31 32 632 19
ROW 632 3 5 8 632 70
ROW 632 4 4 4 632 127
ROW 632 5 185 255 632 2
ROW 632 6 10 24 632 25
ROW 632 7 23 24 632 25
ROW 633 0 4 16 633 37
ROW 633 1 19 32 633 19
ROW 633 2 32 32 633 20
ROW 633 3 6 8 633 70
ROW 633 4 0 4 633 127
ROW 633 5 186 255 633 2
ROW 633 6 11 24 633 25
ROW 633 7 24 24 633 26
ROW 634 0 5 16 634 37
ROW 634 1 20 32 634 19
ROW 634 2 0 32 634 20
ROW 634 3 7 8 634 70
ROW 634 4 1 4 634 127
ROW 634 5 187 255 634 2
ROW 634 6 12 24 634 25
ROW 634 7 0 24 634 26
ROW 635 0 6 16 635 37
ROW 635 1 21 32 635 19
ROW 635 2 1 32 635 20
ROW 635 3 8 8 635 71
ROW 635 4 2 4 635 127
ROW 635 5 188 255 635 2
ROW 635 6 13 24 635 25
ROW 635 7 1 24 635 26
ROW 636 0 7 16 636 37
ROW 636 1 22 32 636 19
ROW 636 2 2 32 636 20
ROW 636 3 0 8 636 71
ROW 636 4 3 4 636 127
ROW 636 5 189 255 636 2
ROW 636 6 14 24 636 25
ROW 636 7 2 24 636 26
ROW 637 0 8 16 637 37
ROW 637 1 23 32 637 19
ROW 637 2 3 32 637 20
ROW 637 3 1 8 637 71
ROW 637 4 4 4 637 128
ROW 637 5 190 255 637 2
ROW 637 6 15 24 637 25
ROW 637 7 3 24 637 26
ROW 638 0 9 16 638 37
ROW 638 1 24 32 638 19
ROW 638 2 4 32 638 20
ROW 638 3 2 8 638 71
ROW 638 4 0 4 638 128
ROW 638 5 191 255 638 2
ROW 638 6 16 24 638 25
ROW 638 7 4 24 638 26
ROW 639 0 10 16 639 37
ROW 639 1 25 32 639 19
ROW 639 2 5 32 639 20
ROW 639 3 3 8 639 71
ROW 639 4 1 4 639 128
ROW 639 5 192 255 639 2
ROW 639 6 17 24 639 25
ROW 639 7 5 24 639 26
ROW 640 0 11 16 640 37
ROW 640 1 26 32 640 19
ROW 640 2 6 32 640 20
ROW 640 3 4 8 640 71
ROW 640 4 2 4 640 128
ROW 640 5 193 255 640 2
ROW 640 6 18 24 640 25
ROW 640 7 6 24 640 26
ROW 641 0 12 16 641 37
ROW 641 1 27 32 641 19
ROW 641 2 7 32 641 20
ROW 641 3 5 8 641 71
ROW 641 4 3 4 641 128
ROW 641 5 194 255 641 2
ROW 641 6 19 24 641 25
ROW 641 7 7 24 641 26
ROW 642 0 13 16 642 37
ROW 642 1 28 32 642 19
ROW 642 2 8 32 642 20
ROW 642 3 6 8 642 71
ROW 642 4 4 4 642 129
ROW 642 5 195 255 642 2
ROW 642 6 20 24 642 25
ROW 642 7 8 24 642 26
ROW 643 0 14 16 643 37
ROW 643 1 29 32 643 19
ROW 643 2 9 32 643 20
ROW 643 3 7 8 643 71
ROW 643 4 0 4 643 129
ROW 643 5 196 255 643 2
ROW 643 6 21 24 643 25
ROW 643 7 9 24 643 26
ROW 644 0 15 16 644 37
ROW 644 1 30 32 644 19
ROW 644 2 10 32 644 20
ROW 644 3 8 8 644 72
ROW 644 4 1 4 644 129
ROW 644 5 197 255 644 2
ROW 644 6 22 24 644 25
ROW 644 7 10 24 644 26
ROW 645 0 16 16 645 38
ROW 645 1 31 32 645 19
ROW 645 2 11 32 645 20
ROW 645 3 0 8 645 72
ROW 645 4 2 4 645 129
ROW 645 5 198 255 645 2
ROW 645 6 23 24 645 25
ROW 645 7 11 24 645 26
ROW 646 0 0 16 646 38
ROW 646 1 32 32 646 20
ROW 646 2 12 32 646 20
ROW 646 3 1 8 646 72
ROW 646 4 3 4 646 129
ROW 646 5 199 255 646 2
ROW 646 6 24 24 646 26
ROW 646 7 12 24 646 26
ROW 647 0 1 16 647 38
ROW 647 1 0 32 647 20
ROW 647 2 13 32 647 20
ROW 647 3 2 8 647 72
ROW 647 4 4 4 647 130
ROW 647 5 200 255 647 2
ROW 647 6 0 24 647 26
ROW 647 7 13 24 647 26
ROW 648 0 2 16 648 38
ROW 648 1 1 32 648 20
ROW 648 2 14 32 648 20
ROW 648 3 3 8 648 72
ROW 648 4 0 4 648 130
ROW 648 5 201 255 648 2
ROW 648 6 1 24 648 26
ROW 648 7 14 24 648 26
ROW 649 0 3 16 649 38
ROW 649 1 2 32 649 20
ROW 649 2 15 32 649 20
ROW 649 3 4 8 649 72
ROW 649 4 1 4 649 130
ROW 649 5 202 255 649 2
ROW 649 6 2 24 649 26
ROW 649 7 15 24 649 26
ROW 650 0 4 16 650 38
ROW 650 1 3 32 650 20
ROW 650 2 16 32 650 20
ROW 650 3 5 8 650 72
ROW 650 4 2 4 650 130
ROW 650 5 203 255 650 2
ROW 650 6 3 24 650 26
ROW 650 7 16 24 650 26
ROW 651 0 5 16 651 38
ROW 651 1 4 32 651 20
ROW 651 2 17 32 651 20
ROW 651 3 6 8 651 72
ROW 651 4 3 4 651 130
ROW 651 5 204 255 651 2
ROW 651 6 4 24 651 26
ROW 651 7 17 24 651 26
ROW 652 0 6 16 652 38
ROW 652 1 5 32 652 20
ROW 652 2 18 32 652 20
ROW 652 3 7 8 652 72
ROW 652 4 4 4 652 131
ROW 652 5 205 255 652 2
ROW 652 6 5 24 652 26
ROW 652 7 18 24 652 26
ROW 653 0 7 16 653 38
ROW 653 1 6 32 653 20
ROW 653 2 19 32 653 20
ROW 653 3 8 8 653 73
ROW 653 4 0 4 653 131
ROW 653 5 206 255 653 2
ROW 653 6 6 24 653 26
ROW 653 7 19 24 653 26
ROW 654 0 8 16 654 38
ROW 654 1 7 32 654 20
ROW 654 2 20 32 654 20
ROW 654 3 0 8 654 73
ROW 654 4 1 4 654 131
ROW 654 5 207 255 654 2
ROW 654 6 7 24 654 26
ROW 654 7 20 24 654 26
ROW 655 0 9 16 655 38
ROW 655 1 8 32 655 20
ROW 655 2 21 32 655 20
ROW 655 3 1 8 655 73
ROW 655 4 2 4 655 131
ROW 655 5 208 255 655 2
ROW 655 6 8 24 655 26
ROW 655 7 21 24 655 26
ROW 656 0 10 16 656 38
ROW 656 1 9 32 656 20
ROW 656 2 22 32 656 20
ROW 656 3 2 8 656 73
ROW 656 4 3 4 656 131
ROW 656 5 209 255 656 2
ROW 656 6 9 24 656 26
ROW 656 7 22 24 656 26
ROW 657 0 11 16 657 38
ROW 657 1 10 32 657 20
ROW 657 2 23 32 657 20
ROW 657 3 3 8 657 73
ROW 657 4 4 4 657 132
ROW 657 5 210 255 657 2
ROW 657 6 10 24 657 26
ROW 657 7 23 24 657 26
ROW 658 0 12 16 658 38
ROW 658 1 11 32 658 20
ROW 658 2 24 32 658 20
ROW 658 3 4 8 658 73
ROW 658 4 0 4 658 132
ROW 658 5 211 255 658 2
ROW 658 6 11 24 658 26
ROW 658 7 24 24 658 27
ROW 659 0 13 16 659 38
ROW 659 1 12 32 659 20
ROW 659 2 25 32 659 20
ROW 659 3 5 8 659 73
ROW 659 4 1 4 659 132
ROW 659 5 212 255 659 2
ROW 659 6 12 24 659 26
ROW 659 7 0 24 659 27
ROW 660 0 14 16 660 38
ROW 660 1 13 32 660 20
ROW 660 2 26 32 660 20
ROW 660 3 6 8 660 73
ROW 660 4 2 4 660 132
ROW 660 5 213 255 660 2
ROW 660 6 13 24 660 26
ROW 660 7 1 24 660 27
ROW 661 0 15 16 661 38
ROW 661 1 14 32 661 20
ROW 661 2 27 32 661 20
ROW 661 3 7 8 661 73
ROW 661 4 3 4 661 132
ROW 661 5 214 255 661 2
ROW 661 6 14 24 661 26
ROW 661 7 2 24 661 27
ROW 662 0 16 16 662 39
ROW 662 1 15 32 662 20
ROW 662 2 28 32 662 20
ROW 662 3 8 8 662 74
ROW 662 4 4 4 662 133
ROW 662 5 215 255 662 2
ROW 662 6 15 24 662 26
ROW 662 7 3 24 662 27
ROW 663 0 0 16 663 39
ROW 663 1 16 32 663 20
ROW 663 2 29 32 663 20
ROW 663 3 0 8 663 74
ROW 663 4 0 4 663 133
ROW 663 5 216 255 663 2
ROW 663 6 16 24 663 26
ROW 663 7 4 24 663 27
ROW 664 0 1 16 664 39
ROW 664 1 17 32 664 20
ROW 664 2 30 32 664 20
ROW 664 3 1 8 664 74
ROW 664 4 1 4 664 133
ROW 664 5 217 255 664 2
ROW 664 6 17 24 664 26
ROW 664 7 5 24 664 27
ROW 665 0 2 16 665 39
ROW 665 1 18 32 665 20
ROW 665 2 31 32 665 20
ROW 665 3 2 8 665 74
ROW 665 4 2 4 665 133
ROW 665 5 218 255 665 2
ROW 665 6 18 24 665 26
ROW 665 7 6 24 665 27
ROW 666 0 3 16 666 39
ROW 666 1 19 32 666 20
ROW 666 2 32 32 666 21
ROW 666 3 3 8 666 74
ROW 666 4 3 4 666 133
ROW 666 5 219 255 666 2
ROW 666 6 19 24 666 26
ROW 666 7 7 24 666 27
ROW 667 0 4 16 667 39
ROW 667 1 20 32 667 20
ROW 667 2 0 32 667 21
ROW 667 3 4 8 667 74
ROW 667 4 4 4 667 134
ROW 667 5 220 255 667 2
ROW 667 6 20 24 667 26
ROW 667 7 8 24 667 27
ROW 668 0 5 16 668 39
ROW 668 1 21 32 668 20
ROW 668 2 1 32 668 21
ROW 668 3 5 8 668 74
ROW 668 4 0 4 668 134
ROW 668 5 221 255 668 2
ROW 668 6 21 24 668 26
ROW 668 7 9 24 668 27
ROW 669 0 6 16 669 39
ROW 669 1 22 32 669 20
ROW 669 2 2 32 669 21
ROW 669 3 6 8 669 74
ROW 669 4 1 4 669 134
ROW 669 5 222 255 669 2
ROW 669 6 22 24 669 26
ROW 669 7 10 24 669 27
ROW 670 0 7 16 670 39
ROW 670 1 23 32 670 20
ROW 670 2 3 32 670 21
ROW 670 3 7 8 670 74
ROW 670 4 2 4 670 134
ROW 670 5 223 255 670 2
ROW 670 6 23 24 670 26
ROW 670 7 11 24 670 27
ROW 671 0 8 16 671 39
ROW 671 1 24 32 671 20
ROW 671 2 4 32 671 21
ROW 671 3 8 8 671 75
ROW 671 4 3 4 671 134
ROW 671 5 224 255 671 2
ROW 671 6 24 24 671 27
ROW 671 7 12 24 671 27
ROW 672 0 9 16 672 39
ROW 672 1 25 32 672 20
ROW 672 2 5 32 672 21
ROW 672 3 0 8 672 75
ROW 672 4 4 4 672 135
ROW 672 5 225 255 672 2
ROW 672 6 0 24 672 27
ROW 672 7 13 24 672 27
ROW 673 0 10 16 673 39
ROW 673 1 26 32 673 20
ROW 673 2 6 32 673 21
ROW 673 3 1 8 673 75
ROW 673 4 0 4 673 135
ROW 673 5 226 255 673 2
ROW 673 6 1 24 673 27
ROW 673 7 14 24 673 27
ROW 674 0 11 16 674 39
ROW 674 1 27 32 674 20
ROW 674 2 7 32 674 21
ROW 674 3 2 8 674 75
ROW 674 4 1 4 674 135
ROW 674 5 227 255 674 2
ROW 674 6 2 24 674 27
ROW 674 7 15 24 674 27
ROW 675 0 12 16 675 39
ROW 675 1 28 32 675 20
ROW 675 2 8 32 675 21
ROW 675 3 3 8 675 75
ROW 675 4 2 4 675 135
ROW 675 5 228 255 675 2
ROW 675 6 3 24 675 27
ROW 675 7 16 24 675 27
ROW 676 0 13 16 676 39
ROW 676 1 29 32 676 20
ROW 676 2 9 32 676 21
ROW 676 3 4 8 676 75
ROW 676 4 3 4 676 135
ROW 676 5 229 255 676 2
ROW 676 6 4 24 676 27
ROW 676 7 17 24 676 27
ROW 677 0 14 16 677 39
ROW 677 1 30 32 677 20
ROW 677 2 10 32 677 21
ROW 677 3 5 8 677 75
ROW 677 4 4 4 677 136
ROW 677 5 230 255 677 2
ROW 677 6 5 24 677 27
ROW 677 7 18 24 677 27
ROW 678 0 15 16 678 39
ROW 678 1 31 32 678 20
ROW 678 2 11 32 678 21
ROW 678 3 6 8 678 75
ROW 678 4 0 4 678 136
ROW 678 5 231 255 678 2
ROW 678 6 6 24 678 27
ROW 678 7 19 24 678 27
ROW 679 0 16 16 679 40
ROW 679 1 32 32 679 21
ROW 679 2 12 32 679 21
ROW 679 3 7 8 679 75
ROW 679 4 1 4 679 136
ROW 679 5 232 255 679 2
ROW 679 6 7 24 679 27
ROW 679 7 20 24 679 27
ROW 680 0 0 16 680 40
ROW 680 1 0 32 680 21
ROW 680 2 13 32 680 21
ROW 680 3 8 8 680 76
ROW 680 4 2 4 680 136
ROW 680 5 233 255 680 2
ROW 680 6 8 24 680 27
ROW 680 7 21 24 680 27
ROW 681 0 1 16 681 40
ROW 681 1 1 32 681 21
ROW 681 2 14 32 681 21
ROW 681 3 0 8 681 76
ROW 681 4 3 4 681 136
ROW 681 5 234 255 681 2
ROW 681 6 9 24 681 27
ROW 681 7 22 24 681 27
ROW 682 0 2 16 682 40
ROW 682 1 2 32 682 21
ROW 682 2 15 32 682 21
ROW 682 3 1 8 682 76
ROW 682 4 4 4 682 137
ROW 682 5 235 255 682 2
ROW 682 6 10 24 682 27
ROW 682 7 23 24 682 27
ROW 683 0 3 16 683 40
ROW 683 1 3 32 683 21
ROW 683 2 16 32 683 21
ROW 683 3 2 8 683 76
ROW 683 4 0 4 683 137
ROW 683 5 236 255 683 2
ROW 683 6 11 24 683 27
ROW 683 7 24 24 683 28
ROW 684 0 4 16 684 40
ROW 684 1 4 32 684 21
ROW 684 2 17 32 684 21
ROW 684 3 3 8 684 76
ROW 684 4 1 4 684 137
ROW 684 5 237 255 684 2
ROW 684 6 12 24 684 27
ROW 684 7 0 24 684 28
ROW 685 0 5 16 685 40
ROW 685 1 5 32 685 21
ROW 685 2 18 32 685 21
ROW 685 3 4 8 685 76
ROW 685 4 2 4 685 137
ROW 685 5 238 255 685 2
ROW 685 6 13 24 685 27
ROW 685 7 1 24 685 28
ROW 686 0 6 16 686 40
ROW 686 1 6 32 686 21
ROW 686 2 19 32 686 21
ROW 686 3 5 8 686 76
ROW 686 4 3 4 686 137
ROW 686 5 239 255 686 2
ROW 686 6 14 24 686 27
ROW 686 7 2 24 686 28
ROW 687 0 7 16 687 40
ROW 687 1 7 32 687 21
ROW 687 2 20 32 687 21
ROW 687 3 6 8 687 76
ROW 687 4 4 4 687 138
ROW 687 5 240 255 687 2
ROW 687 6 15 24 687 27
ROW 687 7 3 24 687 28
ROW 688 0 8 16 688 40
ROW 688 1 8 32 688 21
ROW 688 2 21 32 688 21
ROW 688 3 7 8 688 76
ROW 688 4 0 4 688 138
ROW 688 5 241 255 688 2
ROW 688 6 16 24 688 27
ROW 688 7 4 24 688 28
ROW 689 0 9 16 689 40
ROW 689 1 9 32 689 21
ROW 689 2 22 32 689 21
ROW 689 3 8 8 689 77
ROW 689 4 1 4 689 138
ROW 689 5 242 255 689 2
ROW 689 6 17 24 689 27
ROW 689 7 5 24 689 28
ROW 690 0 10 16 690 40
ROW 690 1 10 32 690 21
ROW 690 2 23 32 690 21
ROW 690 3 0 8 690 77
ROW 690 4 2 4 690 138
ROW 690 5 243 255 690 2
ROW 690 6 18 24 690 27
ROW 690 7 6 24 690 28
ROW 691 0 11 16 691 40
ROW 691 1 11 32 691 21
ROW 691 2 24 32 691 21
ROW 691 3 1 8 691 77
ROW 691 4 3 4 691 138
ROW 691 5 244 255 691 2
ROW 691 6 19 24 691 27
ROW 691 7 7 24 691 28
ROW 692 0 12 16 692 40
ROW 692 1 12 32 692 21
ROW 692 2 25 32 692 21
ROW 692 3 2 8 692 77
ROW 692 4 4 4 692 139
ROW 692 5 245 255 692 2
ROW 692 6 20 24 692 27
ROW 692 7 8 24 692 28
ROW 693 0 13 16 693 40
ROW 693 1 13 32 693 21
ROW 693 2 26 32 693 21
ROW 693 3 3 8 693 77
ROW 693 4 0 4 693 139
ROW 693 5 246 255 693 2
ROW 693 6 21 24 693 27
ROW 693 7 9 24 693 28
ROW 694 0 14 16 694 40
ROW 694 1 14 32 694 21
ROW 694 2 27 32 694 21
ROW 694 3 4 8 694 77
ROW 694 4 1 4 694 139
ROW 694 5 247 255 694 2
ROW 694 6 22 24 694 27
ROW 694 7 10 24 694 28
ROW 695 0 15 16 695 40
ROW 695 1 15 32 695 21
ROW 695 2 28 32 695 21
ROW 695 3 5 8 695 77
ROW 695 4 2 4 695 139
ROW 695 5 248 255 695 2
ROW 695 6 23 24 695 27
ROW 695 7 11 24 695 28
ROW 696 0 16 16 696 41
ROW 696 1 16 32 696 21
ROW 696 2 29 32 696 21
ROW 696 3 6 8 696 77
ROW 696 4 3 4 696 139
ROW 696 5 249 255 696 2
ROW 696 6 24 24 696 28
ROW 696 7 12 24 696 28
ROW 697 0 0 16 697 41
ROW 697 1 17 32 697 21
ROW 697 2 30 32 697 21
ROW 697 3 7 8 697 77
ROW 697 4 4 4 697 140
ROW 697 5 250 255 697 2
ROW 697 6 0 24 697 28
ROW 697 7 13 24 697 28
ROW 698 0 1 16 698 41
ROW 698 1 18 32 698 21
ROW 698 2 31 32 698 21
ROW 698 3 8 8 698 78
ROW 698 4 0 4 698 140
ROW 698 5 251 255 698 2
ROW 698 6 1 24 698 28
ROW 698 7 14 24 698 28
ROW 699 0 2 16 699 41
ROW 699 1 19 32 699 21
ROW 699 2 32 32 699 22
ROW 699 3 0 8 699 78
ROW 699 4 1 4 699 140
ROW 699 5 252 255 699 2
ROW 699 6 2 24 699 28
ROW 699 7 15 24 699 28
ROW 700 0 3 16 700 41
ROW 700 1 20 32 700 21
ROW 700 2 0 32 700 22
ROW 700 3 1 8 700 78
ROW 700 4 2 4 700 140
ROW 700 5 253 255 700 2
ROW 700 6 3 24 700 28
ROW 700 7 16 24 700 28
ROW 701 0 4 16 701 41
ROW 701 1 21 32 701 21
ROW 701 2 1 32 701 22
ROW 701 3 2 8 701 78
ROW 701 4 3 4 701 140
ROW 701 5 254 255 701 2
ROW 701 6 4 24 701 28
ROW 701 7 17 24 701 28
ROW 702 0 5 16 702 41
ROW 702 1 22 32 702 21
ROW 702 2 2 32 702 22
ROW 702 3 3 8 702 78
ROW 702 4 4 4 702 141
ROW 702 5 255 255 702 3
ROW 702 6 5 24 702 28
ROW 702 7 18 24 702 28
ROW 703 0 6 16 703 41
ROW 703 1 23 32 703 21
ROW 703 2 3 32 703 22
ROW 703 3 4 8 703 78
ROW 703 4 0 4 703 141
ROW 703 5 0 255 703 3
ROW 703 6 6 24 703 28
ROW 703 7 19 24 703 28
ROW 704 0 7 16 704 41
ROW 704 1 24 32 704 21
ROW 704 2 4 32 704 22
ROW 704 3 5 8 704 78
ROW 704 4 1 4 704 141
ROW 704 5 1 255 704 3
ROW 704 6 7 24 704 28
ROW 704 7 20 24 704 28
ROW 705 0 8 16 705 41
ROW 705 1 25 32 705 21
ROW 705 2 5 32 705 22
ROW 705 3 6 8 705 78
ROW 705 4 2 4 705 141
ROW 705 5 2 255 705 3
ROW 705 6 8 24 705 28
ROW 705 7 21 24 705 28
ROW 706 0 9 16 706 41
ROW 706 1 26 32 706 21
ROW 706 2 6 32 706 22
ROW 706 3 7 8 706 78
ROW 706 4 3 4 706 141
ROW 706 5 3 255 706 3
ROW 706 6 9 24 706 28
ROW 706 7 22 24 706 28
ROW 707 0 10 16 707 41
ROW 707 1 27 32 707 21
ROW 707 2 7 32 707 22
ROW 707 3 8 8 707 79
ROW 707 4 4 4 707 142
ROW 707 5 4 255 707 3
ROW 707 6 10 24 707 28
ROW 707 7 23 24 707 28
ROW 708 0 11 16 708 41
ROW 708 1 28 32 708 21
ROW 708 2 8 32 708 22
ROW 708 3 0 8 708 79
ROW 708 4 0 4 708 142
ROW 708 5 5 255 708 3
ROW 708 6 11 24 708 28
ROW 708 7 24 24 708 29
ROW 709 0 12 16 709 41
ROW 709 1 29 32 709 21
ROW 709 2 9 32 709 22
ROW 709 3 1 8 709 79
ROW 709 4 1 4 709 142
ROW 709 5 6 255 709 3
ROW 709 6 12 24 709 28
ROW 709 7 0 24 709 29
ROW 710 0 13 16 710 41
ROW 710 1 30 32 710 21
ROW 710 2 10 32 710 22
ROW 710 3 2 8 710 79
ROW 710 4 2 4 710 142
ROW 710 5 7 255 710 3
ROW 710 6 13 24 710 28
ROW 710 7 1 24 710 29
ROW 711 0 14 16 711 41
ROW 711 1 31 32 711 21
ROW 711 2 11 32 711 22
ROW 711 3 3 8 711 79
ROW 711 4 3 4 711 142
ROW 711 5 8 255 711 3
ROW 711 6 14 24 711 28
ROW 711 7 2 24 711 29
ROW 712 0 15 16 712 41
ROW 712 1 32 32 712 22
ROW 712 2 12 32 712 22
ROW 712 3 4 8 712 79
ROW 712 4 4 4 712 143
ROW 712 5 9 255 712 3
ROW 712 6 15 24 712 28
ROW 712 7 3 24 712 29
ROW 713 0 16 16 713 42
ROW 713 1 0 32 713 22
ROW 713 2 13 32 713 22
ROW 713 3 5 8 713 79
ROW 713 4 0 4 713 143
ROW 713 5 10 255 713 3
ROW 713 6 16 24 713 28
ROW 713 7 4 24 713 29
ROW 714 0 0 16 714 42
ROW 714 1 1 32 714 22
ROW 714 2 14 32 714 22
ROW 714 3 6 8 714 79
ROW 714 4 1 4 714 143
ROW 714 5 11 255 714 3
ROW 714 6 17 24 714 28
ROW 714 7 5 24 714 29
ROW 715 0 1 16 715 42
ROW 715 1 2 32 715 22
ROW 715 2 15 32 715 22
ROW 715 3 7 8 715 79
ROW 715 4 2 4 715 143
ROW 715 5 12 255 715 3
ROW 715 6 18 24 715 28
ROW 715 7 6 24 715 29
ROW 716 0 2 16 716 42
ROW 716 1 3 32 716 22
ROW 716 2 16 32 716 22
ROW 716 3 8 8 716 80
ROW 716 4 3 4 716 143
ROW 716 5 13 255 716 3
ROW 716 6 19 24 716 28
ROW 716 7 7 24 716 29
ROW 717 0 3 16 717 42
ROW 717 1 4 32 717 22
ROW 717 2 17 32 717 22
ROW 717 3 0 8 717 80
ROW 717 4 4 4 717 144
ROW 717 5 14 255 717 3
ROW 717 6 20 24 717 28
ROW 717 7 8 24 717 29
ROW 718 0 4 16 718 42
ROW 718 1 5 32 718 22
ROW 718 2 18 32 718 22
ROW 718 3 1 8 718 80
ROW 718 4 0 4 718 144
ROW 718 5 15 255 718 3
ROW 718 6 21 24 718 28
ROW 718 7 9 24 718 29
ROW 719 0 5 16 719 42
ROW 719 1 6 32 719 22
ROW 719 2 19 32 719 22
ROW 719 3 2 8 719 80
ROW 719 4 1 4 719 144
ROW 719 5 16 255 719 3
ROW 719 6 22 24 719 28
ROW 719 7 10 24 719 29
ROW 720 0 6 16 720 42
ROW 720 1 7 32 720 22
ROW 720 2 20 32 720 22
ROW 720 3 3 8 720 80
ROW 720 4 2 4 720 144
ROW 720 5 17 255 720 3
ROW 720 6 23 24 720 28
ROW 720 7 11 24 720 29
ROW 721 0 7 16 721 42
ROW 721 1 8 32 721 22
ROW 721 2 21 32 721 22
ROW 721 3 4 8 721 80
ROW 721 4 3 4 721 144
ROW 721 5 18 255 721 3
ROW 721 6 24 24 721 29
ROW 721 7 12 24 721 29
ROW 722 0 8 16 722 42
ROW 722 1 9 32 722 22
ROW 722 2 22 32 722 22
ROW 722 3 5 8 722 80
ROW 722 4 4 4 722 145
ROW 722 5 19 255 722 3
ROW 722 6 0 24 722 29
ROW 722 7 13 24 722 29
ROW 723 0 9 16 723 42
ROW 723 1 10 32 723 22
ROW 723 2 23 32 723 22
ROW 723 3 6 8 723 80
ROW 723 4 0 4 723 145
ROW 723 5 20 255 723 3
ROW 723 6 1 24 723 29
ROW 723 7 14 24 723 29
ROW 724 0 10 16 724 42
ROW 724 1 11 32 724 22
ROW 724 2 24 32 724 22
ROW 724 3 7 8 724 80
ROW 724 4 1 4 724 145
ROW 724 5 21 255 724 3
ROW 724 6 2 24 724 29
ROW 724 7 15 24 724 29
ROW 725 0 11 16 725 42
ROW 725 1 12 32 725 22
ROW 725 2 25 32 725 22
ROW 725 3 8 8 725 81
ROW 725 4 2 4 725 145
ROW 725 5 22 255 725 3
ROW 725 6 3 24 725 29
ROW 725 7 16 24 725 29
ROW 726 0 12 16 726 42
ROW 726 1 13 32 726 22
ROW 726 2 26 32 726 22
ROW 726 3 0 8 726 81
ROW 726 4 3 4 726 145
ROW 726 5 23 255 726 3
ROW 726 6 4 24 726 29
ROW 726 7 17 24 726 29
ROW 727 0 13 16 727 42
ROW 727 1 14 32 727 22
ROW 727 2 27 32 727 22
ROW 727 3 1 8 727 81
ROW 727 4 4 4 727 146
ROW 727 5 24 255 727 3
ROW 727 6 5 24 727 29
ROW 727 7 18 24 727 29
ROW 728 0 14 16 728 42
ROW 728 1 15 32 728 22
ROW 728 2 28 32 728 22
ROW 728 3 2 8 728 81
ROW 728 4 0 4 728 146
ROW 728 5 25 255 728 3
ROW 728 6 6 24 728 29
ROW 728 7 19 24 728 29
ROW 729 0 15 16 729 42
ROW 729 1 16 32 729 22
ROW 729 2 29 32 729 22
ROW 729 3 3 8 729 81
ROW 729 4 1 4 729 146
ROW 729 5 26 255 729 3
ROW 729 6 7 24 729 29
ROW 729 7 20 24 729 29
ROW 730 0 16 16 730 43
ROW 730 1 17 32 730 22
ROW 730 2 30 32 730 22
ROW 730 3 4 8 730 81
ROW 730 4 2 4 730 146
ROW 730 5 27 255 730 3
ROW 730 6 8 24 730 29
ROW 730 7 21 24 730 29
ROW 731 0 0 16 731 43
ROW 731 1 18 32 731 22
ROW 731 2 31 32 731 22
ROW 731 3 5 8 731 81
ROW 731 4 3 4 731 146
ROW 731 5 28 255 731 3
ROW 731 6 9 24 731 29
ROW 731 7 22 24 731 29
ROW 732 0 1 16 732 43
ROW 732 1 19 32 732 22
ROW 732 2 32 32 732 23
ROW 732 3 6 8 732 81
ROW 732 4 4 4 732 147
ROW 732 5 29 255 732 3
ROW 732 6 10 24 732 29
ROW 732 7 23 24 732 29
ROW 733 0 2 16 733 43
ROW 733 1 20 32 733 22
ROW 733 2 0 32 733 23
ROW 733 3 7 8 733 81
ROW 733 4 0 4 733 147
ROW 733 5 30 255 733 3
ROW 733 6 11 24 733 29
ROW 733 7 24 24 733 30
ROW 734 0 3 16 734 43
ROW 734 1 21 32 734 22
ROW 734 2 1 32 734 23
ROW 734 3 8 8 734 82
ROW 734 4 1 4 734 147
ROW 734 5 31 255 734 3
ROW 734 6 12 24 734 29
ROW 734 7 0 24 734 30
ROW 735 0 4 16 735 43
ROW 735 1 22 32 735 22
ROW 735 2 2 32 735 23
ROW 735 3 0 8 735 82
ROW 735 4 2 4 735 147
ROW 735 5 32 255 735 3
ROW 735 6 13 24 735 29
ROW 735 7 1 24 735 30
ROW 736 0 5 16 736 43
ROW 736 1 23 32 736 22
ROW 736 2 3 32 736 23
ROW 736 3 1 8 736 82
ROW 736 4 3 4 736 147
ROW 736 5 33 255 736 3
ROW 736 6 14 24 736 29
ROW 736 7 2 24 736 30
ROW 737 0 6 16 737 43
ROW 737 1 24 32 737 22
ROW 737 2 4 32 737 23
ROW 737 3 2 8 737 82
ROW 737 4 4 4 737 148
ROW 737 5 34 255 737 3
ROW 737 6 15 24 737 29
ROW 737 7 3 24 737 30
ROW 738 0 7 16 738 43
ROW 738 1 25 32 738 22
ROW 738 2 5 32 738 23
ROW 738 3 3 8 738 82
ROW 738 4 0 4 738 148
ROW 738 5 35 255 738 3
ROW 738 6 16 24 738 29
ROW 738 7 4 24 738 30
ROW 739 0 8 16 739 43
ROW 739 1 26 32 739 22
ROW 739 2 6 32 739 23
ROW 739 3 4 8 739 82
ROW 739 4 1 4 739 148
ROW 739 5 36 255 739 3
ROW 739 6 17 24 739 29
ROW 739 7 5 24 739 30
ROW 740 0 9 16 740 43
ROW 740 1 27 32 740 22
ROW 740 2 7 32 740 23
ROW 740 3 5 8 740 82
ROW 740 4 2 4 740 148
ROW 740 5 37 255 740 3
ROW 740 6 18 24 740 29
ROW 740 7 6 24 740 30
ROW 741 0 10 16 741 43
ROW 741 1 28 32 741 22
ROW 741 2 8 32 741 23
ROW 741 3 6 8 741 82
ROW 741 4 3 4 741 148
ROW 741 5 38 255 741 3
ROW 741 6 19 24 741 29
ROW 741 7 7 24 741 30
ROW 742 0 11 16 742 43
ROW 742 1 29 32 742 22
ROW 742 2 9 32 742 23
ROW 742 3 7 8 742 82
ROW 742 4 4 4 742 149
ROW 742 5 39 255 742 3
ROW 742 6 20 24 742 29
ROW 742 7 8 24 742 30
ROW 743 0 12 16 743 43
ROW 743 1 30 32 743 22
ROW 743 2 10 32 743 23
ROW 743 3 8 8 743 83
ROW 743 4 0 4 743 149
ROW 743 5 40 255 743 3
ROW 743 6 21 24 743 29
ROW 743 7 9 24 743 30
ROW 744 0 13 16 744 43
ROW 744 1 31 32 744 22
ROW 744 2 11 32 744 23
ROW 744 3 0 8 744 83
ROW 744 4 1 4 744 149
ROW 744 5 41 255 744 3
ROW 744 6 22 24 744 29
ROW 744 7 10 24 744 30
ROW 745 0 14 16 745 43
ROW 745 1 32 32 745 23
ROW 745 2 12 32 745 23
ROW 745 3 1 8 745 83
ROW 745 4 2 4 745 149
ROW 745 5 42 255 745 3
ROW 745 6 23 24 745 29
ROW 745 7 11 24 745 30
ROW 746 0 15 16 746 43
ROW 746 1 0 32 746 23
ROW 746 2 13 32 746 23
ROW 746 3 2 8 746 83
ROW 746 4 3 4 746 149
ROW 746 5 43 255 746 3
ROW 746 6 24 24 746 30
ROW 746 7 12 24 746 30
ROW 747 0 16 16 747 44
ROW 747 1 1 32 747 23
ROW 747 2 14 32 747 23
ROW 747 3 3 8 747 83
ROW 747 4 4 4 747 150
ROW 747 5 44 255 747 3
ROW 747 6 0 24 747 30
ROW 747 7 13 24 747 30
ROW 748 0 0 16 748 44
ROW 748 1 2 32 748 23
ROW 748 2 15 32 748 23
ROW 748 3 4 8 748 83
ROW 748 4 0 4 748 150
ROW 748 5 45 255 748 3
ROW 748 6 1 24 748 30
ROW 748 7 14 24 748 30
ROW 749 0 1 16 749 44
ROW 749 1 3 32 749 23
ROW 749 2 16 32 749 23
ROW 749 3 5 8 749 83
ROW 749 4 1 4 749 150
ROW 749 5 46 255 749 3
ROW 749 6 2 24 749 30
ROW 749 7 15 24 749 30
ROW 750 0 2 16 750 44
ROW 750 1 4 32 750 23
ROW 750 2 17 32 750 23
ROW 750 3 6 8 750 83
ROW 750 4 2 4 750 150
ROW 750 5 47 255 750 3
ROW 750 6 3 24 750 30
ROW 750 7 16 24 750 30
ROW 751 0 3 16 751 44
ROW 751 1 5 32 751 23
ROW 751 2 18 32 751 23
ROW 751 3 7 8 751 83
ROW 751 4 3 4 751 150
ROW 751 5 48 255 751 3
ROW 751 6 4 24 751 30
ROW 751 7 17 24 751 30
ROW 752 0 4 16 752 44
ROW 752 1 6 32 752 23
ROW 752 2 19 32 752 23
ROW 752 3 8 8 752 84
ROW 752 4 4 4 752 151
ROW 752 5 49 255 752 3
ROW 752 6 5 24 752 30
ROW 752 7 18 24 752 30
ROW 753 0 5 16 753 44
ROW 753 1 7 32 753 23
ROW 753 2 20 32 753 23
ROW 753 3 0 8 753 84
ROW 753 4 0 4 753 151
ROW 753 5 50 255 753 3
ROW 753 6 6 24 753 30
ROW 753 7 19 24 753 30
ROW 754 0 6 16 754 44
ROW 754 1 8 32 754 23
ROW 754 2 21 32 754 23
ROW 754 3 1 8 754 84
ROW 754 4 1 4 754 151
ROW 754 5 51 255 754 3
ROW 754 6 7 24 754 30
ROW 754 7 20 24 754 30
ROW 755 0 7 16 755 44
ROW 755 1 9 32 755 23
ROW 755 2 22 32 755 23
ROW 755 3 2 8 755 84
ROW 755 4 2 4 755 151
ROW 755 5 52 255 755 3
ROW 755 6 8 24 755 30
ROW 755 7 21 24 755 30
ROW 756 0 8 16 756 44
ROW 756 1 10 32 756 23
ROW 756 2 23 32 756 23
ROW 756 3 3 8 756 84
ROW 756 4 3 4 756 151
ROW 756 5 53 255 756 3
ROW 756 6 9 24 756 30
ROW 756 7 22 24 756 30
ROW 757 0 9 16 757 44
ROW 757 1 11 32 757 23
ROW 757 2 24 32 757 23
ROW 757 3 4 8 757 84
ROW 757 4 4 4 757 152
ROW 757 5 54 255 757 3
ROW 757 6 10 24 757 30
ROW 757 7 23 24 757 30
ROW 758 0 10 16 758 44
ROW 758 1 12 32 758 23
ROW 758 2 25 32 758 23
ROW 758 3 5 8 758 84
ROW 758 4 0 4 758 152
ROW 758 5 55 255 758 3
ROW 758 6 11 24 758 30
ROW 758 7 24 24 758 31
ROW 759 0 11 16 759 44
ROW 759 1 13 32 759 23
ROW 759 2 26 32 759 23
ROW 759 3 6 8 759 84
ROW 759 4 1 4 759 152
ROW 759 5 56 255 759 3
ROW 759 6 12 24 759 30
ROW 759 7 0 24 759 31
ROW 760 0 12 16 760 44
ROW 760 1 14 32 760 23
ROW 760 2 27 32 760 23
ROW 760 3 7 8 760 84
ROW 760 4 2 4 760 152
ROW 760 5 57 255 760 3
ROW 760 6 13 24 760 30
ROW 760 7 1 24 760 31
ROW 761 0 13 16 761 44
ROW 761 1 15 32 761 23
ROW 761 2 28 32 761 23
ROW 761 3 8 8 761 85
ROW 761 4 3 4 761 152
ROW 761 5 58 255 761 3
ROW 761 6 14 24 761 30
ROW 761 7 2 24 761 31
ROW 762 0 14 16 762 44
ROW 762 1 16 32 762 23
ROW 762 2 29 32 762 23
ROW 762 3 0 8 762 85
ROW 762 4 4 4 762 153
ROW 762 5 59 255 762 3
ROW 762 6 15 24 762 30
ROW 762 7 3 24 762 31
ROW 763 0 15 16 763 44
ROW 763 1 17 32 763 23
ROW 763 2 30 32 763 23
ROW 763 3 1 8 763 85
ROW 763 4 0 4 763 153
ROW 763 5 60 255 763 3
ROW 763 6 16 24 763 30
ROW 763 7 4 24 763 31
ROW 764 0 16 16 764 45
ROW 764 1 18 32 764 23
ROW 764 2 31 32 764 23
ROW 764 3 2 8 764 85
ROW 764 4 1 4 764 153
ROW 764 5 61 255 764 3
ROW 764 6 17 24 764 30
ROW 764 7 5 24 764 31
ROW 765 0 0 16 765 45
ROW 765 1 19 32 765 23
ROW 765 2 32 32 765 24
ROW 765 3 3 8 765 85
ROW 765 4 2 4 765 153
ROW 765 5 62 255 765 3
ROW 765 6 18 24 765 30
ROW 765 7 6 24 765 31
ROW 766 0 1 16 766 45
ROW 766 1 20 32 766 23
ROW 766 2 0 32 766 24
ROW 766 3 4 8 766 85
ROW 766 4 3 4 766 153
ROW 766 5 63 255 766 3
ROW 766 6 19 24 766 30
ROW 766 7 7 24 766 31
ROW 767 0 2 16 767 45
ROW 767 1 21 32 767 23
ROW 767 2 1 32 767 24
ROW 767 3 5 8 767 85
ROW 767 4 4 4 767 154
ROW 767 5 64 255 767 3
ROW 767 6 20 24 767 30
ROW 767 7 8 24 767 31
ROW 768 0 3 16 768 45
ROW 768 1 22 32 768 23
ROW 768 2 2 32 768 24
ROW 768 3 6 8 768 85
ROW 768 4 0 4 768 154
ROW 768 5 65 255 768 3
ROW 768 6 21 24 768 30
ROW 768 7 9 24 768 31
ROW 769 0 4 16 769 45
ROW 769 1 23 32 769 23
ROW 769 2 3 32 769 24
ROW 769 3 7 8 769 85
ROW 769 4 1 4 769 154
ROW 769 5 66 255 769 3
ROW 769 6 22 24 769 30
ROW 769 7 10 24 769 31
ROW 770 0 5 16 770 45
ROW 770 1 24 32 770 23
ROW 770 2 4 32 770 24
ROW 770 3 8 8 770 86
ROW 770 4 2 4 770 154
ROW 770 5 67 255 770 3
ROW 770 6 23 24 770 30
ROW 770 7 11 24 770 31
ROW 771 0 6 16 771 45
ROW 771 1 25 32 771 23
ROW 771 2 5 32 771 24
ROW 771 3 0 8 771 86
ROW 771 4 3 4 771 154
ROW 771 5 68 255 771 3
ROW 771 6 24 24 771 31
ROW 771 7 12 24 771 31
ROW 772 0 7 16 772 45
ROW 772 1 26 32 772 23
ROW 772 2 6 32 772 24
ROW 772 3 1 8 772 86
ROW 772 4 4 4 772 155
ROW 772 5 69 255 772 3
ROW 772 6 0 24 772 31
ROW 772 7 13 24 772 31
ROW 773 0 8 16 773 45
ROW 773 1 27 32 773 23
ROW 773 2 7 32 773 24
ROW 773 3 2 8 773 86
ROW 773 4 0 4 773 155
ROW 773 5 70 255 773 3
ROW 773 6 1 24 773 31
ROW 773 7 14 24 773 31
ROW 774 0 9 16 774 45
ROW 774 1 28 32 774 23
ROW 774 2 8 32 774 24
ROW 774 3 3 8 774 86
ROW 774 4 1 4 774 155
ROW 774 5 71 255 774 3
ROW 774 6 2 24 774 31
ROW 774 7 15 24 774 31
ROW 775 0 10 16 775 45
ROW 775 1 29 32 775 23
ROW 775 2 9 32 775 24
ROW 775 3 4 8 775 86
ROW 775 4 2 4 775 155
ROW 775 5 72 255 775 3
ROW 775 6 3 24 775 31
ROW 775 7 16 24 775 31
ROW 776 0 11 16 776 45
ROW 776 1 30 32 776 23
ROW 776 2 10 32 776 24
ROW 776 3 5 8 776 86
ROW 776 4 3 4 776 155
ROW 776 5 73 255 776 3
ROW 776 6 4 24 776 31
ROW 776 7 17 24 776 31
ROW 777 0 12 16 777 45
ROW 777 1 31 32 777 23
ROW 777 2 11 32 777 24
ROW 777 3 6 8 777 86
ROW 777 4 4 4 777 156
ROW 777 5 74 255 777 3
ROW 777 6 5 24 777 31
ROW 777 7 18 24 777 31
ROW 778 0 13 16 778 45
ROW 778 1 32 32 778 24
ROW 778 2 12 32 778 24
ROW 778 3 7 8 778 86
ROW 778 4 0 4 778 156
ROW 778 5 75 255 778 3
ROW 778 6 6 24 778 31
ROW 778 7 19 24 778 31
ROW 779 0 14 16 779 45
ROW 779 1 0 32 779 24
ROW 779 2 13 32 779 24
ROW 779 3 8 8 779 87
ROW 779 4 1 4 779 156
ROW 779 5 76 255 779 3
ROW 779 6 7 24 779 31
ROW 779 7 20 24 779 31
ROW 780 0 15 16 780 45
ROW 780 1 1 32 780 24
ROW 780 2 14 32 780 24
ROW 780 3 0 8 780 87
ROW 780 4 2 4 780 156
ROW 780 5 77 255 780 3
ROW 780 6 8 24 780 31
ROW 780 7 21 24 780 31
ROW 781 0 16 16 781 46
ROW 781 1 2 32 781 24
ROW 781 2 15 32 781 24
ROW 781 3 1 8 781 87
ROW 781 4 3 4 781 156
ROW 781 5 78 255 781 3
ROW 781 6 9 24 781 31
ROW 781 7 22 24 781 31
ROW 782 0 0 16 782 46
ROW 782 1 3 32 782 24
ROW 782 2 16 32 782 24
ROW 782 3 2 8 782 87
ROW 782 4 4 4 782 157
ROW 782 5 79 255 782 3
ROW 782 6 10 24 782 31
ROW 782 7 23 24 782 31
ROW 783 0 1 16 783 46
ROW 783 1 4 32 783 24
ROW 783 2 17 32 783 24
ROW 783 3 3 8 783 87
ROW 783 4 0 4 783 157
ROW 783 5 80 255 783 3
ROW 783 6 11 24 783 31
ROW 783 7 24 24 783 32
ROW 784 0 2 16 784 46
ROW 784 1 5 32 784 24
ROW 784 2 18 32 784 24
ROW 784 3 4 8 784 87
ROW 784 4 1 4 784 157
ROW 784 5 81 255 784 3
ROW 784 6 12 24 784 31
ROW 784 7 0 24 784 32
ROW 785 0 3 16 785 46
ROW 785 1 6 32 785 24
ROW 785 2 19 32 785 24
ROW 785 3 5 8 785 87
ROW 785 4 2 4 785 157
ROW 785 5 82 255 785 3
ROW 785 6 13 24 785 31
ROW 785 7 1 24 785 32
ROW 786 0 4 16 786 46
ROW 786 1 7 32 786 24
ROW 786 2 20 32 786 24
ROW 786 3 6 8 786 87
ROW 786 4 3 4 786 157
ROW 786 5 83 255 786 3
ROW 786 6 14 24 786 31
ROW 786 7 2 24 786 32
ROW 787 0 5 16 787 46
ROW 787 1 8 32 787 24
ROW 787 2 21 32 787 24
ROW 787 3 7 8 787 87
ROW 787 4 4 4 787 158
ROW 787 5 84 255 787 3
ROW 787 6 15 24 787 31
ROW 787 7 3 24 787 32
ROW 788 0 6 16 788 46
ROW 788 1 9 32 788 24
ROW 788 2 22 32 788 24
ROW 788 3 8 8 788 88
ROW 788 4 0 4 788 158
ROW 788 5 85 255 788 3
ROW 788 6 16 24 788 31
ROW 788 7 4 24 788 32
ROW 789 0 7 16 789 46
ROW 789 1 10 32 789 24
ROW 789 2 23 32 789 24
ROW 789 3 0 8 789 88
ROW 789 4 1 4 789 158
ROW 789 5 86 255 789 3
ROW 789 6 17 24 789 31
ROW 789 7 5 24 789 32
ROW 790 0 8 16 790 46
ROW 790 1 11 32 790 24
ROW 790 2 24 32 790 24
ROW 790 3 1 8 790 88
ROW 790 4 2 4 790 158
ROW 790 5 87 255 790 3
ROW 790 6 18 24 790 31
ROW 790 7 6 24 790 32
ROW 791 0 9 16 791 46
ROW 791 1 12 32 791 24
ROW 791 2 25 32 791 24
ROW 791 3 2 8 791 88
ROW 791 4 3 4 791 158
ROW 791 5 88 255 791 3
ROW 791 6 19 24 791 31
ROW 791 7 7 24 791 32
ROW 792 0 10 16 792 46
ROW 792 1 13 32 792 24
ROW 792 2 26 32 792 24
ROW 792 3 3 8 792 88
ROW 792 4 4 4 792 159
ROW 792 5 89 255 792 3
ROW 792 6 20 24 792 31
ROW 792 7 8 24 792 32
ROW 793 0 11 16 793 46
ROW 793 1 14 32 793 24
ROW 793 2 27 32 793 24
ROW 793 3 4 8 793 88
ROW 793 4 0 4 793 159
ROW 793 5 90 255 793 3
ROW 793 6 21 24 793 31
ROW 793 7 9 24 793 32
ROW 794 0 12 16 794 46
ROW 794 1 15 32 794 24
ROW 794 2 28 32 794 24
ROW 794 3 5 8 794 88
ROW 794 4 1 4 794 159
ROW 794 5 91 255 794 3
ROW 794 6 22 24 794 31
ROW 794 7 10 24 794 32
ROW 795 0 13 16 795 46
ROW 795 1 16 32 795 24
ROW 795 2 29 32 795 24
ROW 795 3 6 8 795 88
ROW 795 4 2 4 795 159
ROW 795 5 92 255 795 3
ROW 795 6 23 24 795 31
ROW 795 7 11 24 795 32
ROW 796 0 14 16 796 46
ROW 796 1 17 32 796 24
ROW 796 2 30 32 796 24
ROW 796 3 7 8 796 88
ROW 796 4 3 4 796 159
ROW 796 5 93 255 796 3
ROW 796 6 24 24 796 32
ROW 796 7 12 24 796 32
ROW 797 0 15 16 797 46
ROW 797 1 18 32 797 24
ROW 797 2 31 32 797 24
ROW 797 3 8 8 797 89
ROW 797 4 4 4 797 160
ROW 797 5 94 255 797 3
ROW 797 6 0 24 797 32
ROW 797 7 13 24 797 32
ROW 798 0 16 16 798 47
ROW 798 1 19 32 798 24
ROW 798 2 32 32 798 25
ROW 798 3 0 8 798 89
ROW 798 4 0 4 798 160
ROW 798 5 95 255 798 3
ROW 798 6 1 24 798 32
ROW 798 7 14 24 798 32
ROW 799 0 0 16 799 47
ROW 799 1 20 32 799 24
ROW 799 2 0 32 799 25
ROW 799 3 1 8 799 89
ROW 799 4 1 4 799 160
ROW 799 5 96 255 799 3
ROW 799 6 2 24 799 32
ROW 799 7 15 24 799 32
ROW 800 0 1 16 800 47
ROW 800 1 21 32 800 24
ROW 800 2 1 32 800 25
ROW 800 3 2 8 800 89
ROW 800 4 2 4 800 160
ROW 800 5 97 255 800 3
ROW 800 6 3 24 800 32
ROW 800 7 16 24 800 32
ROW 801 0 2 16 801 47
ROW 801 1 22 32 801 24
ROW 801 2 2 32 801 25
ROW 801 3 3 8 801 89
ROW 801 4 3 4 801 160
ROW 801 5 98 255 801 3
ROW 801 6 4 24 801 32
ROW 801 7 17 24 801 32
ROW 802 0 3 16 802 47
ROW 802 1 23 32 802 24
ROW 802 2 3 32 802 25
ROW 802 3 4 8 802 89
ROW 802 4 4 4 802 161
ROW 802 5 99 255 802 3
ROW 802 6 5 24 802 32
ROW 802 7 18 24 802 32
ROW 803 0 4 16 803 47
ROW 803 1 24 32 803 24
ROW 803 2 4 32 803 25
ROW 803 3 5 8 803 89
ROW 803 4 0 4 803 161
ROW 803 5 100 255 803 3
ROW 803 6 6 24 803 32
ROW 803 7 19 24 803 32
ROW 804 0 5 16 804 47
ROW 804 1 25 32 804 24
ROW 804 2 5 32 804 25
ROW 804 3 6 8 804 89
ROW 804 4 1 4 804 161
ROW 804 5 101 255 804 3
ROW 804 6 7 24 804 32
ROW 804 7 20 24 804 32
ROW 805 0 6 16 805 47
ROW 805 1 26 32 805 24
ROW 805 2 6 32 805 25
ROW 805 3 7 8 805 89
ROW 805 4 2 4 805 161
ROW 805 5 102 255 805 3
ROW 805 6 8 24 805 32
ROW 805 7 21 24 805 32
ROW 806 0 7 16 806 47
ROW 806 1 27 32 806 24
ROW 806 2 7 32 806 25
ROW 806 3 8 8 806 90
ROW 806 4 3 4 806 161
ROW 806 5 103 255 806 3
ROW 806 6 9 24 806 32
ROW 806 7 22 24 806 32
ROW 807 0 8 16 807 47
ROW 807 1 28 32 807 24
ROW 807 2 8 32 807 25
ROW 807 3 0 8 807 90
ROW 807 4 4 4 807 162
ROW 807 5 104 255 807 3
ROW 807 6 10 24 807 32
ROW 807 7 23 24 807 32
ROW 808 0 9 16 808 47
ROW 808 1 29 32 808 24
ROW 808 2 9 32 808 25
ROW 808 3 1 8 808 90
ROW 808 4 0 4 808 162
ROW 808 5 105 255 808 3
ROW 808 6 11 24 808 32
ROW 808 7 24 24 808 33
ROW 809 0 10 16 809 47
ROW 809 1 30 32 809 24
ROW 809 2 10 32 809 25
ROW 809 3 2 8 809 90
ROW 809 4 1 4 809 162
ROW 809 5 106 255 809 3
ROW 809 6 12 24 809 32
ROW 809 7 0 24 809 33
ROW 810 0 11 16 810 47
ROW 810 1 31 32 810 24
ROW 810 2 11 32 810 25
ROW 810 3 3 8 810 90
ROW 810 4 2 4 810 162
ROW 810 5 107 255 810 3
ROW 810 6 13 24 810 32
ROW 810 7 1 24 810 33
ROW 811 0 12 16 811 47
ROW 811 1 32 32 811 25
ROW 811 2 12 32 811 25
ROW 811 3 4 8 811 90
ROW 811 4 3 4 811 162
ROW 811 5 108 255 811 3
ROW 811 6 14 24 811 32
ROW 811 7 2 24 811 33
ROW 812 0 13 16 812 47
ROW 812 1 0 32 812 25
ROW 812 2 13 32 812 25
ROW 812 3 5 8 812 90
ROW 812 4 4 4 812 163
ROW 812 5 109 255 812 3
ROW 812 6 15 24 812 32
ROW 812 7 3 24 812 33
ROW 813 0 14 16 813 47
ROW 813 1 1 32 813 25
ROW 813 2 14 32 813 25
ROW 813 3 6 8 813 90
ROW 813 4 0 4 813 163
ROW 813 5 110 255 813 3
ROW 813 6 16 24 813 32
ROW 813 7 4 24 813 33
ROW 814 0 15 16 814 47
ROW 814 1 2 32 814 25
ROW 814 2 15 32 814 25
ROW 814 3 7 8 814 90
ROW 814 4 1 4 814 163
ROW 814 5 111 255 814 3
ROW 814 6 17 24 814 32
ROW 814 7 5 24 814 33
ROW 815 0 16 16 815 48
ROW 815 1 3 32 815 25
ROW 815 2 16 32 815 25
ROW 815 3 8 8 815 91
ROW 815 4 2 4 815 163
ROW 815 5 112 255 815 3
ROW 815 6 18 24 815 32
ROW 815 7 6 24 815 33
ROW 816 0 0 16 816 48
ROW 816 1 4 32 816 25
ROW 816 2 17 32 816 25
ROW 816 3 0 8 816 91
ROW 816 4 3 4 816 163
ROW 816 5 113 255 816 3
ROW 816 6 19 24 816 32
ROW 816 7 7 24 816 33
ROW 817 0 1 16 817 48
ROW 817 1 5 32 817 25
ROW 817 2 18 32 817 25
ROW 817 3 1 8 817 91
ROW 817 4 4 4 817 164
ROW 817 5 114 255 817 3
ROW 817 6 20 24 817 32
ROW 817 7 8 24 817 33
ROW 818 0 2 16 818 48
ROW 818 1 6 32 818 25
ROW 818 2 19 32 818 25
ROW 818 3 2 8 818 91
ROW 818 4 0 4 818 164
ROW 818 5 115 255 818 3
ROW 818 6 21 24 818 32
ROW 818 7 9 24 818 33
ROW 819 0 3 16 819 48
ROW 819 1 7 32 819 25
ROW 819 2 20 32 819 25
ROW 819 3 3 8 819 91
ROW 819 4 1 4 819 164
ROW 819 5 116 255 819 3
ROW 819 6 22 24 819 32
ROW 819 7 10 24 819 33
ROW 820 0 4 16 820 48
ROW 820 1 8 32 820 25
ROW 820 2 21 32 820 25
ROW 820 3 4 8 820 91
ROW 820 4 2 4 820 164
ROW 820 5 117 255 820 3
ROW 820 6 23 24 820 32
ROW 820 7 11 24 820 33
ROW 821 0 5 16 821 48
ROW 821 1 9 32 821 25
ROW 821 2 22 32 821 25
ROW 821 3 5 8 821 91
ROW 821 4 3 4 821 164
ROW 821 5 118 255 821 3
ROW 821 6 24 24 821 33
ROW 821 7 12 24 821 33
ROW 822 0 6 16 822 48
ROW 822 1 10 32 822 25
ROW 822 2 23 32 822 25
ROW 822 3 6 8 822 91
ROW 822 4 4 4 822 165
ROW 822 5 119 255 822 3
ROW 822 6 0 24 822 33
ROW 822 7 13 24 822 33
ROW 823 0 7 16 823 48
ROW 823 1 11 32 823 25
ROW 823 2 24 32 823 25
ROW 823 3 7 8 823 91
ROW 823 4 0 4 823 165
ROW 823 5 120 255 823 3
ROW 823 6 1 24 823 33
ROW 823 7 14 24 823 33
ROW 824 0 8 16 824 48
ROW 824 1 12 32 824 25
ROW 824 2 25 32 824 25
ROW 824 3 8 8 824 92
ROW 824 4 1 4 824 165
ROW 824 5 121 255 824 3
ROW 824 6 2 24 824 33
ROW 824 7 15 24 824 33
ROW 825 0 9 16 825 48
ROW 825 1 13 32 825 25
ROW 825 2 26 32 825 25
ROW 825 3 0 8 825 92
ROW 825 4 2 4 825 165
ROW 825 5 122 255 825 3
ROW 825 6 3 24 825 33
ROW 825 7 16 24 825 33
ROW 826 0 10 16 826 48
ROW 826 1 14 32 826 25
ROW 826 2 27 32 826 25
ROW 826 3 1 8 826 92
ROW 826 4 3 4 826 165
ROW 826 5 123 255 826 3
ROW 826 6 4 24 826 33
ROW 826 7 17 24 826 33
ROW 827 0 11 16 827 48
ROW 827 1 15 32 827 25
ROW 827 2 28 32 827 25
ROW 827 3 2 8 827 92
ROW 827 4 4 4 827 166
ROW 827 5 124 255 827 3
ROW 827 6 5 24 827 33
ROW 827 7 18 24 827 33
ROW 828 0 12 16 828 48
ROW 828 1 16 32 828 25
ROW 828 2 29 32 828 25
ROW 828 3 3 8 828 92
ROW 828 4 0 4 828 166
ROW 828 5 125 255 828 3
ROW 828 6 6 24 828 33
ROW 828 7 19 24 828 33
ROW 829 0 13 16 829 48
ROW 829 1 17 32 829 25
ROW 829 2 30 32 829 25
ROW 829 3 4 8 829 92
ROW 829 4 1 4 829 166
ROW 829 5 126 255 829 3
ROW 829 6 7 24 829 33
ROW 829 7 20 24 829 33
ROW 830 0 14 16 830 48
ROW 830 1 18 32 830 25
ROW 830 2 31 32 830 25
ROW 830 3 5 8 830 92
ROW 830 4 2 4 830 166
ROW 830 5 127 255 830 3
ROW 830 6 8 24 830 33
ROW 830 7 21 24 830 33
ROW 831 0 15 16 831 48
ROW 831 1 19 32 831 25
ROW 831 2 32 32 831 26
ROW 831 3 6 8 831 92
ROW 831 4 3 4 831 166
ROW 831 5 128 255 831 3
ROW 831 6 9 24 831 33
ROW 831 7 22 24 831 33
ROW 832 0 16 16 832 49
ROW 832 1 20 32 832 25
ROW 832 2 0 32 832 26
ROW 832 3 7 8 832 92
ROW 832 4 4 4 832 167
ROW 832 5 129 255 832 3
ROW 832 6 10 24 832 33
ROW 832 7 23 24 832 33
ROW 833 0 0 16 833 49
ROW 833 1 21 32 833 25
ROW 833 2 1 32 833 26
ROW 833 3 8 8 833 93
ROW 833 4 0 4 833 167
ROW 833 5 130 255 833 3
ROW 833 6 11 24 833 33
ROW 833 7 24 24 833 34
ROW 834 0 1 16 834 49
ROW 834 1 22 32 834 25
ROW 834 2 2 32 834 26
ROW 834 3 0 8 834 93
ROW 834 4 1 4 834 167
ROW 834 5 131 255 834 3
ROW 834 6 12 24 834 33
ROW 834 7 0 24 834 34
ROW 835 0 2 16 835 49
ROW 835 1 23 32 835 25
ROW 835 2 3 32 835 26
ROW 835 3 1 8 835 93
ROW 835 4 2 4 835 167
ROW 835 5 132 255 835 3
ROW 835 6 13 24 835 33
ROW 835 7 1 24 835 34
ROW 836 0 3 16 836 49
ROW 836 1 24 32 836 25
ROW 836 2 4 32 836 26
ROW 836 3 2 8 836 93
ROW 836 4 3 4 836 167
ROW 836 5 133 255 836 3
ROW 836 6 14 24 836 33
ROW 836 7 2 24 836 34
ROW 837 0 4 16 837 49
ROW 837 1 25 32 837 25
ROW 837 2 5 32 837 26
ROW 837 3 3 8 837 93
ROW 837 4 4 4 837 168
ROW 837 5 134 255 837 3
ROW 837 6 15 24 837 33
ROW 837 7 3 24 837 34
ROW 838 0 5 16 838 49
ROW 838 1 26 32 838 25
ROW 838 2 6 32 838 26
ROW 838 3 4 8 838 93
ROW 838 4 0 4 838 168
ROW 838 5 135 255 838 3
ROW 838 6 16 24 838 33
ROW 838 7 4 24 838 34
ROW 839 0 6 16 839 49
ROW 839 1 27 32 839 25
ROW 839 2 7 32 839 26
ROW 839 3 5 8 839 93
ROW 839 4 1 4 839 168
ROW 839 5 136 255 839 3
ROW 839 6 17 24 839 33
ROW 839 7 5 24 839 34
ROW 840 0 7 16 840 49
ROW 840 1 28 32 840 25
ROW 840 2 8 32 840 26
ROW 840 3 6 8 840 93
ROW 840 4 2 4 840 168
ROW 840 5 137 255 840 3
ROW 840 6 18 24 840 33
ROW 840 7 6 24 840 34
ROW 841 0 8 16 841 49
ROW 841 1 29 32 841 25
ROW 841 2 9 32 841 26
ROW 841 3 7 8 841 93
ROW 841 4 3 4 841 168
ROW 841 5 138 255 841 3
ROW 841 6 19 24 841 33
ROW 841 7 7 24 841 34
ROW 842 0 9 16 842 49
ROW 842 1 30 32 842 25
ROW 842 2 10 32 842 26
ROW 842 3 8 8 842 94
ROW 842 4 4 4 842 169
ROW 842 5 139 255 842 3
ROW 842 6 20 24 842 33
ROW 842 7 8 24 842 34
ROW 843 0 10 16 843 49
ROW 843 1 31 32 843 25
ROW 843 2 11 32 843 26
ROW 843 3 0 8 843 94
ROW 843 4 0 4 843 169
ROW 843 5 140 255 843 3
ROW 843 6 21 24 843 33
ROW 843 7 9 24 843 34
ROW 844 0 11 16 844 49
ROW 844 1 32 32 844 26
ROW 844 2 12 32 844 26
ROW 844 3 1 8 844 94
ROW 844 4 1 4 844 169
ROW 844 5 141 255 844 3
ROW 844 6 22 24 844 33
ROW 844 7 10 24 844 34
ROW 845 0 12 16 845 49
ROW 845 1 0 32 845 26
ROW 845 2 13 32 845 26
ROW 845 3 2 8 845 94
ROW 845 4 2 4 845 169
ROW 845 5 142 255 845 3
ROW 845 6 23 24 845 33
ROW 845 7 11 24 845 34
ROW 846 0 13 16 846 49
ROW 846 1 1 32 846 26
ROW 846 2 14 32 846 26
ROW 846 3 3 8 846 94
ROW 846 4 3 4 846 169
ROW 846 5 143 255 846 3
ROW 846 6 24 24 846 34
ROW 846 7 12 24 846 34
ROW 847 0 14 16 847 49
ROW 847 1 2 32 847 26
ROW 847 2 15 32 847 26
ROW 847 3 4 8 847 94
ROW 847 4 4 4 847 170
ROW 847 5 144 255 847 3
ROW 847 6 0 24 847 34
ROW 847 7 13 24 847 34
ROW 848 0 15 16 848 49
ROW 848 1 3 32 848 26
ROW 848 2 16 32 848 26
ROW 848 3 5 8 848 94
ROW 848 4 0 4 848 170
ROW 848 5 145 255 848 3
ROW 848 6 1 24 848 34
ROW 848 7 14 24 848 34
ROW 849 0 16 16 849 50
ROW 849 1 4 32 849 26
ROW 849 2 17 32 849 26
ROW 849 3 6 8 849 94
ROW 849 4 1 4 849 170
ROW 849 5 146 255 849 3
ROW 849 6 2 24 849 34
ROW 849 7 15 24 849 34
ROW 850 0 0 16 850 50
ROW 850 1 5 32 850 26
ROW 850 2 18 32 850 26
ROW 850 3 7 8 850 94
ROW 850 4 2 4 850 170
ROW 850 5 147 255 850 3
ROW 850 6 3 24 850 34
ROW 850 7 16 24 850 34
ROW 851 0 1 16 851 50
ROW 851 1 6 32 851 26
ROW 851 2 19 32 851 26
ROW 851 3 8 8 851 95
ROW 851 4 3 4 851 170
ROW 851 5 148 255 851 3
ROW 851 6 4 24 851 34
ROW 851 7 17 24 851 34
ROW 852 0 2 16 852 50
ROW 852 1 7 32 852 26
ROW 852 2 20 32 852 26
ROW 852 3 0 8 852 95
ROW 852 4 4 4 852 171
ROW 852 5 149 255 852 3
ROW 852 6 5 24 852 34
ROW 852 7 18 24 852 34
ROW 853 0 3 16 853 50
ROW 853 1 8 32 853 26
ROW 853 2 21 32 853 26
ROW 853 3 1 8 853 95
ROW 853 4 0 4 853 171
ROW 853 5 150 255 853 3
ROW 853 6 6 24 853 34
ROW 853 7 19 24 853 34
ROW 854 0 4 16 854 50
ROW 854 1 9 32 854 26
ROW 854 2 22 32 854 26
ROW 854 3 2 8 854 95
ROW 854 4 1 4 854 171
ROW 854 5 151 255 854 3
ROW 854 6 7 24 854 34
ROW 854 7 20 24 854 34
ROW 855 0 5 16 855 50
ROW 855 1 10 32 855 26
ROW 855 2 23 32 855 26
ROW 855 3 3 8 855 95
ROW 855 4 2 4 855 171
ROW 855 5 152 255 855 3
ROW 855 6 8 24 855 34
ROW 855 7 21 24 855 34
ROW 856 0 6 16 856 50
ROW 856 1 11 32 856 26
ROW 856 2 24 32 856 26
ROW 856 3 4 8 856 95
ROW 856 4 3 4 856 171
ROW 856 5 153 255 856 3
ROW 856 6 9 24 856 34
ROW 856 7 22 24 856 34
ROW 857 0 7 16 857 50
ROW 857 1 12 32 857 26
ROW 857 2 25 32 857 26
ROW 857 3 5 8 857 95
ROW 857 4 4 4 857 172
ROW 857 5 154 255 857 3
ROW 857 6 10 24 857 34
ROW 857 7 23 24 857 34
ROW 858 0 8 16 858 50
ROW 858 1 13 32 858 26
ROW 858 2 26 32 858 26
ROW 858 3 6 8 858 95
ROW 858 4 0 4 858 172
ROW 858 5 155 255 858 3
ROW 858 6 11 24 858 34
ROW 858 7 24 24 858 35
ROW 859 0 9 16 859 50
ROW 859 1 14 32 859 26
ROW 859 2 27 32 859 26
ROW 859 3 7 8 859 95
ROW 859 4 1 4 859 172
ROW 859 5 156 255 859 3
ROW 859 6 12 24 859 34
ROW 859 7 0 24 859 35
ROW 860 0 10 16 860 50
ROW 860 1 15 32 860 26
ROW 860 2 28 32 860 26
ROW 860 3 8 8 860 96
ROW 860 4 2 4 860 172
ROW 860 5 157 255 860 3
ROW 860 6 13 24 860 34
ROW 860 7 1 24 860 35
ROW 861 0 11 16 861 50
ROW 861 1 16 32 861 26
ROW 861 2 29 32 861 26
ROW 861 3 0 8 861 96
ROW 861 4 3 4 861 172
ROW 861 5 158 255 861 3
ROW 861 6 14 24 861 34
ROW 861 7 2 24 861 35
ROW 862 0 12 16 862 50
ROW 862 1 17 32 862 26
ROW 862 2 30 32 862 26
ROW 862 3 1 8 862 96
ROW 862 4 4 4 862 173
ROW 862 5 159 255 862 3
ROW 862 6 15 24 862 34
ROW 862 7 3 24 862 35
ROW 863 0 13 16 863 50
ROW 863 1 18 32 863 26
ROW 863 2 31 32 863 26
ROW 863 3 2 8 863 96
ROW 863 4 0 4 863 173
ROW 863 5 160 255 863 3
ROW 863 6 16 24 863 34
ROW 863 7 4 24 863 35
ROW 864 0 14 16 864 50
ROW 864 1 19 32 864 26
ROW 864 2 32 32 864 27
ROW 864 3 3 8 864 96
ROW 864 4 1 4 864 173
ROW 864 5 161 255 864 3
ROW 864 6 17 24 864 34
ROW 864 7 5 24 864 35
ROW 865 0 15 16 865 50
ROW 865 1 20 32 865 26
ROW 865 2 0 32 865 27
ROW 865 3 4 8 865 96
ROW 865 4 2 4 865 173
ROW 865 5 162 255 865 3
ROW 865 6 18 24 865 34
ROW 865 7 6 24 865 35
ROW 866 0 16 16 866 51
ROW 866 1 21 32 866 26
ROW 866 2 1 32 866 27
ROW 866 3 5 8 866 96
ROW 866 4 3 4 866 173
ROW 866 5 163 255 866 3
ROW 866 6 19 24 866 34
ROW 866 7 7 24 866 35
ROW 867 0 0 16 867 51
ROW 867 1 22 32 867 26
ROW 867 2 2 32 867 27
ROW 867 3 6 8 867 96
ROW 867 4 4 4 867 174
ROW 867 5 164 255 867 3
ROW 867 6 20 24 867 34
ROW 867 7 8 24 867 35
ROW 868 0 1 16 868 51
ROW 868 1 23 32 868 26
ROW 868 2 3 32 868 27
ROW 868 3 7 8 868 96
ROW 868 4 0 4 868 174
ROW 868 5 165 255 868 3
ROW 868 6 21 24 868 34
ROW 868 7 9 24 868 35
ROW 869 0 2 16 869 51
ROW 869 1 24 32 869 26
ROW 869 2 4 32 869 27
ROW 869 3 8 8 869 97
ROW 869 4 1 4 869 174
ROW 869 5 166 255 869 3
ROW 869 6 22 24 869 34
ROW 869 7 10 24 869 35
ROW 870 0 3 16 870 51
ROW 870 1 25 32 870 26
ROW 870 2 5 32 870 27
ROW 870 3 0 8 870 97
ROW 870 4 2 4 870 174
ROW 870 5 167 255 870 3
ROW 870 6 23 24 870 34
ROW 870 7 11 24 870 35
ROW 871 0 4 16 871 51
ROW 871 1 26 32 871 26
ROW 871 2 6 32 871 27
ROW 871 3 1 8 871 97
ROW 871 4 3 4 871 174
ROW 871 5 168 255 871 3
ROW 871 6 24 24 871 35
ROW 871 7 12 24 871 35
ROW 872 0 5 16 872 51
ROW 872 1 27 32 872 26
ROW 872 2 7 32 872 27
ROW 872 3 2 8 872 97
ROW 872 4 4 4 872 175
ROW 872 5 169 255 872 3
ROW 872 6 0 24 872 35
ROW 872 7 13 24 872 35
ROW 873 0 6 16 873 51
ROW 873 1 28 32 873 26
ROW 873 2 8 32 873 27
ROW 873 3 3 8 873 97
ROW 873 4 0 4 873 175
ROW 873 5 170 255 873 3
ROW 873 6 1 24 873 35
ROW 873 7 14 24 873 35
ROW 874 0 7 16 874 51
ROW 874 1 29 32 874 26
ROW 874 2 9 32 874 27
ROW 874 3 4 8 874 97
ROW 874 4 1 4 874 175
ROW 874 5 171 255 874 3
ROW 874 6 2 24 874 35
ROW 874 7 15 24 874 35
ROW 875 0 8 16 875 51
ROW 875 1 30 32 875 26
ROW 875 2 10 32 875 27
ROW 875 3 5 8 875 97
ROW 875 4 2 4 875 175
ROW 875 5 172 255 875 3
ROW 875 6 3 24 875 35
ROW 875 7 16 24 875 35
ROW 876 0 9 16 876 51
ROW 876 1 31 32 876 26
ROW 876 2 11 32 876 27
ROW 876 3 6 8 876 97
ROW 876 4 3 4 876 175
ROW 876 5 173 255 876 3
ROW 876 6 4 24 876 35
ROW 876 7 17 24 876 35
ROW 877 0 10 16 877 51
ROW 877 1 32 32 877 27
ROW 877 2 12 32 877 27
ROW 877 3 7 8 877 97
ROW 877 4 4 4 877 176
ROW 877 5 174 255 877 3
ROW 877 6 5 24 877 35
ROW 877 7 18 24 877 35
ROW 878 0 11 16 878 51
ROW 878 1 0 32 878 27
ROW 878 2 13 32 878 27
ROW 878 3 8 8 878 98
ROW 878 4 0 4 878 176
ROW 878 5 175 255 878 3
ROW 878 6 6 24 878 35
ROW 878 7 19 24 878 35
ROW 879 0 12 16 879 51
ROW 879 1 1 32 879 27
ROW 879 2 14 32 879 27
ROW 879 3 0 8 879 98
ROW 879 4 1 4 879 176
ROW 879 5 176 255 879 3
ROW 879 6 7 24 879 35
ROW 879 7 20 24 879 35
ROW 880 0 13 16 880 51
ROW 880 1 2 32 880 27
ROW 880 2 15 32 880 27
ROW 880 3 1 8 880 98
ROW 880 4 2 4 880 176
ROW 880 5 177 255 880 3
ROW 880 6 8 24 880 35
ROW 880 7 21 24 880 35
ROW 881 0 14 16 881 51
ROW 881 1 3 32 881 27
ROW 881 2 16 32 881 27
ROW 881 3 2 8 881 98
ROW 881 4 3 4 881 176
ROW 881 5 178 255 881 3
ROW 881 6 9 24 881 35
ROW 881 7 22 24 881 35
ROW 882 0 15 16 882 51
ROW 882 1 4 32 882 27
ROW 882 2 17 32 882 27
ROW 882 3 3 8 882 98
ROW 882 4 4 4 882 177
ROW 882 5 179 255 882 3
ROW 882 6 10 24 882 35
ROW 882 7 23 24 882 35
ROW 883 0 16 16 883 52
ROW 883 1 5 32 883 27
ROW 883 2 18 32 883 27
ROW 883 3 4 8 883 98
ROW 883 4 0 4 883 177
ROW 883 5 180 255 883 3
ROW 883 6 11 24 883 35
ROW 883 7 24 24 883 36
ROW 884 0 0 16 884 52
ROW 884 1 6 32 884 27
ROW 884 2 19 32 884 27
ROW 884 3 5 8 884 98
ROW 884 4 1 4 884 177
ROW 884 5 181 255 884 3
ROW 884 6 12 24 884 35
ROW 884 7 0 24 884 36
ROW 885 0 1 16 885 52
ROW 885 1 7 32 885 27
ROW 885 2 20 32 885 27
ROW 885 3 6 8 885 98
ROW 885 4 2 4 885 177
ROW 885 5 182 255 885 3
ROW 885 6 13 24 885 35
ROW 885 7 1 24 885 36
ROW 886 0 2 16 886 52
ROW 886 1 8 32 886 27
ROW 886 2 21 32 886 27
ROW 886 3 7 8 886 98
ROW 886 4 3 4 886 177
ROW 886 5 183 255 886 3
ROW 886 6 14 24 886 35
ROW 886 7 2 24 886 36
ROW 887 0 3 16 887 52
ROW 887 1 9 32 887 27
ROW 887 2 22 32 887 27
ROW 887 3 8 8 887 99
ROW 887 4 4 4 887 178
ROW 887 5 184 255 887 3
ROW 887 6 15 24 887 35
ROW 887 7 3 24 887 36
ROW 888 0 4 16 888 52
ROW 888 1 10 32 888 27
ROW 888 2 23 32 888 27
ROW 888 3 0 8 888 99
ROW 888 4 0 4 888 178
ROW 888 5 185 255 888 3
ROW 888 6 16 24 888 35
ROW 888 7 4 24 888 36
ROW 889 0 5 16 889 52
ROW 889 1 11 32 889 27
ROW 889 2 24 32 889 27
ROW 889 3 1 8 889 99
ROW 889 4 1 4 889 178
ROW 889 5 186 255 889 3
ROW 889 6 17 24 889 35
ROW 889 7 5 24 889 36
ROW 890 0 6 16 890 52
ROW 890 1 12 32 890 27
ROW 890 2 25 32 890 27
ROW 890 3 2 8 890 99
ROW 890 4 2 4 890 178
ROW 890 5 187 255 890 3
ROW 890 6 18 24 890 35
ROW 890 7 6 24 890 36
ROW 891 0 7 16 891 52
ROW 891 1 13 32 891 27
ROW 891 2 26 32 891 27
ROW 891 3 3 8 891 99
ROW 891 4 3 4 891 178
ROW 891 5 188 255 891 3
ROW 891 6 19 24 891 35
ROW 891 7 7 24 891 36
ROW 892 0 8 16 892 52
ROW 892 1 14 32 892 27
ROW 892 2 27 32 892 27
ROW 892 3 4 8 892 99
ROW 892 4 4 4 892 179
ROW 892 5 189 255 892 3
ROW 892 6 20 24 892 35
ROW 892 7 8 24 892 36
ROW 893 0 9 16 893 52
ROW 893 1 15 32 893 27
ROW 893 2 28 32 893 27
ROW 893 3 5 8 893 99
ROW 893 4 0 4 893 179
ROW 893 5 190 255 893 3
ROW 893 6 21 24 893 35
ROW 893 7 9 24 893 36
ROW 894 0 10 16 894 52
ROW 894 1 16 32 894 27
ROW 894 2 29 32 894 27
ROW 894 3 6 8 894 99
ROW 894 4 1 4 894 179
ROW 894 5 191 255 894 3
ROW 894 6 22 24 894 35
ROW 894 7 10 24 894 36
ROW 895 0 11 16 895 52
ROW 895 1 17 32 895 27
ROW 895 2 30 32 895 27
ROW 895 3 7 8 895 99
ROW 895 4 2 4 895 179
ROW 895 5 192 255 895 3
ROW 895 6 23 24 895 35
ROW 895 7 11 24 895 36
ROW 896 0 12 16 896 52
ROW 896 1 18 32 896 27
ROW 896 2 31 32 896 27
ROW 896 3 8 8 896 100
ROW 896 4 3 4 896 179
ROW 896 5 193 255 896 3
ROW 896 6 24 24 896 36
ROW 896 7 12 24 896 36
ROW 897 0 13 16 897 52
ROW 897 1 19 32 897 27
ROW 897 2 32 32 897 28
ROW 897 3 0 8 897 100
ROW 897 4 4 4 897 180
ROW 897 5 194 255 897 3
ROW 897 6 0 24 897 36
ROW 897 7 13 24 897 36
ROW 898 0 14 16 898 52
ROW 898 1 20 32 898 27
ROW 898 2 0 32 898 28
ROW 898 3 1 8 898 100
ROW 898 4 0 4 898 180
ROW 898 5 195 255 898 3
ROW 898 6 1 24 898 36
ROW 898 7 14 24 898 36
ROW 899 0 15 16 899 52
ROW 899 1 21 32 899 27
ROW 899 2 1 32 899 28
ROW 899 3 2 8 899 100
ROW 899 4 1 4 899 180
ROW 899 5 196 255 899 3
ROW 899 6 2 24 899 36
ROW 899 7 15 24 899 36
ROW 900 0 16 16 900 53
ROW 900 1 22 32 900 27
ROW 900 2 2 32 900 28
ROW 900 3 3 8 900 100
ROW 900 4 2 4 900 180
ROW 900 5 197 255 900 3
ROW 900 6 3 24 900 36
ROW 900 7 16 24 900 36
ROW 901 0 0 16 901 53
ROW 901 1 23 32 901 27
ROW 901 2 3 32 901 28
ROW 901 3 4 8 901 100
ROW 901 4 3 4 901 180
ROW 901 5 198 255 901 3
ROW 901 6 4 24 901 36
ROW 901 7 17 24 901 36
ROW 902 0 1 16 902 53
ROW 902 1 24 32 902 27
ROW 902 2 4 32 902 28
ROW 902 3 5 8 902 100
ROW 902 4 4 4 902 181
ROW 902 5 199 255 902 3
ROW 902 6 5 24 902 36
ROW 902 7 18 24 902 36
ROW 903 0 2 16 903 53
ROW 903 1 25 32 903 27
ROW 903 2 5 32 903 28
ROW 903 3 6 8 903 100
ROW 903 4 0 4 903 181
ROW 903 5 200 255 903 3
ROW 903 6 6 24 903 36
ROW 903 7 19 24 903 36
ROW 904 0 3 16 904 53
ROW 904 1 26 32 904 27
ROW 904 2 6 32 904 28
ROW 904 3 7 8 904 100
ROW 904 4 1 4 904 181
ROW 904 5 201 255 904 3
ROW 904 6 7 24 904 36
ROW 904 7 20 24 904 36
ROW 905 0 4 16 905 53
ROW 905 1 27 32 905 27
ROW 905 2 7 32 905 28
ROW 905 3 8 8 905 101
ROW 905 4 2 4 905 181
ROW 905 5 202 255 905 3
ROW 905 6 8 24 905 36
ROW 905 7 21 24 905 36
ROW 906 0 5 16 906 53
ROW 906 1 28 32 906 27
ROW 906 2 8 32 906 28
ROW 906 3 0 8 906 101
ROW 906 4 3 4 906 181
ROW 906 5 203 255 906 3
ROW 906 6 9 24 906 36
ROW 906 7 22 24 906 36
ROW 907 0 6 16 907 53
ROW 907 1 29 32 907 27
ROW 907 2 9 32 907 28
ROW 907 3 1 8 907 101
ROW 907 4 4 4 907 182
ROW 907 5 204 255 907 3
ROW 907 6 10 24 907 36
ROW 907 7 23 24 907 36
ROW 908 0 7 16 908 53
ROW 908 1 30 32 908 27
ROW 908 2 10 32 908 28
ROW 908 3 2 8 908 101
ROW 908 4 0 4 908 182
ROW 908 5 205 255 908 3
ROW 908 6 11 24 908 36
ROW 908 7 24 24 908 37
ROW 909 0 8 16 909 53
ROW 909 1 31 32 909 27
ROW 909 2 11 32 909 28
ROW 909 3 3 8 909 101
ROW 909 4 1 4 909 182
ROW 909 5 206 255 909 3
ROW 909 6 12 24 909 36
ROW 909 7 0 24 909 37
ROW 910 0 9 16 910 53
ROW 910 1 32 32 910 28
ROW 910 2 12 32 910 28
ROW 910 3 4 8 910 101
ROW 910 4 2 4 910 182
ROW 910 5 207 255 910 3
ROW 910 6 13 24 910 36
ROW 910 7 1 24 910 37
ROW 911 0 10 16 911 53
ROW 911 1 0 32 911 28
ROW 911 2 13 32 911 28
ROW 911 3 5 8 911 101
ROW 911 4 3 4 911 182
ROW 911 5 208 255 911 3
ROW 911 6 14 24 911 36
ROW 911 7 2 24 911 37
ROW 912 0 11 16 912 53
ROW 912 1 1 32 912 28
ROW 912 2 14 32 912 28
ROW 912 3 6 8 912 101
ROW 912 4 4 4 912 183
ROW 912 5 209 255 912 3
ROW 912 6 15 24 912 36
ROW 912 7 3 24 912 37
ROW 913 0 12 16 913 53
ROW 913 1 2 32 913 28
ROW 913 2 15 32 913 28
ROW 913 3 7 8 913 101
ROW 913 4 0 4 913 183
ROW 913 5 210 255 913 3
ROW 913 6 16 24 913 36
ROW 913 7 4 24 913 37
ROW 914 0 13 16 914 53
ROW 914 1 3 32 914 28
ROW 914 2 16 32 914 28
ROW 914 3 8 8 914 102
ROW 914 4 1 4 914 183
ROW 914 5 211 255 914 3
ROW 914 6 17 24 914 36
ROW 914 7 5 24 914 37
ROW 915 0 14 16 915 53
ROW 915 1 4 32 915 28
ROW 915 2 17 32 915 28
ROW 915 3 0 8 915 102
ROW 915 4 2 4 915 183
ROW 915 5 212 255 915 3
ROW 915 6 18 24 915 36
ROW 915 7 6 24 915 37
ROW 916 0 15 16 916 53
ROW 916 1 5 32 916 28
ROW 916 2 18 32 916 28
ROW 916 3 1 8 916 102
ROW 916 4 3 4 916 183
ROW 916 5 213 255 916 3
ROW 916 6 19 24 916 36
ROW 916 7 7 24 916 37
ROW 917 0 16 16 917 54
ROW 917 1 6 32 917 28
ROW 917 2 19 32 917 28
ROW 917 3 2 8 917 102
ROW 917 4 4 4 917 184
ROW 917 5 214 255 917 3
ROW 917 6 20 24 917 36
ROW 917 7 8 24 917 37
ROW 918 0 0 16 918 54
ROW 918 1 7 32 918 28
ROW 918 2 20 32 918 28
ROW 918 3 3 8 918 102
ROW 918 4 0 4 918 184
ROW 918 5 215 255 918 3
ROW 918 6 21 24 918 36
ROW 918 7 9 24 918 37
ROW 919 0 1 16 919 54
ROW 919 1 8 32 919 28
ROW 919 2 21 32 919 28
ROW 919 3 4 8 919 102
ROW 919 4 1 4 919 184
ROW 919 5 216 255 919 3
ROW 919 6 22 24 919 36
ROW 919 7 10 24 919 37
ROW 920 0 2 16 920 54
ROW 920 1 9 32 920 28
ROW 920 2 22 32 920 28
ROW 920 3 5 8 920 102
ROW 920 4 2 4 920 184
ROW 920 5 217 255 920 3
ROW 920 6 23 24 920 36
ROW 920 7 11 24 920 37
ROW 921 0 3 16 921 54
ROW 921 1 10 32 921 28
ROW 921 2 23 32 921 28
ROW 921 3 6 8 921 102
ROW 921 4 3 4 921 184
ROW 921 5 218 255 921 3
ROW 921 6 24 24 921 37
ROW 921 7 12 24 921 37
ROW 922 0 4 16 922 54
ROW 922 1 11 32 922 28
ROW 922 2 24 32 922 28
ROW 922 3 7 8 922 102
ROW 922 4 4 4 922 185
ROW 922 5 219 255 922 3
ROW 922 6 0 24 922 37
ROW 922 7 13 24 922 37
ROW 923 0 5 16 923 54
ROW 923 1 12 32 923 28
ROW 923 2 25 32 923 28
ROW 923 3 8 8 923 103
ROW 923 4 0 4 923 185
ROW 923 5 220 255 923 3
ROW 923 6 1 24 923 37
ROW 923 7 14 24 923 37
ROW 924 0 6 16 924 54
ROW 924 1 13 32 924 28
ROW 924 2 26 32 924 28
ROW 924 3 0 8 924 103
ROW 924 4 1 4 924 185
ROW 924 5 221 255 924 3
ROW 924 6 2 24 924 37
ROW 924 7 15 24 924 37
ROW 925 0 7 16 925 54
ROW 925 1 14 32 925 28
ROW 925 2 27 32 925 28
ROW 925 3 1 8 925 103
ROW 925 4 2 4 925 185
ROW 925 5 222 255 925 3
ROW 925 6 3 24 925 37
ROW 925 7 16 24 925 37
ROW 926 0 8 16 926 54
ROW 926 1 15 32 926 28
ROW 926 2 28 32 926 28
ROW 926 3 2 8 926 103
ROW 926 4 3 4 926 185
ROW 926 5 223 255 926 3
ROW 926 6 4 24 926 37
ROW 926 7 17 24 926 37
ROW 927 0 9 16 927 54
ROW 927 1 16 32 927 28
ROW 927 2 29 32 927 28
ROW 927 3 3 8 927 103
ROW 927 4 4 4 927 186
ROW 927 5 224 255 927 3
ROW 927 6 5 24 927 37
ROW 927 7 18 24 927 37
ROW 928 0 10 16 928 54
ROW 928 1 17 32 928 28
ROW 928 2 30 32 928 28
ROW 928 3 4 8 928 103
ROW 928 4 0 4 928 186
ROW 928 5 225 255 928 3
ROW 928 6 6 24 928 37
ROW 928 7 19 24 928 37
ROW 929 0 11 16 929 54
ROW 929 1 18 32 929 28
ROW 929 2 31 32 929 28
ROW 929 3 5 8 929 103
ROW 929 4 1 4 929 186
ROW 929 5 226 255 929 3
ROW 929 6 7 24 929 37
ROW 929 7 20 24 929 37
ROW 930 0 12 16 930 54
ROW 930 1 19 32 930 28
ROW 930 2 32 32 930 29
ROW 930 3 6 8 930 103
ROW 930 4 2 4 930 186
ROW 930 5 227 255 930 3
ROW 930 6 8 24 930 37
ROW 930 7 21 24 930 37
ROW 931 0 13 16 931 54
ROW 931 1 20 32 931 28
ROW 931 2 0 32 931 29
ROW 931 3 7 8 931 103
ROW 931 4 3 4 931 186
ROW 931 5 228 255 931 3
ROW 931 6 9 24 931 37
ROW 931 7 22 24 931 37
ROW 932 0 14 16 932 54
ROW 932 1 21 32 932 28
ROW 932 2 1 32 932 29
ROW 932 3 8 8 932 104
ROW 932 4 4 4 932 187
ROW 932 5 229 255 932 3
ROW 932 6 10 24 932 37
ROW 932 7 23 24 932 37
ROW 933 0 15 16 933 54
ROW 933 1 22 32 933 28
ROW 933 2 2 32 933 29
ROW 933 3 0 8 933 104
ROW 933 4 0 4 933 187
ROW 933 5 230 255 933 3
ROW 933 6 11 24 933 37
ROW 933 7 24 24 933 38
ROW 934 0 16 16 934 55
ROW 934 1 23 32 934 28
ROW 934 2 3 32 934 29
ROW 934 3 1 8 934 104
ROW 934 4 1 4 934 187
ROW 934 5 231 255 934 3
ROW 934 6 12 24 934 37
ROW 934 7 0 24 934 38
ROW 935 0 0 16 935 55
ROW 935 1 24 32 935 28
ROW 935 2 4 32 935 29
ROW 935 3 2 8 935 104
ROW 935 4 2 4 935 187
ROW 935 5 232 255 935 3
ROW 935 6 13 24 935 37
ROW 935 7 1 24 935 38
ROW 936 0 1 16 936 55
ROW 936 1 25 32 936 28
ROW 936 2 5 32 936 29
ROW 936 3 3 8 936 104
ROW 936 4 3 4 936 187
ROW 936 5 233 255 936 3
ROW 936 6 14 24 936 37
ROW 936 7 2 24 936 38
ROW 937 0 2 16 937 55
ROW 937 1 26 32 937 28
ROW 937 2 6 32 937 29
ROW 937 3 4 8 937 104
ROW 937 4 4 4 937 188
ROW 937 5 234 255 937 3
ROW 937 6 15 24 937 37
ROW 937 7 3 24 937 38
ROW 938 0 3 16 938 55
ROW 938 1 27 32 938 28
ROW 938 2 7 32 938 29
ROW 938 3 5 8 938 104
ROW 938 4 0 4 938 188
ROW 938 5 235 255 938 3
ROW 938 6 16 24 938 37
ROW 938 7 4 24 938 38
ROW 939 0 4 16 939 55
ROW 939 1 28 32 939 28
ROW 939 2 8 32 939 29
ROW 939 3 6 8 939 104
ROW 939 4 1 4 939 188
ROW 939 5 236 255 939 3
ROW 939 6 17 24 939 37
ROW 939 7 5 24 939 38
ROW 940 0 5 16 940 55
ROW 940 1 29 32 940 28
ROW 940 2 9 32 940 29
ROW 940 3 7 8 940 104
ROW 940 4 2 4 940 188
ROW 940 5 237 255 940 3
ROW 940 6 18 24 940 37
ROW 940 7 6 24 940 38
ROW 941 0 6 16 941 55
ROW 941 1 30 32 941 28
ROW 941 2 10 32 941 29
ROW 941 3 8 8 941 105
ROW 941 4 3 4 941 188
ROW 941 5 238 255 941 3
ROW 941 6 19 24 941 37
ROW 941 7 7 24 941 38
ROW 942 0 7 16 942 55
ROW 942 1 31 32 942 28
ROW 942 2 11 32 942 29
ROW 942 3 0 8 942 105
ROW 942 4 4 4 942 189
ROW 942 5 239 255 942 3
ROW 942 6 20 24 942 37
ROW 942 7 8 24 942 38
ROW 943 0 8 16 943 55
ROW 943 1 32 32 943 29
ROW 943 2 12 32 943 29
ROW 943 3 1 8 943 105
ROW 943 4 0 4 943 189
ROW 943 5 240 255 943 3
ROW 943 6 21 24 943 37
ROW 943 7 9 24 943 38
ROW 944 0 9 16 944 55
ROW 944 1 0 32 944 29
ROW 944 2 13 32 944 29
ROW 944 3 2 8 944 105
ROW 944 4 1 4 944 189
ROW 944 5 241 255 944 3
ROW 944 6 22 24 944 37
ROW 944 7 10 24 944 38
ROW 945 0 10 16 945 55
ROW 945 1 1 32 945 29
ROW 945 2 14 32 945 29
ROW 945 3 3 8 945 105
ROW 945 4 2 4 945 189
ROW 945 5 242 255 945 3
ROW 945 6 23 24 945 37
ROW 945 7 11 24 945 38
ROW 946 0 11 16 946 55
ROW 946 1 2 32 946 29
ROW 946 2 15 32 946 29
ROW 946 3 4 8 946 105
ROW 946 4 3 4 946 189
ROW 946 5 243 255 946 3
ROW 946 6 24 24 946 38
ROW 946 7 12 24 946 38
ROW 947 0 12 16 947 55
ROW 947 1 3 32 947 29
ROW 947 2 16 32 947 29
ROW 947 3 5 8 947 105
ROW 947 4 4 4 947 190
ROW 947 5 244 255 947 3
ROW 947 6 0 24 947 38
ROW 947 7 13 24 947 38
ROW 948 0 13 16 948 55
ROW 948 1 4 32 948 29
ROW 948 2 17 32 948 29
ROW 948 3 6 8 948 105
ROW 948 4 0 4 948 190
ROW 948 5 245 255 948 3
ROW 948 6 1 24 948 38
ROW 948 7 14 24 948 38
ROW 949 0 14 16 949 55
ROW 949 1 5 32 949 29
ROW 949 2 18 32 949 29
ROW 949 3 7 8 949 105
ROW 949 4 1 4 949 190
ROW 949 5 246 255 949 3
ROW 949 6 2 24 949 38
ROW 949 7 15 24 949 38
ROW 950 0 15 16 950 55
ROW 950 1 6 32 950 29
ROW 950 2 19 32 950 29
ROW 950 3 8 8 950 106
ROW 950 4 2 4 950 190
ROW 950 5 247 255 950 3
ROW 950 6 3 24 950 38
ROW 950 7 16 24 950 38
ROW 951 0 16 16 951 56
ROW 951 1 7 32 951 29
ROW 951 2 20 32 951 29
ROW 951 3 0 8 951 106
ROW 951 4 3 4 951 190
ROW 951 5 248 255 951 3
ROW 951 6 4 24 951 38
ROW 951 7 17 24 951 38
ROW 952 0 0 16 952 56
ROW 952 1 8 32 952 29
ROW 952 2 21 32 952 29
ROW 952 3 1 8 952 106
ROW 952 4 4 4 952 191
ROW 952 5 249 255 952 3
ROW 952 6 5 24 952 38
ROW 952 7 18 24 952 38
ROW 953 0 1 16 953 56
ROW 953 1 9 32 953 29
ROW 953 2 22 32 953 29
ROW 953 3 2 8 953 106
ROW 953 4 0 4 953 191
ROW 953 5 250 255 953 3
ROW 953 6 6 24 953 38
ROW 953 7 19 24 953 38
ROW 954 0 2 16 954 56
ROW 954 1 10 32 954 29
ROW 954 2 23 32 954 29
ROW 954 3 3 8 954 106
ROW 954 4 1 4 954 191
ROW 954 5 251 255 954 3
ROW 954 6 7 24 954 38
ROW 954 7 20 24 954 38
ROW 955 0 3 16 955 56
ROW 955 1 11 32 955 29
ROW 955 2 24 32 955 29
ROW 955 3 4 8 955 106
ROW 955 4 2 4 955 191
ROW 955 5 252 255 955 3
ROW 955 6 8 24 955 38
ROW 955 7 21 24 955 38
ROW 956 0 4 16 956 56
ROW 956 1 12 32 956 29
ROW 956 2 25 32 956 29
ROW 956 3 5 8 956 106
ROW 956 4 3 4 956 191
ROW 956 5 253 255 956 3
ROW 956 6 9 24 956 38
ROW 956 7 22 24 956 38
ROW 957 0 5 16 957 56
ROW 957 1 13 32 957 29
ROW 957 2 26 32 957 29
ROW 957 3 6 8 957 106
ROW 957 4 4 4 957 192
ROW 957 5 254 255 957 3
ROW 957 6 10 24 957 38
ROW 957 7 23 24 957 38
ROW 958 0 6 16 958 56
ROW 958 1 14 32 958 29
ROW 958 2 27 32 958 29
ROW 958 3 7 8 958 106
ROW 958 4 0 4 958 192
ROW 958 5 255 255 958 4
ROW 958 6 11 24 958 38
ROW 958 7 24 24 958 39
ROW 959 0 7 16 959 56
ROW 959 1 15 32 959 29
ROW 959 2 28 32 959 29
ROW 959 3 8 8 959 107
ROW 959 4 1 4 959 192
ROW 959 5 0 255 959 4
ROW 959 6 12 24 959 38
ROW 959 7 0 24 959 39
ROW 960 0 8 16 960 56
ROW 960 1 16 32 960 29
ROW 960 2 29 32 960 29
ROW 960 3 0 8 960 107
ROW 960 4 2 4 960 192
ROW 960 5 1 255 960 4
ROW 960 6 13 24 960 38
ROW 960 7 1 24 960 39
ROW 961 0 9 16 961 56
ROW 961 1 17 32 961 29
ROW 961 2 30 32 961 29
ROW 961 3 1 8 961 107
ROW 961 4 3 4 961 192
ROW 961 5 2 255 961 4
ROW 961 6 14 24 961 38
ROW 961 7 2 24 961 39
ROW 962 0 10 16 962 56
ROW 962 1 18 32 962 29
ROW 962 2 31 32 962 29
ROW 962 3 2 8 962 107
ROW 962 4 4 4 962 193
ROW 962 5 3 255 962 4
ROW 962 6 15 24 962 38
ROW 962 7 3 24 962 39
ROW 963 0 11 16 963 56
ROW 963 1 19 32 963 29
ROW 963 2 32 32 963 30
ROW 963 3 3 8 963 107
ROW 963 4 0 4 963 193
ROW 963 5 4 255 963 4
ROW 963 6 16 24 963 38
ROW 963 7 4 24 963 39
ROW 964 0 12 16 964 56
ROW 964 1 20 32 964 29
ROW 964 2 0 32 964 30
ROW 964 3 4 8 964 107
ROW 964 4 1 4 964 193
ROW 964 5 5 255 964 4
ROW 964 6 17 24 964 38
ROW 964 7 5 24 964 39
ROW 965 0 13 16 965 56
ROW 965 1 21 32 965 29
ROW 965 2 1 32 965 30
ROW 965 3 5 8 965 107
ROW 965 4 2 4 965 193
ROW 965 5 6 255 965 4
ROW 965 6 18 24 965 38
ROW 965 7 6 24 965 39
ROW 966 0 14 16 966 56
ROW 966 1 22 32 966 29
ROW 966 2 2 32 966 30
ROW 966 3 6 8 966 107
ROW 966 4 3 4 966 193
ROW 966 5 7 255 966 4
ROW 966 6 19 24 966 38
ROW 966 7 7 24 966 39
ROW 967 0 15 16 967 56
ROW 967 1 23 32 967 29
ROW 967 2 3 32 967 30
ROW 967 3 7 8 967 107
ROW 967 4 4 4 967 194
ROW 967 5 8 255 967 4
ROW 967 6 20 24 967 38
ROW 967 7 8 24 967 39
ROW 968 0 16 16 968 57
ROW 968 1 24 32 968 29
ROW 968 2 4 32 968 30
ROW 968 3 8 8 968 108
ROW 968 4 0 4 968 194
ROW 968 5 9 255 968 4
ROW 968 6 21 24 968 38
ROW 968 7 9 24 968 39
ROW 969 0 0 16 969 57
ROW 969 1 25 32 969 29
ROW 969 2 5 32 969 30
ROW 969 3 0 8 969 108
ROW 969 4 1 4 969 194
ROW 969 5 10 255 969 4
ROW 969 6 22 24 969 38
ROW 969 7 10 24 969 39
ROW 970 0 1 16 970 57
ROW 970 1 26 32 970 29
ROW 970 2 6 32 970 30
ROW 970 3 1 8 970 108
ROW 970 4 2 4 970 194
ROW 970 5 11 255 970 4
ROW 970 6 23 24 970 38
ROW 970 7 11 24 970 39
ROW 971 0 2 16 971 57
ROW 971 1 27 32 971 29
ROW 971 2 7 32 971 30
ROW 971 3 2 8 971 108
ROW 971 4 3 4 971 194
ROW 971 5 12 255 971 4
ROW 971 6 24 24 971 39
ROW 971 7 12 24 971 39
ROW 972 0 3 16 972 57
ROW 972 1 28 32 972 29
ROW 972 2 8 32 972 30
ROW 972 3 3 8 972 108
ROW 972 4 4 4 972 195
ROW 972 5 13 255 972 4
ROW 972 6 0 24 972 39
ROW 972 7 13 24 972 39
ROW 973 0 4 16 973 57
ROW 973 1 29 32 973 29
ROW 973 2 9 32 973 30
ROW 973 3 4 8 973 108
ROW 973 4 0 4 973 195
ROW 973 5 14 255 973 4
ROW 973 6 1 24 973 39
ROW 973 7 14 24 973 39
ROW 974 0 5 16 974 57
ROW 974 1 30 32 974 29
ROW 974 2 10 32 974 30
ROW 974 3 5 8 974 108
ROW 974 4 1 4 974 195
ROW 974 5 15 255 974 4
ROW 974 6 2 24 974 39
ROW 974 7 15 24 974 39
ROW 975 0 6 16 975 57
ROW 975 1 31 32 975 29
ROW 975 2 11 32 975 30
ROW 975 3 6 8 975 108
ROW 975 4 2 4 975 195
ROW 975 5 16 255 975 4
ROW 975 6 3 24 975 39
ROW 975 7 16 24 975 39
ROW 976 0 7 16 976 57
ROW 976 1 32 32 976 30
ROW 976 2 12 32 976 30
ROW 976 3 7 8 976 108
ROW 976 4 3 4 976 195
ROW 976 5 17 255 976 4
ROW 976 6 4 24 976 39
ROW 976 7 17 24 976 39
ROW 977 0 8 16 977 57
ROW 977 1 0 32 977 30
ROW 977 2 13 32 977 30
ROW 977 3 8 8 977 109
ROW 977 4 4 4 977 196
ROW 977 5 18 255 977 4
ROW 977 6 5 24 977 39
ROW 977 7 18 24 977 39
ROW 978 0 9 16 978 57
ROW 978 1 1 32 978 30
ROW 978 2 14 32 978 30
ROW 978 3 0 8 978 109
ROW 978 4 0 4 978 196
ROW 978 5 19 255 978 4
ROW 978 6 6 24 978 39
ROW 978 7 19 24 978 39
ROW 979 0 10 16 979 57
ROW 979 1 2 32 979 30
ROW 979 2 15 32 979 30
ROW 979 3 1 8 979 109
ROW 979 4 1 4 979 196
ROW 979 5 20 255 979 4
ROW 979 6 7 24 979 39
ROW 979 7 20 24 979 39
ROW 980 0 11 16 980 57
ROW 980 1 3 32 980 30
ROW 980 2 16 32 980 30
ROW 980 3 2 8 980 109
ROW 980 4 2 4 980 196
ROW 980 5 21 255 980 4
ROW 980 6 8 24 980 39
ROW 980 7 21 24 980 39
ROW 981 0 12 16 981 57
ROW 981 1 4 32 981 30
ROW 981 2 17 32 981 30
ROW 981 3 3 8 981 109
ROW 981 4 3 4 981 196
ROW 981 5 22 255 981 4
ROW 981 6 9 24 981 39
ROW 981 7 22 24 981 39
ROW 982 0 13 16 982 57
ROW 982 1 5 32 982 30
ROW 982 2 18 32 982 30
ROW 982 3 4 8 982 109
ROW 982 4 4 4 982 197
ROW 982 5 23 255 982 4
ROW 982 6 10 24 982 39
ROW 982 7 23 24 982 39
ROW 983 0 14 16 983 57
ROW 983 1 6 32 983 30
ROW 983 2 19 32 983 30
ROW 983 3 5 8 983 109
ROW 983 4 0 4 983 197
ROW 983 5 24 255 983 4
ROW 983 6 11 24 983 39
ROW 983 7 24 24 983 40
ROW 984 0 15 16 984 57
ROW 984 1 7 32 984 30
ROW 984 2 20 32 984 30
ROW 984 3 6 8 984 109
ROW 984 4 1 4 984 197
ROW 984 5 25 255 984 4
ROW 984 6 12 24 984 39
ROW 984 7 0 24 984 40
ROW 985 0 16 16 985 58
ROW 985 1 8 32 985 30
ROW 985 2 21 32 985 30
ROW 985 3 7 8 985 109
ROW 985 4 2 4 985 197
ROW 985 5 26 255 985 4
ROW 985 6 13 24 985 39
ROW 985 7 1 24 985 40
ROW 986 0 0 16 986 58
ROW 986 1 9 32 986 30
ROW 986 2 22 32 986 30
ROW 986 3 8 8 986 110
ROW 986 4 3 4 986 197
ROW 986 5 27 255 986 4
ROW 986 6 14 24 986 39
ROW 986 7 2 24 986 40
ROW 987 0 1 16 987 58
ROW 987 1 10 32 987 30
ROW 987 2 23 32 987 30
ROW 987 3 0 8 987 110
ROW 987 4 4 4 987 198
ROW 987 5 28 255 987 4
ROW 987 6 15 24 987 39
ROW 987 7 3 24 987 40
ROW 988 0 2 16 988 58
ROW 988 1 11 32 988 30
ROW 988 2 24 32 988 30
ROW 988 3 1 8 988 110
ROW 988 4 0 4 988 198
ROW 988 5 29 255 988 4
ROW 988 6 16 24 988 39
ROW 988 7 4 24 988 40
ROW 989 0 3 16 989 58
ROW 989 1 12 32 989 30
ROW 989 2 25 32 989 30
ROW 989 3 2 8 989 110
ROW 989 4 1 4 989 198
ROW 989 5 30 255 989 4
ROW 989 6 17 24 989 39
ROW 989 7 5 24 989 40
ROW 990 0 4 16 990 58
ROW 990 1 13 32 990 30
ROW 990 2 26 32 990 30
ROW 990 3 3 8 990 110
ROW 990 4 2 4 990 198
ROW 990 5 31 255 990 4
ROW 990 6 18 24 990 39
ROW 990 7 6 24 990 40
ROW 991 0 5 16 991 58
ROW 991 1 14 32 991 30
ROW 991 2 27 32 991 30
ROW 991 3 4 8 991 110
ROW 991 4 3 4 991 198
ROW 991 5 32 255 991 4
ROW 991 6 19 24 991 39
ROW 991 7 7 24 991 40
ROW 992 0 6 16 992 58
ROW 992 1 15 32 992 30
ROW 992 2 28 32 992 30
ROW 992 3 5 8 992 110
ROW 992 4 4 4 992 199
ROW 992 5 33 255 992 4
ROW 992 6 20 24 992 39
ROW 992 7 8 24 992 40
ROW 993 0 7 16 993 58
ROW 993 1 16 32 993 30
ROW 993 2 29 32 993 30
ROW 993 3 6 8 993 110
ROW 993 4 0 4 993 199
ROW 993 5 34 255 993 4
ROW 993 6 21 24 993 39
ROW 993 7 9 24 993 40
ROW 994 0 8 16 994 58
ROW 994 1 17 32 994 30
ROW 994 2 30 32 994 30
ROW 994 3 7 8 994 110
ROW 994 4 1 4 994 199
ROW 994 5 35 255 994 4
ROW 994 6 22 24 994 39
ROW 994 7 10 24 994 40
ROW 995 0 9 16 995 58
ROW 995 1 18 32 995 30
ROW 995 2 31 32 995 30
ROW 995 3 8 8 995 111
ROW 995 4 2 4 995 199
ROW 995 5 36 255 995 4
ROW 995 6 23 24 995 39
ROW 995 7 11 24 995 40
ROW 996 0 10 16 996 58
ROW 996 1 19 32 996 30
ROW 996 2 32 32 996 31
ROW 996 3 0 8 996 111
ROW 996 4 3 4 996 199
ROW 996 5 37 255 996 4
ROW 996 6 24 24 996 40
ROW 996 7 12 24 996 40
ROW 997 0 11 16 997 58
ROW 997 1 20 32 997 30
ROW 997 2 0 32 997 31
ROW 997 3 1 8 997 111
ROW 997 4 4 4 997 200
ROW 997 5 38 255 997 4
ROW 997 6 0 24 997 40
ROW 997 7 13 24 997 40
ROW 998 0 12 16 998 58
ROW 998 1 21 32 998 30
ROW 998 2 1 32 998 31
ROW 998 3 2 8 998 111
ROW 998 4 0 4 998 200
ROW 998 5 39 255 998 4
ROW 998 6 1 24 998 40
ROW 998 7 14 24 998 40
ROW 999 0 13 16 999 58
ROW 999 1 22 32 999 30
ROW 999 2 2 32 999 31
ROW 999 3 3 8 999 111
ROW 999 4 1 4 999 200
ROW 999 5 40 255 999 4
ROW 999 6 2 24 999 40
ROW 999 7 15 24 999 40
ROW 1000 0 14 16 1000 58
ROW 1000 1 23 32 1000 30
ROW 1000 2 3 32 1000 31
ROW 1000 3 4 8 1000 111
ROW 1000 4 2 4 1000 200
ROW 1000 5 41 255 1000 4
ROW 1000 6 3 24 1000 40
ROW 1000 7 16 24 1000 40
ROW 1001 0 15 16 1001 58
ROW 1001 1 24 32 1001 30
ROW 1001 2 4 32 1001 31
ROW 1001 3 5 8 1001 111
ROW 1001 4 3 4 1001 200
ROW 1001 5 42 255 1001 4
ROW 1001 6 4 24 1001 40
ROW 1001 7 17 24 1001 40
ROW 1002 0 16 16 1002 59
ROW 1002 1 25 32 1002 30
ROW 1002 2 5 32 1002 31
ROW 1002 3 6 8 1002 111
ROW 1002 4 4 4 1002 201
ROW 1002 5 43 255 1002 4
ROW 1002 6 5 24 1002 40
ROW 1002 7 18 24 1002 40
ROW 1003 0 0 16 1003 59
ROW 1003 1 26 32 1003 30
ROW 1003 2 6 32 1003 31
ROW 1003 3 7 8 1003 111
ROW 1003 4 0 4 1003 201
ROW 1003 5 44 255 1003 4
ROW 1003 6 6 24 1003 40
ROW 1003 7 19 24 1003 40
ROW 1004 0 1 16 1004 59
ROW 1004 1 27 32 1004 30
ROW 1004 2 7 32 1004 31
ROW 1004 3 8 8 1004 112
ROW 1004 4 1 4 1004 201
ROW 1004 5 45 255 1004 4
ROW 1004 6 7 24 1004 40
ROW 1004 7 20 24 1004 40
ROW 1005 0 2 16 1005 59
ROW 1005 1 28 32 1005 30
ROW 1005 2 8 32 1005 31
ROW 1005 3 0 8 1005 112
ROW 1005 4 2 4 1005 201
ROW 1005 5 46 255 1005 4
ROW 1005 6 8 24 1005 40
ROW 1005 7 21 24 1005 40
ROW 1006 0 3 16 1006 59
ROW 1006 1 29 32 1006 30
ROW 1006 2 9 32 1006 31
ROW 1006 3 1 8 1006 112
ROW 1006 4 3 4 1006 201
ROW 1006 5 47 255 1006 4
ROW 1006 6 9 24 1006 40
ROW 1006 7 22 24 1006 40
ROW 1007 0 4 16 1007 59
ROW 1007 1 30 32 1007 30
ROW 1007 2 10 32 1007 31
ROW 1007 3 2 8 1007 112
ROW 1007 4 4 4 1007 202
ROW 1007 5 48 255 1007 4
ROW 1007 6 10 24 1007 40
ROW 1007 7 23 24 1007 40
ROW 1008 0 5 16 1008 59
ROW 1008 1 31 32 1008 30
ROW 1008 2 11 32 1008 31
ROW 1008 3 3 8 1008 112
ROW 1008 4 0 4 1008 202
ROW 1008 5 49 255 1008 4
ROW 1008 6 11 24 1008 40
ROW 1008 7 24 24 1008 41
ROW 1009 0 6 16 1009 59
ROW 1009 1 32 32 1009 31
ROW 1009 2 12 32 1009 31
ROW 1009 3 4 8 1009 112
ROW 1009 4 1 4 1009 202
ROW 1009 5 50 255 1009 4
ROW 1009 6 12 24 1009 40
ROW 1009 7 0 24 1009 41
ROW 1010 0 7 16 1010 59
ROW 1010 1 0 32 1010 31
ROW 1010 2 13 32 1010 31
ROW 1010 3 5 8 1010 112
ROW 1010 4 2 4 1010 202
ROW 1010 5 51 255 1010 4
ROW 1010 6 13 24 1010 40
ROW 1010 7 1 24 1010 41
ROW 1011 0 8 16 1011 59
ROW 1011 1 1 32 1011 31
ROW 1011 2 14 32 1011 31
ROW 1011 3 6 8 1011 112
ROW 1011 4 3 4 1011 202
ROW 1011 5 52 255 1011 4
ROW 1011 6 14 24 1011 40
ROW 1011 7 2 24 1011 41
ROW 1012 0 9 16 1012 59
ROW 1012 1 2 32 1012 31
ROW 1012 2 15 32 1012 31
ROW 1012 3 7 8 1012 112
ROW 1012 4 4 4 1012 203
ROW 1012 5 53 255 1012 4
ROW 1012 6 15 24 1012 40
ROW 1012 7 3 24 1012 41
ROW 1013 0 10 16 1013 59
ROW 1013 1 3 32 1013 31
ROW 1013 2 16 32 1013 31
ROW 1013 3 8 8 1013 113
ROW 1013 4 0 4 1013 203
ROW 1013 5 54 255 1013 4
ROW 1013 6 16 24 1013 40
ROW 1013 7 4 24 1013 41
ROW 1014 0 11 16 1014 59
ROW 1014 1 4 32 1014 31
ROW 1014 2 17 32 1014 31
ROW 1014 3 0 8 1014 113
ROW 1014 4 1 4 1014 203
ROW 1014 5 55 255 1014 4
ROW 1014 6 17 24 1014 40
ROW 1014 7 5 24 1014 41
ROW 1015 0 12 16 1015 59
ROW 1015 1 5 32 1015 31
ROW 1015 2 18 32 1015 31
ROW 1015 3 1 8 1015 113
ROW 1015 4 2 4 1015 203
ROW 1015 5 56 255 1015 4
ROW 1015 6 18 24 1015 40
ROW 1015 7 6 24 1015 41
ROW 1016 0 13 16 1016 59
ROW 1016 1 6 32 1016 31
ROW 1016 2 19 32 1016 31
ROW 1016 3 2 8 1016 113
ROW 1016 4 3 4 1016 203
ROW 1016 5 57 255 1016 4
ROW 1016 6 19 24 1016 40
ROW 1016 7 7 24 1016 41
ROW 1017 0 14 16 1017 59
ROW 1017 1 7 32 1017 31
ROW 1017 2 20 32 1017 31
ROW 1017 3 3 8 1017 113
ROW 1017 4 4 4 1017 204
ROW 1017 5 58 255 1017 4
ROW 1017 6 20 24 1017 40
ROW 1017 7 8 24 1017 41
ROW 1018 0 15 16 1018 59
ROW 1018 1 8 32 1018 31
ROW 1018 2 21 32 1018 31
ROW 1018 3 4 8 1018 113
ROW 1018 4 0 4 1018 204
ROW 1018 5 59 255 1018 4
ROW 1018 6 21 24 1018 40
ROW 1018 7 9 24 1018 41
ROW 1019 0 16 16 1019 60
ROW 1019 1 9 32 1019 31
ROW 1019 2 22 32 1019 31
ROW 1019 3 5 8 1019 113
ROW 1019 4 1 4 1019 204
ROW 1019 5 60 255 1019 4
ROW 1019 6 22 24 1019 40
ROW 1019 7 10 24 1019 41
ROW 1020 0 0 16 1020 60
ROW 1020 1 10 32 1020 31
ROW 1020 2 23 32 1020 31
ROW 1020 3 6 8 1020 113
ROW 1020 4 2 4 1020 204
ROW 1020 5 61 255 1020 4
ROW 1020 6 23 24 1020 40
ROW 1020 7 11 24 1020 41
ROW 1021 0 1 16 1021 60
ROW 1021 1 11 32 1021 31
ROW 1021 2 24 32 1021 31
ROW 1021 3 7 8 1021 113
ROW 1021 4 3 4 1021 204
ROW 1021 5 62 255 1021 4
ROW 1021 6 24 24 1021 41
ROW 1021 7 12 24 1021 41
ROW 1022 0 2 16 1022 60
ROW 1022 1 12 32 1022 31
ROW 1022 2 25 32 1022 31
ROW 1022 3 8 8 1022 114
ROW 1022 4 4 4 1022 205
ROW 1022 5 63 255 1022 4
ROW 1022 6 0 24 1022 41
ROW 1022 7 13 24 1022 41
ROW 1023 0 3 16 1023 60
ROW 1023 1 13 32 1023 31
ROW 1023 2 26 32 1023 31
ROW 1023 3 0 8 1023 114
ROW 1023 4 0 4 1023 205
ROW 1023 5 64 255 1023 4
ROW 1023 6 1 24 1023 41
ROW 1023 7 14 24 1023 41
ROW 1024 0 4 16 1024 60
ROW 1024 1 14 32 1024 31
ROW 1024 2 27 32 1024 31
ROW 1024 3 1 8 1024 114
ROW 1024 4 1 4 1024 205
ROW 1024 5 65 255 1024 4
ROW 1024 6 2 24 1024 41
ROW 1024 7 15 24 1024 41
ROW 1025 0 5 16 1025 60
ROW 1025 1 15 32 1025 31
ROW 1025 2 28 32 1025 31
ROW 1025 3 2 8 1025 114
ROW 1025 4 2 4 1025 205
ROW 1025 5 66 255 1025 4
ROW 1025 6 3 24 1025 41
ROW 1025 7 16 24 1025 41
ROW 1026 0 6 16 1026 60
ROW 1026 1 16 32 1026 31
ROW 1026 2 29 32 1026 31
ROW 1026 3 3 8 1026 114
ROW 1026 4 3 4 1026 205
ROW 1026 5 67 255 1026 4
ROW 1026 6 4 24 1026 41
ROW 1026 7 17 24 1026 41
ROW 1027 0 7 16 1027 60
ROW 1027 1 17 32 1027 31
ROW 1027 2 30 32 1027 31
ROW 1027 3 4 8 1027 114
ROW 1027 4 4 4 1027 206
ROW 1027 5 68 255 1027 4
ROW 1027 6 5 24 1027 41
ROW 1027 7 18 24 1027 41
ROW 1028 0 8 16 1028 60
ROW 1028 1 18 32 1028 31
ROW 1028 2 31 32 1028 31
ROW 1028 3 5 8 1028 114
ROW 1028 4 0 4 1028 206
ROW 1028 5 69 255 1028 4
ROW 1028 6 6 24 1028 41
ROW 1028 7 19 24 1028 41
ROW 1029 0 9 16 1029 60
ROW 1029 1 19 32 1029 31
ROW 1029 2 32 32 1029 32
ROW 1029 3 6 8 1029 114
ROW 1029 4 1 4 1029 206
ROW 1029 5 70 255 1029 4
ROW 1029 6 7 24 1029 41
ROW 1029 7 20 24 1029 41
ROW 1030 0 10 16 1030 60
ROW 1030 1 20 32 1030 31
ROW 1030 2 0 32 1030 32
ROW 1030 3 7 8 1030 114
ROW 1030 4 2 4 1030 206
ROW 1030 5 71 255 1030 4
ROW 1030 6 8 24 1030 41
ROW 1030 7 21 24 1030 41
ROW 1031 0 11 16 1031 60
ROW 1031 1 21 32 1031 31
ROW 1031 2 1 32 1031 32
ROW 1031 3 8 8 1031 115
ROW 1031 4 3 4 1031 206
ROW 1031 5 72 255 1031 4
ROW 1031 6 9 24 1031 41
ROW 1031 7 22 24 1031 41
ROW 1032 0 12 16 1032 60
ROW 1032 1 22 32 1032 31
ROW 1032 2 2 32 1032 32
ROW 1032 3 0 8 1032 115
ROW 1032 4 4 4 1032 207
ROW 1032 5 73 255 1032 4
ROW 1032 6 10 24 1032 41
ROW 1032 7 23 24 1032 41
ROW 1033 0 13 16 1033 60
ROW 1033 1 23 32 1033 31
ROW 1033 2 3 32 1033 32
ROW 1033 3 1 8 1033 115
ROW 1033 4 0 4 1033 207
ROW 1033 5 74 255 1033 4
ROW 1033 6 11 24 1033 41
ROW 1033 7 24 24 1033 42
ROW 1034 0 14 16 1034 60
ROW 1034 1 24 32 1034 31
ROW 1034 2 4 32 1034 32
ROW 1034 3 2 8 1034 115
ROW 1034 4 1 4 1034 207
ROW 1034 5 75 255 1034 4
ROW 1034 6 12 24 1034 41
ROW 1034 7 0 24 1034 42
ROW 1035 0 15 16 1035 60
ROW 1035 1 25 32 1035 31
ROW 1035 2 5 32 1035 32
ROW 1035 3 3 8 1035 115
ROW 1035 4 2 4 1035 207
ROW 1035 5 76 255 1035 4
ROW 1035 6 13 24 1035 41
ROW 1035 7 1 24 1035 42
ROW 1036 0 16 16 1036 61
ROW 1036 1 26 32 1036 31
ROW 1036 2 6 32 1036 32
ROW 1036 3 4 8 1036 115
ROW 1036 4 3 4 1036 207
ROW 1036 5 77 255 1036 4
ROW 1036 6 14 24 1036 41
ROW 1036 7 2 24 1036 42
ROW 1037 0 0 16 1037 61
ROW 1037 1 27 32 1037 31
ROW 1037 2 7 32 1037 32
ROW 1037 3 5 8 1037 115
ROW 1037 4 4 4 1037 208
ROW 1037 5 78 255 1037 4
ROW 1037 6 15 24 1037 41
ROW 1037 7 3 24 1037 42
ROW 1038 0 1 16 1038 61
ROW 1038 1 28 32 1038 31
ROW 1038 2 8 32 1038 32
ROW 1038 3 6 8 1038 115
ROW 1038 4 0 4 1038 208
ROW 1038 5 79 255 1038 4
ROW 1038 6 16 24 1038 41
ROW 1038 7 4 24 1038 42
ROW 1039 0 2 16 1039 61
ROW 1039 1 29 32 1039 31
ROW 1039 2 9 32 1039 32
ROW 1039 3 7 8 1039 115
ROW 1039 4 1 4 1039 208
ROW 1039 5 80 255 1039 4
ROW 1039 6 17 24 1039 41
ROW 1039 7 5 24 1039 42
ROW 1040 0 3 16 1040 61
ROW 1040 1 30 32 1040 31
ROW 1040 2 10 32 1040 32
ROW 1040 3 8 8 1040 116
ROW 1040 4 2 4 1040 208
ROW 1040 5 81 255 1040 4
ROW 1040 6 18 24 1040 41
ROW 1040 7 6 24 1040 42
ROW 1041 0 4 16 1041 61
ROW 1041 1 31 32 1041 31
ROW 1041 2 11 32 1041 32
ROW 1041 3 0 8 1041 116
ROW 1041 4 3 4 1041 208
ROW 1041 5 82 255 1041 4
ROW 1041 6 19 24 1041 41
ROW 1041 7 7 24 1041 42
ROW 1042 0 5 16 1042 61
ROW 1042 1 32 32 1042 32
ROW 1042 2 12 32 1042 32
ROW 1042 3 1 8 1042 116
ROW 1042 4 4 4 1042 209
ROW 1042 5 83 255 1042 4
ROW 1042 6 20 24 1042 41
ROW 1042 7 8 24 1042 42
ROW 1043 0 6 16 1043 61
ROW 1043 1 0 32 1043 32
ROW 1043 2 13 32 1043 32
ROW 1043 3 2 8 1043 116
ROW 1043 4 0 4 1043 209
ROW 1043 5 84 255 1043 4
ROW 1043 6 21 24 1043 41
ROW 1043 7 9 24 1043 42
ROW 1044 0 7 16 1044 61
ROW 1044 1 1 32 1044 32
ROW 1044 2 14 32 1044 32
ROW 1044 3 3 8 1044 116
ROW 1044 4 1 4 1044 209
ROW 1044 5 85 255 1044 4
ROW 1044 6 22 24 1044 41
ROW 1044 7 10 24 1044 42
ROW 1045 0 8 16 1045 61
ROW 1045 1 2 32 1045 32
ROW 1045 2 15 32 1045 32
ROW 1045 3 4 8 1045 116
ROW 1045 4 2 4 1045 209
ROW 1045 5 86 255 1045 4
ROW 1045 6 23 24 1045 41
ROW 1045 7 11 24 1045 42
ROW 1046 0 9 16 1046 61
ROW 1046 1 3 32 1046 32
ROW 1046 2 16 32 1046 32
ROW 1046 3 5 8 1046 116
ROW 1046 4 3 4 1046 209
ROW 1046 5 87 255 1046 4
ROW 1046 6 24 24 1046 42
ROW 1046 7 12 24 1046 42
ROW 1047 0 10 16 1047 61
ROW 1047 1 4 32 1047 32
ROW 1047 2 17 32 1047 32
ROW 1047 3 6 8 1047 116
ROW 1047 4 4 4 1047 210
ROW 1047 5 88 255 1047 4
ROW 1047 6 0 24 1047 42
ROW 1047 7 13 24 1047 42
ROW 1048 0 11 16 1048 61
ROW 1048 1 5 32 1048 32
ROW 1048 2 18 32 1048 32
ROW 1048 3 7 8 1048 116
ROW 1048 4 0 4 1048 210
ROW 1048 5 89 255 1048 4
ROW 1048 6 1 24 1048 42
ROW 1048 7 14 24 1048 42
ROW 1049 0 12 16 1049 61
ROW 1049 1 6 32 1049 32
ROW 1049 2 19 32 1049 32
ROW 1049 3 8 8 1049 117
ROW 1049 4 1 4 1049 210
ROW 1049 5 90 255 1049 4
ROW 1049 6 2 24 1049 42
ROW 1049 7 15 24 1049 42
ROW 1050 0 13 16 1050 61
ROW 1050 1 7 32 1050 32
ROW 1050 2 20 32 1050 32
ROW 1050 3 0 8 1050 117
ROW 1050 4 2 4 1050 210
ROW 1050 5 91 255 1050 4
ROW 1050 6 3 24 1050 42
ROW 1050 7 16 24 1050 42
ROW 1051 0 14 16 1051 61
ROW 1051 1 8 32 1051 32
ROW 1051 2 21 32 1051 32
ROW 1051 3 1 8 1051 117
ROW 1051 4 3 4 1051 210
ROW 1051 5 92 255 1051 4
ROW 1051 6 4 24 1051 42
ROW 1051 7 17 24 1051 42
ROW 1052 0 15 16 1052 61
ROW 1052 1 9 32 1052 32
ROW 1052 2 22 32 1052 32
ROW 1052 3 2 8 1052 117
ROW 1052 4 4 4 1052 211
ROW 1052 5 93 255 1052 4
ROW 1052 6 5 24 1052 42
ROW 1052 7 18 24 1052 42
ROW 1053 0 16 16 1053 62
ROW 1053 1 10 32 1053 32
ROW 1053 2 23 32 1053 32
ROW 1053 3 3 8 1053 117
ROW 1053 4 0 4 1053 211
ROW 1053 5 94 255 1053 4
ROW 1053 6 6 24 1053 42
ROW 1053 7 19 24 1053 42
ROW 1054 0 0 16 1054 62
ROW 1054 1 11 32 1054 32
ROW 1054 2 24 32 1054 32
ROW 1054 3 4 8 1054 117
ROW 1054 4 1 4 1054 211
ROW 1054 5 95 255 1054 4
ROW 1054 6 7 24 1054 42
ROW 1054 7 20 24 1054 42
ROW 1055 0 1 16 1055 62
ROW 1055 1 12 32 1055 32
ROW 1055 2 25 32 1055 32
ROW 1055 3 5 8 1055 117
ROW 1055 4 2 4 1055 211
ROW 1055 5 96 255 1055 4
ROW 1055 6 8 24 1055 42
ROW 1055 7 21 24 1055 42
ROW 1056 0 2 16 1056 62
ROW 1056 1 13 32 1056 32
ROW 1056 2 26 32 1056 32
ROW 1056 3 6 8 1056 117
ROW 1056 4 3 4 1056 211
ROW 1056 5 97 255 1056 4
ROW 1056 6 9 24 1056 42
ROW 1056 7 22 24 1056 42
ROW 1057 0 3 16 1057 62
ROW 1057 1 14 32 1057 32
ROW 1057 2 27 32 1057 32
ROW 1057 3 7 8 1057 117
ROW 1057 4 4 4 1057 212
ROW 1057 5 98 255 1057 4
ROW 1057 6 10 24 1057 42
ROW 1057 7 23 24 1057 42
ROW 1058 0 4 16 1058 62
ROW 1058 1 15 32 1058 32
ROW 1058 2 28 32 1058 32
ROW 1058 3 8 8 1058 118
ROW 1058 4 0 4 1058 212
ROW 1058 5 99 255 1058 4
ROW 1058 6 11 24 1058 42
ROW 1058 7 24 24 1058 43
ROW 1059 0 5 16 1059 62
ROW 1059 1 16 32 1059 32
ROW 1059 2 29 32 1059 32
ROW 1059 3 0 8 1059 118
ROW 1059 4 1 4 1059 212
ROW 1059 5 100 255 1059 4
ROW 1059 6 12 24 1059 42
ROW 1059 7 0 24 1059 43
ROW 1060 0 6 16 1060 62
ROW 1060 1 17 32 1060 32
ROW 1060 2 30 32 1060 32
ROW 1060 3 1 8 1060 118
ROW 1060 4 2 4 1060 212
ROW 1060 5 101 255 1060 4
ROW 1060 6 13 24 1060 42
ROW 1060 7 1 24 1060 43
ROW 1061 0 7 16 1061 62
ROW 1061 1 18 32 1061 32
ROW 1061 2 31 32 1061 32
ROW 1061 3 2 8 1061 118
ROW 1061 4 3 4 1061 212
ROW 1061 5 102 255 1061 4
ROW 1061 6 14 24 1061 42
ROW 1061 7 2 24 1061 43
ROW 1062 0 8 16 1062 62
ROW 1062 1 19 32 1062 32
ROW 1062 2 32 32 1062 33
ROW 1062 3 3 8 1062 118
ROW 1062 4 4 4 1062 213
ROW 1062 5 103 255 1062 4
ROW 1062 6 15 24 1062 42
ROW 1062 7 3 24 1062 43
ROW 1063 0 9 16 1063 62
ROW 1063 1 20 32 1063 32
ROW 1063 2 0 32 1063 33
ROW 1063 3 4 8 1063 118
ROW 1063 4 0 4 1063 213
ROW 1063 5 104 255 1063 4
ROW 1063 6 16 24 1063 42
ROW 1063 7 4 24 1063 43
ROW 1064 0 10 16 1064 62
ROW 1064 1 21 32 1064 32
ROW 1064 2 1 32 1064 33
ROW 1064 3 5 8 1064 118
ROW 1064 4 1 4 1064 213
ROW 1064 5 105 255 1064 4
ROW 1064 6 17 24 1064 42
ROW 1064 7 5 24 1064 43
ROW 1065 0 11 16 1065 62
ROW 1065 1 22 32 1065 32
ROW 1065 2 2 32 1065 33
ROW 1065 3 6 8 1065 118
ROW 1065 4 2 4 1065 213
ROW 1065 5 106 255 1065 4
ROW 1065 6 18 24 1065 42
ROW 1065 7 6 24 1065 43
ROW 1066 0 12 16 1066 62
ROW 1066 1 23 32 1066 32
ROW 1066 2 3 32 1066 33
ROW 1066 3 7 8 1066 118
ROW 1066 4 3 4 1066 213
ROW 1066 5 107 255 1066 4
ROW 1066 6 19 24 1066 42
ROW 1066 7 7 24 1066 43
ROW 1067 0 13 16 1067 62
ROW 1067 1 24 32 1067 32
ROW 1067 2 4 32 1067 33
ROW 1067 3 8 8 1067 119
ROW 1067 4 4 4 1067 214
ROW 1067 5 108 255 1067 4
ROW 1067 6 20 24 1067 42
ROW 1067 7 8 24 1067 43
ROW 1068 0 14 16 1068 62
ROW 1068 1 25 32 1068 32
ROW 1068 2 5 32 1068 33
ROW 1068 3 0 8 1068 119
ROW 1068 4 0 4 1068 214
ROW 1068 5 109 255 1068 4
ROW 1068 6 21 24 1068 42
ROW 1068 7 9 24 1068 43
ROW 1069 0 15 16 1069 62
ROW 1069 1 26 32 1069 32
ROW 1069 2 6 32 1069 33
ROW 1069 3 1 8 1069 119
ROW 1069 4 1 4 1069 214
ROW 1069 5 110 255 1069 4
ROW 1069 6 22 24 1069 42
ROW 1069 7 10 24 1069 43
ROW 1070 0 16 16 1070 63
ROW 1070 1 27 32 1070 32
ROW 1070 2 7 32 1070 33
ROW 1070 3 2 8 1070 119
ROW 1070 4 2 4 1070 214
ROW 1070 5 111 255 1070 4
ROW 1070 6 23 24 1070 42
ROW 1070 7 11 24 1070 43
ROW 1071 0 0 16 1071 63
ROW 1071 1 28 32 1071 32
ROW 1071 2 8 32 1071 33
ROW 1071 3 3 8 1071 119
ROW 1071 4 3 4 1071 214
ROW 1071 5 112 255 1071 4
ROW 1071 6 24 24 1071 43
ROW 1071 7 12 24 1071 43
ROW 1072 0 1 16 1072 63
ROW 1072 1 29 32 1072 32
ROW 1072 2 9 32 1072 33
ROW 1072 3 4 8 1072 119
ROW 1072 4 4 4 1072 215
ROW 1072 5 113 255 1072 4
ROW 1072 6 0 24 1072 43
ROW 1072 7 13 24 1072 43
ROW 1073 0 2 16 1073 63
ROW 1073 1 30 32 1073 32
ROW 1073 2 10 32 1073 33
ROW 1073 3 5 8 1073 119
ROW 1073 4 0 4 1073 215
ROW 1073 5 114 255 1073 4
ROW 1073 6 1 24 1073 43
ROW 1073 7 14 24 1073 43
ROW 1074 0 3 16 1074 63
ROW 1074 1 31 32 1074 32
ROW 1074 2 11 32 1074 33
ROW 1074 3 6 8 1074 119
ROW 1074 4 1 4 1074 215
ROW 1074 5 115 255 1074 4
ROW 1074 6 2 24 1074 43
ROW 1074 7 15 24 1074 43
ROW 1075 0 4 16 1075 63
ROW 1075 1 32 32 1075 33
ROW 1075 2 12 32 1075 33
ROW 1075 3 7 8 1075 119
ROW 1075 4 2 4 1075 215
ROW 1075 5 116 255 1075 4
ROW 1075 6 3 24 1075 43
ROW 1075 7 16 24 1075 43
ROW 1076 0 5 16 1076 63
ROW 1076 1 0 32 1076 33
ROW 1076 2 13 32 1076 33
ROW 1076 3 8 8 1076 120
ROW 1076 4 3 4 1076 215
ROW 1076 5 117 255 1076 4
ROW 1076 6 4 24 1076 43
ROW 1076 7 17 24 1076 43
ROW 1077 0 6 16 1077 63
ROW 1077 1 1 32 1077 33
ROW 1077 2 14 32 1077 33
ROW 1077 3 0 8 1077 120
ROW 1077 4 4 4 1077 216
ROW 1077 5 118 255 1077 4
ROW 1077 6 5 24 1077 43
ROW 1077 7 18 24 1077 43
ROW 1078 0 7 16 1078 63
ROW 1078 1 2 32 1078 33
ROW 1078 2 15 32 1078 33
ROW 1078 3 1 8 1078 120
ROW 1078 4 0 4 1078 216
ROW 1078 5 119 255 1078 4
ROW 1078 6 6 24 1078 43
ROW 1078 7 19 24 1078 43
ROW 1079 0 8 16 1079 63
ROW 1079 1 3 32 1079 33
ROW 1079 2 16 32 1079 33
ROW 1079 3 2 8 1079 120
ROW 1079 4 1 4 1079 216
ROW 1079 5 120 255 1079 4
ROW 1079 6 7 24 1079 43
ROW 1079 7 20 24 1079 43
ROW 1080 0 9 16 1080 63
ROW 1080 1 4 32 1080 33
ROW 1080 2 17 32 1080 33
ROW 1080 3 3 8 1080 120
ROW 1080 4 2 4 1080 216
ROW 1080 5 121 255 1080 4
ROW 1080 6 8 24 1080 43
ROW 1080 7 21 24 1080 43
ROW 1081 0 10 16 1081 63
ROW 1081 1 5 32 1081 33
ROW 1081 2 18 32 1081 33
ROW 1081 3 4 8 1081 120
ROW 1081 4 3 4 1081 216
ROW 1081 5 122 255 1081 4
ROW 1081 6 9 24 1081 43
ROW 1081 7 22 24 1081 43
ROW 1082 0 11 16 1082 63
ROW 1082 1 6 32 1082 33
ROW 1082 2 19 32 1082 33
ROW 1082 3 5 8 1082 120
ROW 1082 4 4 4 1082 217
ROW 1082 5 123 255 1082 4
ROW 1082 6 10 24 1082 43
ROW 1082 7 23 24 1082 43
ROW 1083 0 12 16 1083 63
ROW 1083 1 7 32 1083 33
ROW 1083 2 20 32 1083 33
ROW 1083 3 6 8 1083 120
ROW 1083 4 0 4 1083 217
ROW 1083 5 124 255 1083 4
ROW 1083 6 11 24 1083 43
ROW 1083 7 24 24 1083 44
ROW 1084 0 13 16 1084 63
ROW 1084 1 8 32 1084 33
ROW 1084 2 21 32 1084 33
ROW 1084 3 7 8 1084 120
ROW 1084 4 1 4 1084 217
ROW 1084 5 125 255 1084 4
ROW 1084 6 12 24 1084 43
ROW 1084 7 0 24 1084 44
ROW 1085 0 14 16 1085 63
ROW 1085 1 9 32 1085 33
ROW 1085 2 22 32 1085 33
ROW 1085 3 8 8 1085 121
ROW 1085 4 2 4 1085 217
ROW 1085 5 126 255 1085 4
ROW 1085 6 13 24 1085 43
ROW 1085 7 1 24 1085 44
ROW 1086 0 15 16 1086 63
ROW 1086 1 10 32 1086 33
ROW 1086 2 23 32 1086 33
ROW 1086 3 0 8 1086 121
ROW 1086 4 3 4 1086 217
ROW 1086 5 127 255 1086 4
ROW 1086 6 14 24 1086 43
ROW 1086 7 2 24 1086 44
ROW 1087 0 16 16 1087 64
ROW 1087 1 11 32 1087 33
ROW 1087 2 24 32 1087 33
ROW 1087 3 1 8 1087 121
ROW 1087 4 4 4 1087 218
ROW 1087 5 128 255 1087 4
ROW 1087 6 15 24 1087 43
ROW 1087 7 3 24 1087 44
ROW 1088 0 0 16 1088 64
ROW 1088 1 12 32 1088 33
ROW 1088 2 25 32 1088 33
ROW 1088 3 2 8 1088 121
ROW 1088 4 0 4 1088 218
ROW 1088 5 129 255 1088 4
ROW 1088 6 16 24 1088 43
ROW 1088 7 4 24 1088 44
ROW 1089 0 1 16 1089 64
ROW 1089 1 13 32 1089 33
ROW 1089 2 26 32 1089 33
ROW 1089 3 3 8 1089 121
ROW 1089 4 1 4 1089 218
ROW 1089 5 130 255 1089 4
ROW 1089 6 17 24 1089 43
ROW 1089 7 5 24 1089 44
ROW 1090 0 2 16 1090 64
ROW 1090 1 14 32 1090 33
ROW 1090 2 27 32 1090 33
ROW 1090 3 4 8 1090 121
ROW 1090 4 2 4 1090 218
ROW 1090 5 131 255 1090 4
ROW 1090 6 18 24 1090 43
ROW 1090 7 6 24 1090 44
ROW 1091 0 3 16 1091 64
ROW 1091 1 15 32 1091 33
ROW 1091 2 28 32 1091 33
ROW 1091 3 5 8 1091 121
ROW 1091 4 3 4 1091 218
ROW 1091 5 132 255 1091 4
ROW 1091 6 19 24 1091 43
ROW 1091 7 7 24 1091 44
ROW 1092 0 4 16 1092 64
ROW 1092 1 16 32 1092 33
ROW 1092 2 29 32 1092 33
ROW 1092 3 6 8 1092 121
ROW 1092 4 4 4 1092 219
ROW 1092 5 133 255 1092 4
ROW 1092 6 20 24 1092 43
ROW 1092 7 8 24 1092 44
ROW 1093 0 5 16 1093 64
ROW 1093 1 17 32 1093 33
ROW 1093 2 30 32 1093 33
ROW 1093 3 7 8 1093 121
ROW 1093 4 0 4 1093 219
ROW 1093 5 134 255 1093 4
ROW 1093 6 21 24 1093 43
ROW 1093 7 9 24 1093 44
ROW 1094 0 6 16 1094 64
ROW 1094 1 18 32 1094 33
ROW 1094 2 31 32 1094 33
ROW 1094 3 8 8 1094 122
ROW 1094 4 1 4 1094 219
ROW 1094 5 135 255 1094 4
ROW 1094 6 22 24 1094 43
ROW 1094 7 10 24 1094 44
ROW 1095 0 7 16 1095 64
ROW 1095 1 19 32 1095 33
ROW 1095 2 32 32 1095 34
ROW 1095 3 0 8 1095 122
ROW 1095 4 2 4 1095 219
ROW 1095 5 136 255 1095 4
ROW 1095 6 23 24 1095 43
ROW 1095 7 11 24 1095 44
ROW 1096 0 8 16 1096 64
ROW 1096 1 20 32 1096 33
ROW 1096 2 0 32 1096 34
ROW 1096 3 1 8 1096 122
ROW 1096 4 3 4 1096 219
ROW 1096 5 137 255 1096 4
ROW 1096 6 24 24 1096 44
ROW 1096 7 12 24 1096 44
ROW 1097 0 9 16 1097 64
ROW 1097 1 21 32 1097 33
ROW 1097 2 1 32 1097 34
ROW 1097 3 2 8 1097 122
ROW 1097 4 4 4 1097 220
ROW 1097 5 138 255 1097 4
ROW 1097 6 0 24 1097 44
ROW 1097 7 13 24 1097 44
ROW 1098 0 10 16 1098 64
ROW 1098 1 22 32 1098 33
ROW 1098 2 2 32 1098 34
ROW 1098 3 3 8 1098 122
ROW 1098 4 0 4 1098 220
ROW 1098 5 139 255 1098 4
ROW 1098 6 1 24 1098 44
ROW 1098 7 14 24 1098 44
ROW 1099 0 11 16 1099 64
ROW 1099 1 23 32 1099 33
ROW 1099 2 3 32 1099 34
ROW 1099 3 4 8 1099 122
ROW 1099 4 1 4 1099 220
ROW 1099 5 140 255 1099 4
ROW 1099 6 2 24 1099 44
ROW 1099 7 15 24 1099 44
ROW 1100 0 12 16 1100 64
ROW 1100 1 24 32 1100 33
ROW 1100 2 4 32 1100 34
ROW 1100 3 5 8 1100 122
ROW 1100 4 2 4 1100 220
ROW 1100 5 141 255 1100 4
ROW 1100 6 3 24 1100 44
ROW 1100 7 16 24 1100 44
ROW 1101 0 13 16 1101 64
ROW 1101 1 25 32 1101 33
ROW 1101 2 5 32 1101 34
ROW 1101 3 6 8 1101 122
ROW 1101 4 3 4 1101 220
ROW 1101 5 142 255 1101 4
ROW 1101 6 4 24 1101 44
ROW 1101 7 17 24 1101 44
ROW 1102 0 14 16 1102 64
ROW 1102 1 26 32 1102 33
ROW 1102 2 6 32 1102 34
ROW 1102 3 7 8 1102 122
ROW 1102 4 4 4 1102 221
ROW 1102 5 143 255 1102 4
ROW 1102 6 5 24 1102 44
ROW 1102 7 18 24 1102 44
ROW 1103 0 15 16 1103 64
ROW 1103 1 27 32 1103 33
ROW 1103 2 7 32 1103 34
ROW 1103 3 8 8 1103 123
ROW 1103 4 0 4 1103 221
ROW 1103 5 144 255 1103 4
ROW 1103 6 6 24 1103 44
ROW 1103 7 19 24 1103 44
ROW 1104 0 16 16 1104 65
ROW 1104 1 28 32 1104 33
ROW 1104 2 8 32 1104 34
ROW 1104 3 0 8 1104 123
ROW 1104 4 1 4 1104 221
ROW 1104 5 145 255 1104 4
ROW 1104 6 7 24 1104 44
ROW 1104 7 20 24 1104 44
ROW 1105 0 0 16 1105 65
ROW 1105 1 29 32 1105 33
ROW 1105 2 9 32 1105 34
ROW 1105 3 1 8 1105 123
ROW 1105 4 2 4 1105 221
ROW 1105 5 146 255 1105 4
ROW 1105 6 8 24 1105 44
ROW 1105 7 21 24 1105 44
ROW 1106 0 1 16 1106 65
ROW 1106 1 30 32 1106 33
ROW 1106 2 10 32 1106 34
ROW 1106 3 2 8 1106 123
ROW 1106 4 3 4 1106 221
ROW 1106 5 147 255 1106 4
ROW 1106 6 9 24 1106 44
ROW 1106 7 22 24 1106 44
ROW 1107 0 2 16 1107 65
ROW 1107 1 31 32 1107 33
ROW 1107 2 11 32 1107 34
ROW 1107 3 3 8 1107 123
ROW 1107 4 4 4 1107 222
ROW 1107 5 148 255 1107 4
ROW 1107 6 10 24 1107 44
ROW 1107 7 23 24 1107 44
ROW 1108 0 3 16 1108 65
ROW 1108 1 32 32 1108 34
ROW 1108 2 12 32 1108 34
ROW 1108 3 4 8 1108 123
ROW 1108 4 0 4 1108 222
ROW 1108 5 149 255 1108 4
ROW 1108 6 11 24 1108 44
ROW 1108 7 24 24 1108 45
ROW 1109 0 4 16 1109 65
ROW 1109 1 0 32 1109 34
ROW 1109 2 13 32 1109 34
ROW 1109 3 5 8 1109 123
ROW 1109 4 1 4 1109 222
ROW 1109 5 150 255 1109 4
ROW 1109 6 12 24 1109 44
ROW 1109 7 0 24 1109 45
ROW 1110 0 5 16 1110 65
ROW 1110 1 1 32 1110 34
ROW 1110 2 14 32 1110 34
ROW 1110 3 6 8 1110 123
ROW 1110 4 2 4 1110 222
ROW 1110 5 151 255 1110 4
ROW 1110 6 13 24 1110 44
ROW 1110 7 1 24 1110 45
ROW 1111 0 6 16 1111 65
ROW 1111 1 2 32 1111 34
ROW 1111 2 15 32 1111 34
ROW 1111 3 7 8 1111 123
ROW 1111 4 3 4 1111 222
ROW 1111 5 152 255 1111 4
ROW 1111 6 14 24 1111 44
ROW 1111 7 2 24 1111 45
ROW 1112 0 7 16 1112 65
ROW 1112 1 3 32 1112 34
ROW 1112 2 16 32 1112 34
ROW 1112 3 8 8 1112 124
ROW 1112 4 4 4 1112 223
ROW 1112 5 153 255 1112 4
ROW 1112 6 15 24 1112 44
ROW 1112 7 3 24 1112 45
ROW 1113 0 8 16 1113 65
ROW 1113 1 4 32 1113 34
ROW 1113 2 17 32 1113 34
ROW 1113 3 0 8 1113 124
ROW 1113 4 0 4 1113 223
ROW 1113 5 154 255 1113 4
ROW 1113 6 16 24 1113 44
ROW 1113 7 4 24 1113 45
ROW 1114 0 9 16 1114 65
ROW 1114 1 5 32 1114 34
ROW 1114 2 18 32 1114 34
ROW 1114 3 1 8 1114 124
ROW 1114 4 1 4 1114 223
ROW 1114 5 155 255 1114 4
ROW 1114 6 17 24 1114 44
ROW 1114 7 5 24 1114 45
ROW 1115 0 10 16 1115 65
ROW 1115 1 6 32 1115 34
ROW 1115 2 19 32 1115 34
ROW 1115 3 2 8 1115 124
ROW 1115 4 2 4 1115 223
ROW 1115 5 156 255 1115 4
ROW 1115 6 18 24 1115 44
ROW 1115 7 6 24 1115 45
ROW 1116 0 11 16 1116 65
ROW 1116 1 7 32 1116 34
ROW 1116 2 20 32 1116 34
ROW 1116 3 3 8 1116 124
ROW 1116 4 3 4 1116 223
ROW 1116 5 157 255 1116 4
ROW 1116 6 19 24 1116 44
ROW 1116 7 7 24 1116 45
ROW 1117 0 12 16 1117 65
ROW 1117 1 8 32 1117 34
ROW 1117 2 21 32 1117 34
ROW 1117 3 4 8 1117 124
ROW 1117 4 4 4 1117 224
ROW 1117 5 158 255 1117 4
ROW 1117 6 20 24 1117 44
ROW 1117 7 8 24 1117 45
ROW 1118 0 13 16 1118 65
ROW 1118 1 9 32 1118 34
ROW 1118 2 22 32 1118 34
ROW 1118 3 5 8 1118 124
ROW 1118 4 0 4 1118 224
ROW 1118 5 159 255 1118 4
ROW 1118 6 21 24 1118 44
ROW 1118 7 9 24 1118 45
ROW 1119 0 14 16 1119 65
ROW 1119 1 10 32 1119 34
ROW 1119 2 23 32 1119 34
ROW 1119 3 6 8 1119 124
ROW 1119 4 1 4 1119 224
ROW 1119 5 160 255 1119 4
ROW 1119 6 22 24 1119 44
ROW 1119 7 10 24 1119 45
ROW 1120 0 15 16 1120 65
ROW 1120 1 11 32 1120 34
ROW 1120 2 24 32 1120 34
ROW 1120 3 7 8 1120 124
ROW 1120 4 2 4 1120 224
ROW 1120 5 161 255 1120 4
ROW 1120 6 23 24 1120 44
ROW 1120 7 11 24 1120 45
ROW 1121 0 16 16 1121 66
ROW 1121 1 12 32 1121 34
ROW 1121 2 25 32 1121 34
ROW 1121 3 8 8 1121 125
ROW 1121 4 3 4 1121 224
ROW 1121 5 162 255 1121 4
ROW 1121 6 24 24 1121 45
ROW 1121 7 12 24 1121 45
ROW 1122 0 0 16 1122 66
ROW 1122 1 13 32 1122 34
ROW 1122 2 26 32 1122 34
ROW 1122 3 0 8 1122 125
ROW 1122 4 4 4 1122 225
ROW 1122 5 163 255 1122 4
ROW 1122 6 0 24 1122 45
ROW 1122 7 13 24 1122 45
ROW 1123 0 1 16 1123 66
ROW 1123 1 14 32 1123 34
ROW 1123 2 27 32 1123 34
ROW 1123 3 1 8 1123 125
ROW 1123 4 0 4 1123 225
ROW 1123 5 164 255 1123 4
ROW 1123 6 1 24 1123 45
ROW 1123 7 14 24 1123 45
ROW 1124 0 2 16 1124 66
ROW 1124 1 15 32 1124 34
ROW 1124 2 28 32 1124 34
ROW 1124 3 2 8 1124 125
ROW 1124 4 1 4 1124 225
ROW 1124 5 165 255 1124 4
ROW 1124 6 2 24 1124 45
ROW 1124 7 15 24 1124 45
ROW 1125 0 3 16 1125 66
ROW 1125 1 16 32 1125 34
ROW 1125 2 29 32 1125 34
ROW 1125 3 3 8 1125 125
ROW 1125 4 2 4 1125 225
ROW 1125 5 166 255 1125 4
ROW 1125 6 3 24 1125 45
ROW 1125 7 16 24 1125 45
ROW 1126 0 4 16 1126 66
ROW 1126 1 17 32 1126 34
ROW 1126 2 30 32 1126 34
ROW 1126 3 4 8 1126 125
ROW 1126 4 3 4 1126 225
ROW 1126 5 167 255 1126 4
ROW 1126 6 4 24 1126 45
ROW 1126 7 17 24 1126 45
ROW 1127 0 5 16 1127 66
ROW 1127 1 18 32 1127 34
ROW 1127 2 31 32 1127 34
ROW 1127 3 5 8 1127 125
ROW 1127 4 4 4 1127 226
ROW 1127 5 168 255 1127 4
ROW 1127 6 5 24 1127 45
ROW 1127 7 18 24 1127 45
ROW 1128 0 6 16 1128 66
ROW 1128 1 19 32 1128 34
ROW 1128 2 32 32 1128 35
ROW 1128 3 6 8 1128 125
ROW 1128 4 0 4 1128 226
ROW 1128 5 169 255 1128 4
ROW 1128 6 6 24 1128 45
ROW 1128 7 19 24 1128 45
ROW 1129 0 7 16 1129 66
ROW 1129 1 20 32 1129 34
ROW 1129 2 0 32 1129 35
ROW 1129 3 7 8 1129 125
ROW 1129 4 1 4 1129 226
ROW 1129 5 170 255 1129 4
ROW 1129 6 7 24 1129 45
ROW 1129 7 20 24 1129 45
ROW 1130 0 8 16 1130 66
ROW 1130 1 21 32 1130 34
ROW 1130 2 1 32 1130 35
ROW 1130 3 8 8 1130 126
ROW 1130 4 2 4 1130 226
ROW 1130 5 171 255 1130 4
ROW 1130 6 8 24 1130 45
ROW 1130 7 21 24 1130 45
ROW 1131 0 9 16 1131 66
ROW 1131 1 22 32 1131 34
ROW 1131 2 2 32 1131 35
ROW 1131 3 0 8 1131 126
ROW 1131 4 3 4 1131 226
ROW 1131 5 172 255 1131 4
ROW 1131 6 9 24 1131 45
ROW 1131 7 22 24 1131 45
ROW 1132 0 10 16 1132 66
ROW 1132 1 23 32 1132 34
ROW 1132 2 3 32 1132 35
ROW 1132 3 1 8 1132 126
ROW 1132 4 4 4 1132 227
ROW 1132 5 173 255 1132 4
ROW 1132 6 10 24 1132 45
ROW 1132 7 23 24 1132 45
ROW 1133 0 11 16 1133 66
ROW 1133 1 24 32 1133 34
ROW 1133 2 4 32 1133 35
ROW 1133 3 2 8 1133 126
ROW 1133 4 0 4 1133 227
ROW 1133 5 174 255 1133 4
ROW 1133 6 11 24 1133 45
ROW 1133 7 24 24 1133 46
ROW 1134 0 12 16 1134 66
ROW 1134 1 25 32 1134 34
ROW 1134 2 5 32 1134 35
ROW 1134 3 3 8 1134 126
ROW 1134 4 1 4 1134 227
ROW 1134 5 175 255 1134 4
ROW 1134 6 12 24 1134 45
ROW 1134 7 0 24 1134 46
ROW 1135 0 13 16 1135 66
ROW 1135 1 26 32 1135 34
ROW 1135 2 6 32 1135 35
ROW 1135 3 4 8 1135 126
ROW 1135 4 2 4 1135 227
ROW 1135 5 176 255 1135 4
ROW 1135 6 13 24 1135 45
ROW 1135 7 1 24 1135 46
ROW 1136 0 14 16 1136 66
ROW 1136 1 27 32 1136 34
ROW 1136 2 7 32 1136 35
ROW 1136 3 5 8 1136 126
ROW 1136 4 3 4 1136 227
ROW 1136 5 177 255 1136 4
ROW 1136 6 14 24 1136 45
ROW 1136 7 2 24 1136 46
ROW 1137 0 15 16 1137 66
ROW 1137 1 28 32 1137 34
ROW 1137 2 8 32 1137 35
ROW 1137 3 6 8 1137 126
ROW 1137 4 4 4 1137 228
ROW 1137 5 178 255 1137 4
ROW 1137 6 15 24 1137 45
ROW 1137 7 3 24 1137 46
ROW 1138 0 16 16 1138 67
ROW 1138 1 29 32 1138 34
ROW 1138 2 9 32 1138 35
ROW 1138 3 7 8 1138 126
ROW 1138 4 0 4 1138 228
ROW 1138 5 179 255 1138 4
ROW 1138 6 16 24 1138 45
ROW 1138 7 4 24 1138 46
ROW 1139 0 0 16 1139 67
ROW 1139 1 30 32 1139 34
ROW 1139 2 10 32 1139 35
ROW 1139 3 8 8 1139 127
ROW 1139 4 1 4 1139 228
ROW 1139 5 180 255 1139 4
ROW 1139 6 17 24 1139 45
ROW 1139 7 5 24 1139 46
ROW 1140 0 1 16 1140 67
ROW 1140 1 31 32 1140 34
ROW 1140 2 11 32 1140 35
ROW 1140 3 0 8 1140 127
ROW 1140 4 2 4 1140 228
ROW 1140 5 181 255 1140 4
ROW 1140 6 18 24 1140 45
ROW 1140 7 6 24 1140 46
ROW 1141 0 2 16 1141 67
ROW 1141 1 32 32 1141 35
ROW 1141 2 12 32 1141 35
ROW 1141 3 1 8 1141 127
ROW 1141 4 3 4 1141 228
ROW 1141 5 182 255 1141 4
ROW 1141 6 19 24 1141 45
ROW 1141 7 7 24 1141 46
ROW 1142 0 3 16 1142 67
ROW 1142 1 0 32 1142 35
ROW 1142 2 13 32 1142 35
ROW 1142 3 2 8 1142 127
ROW 1142 4 4 4 1142 229
ROW 1142 5 183 255 1142 4
ROW 1142 6 20 24 1142 45
ROW 1142 7 8 24 1142 46
ROW 1143 0 4 16 1143 67
ROW 1143 1 1 32 1143 35
ROW 1143 2 14 32 1143 35
ROW 1143 3 3 8 1143 127
ROW 1143 4 0 4 1143 229
ROW 1143 5 184 255 1143 4
ROW 1143 6 21 24 1143 45
ROW 1143 7 9 24 1143 46
ROW 1144 0 5 16 1144 67
ROW 1144 1 2 32 1144 35
ROW 1144 2 15 32 1144 35
ROW 1144 3 4 8 1144 127
ROW 1144 4 1 4 1144 229
ROW 1144 5 185 255 1144 4
ROW 1144 6 22 24 1144 45
ROW 1144 7 10 24 1144 46
ROW 1145 0 6 16 1145 67
ROW 1145 1 3 32 1145 35
ROW 1145 2 16 32 1145 35
ROW 1145 3 5 8 1145 127
ROW 1145 4 2 4 1145 229
ROW 1145 5 186 255 1145 4
ROW 1145 6 23 24 1145 45
ROW 1145 7 11 24 1145 46
ROW 1146 0 7 16 1146 67
ROW 1146 1 4 32 1146 35
ROW 1146 2 17 32 1146 35
ROW 1146 3 6 8 1146 127
ROW 1146 4 3 4 1146 229
ROW 1146 5 187 255 1146 4
ROW 1146 6 24 24 1146 46
ROW 1146 7 12 24 1146 46
ROW 1147 0 8 16 1147 67
ROW 1147 1 5 32 1147 35
ROW 1147 2 18 32 1147 35
ROW 1147 3 7 8 1147 127
ROW 1147 4 4 4 1147 230
ROW 1147 5 188 255 1147 4
ROW 1147 6 0 24 1147 46
ROW 1147 7 13 24 1147 46
ROW 1148 0 9 16 1148 67
ROW 1148 1 6 32 1148 35
ROW 1148 2 19 32 1148 35
ROW 1148 3 8 8 1148 128
ROW 1148 4 0 4 1148 230
ROW 1148 5 189 255 1148 4
ROW 1148 6 1 24 1148 46
ROW 1148 7 14 24 1148 46
ROW 1149 0 10 16 1149 67
ROW 1149 1 7 32 1149 35
ROW 1149 2 20 32 1149 35
ROW 1149 3 0 8 1149 128
ROW 1149 4 1 4 1149 230
ROW 1149 5 190 255 1149 4
ROW 1149 6 2 24 1149 46
ROW 1149 7 15 24 1149 46
ROW 1150 0 11 16 1150 67
ROW 1150 1 8 32 1150 35
ROW 1150 2 21 32 1150 35
ROW 1150 3 1 8 1150 128
ROW 1150 4 2 4 1150 230
ROW 1150 5 191 255 1150 4
ROW 1150 6 3 24 1150 46
ROW 1150 7 16 24 1150 46
ROW 1151 0 12 16 1151 67
ROW 1151 1 9 32 1151 35
ROW 1151 2 22 32 1151 35
ROW 1151 3 2 8 1151 128
ROW 1151 4 3 4 1151 230
ROW 1151 5 192 255 1151 4
ROW 1151 6 4 24 1151 46
ROW 1151 7 17 24 1151 46
ROW 1152 0 13 16 1152 67
ROW 1152 1 10 32 1152 35
ROW 1152 2 23 32 1152 35
ROW 1152 3 3 8 1152 128
ROW 1152 4 4 4 1152 231
ROW 1152 5 193 255 1152 4
ROW 1152 6 5 24 1152 46
ROW 1152 7 18 24 1152 46
ROW 1153 0 14 16 1153 67
ROW 1153 1 11 32 1153 35
ROW 1153 2 24 32 1153 35
ROW 1153 3 4 8 1153 128
ROW 1153 4 0 4 1153 231
ROW 1153 5 194 255 1153 4
ROW 1153 6 6 24 1153 46
ROW 1153 7 19 24 1153 46
ROW 1154 0 15 16 1154 67
ROW 1154 1 12 32 1154 35
ROW 1154 2 25 32 1154 35
ROW 1154 3 5 8 1154 128
ROW 1154 4 1 4 1154 231
ROW 1154 5 195 255 1154 4
ROW 1154 6 7 24 1154 46
ROW 1154 7 20 24 1154 46
ROW 1155 0 16 16 1155 68
ROW 1155 1 13 32 1155 35
ROW 1155 2 26 32 1155 35
ROW 1155 3 6 8 1155 128
ROW 1155 4 2 4 1155 231
ROW 1155 5 196 255 1155 4
ROW 1155 6 8 24 1155 46
ROW 1155 7 21 24 1155 46
ROW 1156 0 0 16 1156 68
ROW 1156 1 14 32 1156 35
ROW 1156 2 27 32 1156 35
ROW 1156 3 7 8 1156 128
ROW 1156 4 3 4 1156 231
ROW 1156 5 197 255 1156 4
ROW 1156 6 9 24 1156 46
ROW 1156 7 22 24 1156 46
ROW 1157 0 1 16 1157 68
ROW 1157 1 15 32 1157 35
ROW 1157 2 28 32 1157 35
ROW 1157 3 8 8 1157 129
ROW 1157 4 4 4 1157 232
ROW 1157 5 198 255 1157 4
ROW 1157 6 10 24 1157 46
ROW 1157 7 23 24 1157 46
ROW 1158 0 2 16 1158 68
ROW 1158 1 16 32 1158 35
ROW 1158 2 29 32 1158 35
ROW 1158 3 0 8 1158 129
ROW 1158 4 0 4 1158 232
ROW 1158 5 199 255 1158 4
ROW 1158 6 11 24 1158 46
ROW 1158 7 24 24 1158 47
ROW 1159 0 3 16 1159 68
ROW 1159 1 17 32 1159 35
ROW 1159 2 30 32 1159 35
ROW 1159 3 1 8 1159 129
ROW 1159 4 1 4 1159 232
ROW 1159 5 200 255 1159 4
ROW 1159 6 12 24 1159 46
ROW 1159 7 0 24 1159 47
ROW 1160 0 4 16 1160 68
ROW 1160 1 18 32 1160 35
ROW 1160 2 31 32 1160 35
ROW 1160 3 2 8 1160 129
ROW 1160 4 2 4 1160 232
ROW 1160 5 201 255 1160 4
ROW 1160 6 13 24 1160 46
ROW 1160 7 1 24 1160 47
ROW 1161 0 5 16 1161 68
ROW 1161 1 19 32 1161 35
ROW 1161 2 32 32 1161 36
ROW 1161 3 3 8 1161 129
ROW 1161 4 3 4 1161 232
ROW 1161 5 202 255 1161 4
ROW 1161 6 14 24 1161 46
ROW 1161 7 2 24 1161 47
ROW 1162 0 6 16 1162 68
ROW 1162 1 20 32 1162 35
ROW 1162 2 0 32 1162 36
ROW 1162 3 4 8 1162 129
ROW 1162 4 4 4 1162 233
ROW 1162 5 203 255 1162 4
ROW 1162 6 15 24 1162 46
ROW 1162 7 3 24 1162 47
ROW 1163 0 7 16 1163 68
ROW 1163 1 21 32 1163 35
ROW 1163 2 1 32 1163 36
ROW 1163 3 5 8 1163 129
ROW 1163 4 0 4 1163 233
ROW 1163 5 204 255 1163 4
ROW 1163 6 16 24 1163 46
ROW 1163 7 4 24 1163 47
ROW 1164 0 8 16 1164 68
ROW 1164 1 22 32 1164 35
ROW 1164 2 2 32 1164 36
ROW 1164 3 6 8 1164 129
ROW 1164 4 1 4 1164 233
ROW 1164 5 205 255 1164 4
ROW 1164 6 17 24 1164 46
ROW 1164 7 5 24 1164 47
ROW 1165 0 9 16 1165 68
ROW 1165 1 23 32 1165 35
ROW 1165 2 3 32 1165 36
ROW 1165 3 7 8 1165 129
ROW 1165 4 2 4 1165 233
ROW 1165 5 206 255 1165 4
ROW 1165 6 18 24 1165 46
ROW 1165 7 6 24 1165 47
ROW 1166 0 10 16 1166 68
ROW 1166 1 24 32 1166 35
ROW 1166 2 4 32 1166 36
ROW 1166 3 8 8 1166 130
ROW 1166 4 3 4 1166 233
ROW 1166 5 207 255 1166 4
ROW 1166 6 19 24 1166 46
ROW 1166 7 7 24 1166 47
ROW 1167 0 11 16 1167 68
ROW 1167 1 25 32 1167 35
ROW 1167 2 5 32 1167 36
ROW 1167 3 0 8 1167 130
ROW 1167 4 4 4 1167 234
ROW 1167 5 208 255 1167 4
ROW 1167 6 20 24 1167 46
ROW 1167 7 8 24 1167 47
ROW 1168 0 12 16 1168 68
ROW 1168 1 26 32 1168 35
ROW 1168 2 6 32 1168 36
ROW 1168 3 1 8 1168 130
ROW 1168 4 0 4 1168 234
ROW 1168 5 209 255 1168 4
ROW 1168 6 21 24 1168 46
ROW 1168 7 9 24 1168 47
ROW 1169 0 13 16 1169 68
ROW 1169 1 27 32 1169 35
ROW 1169 2 7 32 1169 36
ROW 1169 3 2 8 1169 130
ROW 1169 4 1 4 1169 234
ROW 1169 5 210 255 1169 4
ROW 1169 6 22 24 1169 46
ROW 1169 7 10 24 1169 47
ROW 1170 0 14 16 1170 68
ROW 1170 1 28 32 1170 35
ROW 1170 2 8 32 1170 36
ROW 1170 3 3 8 1170 130
ROW 1170 4 2 4 1170 234
ROW 1170 5 211 255 1170 4
ROW 1170 6 23 24 1170 46
ROW 1170 7 11 24 1170 47
ROW 1171 0 15 16 1171 68
ROW 1171 1 29 32 1171 35
ROW 1171 2 9 32 1171 36
ROW 1171 3 4 8 1171 130
ROW 1171 4 3 4 1171 234
ROW 1171 5 212 255 1171 4
ROW 1171 6 24 24 1171 47
ROW 1171 7 12 24 1171 47
ROW 1172 0 16 16 1172 69
ROW 1172 1 30 32 1172 35
ROW 1172 2 10 32 1172 36
ROW 1172 3 5 8 1172 130
ROW 1172 4 4 4 1172 235
ROW 1172 5 213 255 1172 4
ROW 1172 6 0 24 1172 47
ROW 1172 7 13 24 1172 47
ROW 1173 0 0 16 1173 69
ROW 1173 1 31 32 1173 35
ROW 1173 2 11 32 1173 36
ROW 1173 3 6 8 1173 130
ROW 1173 4 0 4 1173 235
ROW 1173 5 214 255 1173 4
ROW 1173 6 1 24 1173 47
ROW 1173 7 14 24 1173 47
ROW 1174 0 1 16 1174 69
ROW 1174 1 32 32 1174 36
ROW 1174 2 12 32 1174 36
ROW 1174 3 7 8 1174 130
ROW 1174 4 1 4 1174 235
ROW 1174 5 215 255 1174 4
ROW 1174 6 2 24 1174 47
ROW 1174 7 15 24 1174 47
ROW 1175 0 2 16 1175 69
ROW 1175 1 0 32 1175 36
ROW 1175 2 13 32 1175 36
ROW 1175 3 8 8 1175 131
ROW 1175 4 2 4 1175 235
ROW 1175 5 216 255 1175 4
ROW 1175 6 3 24 1175 47
ROW 1175 7 16 24 1175 47
ROW 1176 0 3 16 1176 69
ROW 1176 1 1 32 1176 36
ROW 1176 2 14 32 1176 36
ROW 1176 3 0 8 1176 131
ROW 1176 4 3 4 1176 235
ROW 1176 5 217 255 1176 4
ROW 1176 6 4 24 1176 47
ROW 1176 7 17 24 1176 47
ROW 1177 0 4 16 1177 69
ROW 1177 1 2 32 1177 36
ROW 1177 2 15 32 1177 36
ROW 1177 3 1 8 1177 131
ROW 1177 4 4 4 1177 236
ROW 1177 5 218 255 1177 4
ROW 1177 6 5 24 1177 47
ROW 1177 7 18 24 1177 47
ROW 1178 0 5 16 1178 69
ROW 1178 1 3 32 1178 36
ROW 1178 2 16 32 1178 36
ROW 1178 3 2 8 1178 131
ROW 1178 4 0 4 1178 236
ROW 1178 5 219 255 1178 4
ROW 1178 6 6 24 1178 47
ROW 1178 7 19 24 1178 47
ROW 1179 0 6 16 1179 69
ROW 1179 1 4 32 1179 36
ROW 1179 2 17 32 1179 36
ROW 1179 3 3 8 1179 131
ROW 1179 4 1 4 1179 236
ROW 1179 5 220 255 1179 4
ROW 1179 6 7 24 1179 47
ROW 1179 7 20 24 1179 47
ROW 1180 0 7 16 1180 69
ROW 1180 1 5 32 1180 36
ROW 1180 2 18 32 1180 36
ROW 1180 3 4 8 1180 131
ROW 1180 4 2 4 1180 236
ROW 1180 5 221 255 1180 4
ROW 1180 6 8 24 1180 47
ROW 1180 7 21 24 1180 47
ROW 1181 0 8 16 1181 69
ROW 1181 1 6 32 1181 36
ROW 1181 2 19 32 1181 36
ROW 1181 3 5 8 1181 131
ROW 1181 4 3 4 1181 236
ROW 1181 5 222 255 1181 4
ROW 1181 6 9 24 1181 47
ROW 1181 7 22 24 1181 47
ROW 1182 0 9 16 1182 69
ROW 1182 1 7 32 1182 36
ROW 1182 2 20 32 1182 36
ROW 1182 3 6 8 1182 131
ROW 1182 4 4 4 1182 237
ROW 1182 5 223 255 1182 4
ROW 1182 6 10 24 1182 47
ROW 1182 7 23 24 1182 47
ROW 1183 0 10 16 1183 69
ROW 1183 1 8 32 1183 36
ROW 1183 2 21 32 1183 36
ROW 1183 3 7 8 1183 131
ROW 1183 4 0 4 1183 237
ROW 1183 5 224 255 1183 4
ROW 1183 6 11 24 1183 47
ROW 1183 7 24 24 1183 48
ROW 1184 0 11 16 1184 69
ROW 1184 1 9 32 1184 36
ROW 1184 2 22 32 1184 36
ROW 1184 3 8 8 1184 132
ROW 1184 4 1 4 1184 237
ROW 1184 5 225 255 1184 4
ROW 1184 6 12 24 1184 47
ROW 1184 7 0 24 1184 48
ROW 1185 0 12 16 1185 69
ROW 1185 1 10 32 1185 36
ROW 1185 2 23 32 1185 36
ROW 1185 3 0 8 1185 132
ROW 1185 4 2 4 1185 237
ROW 1185 5 226 255 1185 4
ROW 1185 6 13 24 1185 47
ROW 1185 7 1 24 1185 48
ROW 1186 0 13 16 1186 69
ROW 1186 1 11 32 1186 36
ROW 1186 2 24 32 1186 36
ROW 1186 3 1 8 1186 132
ROW 1186 4 3 4 1186 237
ROW 1186 5 227 255 1186 4
ROW 1186 6 14 24 1186 47
ROW 1186 7 2 24 1186 48
ROW 1187 0 14 16 1187 69
ROW 1187 1 12 32 1187 36
ROW 1187 2 25 32 1187 36
ROW 1187 3 2 8 1187 132
ROW 1187 4 4 4 1187 238
ROW 1187 5 228 255 1187 4
ROW 1187 6 15 24 1187 47
ROW 1187 7 3 24 1187 48
ROW 1188 0 15 16 1188 69
ROW 1188 1 13 32 1188 36
ROW 1188 2 26 32 1188 36
ROW 1188 3 3 8 1188 132
ROW 1188 4 0 4 1188 238
ROW 1188 5 229 255 1188 4
ROW 1188 6 16 24 1188 47
ROW 1188 7 4 24 1188 48
ROW 1189 0 16 16 1189 70
ROW 1189 1 14 32 1189 36
ROW 1189 2 27 32 1189 36
ROW 1189 3 4 8 1189 132
ROW 1189 4 1 4 1189 238
ROW 1189 5 230 255 1189 4
ROW 1189 6 17 24 1189 47
ROW 1189 7 5 24 1189 48
ROW 1190 0 0 16 1190 70
ROW 1190 1 15 32 1190 36
ROW 1190 2 28 32 1190 36
ROW 1190 3 5 8 1190 132
ROW 1190 4 2 4 1190 238
ROW 1190 5 231 255 1190 4
ROW 1190 6 18 24 1190 47
ROW 1190 7 6 24 1190 48
ROW 1191 0 1 16 1191 70
ROW 1191 1 16 32 1191 36
ROW 1191 2 29 32 1191 36
ROW 1191 3 6 8 1191 132
ROW 1191 4 3 4 1191 238
ROW 1191 5 232 255 1191 4
ROW 1191 6 19 24 1191 47
ROW 1191 7 7 24 1191 48
ROW 1192 0 2 16 1192 70
ROW 1192 1 17 32 1192 36
ROW 1192 2 30 32 1192 36
ROW 1192 3 7 8 1192 132
ROW 1192 4 4 4 1192 239
ROW 1192 5 233 255 1192 4
ROW 1192 6 20 24 1192 47
ROW 1192 7 8 24 1192 48
ROW 1193 0 3 16 1193 70
ROW 1193 1 18 32 1193 36
ROW 1193 2 31 32 1193 36
ROW 1193 3 8 8 1193 133
ROW 1193 4 0 4 1193 239
ROW 1193 5 234 255 1193 4
ROW 1193 6 21 24 1193 47
ROW 1193 7 9 24 1193 48
ROW 1194 0 4 16 1194 70
ROW 1194 1 19 32 1194 36
ROW 1194 2 32 32 1194 37
ROW 1194 3 0 8 1194 133
ROW 1194 4 1 4 1194 239
ROW 1194 5 235 255 1194 4
ROW 1194 6 22 24 1194 47
ROW 1194 7 10 24 1194 48
ROW 1195 0 5 16 1195 70
ROW 1195 1 20 32 1195 36
ROW 1195 2 0 32 1195 37
ROW 1195 3 1 8 1195 133
ROW 1195 4 2 4 1195 239
ROW 1195 5 236 255 1195 4
ROW 1195 6 23 24 1195 47
ROW 1195 7 11 24 1195 48
ROW 1196 0 6 16 1196 70
ROW 1196 1 21 32 1196 36
ROW 1196 2 1 32 1196 37
ROW 1196 3 2 8 1196 133
ROW 1196 4 3 4 1196 239
ROW 1196 5 237 255 1196 4
ROW 1196 6 24 24 1196 48
ROW 1196 7 12 24 1196 48
ROW 1197 0 7 16 1197 70
ROW 1197 1 22 32 1197 36
ROW 1197 2 2 32 1197 37
ROW 1197 3 3 8 1197 133
ROW 1197 4 4 4 1197 240
ROW 1197 5 238 255 1197 4
ROW 1197 6 0 24 1197 48
ROW 1197 7 13 24 1197 48
ROW 1198 0 8 16 1198 70
ROW 1198 1 23 32 1198 36
ROW 1198 2 3 32 1198 37
ROW 1198 3 4 8 1198 133
ROW 1198 4 0 4 1198 240
ROW 1198 5 239 255 1198 4
ROW 1198 6 1 24 1198 48
ROW 1198 7 14 24 1198 48
ROW 1199 0 9 16 1199 70
ROW 1199 1 24 32 1199 36
ROW 1199 2 4 32 1199 37
ROW 1199 3 5 8 1199 133
ROW 1199 4 1 4 1199 240
ROW 1199 5 240 255 1199 4
ROW 1199 6 2 24 1199 48
ROW 1199 7 15 24 1199 48
ROW 1200 0 10 16 1200 70
ROW 1200 1 25 32 1200 36
ROW 1200 2 5 32 1200 37
ROW 1200 3 6 8 1200 133
ROW 1200 4 2 4 1200 240
ROW 1200 5 241 255 1200 4
ROW 1200 6 3 24 1200 48
ROW 1200 7 16 24 1200 48
ROW 1201 0 11 16 1201 70
ROW 1201 1 26 32 1201 36
ROW 1201 2 6 32 1201 37
ROW 1201 3 7 8 1201 133
ROW 1201 4 3 4 1201 240
ROW 1201 5 242 255 1201 4
ROW 1201 6 4 24 1201 48
ROW 1201 7 17 24 1201 48
ROW 1202 0 12 16 1202 70
ROW 1202 1 27 32 1202 36
ROW 1202 2 7 32 1202 37
ROW 1202 3 8 8 1202 134
ROW 1202 4 4 4 1202 241
ROW 1202 5 243 255 1202 4
ROW 1202 6 5 24 1202 48
ROW 1202 7 18 24 1202 48
ROW 1203 0 13 16 1203 70
ROW 1203 1 28 32 1203 36
ROW 1203 2 8 32 1203 37
ROW 1203 3 0 8 1203 134
ROW 1203 4 0 4 1203 241
ROW 1203 5 244 255 1203 4
ROW 1203 6 6 24 1203 48
ROW 1203 7 19 24 1203 48
ROW 1204 0 14 16 1204 70
ROW 1204 1 29 32 1204 36
ROW 1204 2 9 32 1204 37
ROW 1204 3 1 8 1204 134
ROW 1204 4 1 4 1204 241
ROW 1204 5 245 255 1204 4
ROW 1204 6 7 24 1204 48
ROW 1204 7 20 24 1204 48
ROW 1205 0 15 16 1205 70
ROW 1205 1 30 32 1205 36
ROW 1205 2 10 32 1205 37
ROW 1205 3 2 8 1205 134
ROW 1205 4 2 4 1205 241
ROW 1205 5 246 255 1205 4
ROW 1205 6 8 24 1205 48
ROW 1205 7 21 24 1205 48
ROW 1206 0 16 16 1206 71
ROW 1206 1 31 32 1206 36
ROW 1206 2 11 32 1206 37
ROW 1206 3 3 8 1206 134
ROW 1206 4 3 4 1206 241
ROW 1206 5 247 255 1206 4
ROW 1206 6 9 24 1206 48
ROW 1206 7 22 24 1206 48
ROW 1207 0 0 16 1207 71
ROW 1207 1 32 32 1207 37
ROW 1207 2 12 32 1207 37
ROW 1207 3 4 8 1207 134
ROW 1207 4 4 4 1207 242
ROW 1207 5 248 255 1207 4
ROW 1207 6 10 24 1207 48
ROW 1207 7 23 24 1207 48
ROW 1208 0 1 16 1208 71
ROW 1208 1 0 32 1208 37
ROW 1208 2 13 32 1208 37
ROW 1208 3 5 8 1208 134
ROW 1208 4 0 4 1208 242
ROW 1208 5 249 255 1208 4
ROW 1208 6 11 24 1208 48
ROW 1208 7 24 24 1208 49
ROW 1209 0 2 16 1209 71
ROW 1209 1 1 32 1209 37
ROW 1209 2 14 32 1209 37
ROW 1209 3 6 8 1209 134
ROW 1209 4 1 4 1209 242
ROW 1209 5 250 255 1209 4
ROW 1209 6 12 24 1209 48
ROW 1209 7 0 24 1209 49
ROW 1210 0 3 16 1210 71
ROW 1210 1 2 32 1210 37
ROW 1210 2 15 32 1210 37
ROW 1210 3 7 8 1210 134
ROW 1210 4 2 4 1210 242
ROW 1210 5 251 255 1210 4
ROW 1210 6 13 24 1210 48
ROW 1210 7 1 24 1210 49
ROW 1211 0 4 16 1211 71
ROW 1211 1 3 32 1211 37
ROW 1211 2 16 32 1211 37
ROW 1211 3 8 8 1211 135
ROW 1211 4 3 4 1211 242
ROW 1211 5 252 255 1211 4
ROW 1211 6 14 24 1211 48
ROW 1211 7 2 24 1211 49
ROW 1212 0 5 16 1212 71
ROW 1212 1 4 32 1212 37
ROW 1212 2 17 32 1212 37
ROW 1212 3 0 8 1212 135
ROW 1212 4 4 4 1212 243
ROW 1212 5 253 255 1212 4
ROW 1212 6 15 24 1212 48
ROW 1212 7 3 24 1212 49
ROW 1213 0 6 16 1213 71
ROW 1213 1 5 32 1213 37
ROW 1213 2 18 32 1213 37
ROW 1213 3 1 8 1213 135
ROW 1213 4 0 4 1213 243
ROW 1213 5 254 255 1213 4
ROW 1213 6 16 24 1213 48
ROW 1213 7 4 24 1213 49
ROW 1214 0 7 16 1214 71
ROW 1214 1 6 32 1214 37
ROW 1214 2 19 32 1214 37
ROW 1214 3 2 8 1214 135
ROW 1214 4 1 4 1214 243
ROW 1214 5 255 255 1214 5
ROW 1214 6 17 24 1214 48
ROW 1214 7 5 24 1214 49
ROW 1215 0 8 16 1215 71
ROW 1215 1 7 32 1215 37
ROW 1215 2 20 32 1215 37
ROW 1215 3 3 8 1215 135
ROW 1215 4 2 4 1215 243
ROW 1215 5 0 255 1215 5
ROW 1215 6 18 24 1215 48
ROW 1215 7 6 24 1215 49
ROW 1216 0 9 16 1216 71
ROW 1216 1 8 32 1216 37
ROW 1216 2 21 32 1216 37
ROW 1216 3 4 8 1216 135
ROW 1216 4 3 4 1216 243
ROW 1216 5 1 255 1216 5
ROW 1216 6 19 24 1216 48
ROW 1216 7 7 24 1216 49
ROW 1217 0 10 16 1217 71
ROW 1217 1 9 32 1217 37
ROW 1217 2 22 32 1217 37
ROW 1217 3 5 8 1217 135
ROW 1217 4 4 4 1217 244
ROW 1217 5 2 255 1217 5
ROW 1217 6 20 24 1217 48
ROW 1217 7 8 24 1217 49
ROW 1218 0 11 16 1218 71
ROW 1218 1 10 32 1218 37
ROW 1218 2 23 32 1218 37
ROW 1218 3 6 8 1218 135
ROW 1218 4 0 4 1218 244
ROW 1218 5 3 255 1218 5
ROW 1218 6 21 24 1218 48
ROW 1218 7 9 24 1218 49
ROW 1219 0 12 16 1219 71
ROW 1219 1 11 32 1219 37
ROW 1219 2 24 32 1219 37
ROW 1219 3 7 8 1219 135
ROW 1219 4 1 4 1219 244
ROW 1219 5 4 255 1219 5
ROW 1219 6 22 24 1219 48
ROW 1219 7 10 24 1219 49
ROW 1220 0 13 16 1220 71
ROW 1220 1 12 32 1220 37
ROW 1220 2 25 32 1220 37
ROW 1220 3 8 8 1220 136
ROW 1220 4 2 4 1220 244
ROW 1220 5 5 255 1220 5
ROW 1220 6 23 24 1220 48
ROW 1220 7 11 24 1220 49
ROW 1221 0 14 16 1221 71
ROW 1221 1 13 32 1221 37
ROW 1221 2 26 32 1221 37
ROW 1221 3 0 8 1221 136
ROW 1221 4 3 4 1221 244
ROW 1221 5 6 255 1221 5
ROW 1221 6 24 24 1221 49
ROW 1221 7 12 24 1221 49
ROW 1222 0 15 16 1222 71
ROW 1222 1 14 32 1222 37
ROW 1222 2 27 32 1222 37
ROW 1222 3 1 8 1222 136
ROW 1222 4 4 4 1222 245
ROW 1222 5 7 255 1222 5
ROW 1222 6 0 24 1222 49
ROW 1222 7 13 24 1222 49
ROW 1223 0 16 16 1223 72
ROW 1223 1 15 32 1223 37
ROW 1223 2 28 32 1223 37
ROW 1223 3 2 8 1223 136
ROW 1223 4 0 4 1223 245
ROW 1223 5 8 255 1223 5
ROW 1223 6 1 24 1223 49
ROW 1223 7 14 24 1223 49
ROW 1224 0 0 16 1224 72
ROW 1224 1 16 32 1224 37
ROW 1224 2 29 32 1224 37
ROW 1224 3 3 8 1224 136
ROW 1224 4 1 4 1224 245
ROW 1224 5 9 255 1224 5
ROW 1224 6 2 24 1224 49
ROW 1224 7 15 24 1224 49
ROW 1225 0 1 16 1225 72
ROW 1225 1 17 32 1225 37
ROW 1225 2 30 32 1225 37
ROW 1225 3 4 8 1225 136
ROW 1225 4 2 4 1225 245
ROW 1225 5 10 255 1225 5
ROW 1225 6 3 24 1225 49
ROW 1225 7 16 24 1225 49
ROW 1226 0 2 16 1226 72
ROW 1226 1 18 32 1226 37
ROW 1226 2 31 32 1226 37
ROW 1226 3 5 8 1226 136
ROW 1226 4 3 4 1226 245
ROW 1226 5 11 255 1226 5
ROW 1226 6 4 24 1226 49
ROW 1226 7 17 24 1226 49
ROW 1227 0 3 16 1227 72
ROW 1227 1 19 32 1227 37
ROW 1227 2 32 32 1227 38
ROW 1227 3 6 8 1227 136
ROW 1227 4 4 4 1227 246
ROW 1227 5 12 255 1227 5
ROW 1227 6 5 24 1227 49
ROW 1227 7 18 24 1227 49
ROW 1228 0 4 16 1228 72
ROW 1228 1 20 32 1228 37
ROW 1228 2 0 32 1228 38
ROW 1228 3 7 8 1228 136
ROW 1228 4 0 4 1228 246
ROW 1228 5 13 255 1228 5
ROW 1228 6 6 24 1228 49
ROW 1228 7 19 24 1228 49
ROW 1229 0 5 16 1229 72
ROW 1229 1 21 32 1229 37
ROW 1229 2 1 32 1229 38
ROW 1229 3 8 8 1229 137
ROW 1229 4 1 4 1229 246
ROW 1229 5 14 255 1229 5
ROW 1229 6 7 24 1229 49
ROW 1229 7 20 24 1229 49
ROW 1230 0 6 16 1230 72
ROW 1230 1 22 32 1230 37
ROW 1230 2 2 32 1230 38
ROW 1230 3 0 8 1230 137
ROW 1230 4 2 4 1230 246
ROW 1230 5 15 255 1230 5
ROW 1230 6 8 24 1230 49
ROW 1230 7 21 24 1230 49
ROW 1231 0 7 16 1231 72
ROW 1231 1 23 32 1231 37
ROW 1231 2 3 32 1231 38
ROW 1231 3 1 8 1231 137
ROW 1231 4 3 4 1231 246
ROW 1231 5 16 255 1231 5
ROW 1231 6 9 24 1231 49
ROW 1231 7 22 24 1231 49
ROW 1232 0 8 16 1232 72
ROW 1232 1 24 32 1232 37
ROW 1232 2 4 32 1232 38
ROW 1232 3 2 8 1232 137
ROW 1232 4 4 4 1232 247
ROW 1232 5 17 255 1232 5
ROW 1232 6 10 24 1232 49
ROW 1232 7 23 24 1232 49
ROW 1233 0 9 16 1233 72
ROW 1233 1 25 32 1233 37
ROW 1233 2 5 32 1233 38
ROW 1233 3 3 8 1233 137
ROW 1233 4 0 4 1233 247
ROW 1233 5 18 255 1233 5
ROW 1233 6 11 24 1233 49
ROW 1233 7 24 24 1233 50
ROW 1234 0 10 16 1234 72
ROW 1234 1 26 32 1234 37
ROW 1234 2 6 32 1234 38
ROW 1234 3 4 8 1234 137
ROW 1234 4 1 4 1234 247
ROW 1234 5 19 255 1234 5
ROW 1234 6 12 24 1234 49
ROW 1234 7 0 24 1234 50
ROW 1235 0 11 16 1235 72
ROW 1235 1 27 32 1235 37
ROW 1235 2 7 32 1235 38
ROW 1235 3 5 8 1235 137
ROW 1235 4 2 4 1235 247
ROW 1235 5 20 255 1235 5
ROW 1235 6 13 24 1235 49
ROW 1235 7 1 24 1235 50
ROW 1236 0 12 16 1236 72
ROW 1236 1 28 32 1236 37
ROW 1236 2 8 32 1236 38
ROW 1236 3 6 8 1236 137
ROW 1236 4 3 4 1236 247
ROW 1236 5 21 255 1236 5
ROW 1236 6 14 24 1236 49
ROW 1236 7 2 24 1236 50
ROW 1237 0 13 16 1237 72
ROW 1237 1 29 32 1237 37
ROW 1237 2 9 32 1237 38
ROW 1237 3 7 8 1237 137
ROW 1237 4 4 4 1237 248
ROW 1237 5 22 255 1237 5
ROW 1237 6 15 24 1237 49
ROW 1237 7 3 24 1237 50
ROW 1238 0 14 16 1238 72
ROW 1238 1 30 32 1238 37
ROW 1238 2 10 32 1238 38
ROW 1238 3 8 8 1238 138
ROW 1238 4 0 4 1238 248
ROW 1238 5 23 255 1238 5
ROW 1238 6 16 24 1238 49
ROW 1238 7 4 24 1238 50
ROW 1239 0 15 16 1239 72
ROW 1239 1 31 32 1239 37
ROW 1239 2 11 32 1239 38
ROW 1239 3 0 8 1239 138
ROW 1239 4 1 4 1239 248
ROW 1239 5 24 255 1239 5
ROW 1239 6 17 24 1239 49
ROW 1239 7 5 24 1239 50
ROW 1240 0 16 16 1240 73
ROW 1240 1 32 32 1240 38
ROW 1240 2 12 32 1240 38
ROW 1240 3 1 8 1240 138
ROW 1240 4 2 4 1240 248
ROW 1240 5 25 255 1240 5
ROW 1240 6 18 24 1240 49
ROW 1240 7 6 24 1240 50
ROW 1241 0 0 16 1241 73
ROW 1241 1 0 32 1241 38
ROW 1241 2 13 32 1241 38
ROW 1241 3 2 8 1241 138
ROW 1241 4 3 4 1241 248
ROW 1241 5 26 255 1241 5
ROW 1241 6 19 24 1241 49
ROW 1241 7 7 24 1241 50
ROW 1242 0 1 16 1242 73
ROW 1242 1 1 32 1242 38
ROW 1242 2 14 32 1242 38
ROW 1242 3 3 8 1242 138
ROW 1242 4 4 4 1242 249
ROW 1242 5 27 255 1242 5
ROW 1242 6 20 24 1242 49
ROW 1242 7 8 24 1242 50
ROW 1243 0 2 16 1243 73
ROW 1243 1 2 32 1243 38
ROW 1243 2 15 32 1243 38
ROW 1243 3 4 8 1243 138
ROW 1243 4 0 4 1243 249
ROW 1243 5 28 255 1243 5
ROW 1243 6 21 24 1243 49
ROW 1243 7 9 24 1243 50
ROW 1244 0 3 16 1244 73
ROW 1244 1 3 32 1244 38
ROW 1244 2 16 32 1244 38
ROW 1244 3 5 8 1244 138
ROW 1244 4 1 4 1244 249
ROW 1244 5 29 255 1244 5
ROW 1244 6 22 24 1244 49
ROW 1244 7 10 24 1244 50
ROW 1245 0 4 16 1245 73
ROW 1245 1 4 32 1245 38
ROW 1245 2 17 32 1245 38
ROW 1245 3 6 8 1245 138
ROW 1245 4 2 4 1245 249
ROW 1245 5 30 255 1245 5
ROW 1245 6 23 24 1245 49
ROW 1245 7 11 24 1245 50
ROW 1246 0 5 16 1246 73
ROW 1246 1 5 32 1246 38
ROW 1246 2 18 32 1246 38
ROW 1246 3 7 8 1246 138
ROW 1246 4 3 4 1246 249
ROW 1246 5 31 255 1246 5
ROW 1246 6 24 24 1246 50
ROW 1246 7 12 24 1246 50
ROW 1247 0 6 16 1247 73
ROW 1247 1 6 32 1247 38
ROW 1247 2 19 32 1247 38
ROW 1247 3 8 8 1247 139
ROW 1247 4 4 4 1247 250
ROW 1247 5 32 255 1247 5
ROW 1247 6 0 24 1247 50
ROW 1247 7 13 24 1247 50
ROW 1248 0 7 16 1248 73
ROW 1248 1 7 32 1248 38
ROW 1248 2 20 32 1248 38
ROW 1248 3 0 8 1248 139
ROW 1248 4 0 4 1248 250
ROW 1248 5 33 255 1248 5
ROW 1248 6 1 24 1248 50
ROW 1248 7 14 24 1248 50
ROW 1249 0 8 16 1249 73
ROW 1249 1 8 32 1249 38
ROW 1249 2 21 32 1249 38
ROW 1249 3 1 8 1249 139
ROW 1249 4 1 4 1249 250
ROW 1249 5 34 255 1249 5
ROW 1249 6 2 24 1249 50
ROW 1249 7 15 24 1249 50
ROW 1250 0 9 16 1250 73
ROW 1250 1 9 32 1250 38
ROW 1250 2 22 32 1250 38
ROW 1250 3 2 8 1250 139
ROW 1250 4 2 4 1250 250
ROW 1250 5 35 255 1250 5
ROW 1250 6 3 24 1250 50
ROW 1250 7 16 24 1250 50
ROW 1251 0 10 16 1251 73
ROW 1251 1 10 32 1251 38
ROW 1251 2 23 32 1251 38
ROW 1251 3 3 8 1251 139
ROW 1251 4 3 4 1251 250
ROW 1251 5 36 255 1251 5
ROW 1251 6 4 24 1251 50
ROW 1251 7 17 24 1251 50
ROW 1252 0 11 16 1252 73
ROW 1252 1 11 32 1252 38
ROW 1252 2 24 32 1252 38
ROW 1252 3 4 8 1252 139
ROW 1252 4 4 4 1252 251
ROW 1252 5 37 255 1252 5
ROW 1252 6 5 24 1252 50
ROW 1252 7 18 24 1252 50
ROW 1253 0 12 16 1253 73
ROW 1253 1 12 32 1253 38
ROW 1253 2 25 32 1253 38
ROW 1253 3 5 8 1253 139
ROW 1253 4 0 4 1253 251
ROW 1253 5 38 255 1253 5
ROW 1253 6 6 24 1253 50
ROW 1253 7 19 24 1253 50
ROW 1254 0 13 16 1254 73
ROW 1254 1 13 32 1254 38
ROW 1254 2 26 32 1254 38
ROW 1254 3 6 8 1254 139
ROW 1254 4 1 4 1254 251
ROW 1254 5 39 255 1254 5
ROW 1254 6 7 24 1254 50
ROW 1254 7 20 24 1254 50
ROW 1255 0 14 16 1255 73
ROW 1255 1 14 32 1255 38
ROW 1255 2 27 32 1255 38
ROW 1255 3 7 8 1255 139
ROW 1255 4 2 4 1255 251
ROW 1255 5 40 255 1255 5
ROW 1255 6 8 24 1255 50
ROW 1255 7 21 24 1255 50
ROW 1256 0 15 16 1256 73
ROW 1256 1 15 32 1256 38
ROW 1256 2 28 32 1256 38
ROW 1256 3 8 8 1256 140
ROW 1256 4 3 4 1256 251
ROW 1256 5 41 255 1256 5
ROW 1256 6 9 24 1256 50
ROW 1256 7 22 24 1256 50
ROW 1257 0 16 16 1257 74
ROW 1257 1 16 32 1257 38
ROW 1257 2 29 32 1257 38
ROW 1257 3 0 8 1257 140
ROW 1257 4 4 4 1257 252
ROW 1257 5 42 255 1257 5
ROW 1257 6 10 24 1257 50
ROW 1257 7 23 24 1257 50
ROW 1258 0 0 16 1258 74
ROW 1258 1 17 32 1258 38
ROW 1258 2 30 32 1258 38
ROW 1258 3 1 8 1258 140
ROW 1258 4 0 4 1258 252
ROW 1258 5 43 255 1258 5
ROW 1258 6 11 24 1258 50
ROW 1258 7 24 24 1258 51
ROW 1259 0 1 16 1259 74
ROW 1259 1 18 32 1259 38
ROW 1259 2 31 32 1259 38
ROW 1259 3 2 8 1259 140
ROW 1259 4 1 4 1259 252
ROW 1259 5 44 255 1259 5
ROW 1259 6 12 24 1259 50
ROW 1259 7 0 24 1259 51
ROW 1260 0 2 16 1260 74
ROW 1260 1 19 32 1260 38
ROW 1260 2 32 32 1260 39
ROW 1260 3 3 8 1260 140
ROW 1260 4 2 4 1260 252
ROW 1260 5 45 255 1260 5
ROW 1260 6 13 24 1260 50
ROW 1260 7 1 24 1260 51
ROW 1261 0 3 16 1261 74
ROW 1261 1 20 32 1261 38
ROW 1261 2 0 32 1261 39
ROW 1261 3 4 8 1261 140
ROW 1261 4 3 4 1261 252
ROW 1261 5 46 255 1261 5
ROW 1261 6 14 24 1261 50
ROW 1261 7 2 24 1261 51
ROW 1262 0 4 16 1262 74
ROW 1262 1 21 32 1262 38
ROW 1262 2 1 32 1262 39
ROW 1262 3 5 8 1262 140
ROW 1262 4 4 4 1262 253
ROW 1262 5 47 255 1262 5
ROW 1262 6 15 24 1262 50
ROW 1262 7 3 24 1262 51
ROW 1263 0 5 16 1263 74
ROW 1263 1 22 32 1263 38
ROW 1263 2 2 32 1263 39
ROW 1263 3 6 8 1263 140
ROW 1263 4 0 4 1263 253
ROW 1263 5 48 255 1263 5
ROW 1263 6 16 24 1263 50
ROW 1263 7 4 24 1263 51
ROW 1264 0 6 16 1264 74
ROW 1264 1 23 32 1264 38
ROW 1264 2 3 32 1264 39
ROW 1264 3 7 8 1264 140
ROW 1264 4 1 4 1264 253
ROW 1264 5 49 255 1264 5
ROW 1264 6 17 24 1264 50
ROW 1264 7 5 24 1264 51
ROW 1265 0 7 16 1265 74
ROW 1265 1 24 32 1265 38
ROW 1265 2 4 32 1265 39
ROW 1265 3 8 8 1265 141
ROW 1265 4 2 4 1265 253
ROW 1265 5 50 255 1265 5
ROW 1265 6 18 24 1265 50
ROW 1265 7 6 24 1265 51
ROW 1266 0 8 16 1266 74
ROW 1266 1 25 32 1266 38
ROW 1266 2 5 32 1266 39
ROW 1266 3 0 8 1266 141
ROW 1266 4 3 4 1266 253
ROW 1266 5 51 255 1266 5
ROW 1266 6 19 24 1266 50
ROW 1266 7 7 24 1266 51
ROW 1267 0 9 16 1267 74
ROW 1267 1 26 32 1267 38
ROW 1267 2 6 32 1267 39
ROW 1267 3 1 8 1267 141
ROW 1267 4 4 4 1267 254
ROW 1267 5 52 255 1267 5
ROW 1267 6 20 24 1267 50
ROW 1267 7 8 24 1267 51
ROW 1268 0 10 16 1268 74
ROW 1268 1 27 32 1268 38
ROW 1268 2 7 32 1268 39
ROW 1268 3 2 8 1268 141
ROW 1268 4 0 4 1268 254
ROW 1268 5 53 255 1268 5
ROW 1268 6 21 24 1268 50
ROW 1268 7 9 24 1268 51
ROW 1269 0 11 16 1269 74
ROW 1269 1 28 32 1269 38
ROW 1269 2 8 32 1269 39
ROW 1269 3 3 8 1269 141
ROW 1269 4 1 4 1269 254
ROW 1269 5 54 255 1269 5
ROW 1269 6 22 24 1269 50
ROW 1269 7 10 24 1269 51
ROW 1270 0 12 16 1270 74
ROW 1270 1 29 32 1270 38
ROW 1270 2 9 32 1270 39
ROW 1270 3 4 8 1270 141
ROW 1270 4 2 4 1270 254
ROW 1270 5 55 255 1270 5
ROW 1270 6 23 24 1270 50
ROW 1270 7 11 24 1270 51
ROW 1271 0 13 16 1271 74
ROW 1271 1 30 32 1271 38
ROW 1271 2 10 32 1271 39
ROW 1271 3 5 8 1271 141
ROW 1271 4 3 4 1271 254
ROW 1271 5 56 255 1271 5
ROW 1271 6 24 24 1271 51
ROW 1271 7 12 24 1271 51
ROW 1272 0 14 16 1272 74
ROW 1272 1 31 32 1272 38
ROW 1272 2 11 32 1272 39
ROW 1272 3 6 8 1272 141
ROW 1272 4 4 4 1272 255
ROW 1272 5 57 255 1272 5
ROW 1272 6 0 24 1272 51
ROW 1272 7 13 24 1272 51
ROW 1273 0 15 16 1273 74
ROW 1273 1 32 32 1273 39
ROW 1273 2 12 32 1273 39
ROW 1273 3 7 8 1273 141
ROW 1273 4 0 4 1273 255
ROW 1273 5 58 255 1273 5
ROW 1273 6 1 24 1273 51
ROW 1273 7 14 24 1273 51
ROW 1274 0 16 16 1274 75
ROW 1274 1 0 32 1274 39
ROW 1274 2 13 32 1274 39
ROW 1274 3 8 8 1274 142
ROW 1274 4 1 4 1274 255
ROW 1274 5 59 255 1274 5
ROW 1274 6 2 24 1274 51
ROW 1274 7 15 24 1274 51
ROW 1275 0 0 16 1275 75
ROW 1275 1 1 32 1275 39
ROW 1275 2 14 32 1275 39
ROW 1275 3 0 8 1275 142
ROW 1275 4 2 4 1275 255
ROW 1275 5 60 255 1275 5
ROW 1275 6 3 24 1275 51
ROW 1275 7 16 24 1275 51
ROW 1276 0 1 16 1276 75
ROW 1276 1 2 32 1276 39
ROW 1276 2 15 32 1276 39
ROW 1276 3 1 8 1276 142
ROW 1276 4 3 4 1276 255
ROW 1276 5 61 255 1276 5
ROW 1276 6 4 24 1276 51
ROW 1276 7 17 24 1276 51
ROW 1277 0 2 16 1277 75
ROW 1277 1 3 32 1277 39
ROW 1277 2 16 32 1277 39
ROW 1277 3 2 8 1277 142
ROW 1277 4 4 4 1277 256
ROW 1277 5 62 255 1277 5
ROW 1277 6 5 24 1277 51
ROW 1277 7 18 24 1277 51
ROW 1278 0 3 16 1278 75
ROW 1278 1 4 32 1278 39
ROW 1278 2 17 32 1278 39
ROW 1278 3 3 8 1278 142
ROW 1278 4 0 4 1278 256
ROW 1278 5 63 255 1278 5
ROW 1278 6 6 24 1278 51
ROW 1278 7 19 24 1278 51
ROW 1279 0 4 16 1279 75
ROW 1279 1 5 32 1279 39
ROW 1279 2 18 32 1279 39
ROW 1279 3 4 8 1279 142
ROW 1279 4 1 4 1279 256
ROW 1279 5 64 255 1279 5
ROW 1279 6 7 24 1279 51
ROW 1279 7 20 24 1279 51
ROW 1280 0 5 16 1280 75
ROW 1280 1 6 32 1280 39
ROW 1280 2 19 32 1280 39
ROW 1280 3 5 8 1280 142
ROW 1280 4 2 4 1280 256
ROW 1280 5 65 255 1280 5
ROW 1280 6 8 24 1280 51
ROW 1280 7 21 24 1280 51
ROW 1281 0 6 16 1281 75
ROW 1281 1 7 32 1281 39
ROW 1281 2 20 32 1281 39
ROW 1281 3 6 8 1281 142
ROW 1281 4 3 4 1281 256
ROW 1281 5 66 255 1281 5
ROW 1281 6 9 24 1281 51
ROW 1281 7 22 24 1281 51
ROW 1282 0 7 16 1282 75
ROW 1282 1 8 32 1282 39
ROW 1282 2 21 32 1282 39
ROW 1282 3 7 8 1282 142
ROW 1282 4 4 4 1282 257
ROW 1282 5 67 255 1282 5
ROW 1282 6 10 24 1282 51
ROW 1282 7 23 24 1282 51
ROW 1283 0 8 16 1283 75
ROW 1283 1 9 32 1283 39
ROW 1283 2 22 32 1283 39
ROW 1283 3 8 8 1283 143
ROW 1283 4 0 4 1283 257
ROW 1283 5 68 255 1283 5
ROW 1283 6 11 24 1283 51
ROW 1283 7 24 24 1283 52
ROW 1284 0 9 16 1284 75
ROW 1284 1 10 32 1284 39
ROW 1284 2 23 32 1284 39
ROW 1284 3 0 8 1284 143
ROW 1284 4 1 4 1284 257
ROW 1284 5 69 255 1284 5
ROW 1284 6 12 24 1284 51
ROW 1284 7 0 24 1284 52
ROW 1285 0 10 16 1285 75
ROW 1285 1 11 32 1285 39
ROW 1285 2 24 32 1285 39
ROW 1285 3 1 8 1285 143
ROW 1285 4 2 4 1285 257
ROW 1285 5 70 255 1285 5
ROW 1285 6 13 24 1285 51
ROW 1285 7 1 24 1285 52
ROW 1286 0 11 16 1286 75
ROW 1286 1 12 32 1286 39
ROW 1286 2 25 32 1286 39
ROW 1286 3 2 8 1286 143
ROW 1286 4 3 4 1286 257
ROW 1286 5 71 255 1286 5
ROW 1286 6 14 24 1286 51
ROW 1286 7 2 24 1286 52
ROW 1287 0 12 16 1287 75
ROW 1287 1 13 32 1287 39
ROW 1287 2 26 32 1287 39
ROW 1287 3 3 8 1287 143
ROW 1287 4 4 4 1287 258
ROW 1287 5 72 255 1287 5
ROW 1287 6 15 24 1287 51
ROW 1287 7 3 24 1287 52
ROW 1288 0 13 16 1288 75
ROW 1288 1 14 32 1288 39
ROW 1288 2 27 32 1288 39
ROW 1288 3 4 8 1288 143
ROW 1288 4 0 4 1288 258
ROW 1288 5 73 255 1288 5
ROW 1288 6 16 24 1288 51
ROW 1288 7 4 24 1288 52
ROW 1289 0 14 16 1289 75
ROW 1289 1 15 32 1289 39
ROW 1289 2 28 32 1289 39
ROW 1289 3 5 8 1289 143
ROW 1289 4 1 4 1289 258
ROW 1289 5 74 255 1289 5
ROW 1289 6 17 24 1289 51
ROW 1289 7 5 24 1289 52
ROW 1290 0 15 16 1290 75
ROW 1290 1 16 32 1290 39
ROW 1290 2 29 32 1290 39
ROW 1290 3 6 8 1290 143
ROW 1290 4 2 4 1290 258
ROW 1290 5 75 255 1290 5
ROW 1290 6 18 24 1290 51
ROW 1290 7 6 24 1290 52
ROW 1291 0 16 16 1291 76
ROW 1291 1 17 32 1291 39
ROW 1291 2 30 32 1291 39
ROW 1291 3 7 8 1291 143
ROW 1291 4 3 4 1291 258
ROW 1291 5 76 255 1291 5
ROW 1291 6 19 24 1291 51
ROW 1291 7 7 24 1291 52
ROW 1292 0 0 16 1292 76
ROW 1292 1 18 32 1292 39
ROW 1292 2 31 32 1292 39
ROW 1292 3 8 8 1292 144
ROW 1292 4 4 4 1292 259
ROW 1292 5 77 255 1292 5
ROW 1292 6 20 24 1292 51
ROW 1292 7 8 24 1292 52
ROW 1293 0 1 16 1293 76
ROW 1293 1 19 32 1293 39
ROW 1293 2 32 32 1293 40
ROW 1293 3 0 8 1293 144
ROW 1293 4 0 4 1293 259
ROW 1293 5 78 255 1293 5
ROW 1293 6 21 24 1293 51
ROW 1293 7 9 24 1293 52
ROW 1294 0 2 16 1294 76
ROW 1294 1 20 32 1294 39
ROW 1294 2 0 32 1294 40
ROW 1294 3 1 8 1294 144
ROW 1294 4 1 4 1294 259
ROW 1294 5 79 255 1294 5
ROW 1294 6 22 24 1294 51
ROW 1294 7 10 24 1294 52
ROW 1295 0 3 16 1295 76
ROW 1295 1 21 32 1295 39
ROW 1295 2 1 32 1295 40
ROW 1295 3 2 8 1295 144
ROW 1295 4 2 4 1295 259
ROW 1295 5 80 255 1295 5
ROW 1295 6 23 24 1295 51
ROW 1295 7 11 24 1295 52
ROW 1296 0 4 16 1296 76
ROW 1296 1 22 32 1296 39
ROW 1296 2 2 32 1296 40
ROW 1296 3 3 8 1296 144
ROW 1296 4 3 4 1296 259
ROW 1296 5 81 255 1296 5
ROW 1296 6 24 24 1296 52
ROW 1296 7 12 24 1296 52
ROW 1297 0 5 16 1297 76
ROW 1297 1 23 32 1297 39
ROW 1297 2 3 32 1297 40
ROW 1297 3 4 8 1297 144
ROW 1297 4 4 4 1297 260
ROW 1297 5 82 255 1297 5
ROW 1297 6 0 24 1297 52
ROW 1297 7 13 24 1297 52
ROW 1298 0 6 16 1298 76
ROW 1298 1 24 32 1298 39
ROW 1298 2 4 32 1298 40
ROW 1298 3 5 8 1298 144
ROW 1298 4 0 4 1298 260
ROW 1298 5 83 255 1298 5
ROW 1298 6 1 24 1298 52
ROW 1298 7 14 24 1298 52
ROW 1299 0 7 16 1299 76
ROW 1299 1 25 32 1299 39
ROW 1299 2 5 32 1299 40
ROW 1299 3 6 8 1299 144
ROW 1299 4 1 4 1299 260
ROW 1299 5 84 255 1299 5
ROW 1299 6 2 24 1299 52
ROW 1299 7 15 24 1299 52
ROW 1300 0 8 16 1300 76
ROW 1300 1 26 32 1300 39
ROW 1300 2 6 32 1300 40
ROW 1300 3 7 8 1300 144
ROW 1300 4 2 4 1300 260
ROW 1300 5 85 255 1300 5
ROW 1300 6 3 24 1300 52
ROW 1300 7 16 24 1300 52
ROW 1301 0 9 16 1301 76
ROW 1301 1 27 32 1301 39
ROW 1301 2 7 32 1301 40
ROW 1301 3 8 8 1301 145
ROW 1301 4 3 4 1301 260
ROW 1301 5 86 255 1301 5
ROW 1301 6 4 24 1301 52
ROW 1301 7 17 24 1301 52
ROW 1302 0 10 16 1302 76
ROW 1302 1 28 32 1302 39
ROW 1302 2 8 32 1302 40
ROW 1302 3 0 8 1302 145
ROW 1302 4 4 4 1302 261
ROW 1302 5 87 255 1302 5
ROW 1302 6 5 24 1302 52
ROW 1302 7 18 24 1302 52
ROW 1303 0 11 16 1303 76
ROW 1303 1 29 32 1303 39
ROW 1303 2 9 32 1303 40
ROW 1303 3 1 8 1303 145
ROW 1303 4 0 4 1303 261
ROW 1303 5 88 255 1303 5
ROW 1303 6 6 24 1303 52
ROW 1303 7 19 24 1303 52
ROW 1304 0 12 16 1304 76
ROW 1304 1 30 32 1304 39
ROW 1304 2 10 32 1304 40
ROW 1304 3 2 8 1304 145
ROW 1304 4 1 4 1304 261
ROW 1304 5 89 255 1304 5
ROW 1304 6 7 24 1304 52
ROW 1304 7 20 24 1304 52
ROW 1305 0 13 16 1305 76
ROW 1305 1 31 32 1305 39
ROW 1305 2 11 32 1305 40
ROW 1305 3 3 8 1305 145
ROW 1305 4 2 4 1305 261
ROW 1305 5 90 255 1305 5
ROW 1305 6 8 24 1305 52
ROW 1305 7 21 24 1305 52
ROW 1306 0 14 16 1306 76
ROW 1306 1 32 32 1306 40
ROW 1306 2 12 32 1306 40
ROW 1306 3 4 8 1306 145
ROW 1306 4 3 4 1306 261
ROW 1306 5 91 255 1306 5
ROW 1306 6 9 24 1306 52
ROW 1306 7 22 24 1306 52
ROW 1307 0 15 16 1307 76
ROW 1307 1 0 32 1307 40
ROW 1307 2 13 32 1307 40
ROW 1307 3 5 8 1307 145
ROW 1307 4 4 4 1307 262
ROW 1307 5 92 255 1307 5
ROW 1307 6 10 24 1307 52
ROW 1307 7 23 24 1307 52
ROW 1308 0 16 16 1308 77
ROW 1308 1 1 32 1308 40
ROW 1308 2 14 32 1308 40
ROW 1308 3 6 8 1308 145
ROW 1308 4 0 4 1308 262
ROW 1308 5 93 255 1308 5
ROW 1308 6 11 24 1308 52
ROW 1308 7 24 24 1308 53
ROW 1309 0 0 16 1309 77
ROW 1309 1 2 32 1309 40
ROW 1309 2 15 32 1309 40
ROW 1309 3 7 8 1309 145
ROW 1309 4 1 4 1309 262
ROW 1309 5 94 255 1309 5
ROW 1309 6 12 24 1309 52
ROW 1309 7 0 24 1309 53
ROW 1310 0 1 16 1310 77
ROW 1310 1 3 32 1310 40
ROW 1310 2 16 32 1310 40
ROW 1310 3 8 8 1310 146
ROW 1310 4 2 4 1310 262
ROW 1310 5 95 255 1310 5
ROW 1310 6 13 24 1310 52
ROW 1310 7 1 24 1310 53
ROW 1311 0 2 16 1311 77
ROW 1311 1 4 32 1311 40
ROW 1311 2 17 32 1311 40
ROW 1311 3 0 8 1311 146
ROW 1311 4 3 4 1311 262
ROW 1311 5 96 255 1311 5
ROW 1311 6 14 24 1311 52
ROW 1311 7 2 24 1311 53
ROW 1312 0 3 16 1312 77
ROW 1312 1 5 32 1312 40
ROW 1312 2 18 32 1312 40
ROW 1312 3 1 8 1312 146
ROW 1312 4 4 4 1312 263
ROW 1312 5 97 255 1312 5
ROW 1312 6 15 24 1312 52
ROW 1312 7 3 24 1312 53
ROW 1313 0 4 16 1313 77
ROW 1313 1 6 32 1313 40
ROW 1313 2 19 32 1313 40
ROW 1313 3 2 8 1313 146
ROW 1313 4 0 4 1313 263
ROW 1313 5 98 255 1313 5
ROW 1313 6 16 24 1313 52
ROW 1313 7 4 24 1313 53
ROW 1314 0 5 16 1314 77
ROW 1314 1 7 32 1314 40
ROW 1314 2 20 32 1314 40
ROW 1314 3 3 8 1314 146
ROW 1314 4 1 4 1314 263
ROW 1314 5 99 255 1314 5
ROW 1314 6 17 24 1314 52
ROW 1314 7 5 24 1314 53
ROW 1315 0 6 16 1315 77
ROW 1315 1 8 32 1315 40
ROW 1315 2 21 32 1315 40
ROW 1315 3 4 8 1315 146
ROW 1315 4 2 4 1315 263
ROW 1315 5 100 255 1315 5
ROW 1315 6 18 24 1315 52
ROW 1315 7 6 24 1315 53
ROW 1316 0 7 16 1316 77
ROW 1316 1 9 32 1316 40
ROW 1316 2 22 32 1316 40
ROW 1316 3 5 8 1316 146
ROW 1316 4 3 4 1316 263
ROW 1316 5 101 255 1316 5
ROW 1316 6 19 24 1316 52
ROW 1316 7 7 24 1316 53
ROW 1317 0 8 16 1317 77
ROW 1317 1 10 32 1317 40
ROW 1317 2 23 32 1317 40
ROW 1317 3 6 8 1317 146
ROW 1317 4 4 4 1317 264
ROW 1317 5 102 255 1317 5
ROW 1317 6 20 24 1317 52
ROW 1317 7 8 24 1317 53
ROW 1318 0 9 16 1318 77
ROW 1318 1 11 32 1318 40
ROW 1318 2 24 32 1318 40
ROW 1318 3 7 8 1318 146
ROW 1318 4 0 4 1318 264
ROW 1318 5 103 255 1318 5
ROW 1318 6 21 24 1318 52
ROW 1318 7 9 24 1318 53
ROW 1319 0 10 16 1319 77
ROW 1319 1 12 32 1319 40
ROW 1319 2 25 32 1319 40
ROW 1319 3 8 8 1319 147
ROW 1319 4 1 4 1319 264
ROW 1319 5 104 255 1319 5
ROW 1319 6 22 24 1319 52
ROW 1319 7 10 24 1319 53
ROW 1320 0 11 16 1320 77
ROW 1320 1 13 32 1320 40
ROW 1320 2 26 32 1320 40
ROW 1320 3 0 8 1320 147
ROW 1320 4 2 4 1320 264
ROW 1320 5 105 255 1320 5
ROW 1320 6 23 24 1320 52
ROW 1320 7 11 24 1320 53
ROW 1321 0 12 16 1321 77
ROW 1321 1 14 32 1321 40
ROW 1321 2 27 32 1321 40
ROW 1321 3 1 8 1321 147
ROW 1321 4 3 4 1321 264
ROW 1321 5 106 255 1321 5
ROW 1321 6 24 24 1321 53
ROW 1321 7 12 24 1321 53
ROW 1322 0 13 16 1322 77
ROW 1322 1 15 32 1322 40
ROW 1322 2 28 32 1322 40
ROW 1322 3 2 8 1322 147
ROW 1322 4 4 4 1322 265
ROW 1322 5 107 255 1322 5
ROW 1322 6 0 24 1322 53
ROW 1322 7 13 24 1322 53
ROW 1323 0 14 16 1323 77
ROW 1323 1 16 32 1323 40
ROW 1323 2 29 32 1323 40
ROW 1323 3 3 8 1323 147
ROW 1323 4 0 4 1323 265
ROW 1323 5 108 255 1323 5
ROW 1323 6 1 24 1323 53
ROW 1323 7 14 24 1323 53
ROW 1324 0 15 16 1324 77
ROW 1324 1 17 32 1324 40
ROW 1324 2 30 32 1324 40
ROW 1324 3 4 8 1324 147
ROW 1324 4 1 4 1324 265
ROW 1324 5 109 255 1324 5
ROW 1324 6 2 24 1324 53
ROW 1324 7 15 24 1324 53
ROW 1325 0 16 16 1325 78
ROW 1325 1 18 32 1325 40
ROW 1325 2 31 32 1325 40
ROW 1325 3 5 8 1325 147
ROW 1325 4 2 4 1325 265
ROW 1325 5 110 255 1325 5
ROW 1325 6 3 24 1325 53
ROW 1325 7 16 24 1325 53
ROW 1326 0 0 16 1326 78
ROW 1326 1 19 32 1326 40
ROW 1326 2 32 32 1326 41
ROW 1326 3 6 8 1326 147
ROW 1326 4 3 4 1326 265
ROW 1326 5 111 255 1326 5
ROW 1326 6 4 24 1326 53
ROW 1326 7 17 24 1326 53
ROW 1327 0 1 16 1327 78
ROW 1327 1 20 32 1327 40
ROW 1327 2 0 32 1327 41
ROW 1327 3 7 8 1327 147
ROW 1327 4 4 4 1327 266
ROW 1327 5 112 255 1327 5
ROW 1327 6 5 24 1327 53
ROW 1327 7 18 24 1327 53
ROW 1328 0 2 16 1328 78
ROW 1328 1 21 32 1328 40
ROW 1328 2 1 32 1328 41
ROW 1328 3 8 8 1328 148
ROW 1328 4 0 4 1328 266
ROW 1328 5 113 255 1328 5
ROW 1328 6 6 24 1328 53
ROW 1328 7 19 24 1328 53
ROW 1329 0 3 16 1329 78
ROW 1329 1 22 32 1329 40
ROW 1329 2 2 32 1329 41
ROW 1329 3 0 8 1329 148
ROW 1329 4 1 4 1329 266
ROW 1329 5 114 255 1329 5
ROW 1329 6 7 24 1329 53
ROW 1329 7 20 24 1329 53
ROW 1330 0 4 16 1330 78
ROW 1330 1 23 32 1330 40
ROW 1330 2 3 32 1330 41
ROW 1330 3 1 8 1330 148
ROW 1330 4 2 4 1330 266
ROW 1330 5 115 255 1330 5
ROW 1330 6 8 24 1330 53
ROW 1330 7 21 24 1330 53
ROW 1331 0 5 16 1331 78
ROW 1331 1 24 32 1331 40
ROW 1331 2 4 32 1331 41
ROW 1331 3 2 8 1331 148
ROW 1331 4 3 4 1331 266
ROW 1331 5 116 255 1331 5
ROW 1331 6 9 24 1331 53
ROW 1331 7 22 24 1331 53
ROW 1332 0 6 16 1332 78
ROW 1332 1 25 32 1332 40
ROW 1332 2 5 32 1332 41
ROW 1332 3 3 8 1332 148
ROW 1332 4 4 4 1332 267
ROW 1332 5 117 255 1332 5
ROW 1332 6 10 24 1332 53
ROW 1332 7 23 24 1332 53
ROW 1333 0 7 16 1333 78
ROW 1333 1 26 32 1333 40
ROW 1333 2 6 32 1333 41
ROW 1333 3 4 8 1333 148
ROW 1333 4 0 4 1333 267
ROW 1333 5 118 255 1333 5
ROW 1333 6 11 24 1333 53
ROW 1333 7 24 24 1333 54
ROW 1334 0 8 16 1334 78
ROW 1334 1 27 32 1334 40
ROW 1334 2 7 32 1334 41
ROW 1334 3 5 8 1334 148
ROW 1334 4 1 4 1334 267
ROW 1334 5 119 255 1334 5
ROW 1334 6 12 24 1334 53
ROW 1334 7 0 24 1334 54
ROW 1335 0 9 16 1335 78
ROW 1335 1 28 32 1335 40
ROW 1335 2 8 32 1335 41
ROW 1335 3 6 8 1335 148
ROW 1335 4 2 4 1335 267
ROW 1335 5 120 255 1335 5
ROW 1335 6 13 24 1335 53
ROW 1335 7 1 24 1335 54
ROW 1336 0 10 16 1336 78
ROW 1336 1 29 32 1336 40
ROW 1336 2 9 32 1336 41
ROW 1336 3 7 8 1336 148
ROW 1336 4 3 4 1336 267
ROW 1336 5 121 255 1336 5
ROW 1336 6 14 24 1336 53
ROW 1336 7 2 24 1336 54
ROW 1337 0 11 16 1337 78
ROW 1337 1 30 32 1337 40
ROW 1337 2 10 32 1337 41
ROW 1337 3 8 8 1337 149
ROW 1337 4 4 4 1337 268
ROW 1337 5 122 255 1337 5
ROW 1337 6 15 24 1337 53
ROW 1337 7 3 24 1337 54
ROW 1338 0 12 16 1338 78
ROW 1338 1 31 32 1338 40
ROW 1338 2 11 32 1338 41
ROW 1338 3 0 8 1338 149
ROW 1338 4 0 4 1338 268
ROW 1338 5 123 255 1338 5
ROW 1338 6 16 24 1338 53
ROW 1338 7 4 24 1338 54
ROW 1339 0 13 16 1339 78
ROW 1339 1 32 32 1339 41
ROW 1339 2 12 32 1339 41
ROW 1339 3 1 8 1339 149
ROW 1339 4 1 4 1339 268
ROW 1339 5 124 255 1339 5
ROW 1339 6 17 24 1339 53
ROW 1339 7 5 24 1339 54
ROW 1340 0 14 16 1340 78
ROW 1340 1 0 32 1340 41
ROW 1340 2 13 32 1340 41
ROW 1340 3 2 8 1340 149
ROW 1340 4 2 4 1340 268
ROW 1340 5 125 255 1340 5
ROW 1340 6 18 24 1340 53
ROW 1340 7 6 24 1340 54
ROW 1341 0 15 16 1341 78
ROW 1341 1 1 32 1341 41
ROW 1341 2 14 32 1341 41
ROW 1341 3 3 8 1341 149
ROW 1341 4 3 4 1341 268
ROW 1341 5 126 255 1341 5
ROW 1341 6 19 24 1341 53
ROW 1341 7 7 24 1341 54
ROW 1342 0 16 16 1342 79
ROW 1342 1 2 32 1342 41
ROW 1342 2 15 32 1342 41
ROW 1342 3 4 8 1342 149
ROW 1342 4 4 4 1342 269
ROW 1342 5 127 255 1342 5
ROW 1342 6 20 24 1342 53
ROW 1342 7 8 24 1342 54
ROW 1343 0 0 16 1343 79
ROW 1343 1 3 32 1343 41
ROW 1343 2 16 32 1343 41
ROW 1343 3 5 8 1343 149
ROW 1343 4 0 4 1343 269
ROW 1343 5 128 255 1343 5
ROW 1343 6 21 24 1343 53
ROW 1343 7 9 24 1343 54
ROW 1344 0 1 16 1344 79
ROW 1344 1 4 32 1344 41
ROW 1344 2 17 32 1344 41
ROW 1344 3 6 8 1344 149
ROW 1344 4 1 4 1344 269
ROW 1344 5 129 255 1344 5
ROW 1344 6 22 24 1344 53
ROW 1344 7 10 24 1344 54
ROW 1345 0 2 16 1345 79
ROW 1345 1 5 32 1345 41
ROW 1345 2 18 32 1345 41
ROW 1345 3 7 8 1345 149
ROW 1345 4 2 4 1345 269
ROW 1345 5 130 255 1345 5
ROW 1345 6 23 24 1345 53
ROW 1345 7 11 24 1345 54
ROW 1346 0 3 16 1346 79
ROW 1346 1 6 32 1346 41
ROW 1346 2 19 32 1346 41
ROW 1346 3 8 8 1346 150
ROW 1346 4 3 4 1346 269
ROW 1346 5 131 255 1346 5
ROW 1346 6 24 24 1346 54
ROW 1346 7 12 24 1346 54
ROW 1347 0 4 16 1347 79
ROW 1347 1 7 32 1347 41
ROW 1347 2 20 32 1347 41
ROW 1347 3 0 8 1347 150
ROW 1347 4 4 4 1347 270
ROW 1347 5 132 255 1347 5
ROW 1347 6 0 24 1347 54
ROW 1347 7 13 24 1347 54
ROW 1348 0 5 16 1348 79
ROW 1348 1 8 32 1348 41
ROW 1348 2 21 32 1348 41
ROW 1348 3 1 8 1348 150
ROW 1348 4 0 4 1348 270
ROW 1348 5 133 255 1348 5
ROW 1348 6 1 24 1348 54
ROW 1348 7 14 24 1348 54
ROW 1349 0 6 16 1349 79
ROW 1349 1 9 32 1349 41
ROW 1349 2 22 32 1349 41
ROW 1349 3 2 8 1349 150
ROW 1349 4 1 4 1349 270
ROW 1349 5 134 255 1349 5
ROW 1349 6 2 24 1349 54
ROW 1349 7 15 24 1349 54
ROW 1350 0 7 16 1350 79
ROW 1350 1 10 32 1350 41
ROW 1350 2 23 32 1350 41
ROW 1350 3 3 8 1350 150
ROW 1350 4 2 4 1350 270
ROW 1350 5 135 255 1350 5
ROW 1350 6 3 24 1350 54
ROW 1350 7 16 24 1350 54
ROW 1351 0 8 16 1351 79
ROW 1351 1 11 32 1351 41
ROW 1351 2 24 32 1351 41
ROW 1351 3 4 8 1351 150
ROW 1351 4 3 4 1351 270
ROW 1351 5 136 255 1351 5
ROW 1351 6 4 24 1351 54
ROW 1351 7 17 24 1351 54
ROW 1352 0 9 16 1352 79
ROW 1352 1 12 32 1352 41
ROW 1352 2 25 32 1352 41
ROW 1352 3 5 8 1352 150
ROW 1352 4 4 4 1352 271
ROW 1352 5 137 255 1352 5
ROW 1352 6 5 24 1352 54
ROW 1352 7 18 24 1352 54
ROW 1353 0 10 16 1353 79
ROW 1353 1 13 32 1353 41
ROW 1353 2 26 32 1353 41
ROW 1353 3 6 8 1353 150
ROW 1353 4 0 4 1353 271
ROW 1353 5 138 255 1353 5
ROW 1353 6 6 24 1353 54
ROW 1353 7 19 24 1353 54
ROW 1354 0 11 16 1354 79
ROW 1354 1 14 32 1354 41
ROW 1354 2 27 32 1354 41
ROW 1354 3 7 8 1354 150
ROW 1354 4 1 4 1354 271
ROW 1354 5 139 255 1354 5
ROW 1354 6 7 24 1354 54
ROW 1354 7 20 24 1354 54
ROW 1355 0 12 16 1355 79
ROW 1355 1 15 32 1355 41
ROW 1355 2 28 32 1355 41
ROW 1355 3 8 8 1355 151
ROW 1355 4 2 4 1355 271
ROW 1355 5 140 255 1355 5
ROW 1355 6 8 24 1355 54
ROW 1355 7 21 24 1355 54
ROW 1356 0 13 16 1356 79
ROW 1356 1 16 32 1356 41
ROW 1356 2 29 32 1356 41
ROW 1356 3 0 8 1356 151
ROW 1356 4 3 4 1356 271
ROW 1356 5 141 255 1356 5
ROW 1356 6 9 24 1356 54
ROW 1356 7 22 24 1356 54
ROW 1357 0 14 16 1357 79
ROW 1357 1 17 32 1357 41
ROW 1357 2 30 32 1357 41
ROW 1357 3 1 8 1357 151
ROW 1357 4 4 4 1357 272
ROW 1357 5 142 255 1357 5
ROW 1357 6 10 24 1357 54
ROW 1357 7 23 24 1357 54
ROW 1358 0 15 16 1358 79
ROW 1358 1 18 32 1358 41
ROW 1358 2 31 32 1358 41
ROW 1358 3 2 8 1358 151
ROW 1358 4 0 4 1358 272
ROW 1358 5 143 255 1358 5
ROW 1358 6 11 24 1358 54
ROW 1358 7 24 24 1358 55
ROW 1359 0 16 16 1359 80
ROW 1359 1 19 32 1359 41
ROW 1359 2 32 32 1359 42
ROW 1359 3 3 8 1359 151
ROW 1359 4 1 4 1359 272
ROW 1359 5 144 255 1359 5
ROW 1359 6 12 24 1359 54
ROW 1359 7 0 24 1359 55
ROW 1360 0 0 16 1360 80
ROW 1360 1 20 32 1360 41
ROW 1360 2 0 32 1360 42
ROW 1360 3 4 8 1360 151
ROW 1360 4 2 4 1360 272
ROW 1360 5 145 255 1360 5
ROW 1360 6 13 24 1360 54
ROW 1360 7 1 24 1360 55
ROW 1361 0 1 16 1361 80
ROW 1361 1 21 32 1361 41
ROW 1361 2 1 32 1361 42
ROW 1361 3 5 8 1361 151
ROW 1361 4 3 4 1361 272
ROW 1361 5 146 255 1361 5
ROW 1361 6 14 24 1361 54
ROW 1361 7 2 24 1361 55
ROW 1362 0 2 16 1362 80
ROW 1362 1 22 32 1362 41
ROW 1362 2 2 32 1362 42
ROW 1362 3 6 8 1362 151
ROW 1362 4 4 4 1362 273
ROW 1362 5 147 255 1362 5
ROW 1362 6 15 24 1362 54
ROW 1362 7 3 24 1362 55
ROW 1363 0 3 16 1363 80
ROW 1363 1 23 32 1363 41
ROW 1363 2 3 32 1363 42
ROW 1363 3 7 8 1363 151
ROW 1363 4 0 4 1363 273
ROW 1363 5 148 255 1363 5
ROW 1363 6 16 24 1363 54
ROW 1363 7 4 24 1363 55
ROW 1364 0 4 16 1364 80
ROW 1364 1 24 32 1364 41
ROW 1364 2 4 32 1364 42
ROW 1364 3 8 8 1364 152
ROW 1364 4 1 4 1364 273
ROW 1364 5 149 255 1364 5
ROW 1364 6 17 24 1364 54
ROW 1364 7 5 24 1364 55
ROW 1365 0 5 16 1365 80
ROW 1365 1 25 32 1365 41
ROW 1365 2 5 32 1365 42
ROW 1365 3 0 8 1365 152
ROW 1365 4 2 4 1365 273
ROW 1365 5 150 255 1365 5
ROW 1365 6 18 24 1365 54
ROW 1365 7 6 24 1365 55
ROW 1366 0 6 16 1366 80
ROW 1366 1 26 32 1366 41
ROW 1366 2 6 32 1366 42
ROW 1366 3 1 8 1366 152
ROW 1366 4 3 4 1366 273
ROW 1366 5 151 255 1366 5
ROW 1366 6 19 24 1366 54
ROW 1366 7 7 24 1366 55
ROW 1367 0 7 16 1367 80
ROW 1367 1 27 32 1367 41
ROW 1367 2 7 32 1367 42
ROW 1367 3 2 8 1367 152
ROW 1367 4 4 4 1367 274
ROW 1367 5 152 255 1367 5
ROW 1367 6 20 24 1367 54
ROW 1367 7 8 24 1367 55
ROW 1368 0 8 16 1368 80
ROW 1368 1 28 32 1368 41
ROW 1368 2 8 32 1368 42
ROW 1368 3 3 8 1368 152
ROW 1368 4 0 4 1368 274
ROW 1368 5 153 255 1368 5
ROW 1368 6 21 24 1368 54
ROW 1368 7 9 24 1368 55
ROW 1369 0 9 16 1369 80
ROW 1369 1 29 32 1369 41
ROW 1369 2 9 32 1369 42
ROW 1369 3 4 8 1369 152
ROW 1369 4 1 4 1369 274
ROW 1369 5 154 255 1369 5
ROW 1369 6 22 24 1369 54
ROW 1369 7 10 24 1369 55
ROW 1370 0 10 16 1370 80
ROW 1370 1 30 32 1370 41
ROW 1370 2 10 32 1370 42
ROW 1370 3 5 8 1370 152
ROW 1370 4 2 4 1370 274
ROW 1370 5 155 255 1370 5
ROW 1370 6 23 24 1370 54
ROW 1370 7 11 24 1370 55
ROW 1371 0 11 16 1371 80
ROW 1371 1 31 32 1371 41
ROW 1371 2 11 32 1371 42
ROW 1371 3 6 8 1371 152
ROW 1371 4 3 4 1371 274
ROW 1371 5 156 255 1371 5
ROW 1371 6 24 24 1371 55
ROW 1371 7 12 24 1371 55
ROW 1372 0 12 16 1372 80
ROW 1372 1 32 32 1372 42
ROW 1372 2 12 32 1372 42
ROW 1372 3 7 8 1372 152
ROW 1372 4 4 4 1372 275
ROW 1372 5 157 255 1372 5
ROW 1372 6 0 24 1372 55
ROW 1372 7 13 24 1372 55
ROW 1373 0 13 16 1373 80
ROW 1373 1 0 32 1373 42
ROW 1373 2 13 32 1373 42
ROW 1373 3 8 8 1373 153
ROW 1373 4 0 4 1373 275
ROW 1373 5 158 255 1373 5
ROW 1373 6 1 24 1373 55
ROW 1373 7 14 24 1373 55
ROW 1374 0 14 16 1374 80
ROW 1374 1 1 32 1374 42
ROW 1374 2 14 32 1374 42
ROW 1374 3 0 8 1374 153
ROW 1374 4 1 4 1374 275
ROW 1374 5 159 255 1374 5
ROW 1374 6 2 24 1374 55
ROW 1374 7 15 24 1374 55
ROW 1375 0 15 16 1375 80
ROW 1375 1 2 32 1375 42
ROW 1375 2 15 32 1375 42
ROW 1375 3 1 8 1375 153
ROW 1375 4 2 4 1375 275
ROW 1375 5 160 255 1375 5
ROW 1375 6 3 24 1375 55
ROW 1375 7 16 24 1375 55
ROW 1376 0 16 16 1376 81
ROW 1376 1 3 32 1376 42
ROW 1376 2 16 32 1376 42
ROW 1376 3 2 8 1376 153
ROW 1376 4 3 4 1376 275
ROW 1376 5 161 255 1376 5
ROW 1376 6 4 24 1376 55
ROW 1376 7 17 24 1376 55
ROW 1377 0 0 16 1377 81
ROW 1377 1 4 32 1377 42
ROW 1377 2 17 32 1377 42
ROW 1377 3 3 8 1377 153
ROW 1377 4 4 4 1377 276
ROW 1377 5 162 255 1377 5
ROW 1377 6 5 24 1377 55
ROW 1377 7 18 24 1377 55
ROW 1378 0 1 16 1378 81
ROW 1378 1 5 32 1378 42
ROW 1378 2 18 32 1378 42
ROW 1378 3 4 8 1378 153
ROW 1378 4 0 4 1378 276
ROW 1378 5 163 255 1378 5
ROW 1378 6 6 24 1378 55
ROW 1378 7 19 24 1378 55
ROW 1379 0 2 16 1379 81
ROW 1379 1 6 32 1379 42
ROW 1379 2 19 32 1379 42
ROW 1379 3 5 8 1379 153
ROW 1379 4 1 4 1379 276
ROW 1379 5 164 255 1379 5
ROW 1379 6 7 24 1379 55
ROW 1379 7 20 24 1379 55
ROW 1380 0 3 16 1380 81
ROW 1380 1 7 32 1380 42
ROW 1380 2 20 32 1380 42
ROW 1380 3 6 8 1380 153
ROW 1380 4 2 4 1380 276
ROW 1380 5 165 255 1380 5
ROW 1380 6 8 24 1380 55
ROW 1380 7 21 24 1380 55
ROW 1381 0 4 16 1381 81
ROW 1381 1 8 32 1381 42
ROW 1381 2 21 32 1381 42
ROW 1381 3 7 8 1381 153
ROW 1381 4 3 4 1381 276
ROW 1381 5 166 255 1381 5
ROW 1381 6 9 24 1381 55
ROW 1381 7 22 24 1381 55
ROW 1382 0 5 16 1382 81
ROW 1382 1 9 32 1382 42
ROW 1382 2 22 32 1382 42
ROW 1382 3 8 8 1382 154
ROW 1382 4 4 4 1382 277
ROW 1382 5 167 255 1382 5
ROW 1382 6 10 24 1382 55
ROW 1382 7 23 24 1382 55
ROW 1383 0 6 16 1383 81
ROW 1383 1 10 32 1383 42
ROW 1383 2 23 32 1383 42
ROW 1383 3 0 8 1383 154
ROW 1383 4 0 4 1383 277
ROW 1383 5 168 255 1383 5
ROW 1383 6 11 24 1383 55
ROW 1383 7 24 24 1383 56
ROW 1384 0 7 16 1384 81
ROW 1384 1 11 32 1384 42
ROW 1384 2 24 32 1384 42
ROW 1384 3 1 8 1384 154
ROW 1384 4 1 4 1384 277
ROW 1384 5 169 255 1384 5
ROW 1384 6 12 24 1384 55
ROW 1384 7 0 24 1384 56
ROW 1385 0 8 16 1385 81
ROW 1385 1 12 32 1385 42
ROW 1385 2 25 32 1385 42
ROW 1385 3 2 8 1385 154
ROW 1385 4 2 4 1385 277
ROW 1385 5 170 255 1385 5
ROW 1385 6 13 24 1385 55
ROW 1385 7 1 24 1385 56
ROW 1386 0 9 16 1386 81
ROW 1386 1 13 32 1386 42
ROW 1386 2 26 32 1386 42
ROW 1386 3 3 8 1386 154
ROW 1386 4 3 4 1386 277
ROW 1386 5 171 255 1386 5
ROW 1386 6 14 24 1386 55
ROW 1386 7 2 24 1386 56
ROW 1387 0 10 16 1387 81
ROW 1387 1 14 32 1387 42
ROW 1387 2 27 32 1387 42
ROW 1387 3 4 8 1387 154
ROW 1387 4 4 4 1387 278
ROW 1387 5 172 255 1387 5
ROW 1387 6 15 24 1387 55
ROW 1387 7 3 24 1387 56
ROW 1388 0 11 16 1388 81
ROW 1388 1 15 32 1388 42
ROW 1388 2 28 32 1388 42
ROW 1388 3 5 8 1388 154
ROW 1388 4 0 4 1388 278
ROW 1388 5 173 255 1388 5
ROW 1388 6 16 24 1388 55
ROW 1388 7 4 24 1388 56
ROW 1389 0 12 16 1389 81
ROW 1389 1 16 32 1389 42
ROW 1389 2 29 32 1389 42
ROW 1389 3 6 8 1389 154
ROW 1389 4 1 4 1389 278
ROW 1389 5 174 255 1389 5
ROW 1389 6 17 24 1389 55
ROW 1389 7 5 24 1389 56
ROW 1390 0 13 16 1390 81
ROW 1390 1 17 32 1390 42
ROW 1390 2 30 32 1390 42
ROW 1390 3 7 8 1390 154
ROW 1390 4 2 4 1390 278
ROW 1390 5 175 255 1390 5
ROW 1390 6 18 24 1390 55
ROW 1390 7 6 24 1390 56
ROW 1391 0 14 16 1391 81
ROW 1391 1 18 32 1391 42
ROW 1391 2 31 32 1391 42
ROW 1391 3 8 8 1391 155
ROW 1391 4 3 4 1391 278
ROW 1391 5 176 255 1391 5
ROW 1391 6 19 24 1391 55
ROW 1391 7 7 24 1391 56
ROW 1392 0 15 16 1392 81
ROW 1392 1 19 32 1392 42
ROW 1392 2 32 32 1392 43
ROW 1392 3 0 8 1392 155
ROW 1392 4 4 4 1392 279
ROW 1392 5 177 255 1392 5
ROW 1392 6 20 24 1392 55
ROW 1392 7 8 24 1392 56
ROW 1393 0 16 16 1393 82
ROW 1393 1 20 32 1393 42
ROW 1393 2 0 32 1393 43
ROW 1393 3 1 8 1393 155
ROW 1393 4 0 4 1393 279
ROW 1393 5 178 255 1393 5
ROW 1393 6 21 24 1393 55
ROW 1393 7 9 24 1393 56
ROW 1394 0 0 16 1394 82
ROW 1394 1 21 32 1394 42
ROW 1394 2 1 32 1394 43
ROW 1394 3 2 8 1394 155
ROW 1394 4 1 4 1394 279
ROW 1394 5 179 255 1394 5
ROW 1394 6 22 24 1394 55
ROW 1394 7 10 24 1394 56
ROW 1395 0 1 16 1395 82
ROW 1395 1 22 32 1395 42
ROW 1395 2 2 32 1395 43
ROW 1395 3 3 8 1395 155
ROW 1395 4 2 4 1395 279
ROW 1395 5 180 255 1395 5
ROW 1395 6 23 24 1395 55
ROW 1395 7 11 24 1395 56
ROW 1396 0 2 16 1396 82
ROW 1396 1 23 32 1396 42
ROW 1396 2 3 32 1396 43
ROW 1396 3 4 8 1396 155
ROW 1396 4 3 4 1396 279
ROW 1396 5 181 255 1396 5
ROW 1396 6 24 24 1396 56
ROW 1396 7 12 24 1396 56
ROW 1397 0 3 16 1397 82
ROW 1397 1 24 32 1397 42
ROW 1397 2 4 32 1397 43
ROW 1397 3 5 8 1397 155
ROW 1397 4 4 4 1397 280
ROW 1397 5 182 255 1397 5
ROW 1397 6 0 24 1397 56
ROW 1397 7 13 24 1397 56
ROW 1398 0 4 16 1398 82
ROW 1398 1 25 32 1398 42
ROW 1398 2 5 32 1398 43
ROW 1398 3 6 8 1398 155
ROW 1398 4 0 4 1398 280
ROW 1398 5 183 255 1398 5
ROW 1398 6 1 24 1398 56
ROW 1398 7 14 24 1398 56
ROW 1399 0 5 16 1399 82
ROW 1399 1 26 32 1399 42
ROW 1399 2 6 32 1399 43
ROW 1399 3 7 8 1399 155
ROW 1399 4 1 4 1399 280
ROW 1399 5 184 255 1399 5
ROW 1399 6 2 24 1399 56
ROW 1399 7 15 24 1399 56
ROW 1400 0 6 16 1400 82
ROW 1400 1 27 32 1400 42
ROW 1400 2 7 32 1400 43
ROW 1400 3 8 8 1400 156
ROW 1400 4 2 4 1400 280
ROW 1400 5 185 255 1400 5
ROW 1400 6 3 24 1400 56
ROW 1400 7 16 24 1400 56
ROW 1401 0 7 16 1401 82
ROW 1401 1 28 32 1401 42
ROW 1401 2 8 32 1401 43
ROW 1401 3 0 8 1401 156
ROW 1401 4 3 4 1401 280
ROW 1401 5 186 255 1401 5
ROW 1401 6 4 24 1401 56
ROW 1401 7 17 24 1401 56
ROW 1402 0 8 16 1402 82
ROW 1402 1 29 32 1402 42
ROW 1402 2 9 32 1402 43
ROW 1402 3 1 8 1402 156
ROW 1402 4 4 4 1402 281
ROW 1402 5 187 255 1402 5
ROW 1402 6 5 24 1402 56
ROW 1402 7 18 24 1402 56
ROW 1403 0 9 16 1403 82
ROW 1403 1 30 32 1403 42
ROW 1403 2 10 32 1403 43
ROW 1403 3 2 8 1403 156
ROW 1403 4 0 4 1403 281
ROW 1403 5 188 255 1403 5
ROW 1403 6 6 24 1403 56
ROW 1403 7 19 24 1403 56
ROW 1404 0 10 16 1404 82
ROW 1404 1 31 32 1404 42
ROW 1404 2 11 32 1404 43
ROW 1404 3 3 8 1404 156
ROW 1404 4 1 4 1404 281
ROW 1404 5 189 255 1404 5
ROW 1404 6 7 24 1404 56
ROW 1404 7 20 24 1404 56
ROW 1405 0 11 16 1405 82
ROW 1405 1 32 32 1405 43
ROW 1405 2 12 32 1405 43
ROW 1405 3 4 8 1405 156
ROW 1405 4 2 4 1405 281
ROW 1405 5 190 255 1405 5
ROW 1405 6 8 24 1405 56
ROW 1405 7 21 24 1405 56
ROW 1406 0 12 16 1406 82
ROW 1406 1 0 32 1406 43
ROW 1406 2 13 32 1406 43
ROW 1406 3 5 8 1406 156
ROW 1406 4 3 4 1406 281
ROW 1406 5 191 255 1406 5
ROW 1406 6 9 24 1406 56
ROW 1406 7 22 24 1406 56
ROW 1407 0 13 16 1407 82
ROW 1407 1 1 32 1407 43
ROW 1407 2 14 32 1407 43
ROW 1407 3 6 8 1407 156
ROW 1407 4 4 4 1407 282
ROW 1407 5 192 255 1407 5
ROW 1407 6 10 24 1407 56
ROW 1407 7 23 24 1407 56
ROW 1408 0 14 16 1408 82
ROW 1408 1 2 32 1408 43
ROW 1408 2 15 32 1408 43
ROW 1408 3 7 8 1408 156
ROW 1408 4 0 4 1408 282
ROW 1408 5 193 255 1408 5
ROW 1408 6 11 24 1408 56
ROW 1408 7 24 24 1408 57
ROW 1409 0 15 16 1409 82
ROW 1409 1 3 32 1409 43
ROW 1409 2 16 32 1409 43
ROW 1409 3 8 8 1409 157
ROW 1409 4 1 4 1409 282
ROW 1409 5 194 255 1409 5
ROW 1409 6 12 24 1409 56
ROW 1409 7 0 24 1409 57
ROW 1410 0 16 16 1410 83
ROW 1410 1 4 32 1410 43
ROW 1410 2 17 32 1410 43
ROW 1410 3 0 8 1410 157
ROW 1410 4 2 4 1410 282
ROW 1410 5 195 255 1410 5
ROW 1410 6 13 24 1410 56
ROW 1410 7 1 24 1410 57
ROW 1411 0 0 16 1411 83
ROW 1411 1 5 32 1411 43
ROW 1411 2 18 32 1411 43
ROW 1411 3 1 8 1411 157
ROW 1411 4 3 4 1411 282
ROW 1411 5 196 255 1411 5
ROW 1411 6 14 24 1411 56
ROW 1411 7 2 24 1411 57
ROW 1412 0 1 16 1412 83
ROW 1412 1 6 32 1412 43
ROW 1412 2 19 32 1412 43
ROW 1412 3 2 8 1412 157
ROW 1412 4 4 4 1412 283
ROW 1412 5 197 255 1412 5
ROW 1412 6 15 24 1412 56
ROW 1412 7 3 24 1412 57
ROW 1413 0 2 16 1413 83
ROW 1413 1 7 32 1413 43
ROW 1413 2 20 32 1413 43
ROW 1413 3 3 8 1413 157
ROW 1413 4 0 4 1413 283
ROW 1413 5 198 255 1413 5
ROW 1413 6 16 24 1413 56
ROW 1413 7 4 24 1413 57
ROW 1414 0 3 16 1414 83
ROW 1414 1 8 32 1414 43
ROW 1414 2 21 32 1414 43
ROW 1414 3 4 8 1414 157
ROW 1414 4 1 4 1414 283
ROW 1414 5 199 255 1414 5
ROW 1414 6 17 24 1414 56
ROW 1414 7 5 24 1414 57
ROW 1415 0 4 16 1415 83
ROW 1415 1 9 32 1415 43
ROW 1415 2 22 32 1415 43
ROW 1415 3 5 8 1415 157
ROW 1415 4 2 4 1415 283
ROW 1415 5 200 255 1415 5
ROW 1415 6 18 24 1415 56
ROW 1415 7 6 24 1415 57
ROW 1416 0 5 16 1416 83
ROW 1416 1 10 32 1416 43
ROW 1416 2 23 32 1416 43
ROW 1416 3 6 8 1416 157
ROW 1416 4 3 4 1416 283
ROW 1416 5 201 255 1416 5
ROW 1416 6 19 24 1416 56
ROW 1416 7 7 24 1416 57
ROW 1417 0 6 16 1417 83
ROW 1417 1 11 32 1417 43
ROW 1417 2 24 32 1417 43
ROW 1417 3 7 8 1417 157
ROW 1417 4 4 4 1417 284
ROW 1417 5 202 255 1417 5
ROW 1417 6 20 24 1417 56
ROW 1417 7 8 24 1417 57
ROW 1418 0 7 16 1418 83
ROW 1418 1 12 32 1418 43
ROW 1418 2 25 32 1418 43
ROW 1418 3 8 8 1418 158
ROW 1418 4 0 4 1418 284
ROW 1418 5 203 255 1418 5
ROW 1418 6 21 24 1418 56
ROW 1418 7 9 24 1418 57
ROW 1419 0 8 16 1419 83
ROW 1419 1 13 32 1419 43
ROW 1419 2 26 32 1419 43
ROW 1419 3 0 8 1419 158
ROW 1419 4 1 4 1419 284
ROW 1419 5 204 255 1419 5
ROW 1419 6 22 24 1419 56
ROW 1419 7 10 24 1419 57
ROW 1420 0 9 16 1420 83
ROW 1420 1 14 32 1420 43
ROW 1420 2 27 32 1420 43
ROW 1420 3 1 8 1420 158
ROW 1420 4 2 4 1420 284
ROW 1420 5 205 255 1420 5
ROW 1420 6 23 24 1420 56
ROW 1420 7 11 24 1420 57
ROW 1421 0 10 16 1421 83
ROW 1421 1 15 32 1421 43
ROW 1421 2 28 32 1421 43
ROW 1421 3 2 8 1421 158
ROW 1421 4 3 4 1421 284
ROW 1421 5 206 255 1421 5
ROW 1421 6 24 24 1421 57
ROW 1421 7 12 24 1421 57
ROW 1422 0 11 16 1422 83
ROW 1422 1 16 32 1422 43
ROW 1422 2 29 32 1422 43
ROW 1422 3 3 8 1422 158
ROW 1422 4 4 4 1422 285
ROW 1422 5 207 255 1422 5
ROW 1422 6 0 24 1422 57
ROW 1422 7 13 24 1422 57
ROW 1423 0 12 16 1423 83
ROW 1423 1 17 32 1423 43
ROW 1423 2 30 32 1423 43
ROW 1423 3 4 8 1423 158
ROW 1423 4 0 4 1423 285
ROW 1423 5 208 255 1423 5
ROW 1423 6 1 24 1423 57
ROW 1423 7 14 24 1423 57
ROW 1424 0 13 16 1424 83
ROW 1424 1 18 32 1424 43
ROW 1424 2 31 32 1424 43
ROW 1424 3 5 8 1424 158
ROW 1424 4 1 4 1424 285
ROW 1424 5 209 255 1424 5
ROW 1424 6 2 24 1424 57
ROW 1424 7 15 24 1424 57
ROW 1425 0 14 16 1425 83
ROW 1425 1 19 32 1425 43
ROW 1425 2 32 32 1425 44
ROW 1425 3 6 8 1425 158
ROW 1425 4 2 4 1425 285
ROW 1425 5 210 255 1425 5
ROW 1425 6 3 24 1425 57
ROW 1425 7 16 24 1425 57
ROW 1426 0 15 16 1426 83
ROW 1426 1 20 32 1426 43
ROW 1426 2 0 32 1426 44
ROW 1426 3 7 8 1426 158
ROW 1426 4 3 4 1426 285
ROW 1426 5 211 255 1426 5
ROW 1426 6 4 24 1426 57
ROW 1426 7 17 24 1426 57
ROW 1427 0 16 16 1427 84
ROW 1427 1 21 32 1427 43
ROW 1427 2 1 32 1427 44
ROW 1427 3 8 8 1427 159
ROW 1427 4 4 4 1427 286
ROW 1427 5 212 255 1427 5
ROW 1427 6 5 24 1427 57
ROW 1427 7 18 24 1427 57
ROW 1428 0 0 16 1428 84
ROW 1428 1 22 32 1428 43
ROW 1428 2 2 32 1428 44
ROW 1428 3 0 8 1428 159
ROW 1428 4 0 4 1428 286
ROW 1428 5 213 255 1428 5
ROW 1428 6 6 24 1428 57
ROW 1428 7 19 24 1428 57
ROW 1429 0 1 16 1429 84
ROW 1429 1 23 32 1429 43
ROW 1429 2 3 32 1429 44
ROW 1429 3 1 8 1429 159
ROW 1429 4 1 4 1429 286
ROW 1429 5 214 255 1429 5
ROW 1429 6 7 24 1429 57
ROW 1429 7 20 24 1429 57
ROW 1430 0 2 16 1430 84
ROW 1430 1 24 32 1430 43
ROW 1430 2 4 32 1430 44
ROW 1430 3 2 8 1430 159
ROW 1430 4 2 4 1430 286
ROW 1430 5 215 255 1430 5
ROW 1430 6 8 24 1430 57
ROW 1430 7 21 24 1430 57
ROW 1431 0 3 16 1431 84
ROW 1431 1 25 32 1431 43
ROW 1431 2 5 32 1431 44
ROW 1431 3 3 8 1431 159
ROW 1431 4 3 4 1431 286
ROW 1431 5 216 255 1431 5
ROW 1431 6 9 24 1431 57
ROW 1431 7 22 24 1431 57
ROW 1432 0 4 16 1432 84
ROW 1432 1 26 32 1432 43
ROW 1432 2 6 32 1432 44
ROW 1432 3 4 8 1432 159
ROW 1432 4 4 4 1432 287
ROW 1432 5 217 255 1432 5
ROW 1432 6 10 24 1432 57
ROW 1432 7 23 24 1432 57
ROW 1433 0 5 16 1433 84
ROW 1433 1 27 32 1433 43
ROW 1433 2 7 32 1433 44
ROW 1433 3 5 8 1433 159
ROW 1433 4 0 4 1433 287
ROW 1433 5 218 255 1433 5
ROW 1433 6 11 24 1433 57
ROW 1433 7 24 24 1433 58
ROW 1434 0 6 16 1434 84
ROW 1434 1 28 32 1434 43
ROW 1434 2 8 32 1434 44
ROW 1434 3 6 8 1434 159
ROW 1434 4 1 4 1434 287
ROW 1434 5 219 255 1434 5
ROW 1434 6 12 24 1434 57
ROW 1434 7 0 24 1434 58
ROW 1435 0 7 16 1435 84
ROW 1435 1 29 32 1435 43
ROW 1435 2 9 32 1435 44
ROW 1435 3 7 8 1435 159
ROW 1435 4 2 4 1435 287
ROW 1435 5 220 255 1435 5
ROW 1435 6 13 24 1435 57
ROW 1435 7 1 24 1435 58
ROW 1436 0 8 16 1436 84
ROW 1436 1 30 32 1436 43
ROW 1436 2 10 32 1436 44
ROW 1436 3 8 8 1436 160
ROW 1436 4 3 4 1436 287
ROW 1436 5 221 255 1436 5
ROW 1436 6 14 24 1436 57
ROW 1436 7 2 24 1436 58
ROW 1437 0 9 16 1437 84
ROW 1437 1 31 32 1437 43
ROW 1437 2 11 32 1437 44
ROW 1437 3 0 8 1437 160
ROW 1437 4 4 4 1437 288
ROW 1437 5 222 255 1437 5
ROW 1437 6 15 24 1437 57
ROW 1437 7 3 24 1437 58
ROW 1438 0 10 16 1438 84
ROW 1438 1 32 32 1438 44
ROW 1438 2 12 32 1438 44
ROW 1438 3 1 8 1438 160
ROW 1438 4 0 4 1438 288
ROW 1438 5 223 255 1438 5
ROW 1438 6 16 24 1438 57
ROW 1438 7 4 24 1438 58
ROW 1439 0 11 16 1439 84
ROW 1439 1 0 32 1439 44
ROW 1439 2 13 32 1439 44
ROW 1439 3 2 8 1439 160
ROW 1439 4 1 4 1439 288
ROW 1439 5 224 255 1439 5
ROW 1439 6 17 24 1439 57
ROW 1439 7 5 24 1439 58
ROW 1440 0 12 16 1440 84
ROW 1440 1 1 32 1440 44
ROW 1440 2 14 32 1440 44
ROW 1440 3 3 8 1440 160
ROW 1440 4 2 4 1440 288
ROW 1440 5 225 255 1440 5
ROW 1440 6 18 24 1440 57
ROW 1440 7 6 24 1440 58
ROW 1441 0 13 16 1441 84
ROW 1441 1 2 32 1441 44
ROW 1441 2 15 32 1441 44
ROW 1441 3 4 8 1441 160
ROW 1441 4 3 4 1441 288
ROW 1441 5 226 255 1441 5
ROW 1441 6 19 24 1441 57
ROW 1441 7 7 24 1441 58
ROW 1442 0 14 16 1442 84
ROW 1442 1 3 32 1442 44
ROW 1442 2 16 32 1442 44
ROW 1442 3 5 8 1442 160
ROW 1442 4 4 4 1442 289
ROW 1442 5 227 255 1442 5
ROW 1442 6 20 24 1442 57
ROW 1442 7 8 24 1442 58
ROW 1443 0 15 16 1443 84
ROW 1443 1 4 32 1443 44
ROW 1443 2 17 32 1443 44
ROW 1443 3 6 8 1443 160
ROW 1443 4 0 4 1443 289
ROW 1443 5 228 255 1443 5
ROW 1443 6 21 24 1443 57
ROW 1443 7 9 24 1443 58
ROW 1444 0 16 16 1444 85
ROW 1444 1 5 32 1444 44
ROW 1444 2 18 32 1444 44
ROW 1444 3 7 8 1444 160
ROW 1444 4 1 4 1444 289
ROW 1444 5 229 255 1444 5
ROW 1444 6 22 24 1444 57
ROW 1444 7 10 24 1444 58
ROW 1445 0 0 16 1445 85
ROW 1445 1 6 32 1445 44
ROW 1445 2 19 32 1445 44
ROW 1445 3 8 8 1445 161
ROW 1445 4 2 4 1445 289
ROW 1445 5 230 255 1445 5
ROW 1445 6 23 24 1445 57
ROW 1445 7 11 24 1445 58
ROW 1446 0 1 16 1446 85
ROW 1446 1 7 32 1446 44
ROW 1446 2 20 32 1446 44
ROW 1446 3 0 8 1446 161
ROW 1446 4 3 4 1446 289
ROW 1446 5 231 255 1446 5
ROW 1446 6 24 24 1446 58
ROW 1446 7 12 24 1446 58
ROW 1447 0 2 16 1447 85
ROW 1447 1 8 32 1447 44
ROW 1447 2 21 32 1447 44
ROW 1447 3 1 8 1447 161
ROW 1447 4 4 4 1447 290
ROW 1447 5 232 255 1447 5
ROW 1447 6 0 24 1447 58
ROW 1447 7 13 24 1447 58
ROW 1448 0 3 16 1448 85
ROW 1448 1 9 32 1448 44
ROW 1448 2 22 32 1448 44
ROW 1448 3 2 8 1448 161
ROW 1448 4 0 4 1448 290
ROW 1448 5 233 255 1448 5
ROW 1448 6 1 24 1448 58
ROW 1448 7 14 24 1448 58
ROW 1449 0 4 16 1449 85
ROW 1449 1 10 32 1449 44
ROW 1449 2 23 32 1449 44
ROW 1449 3 3 8 1449 161
ROW 1449 4 1 4 1449 290
ROW 1449 5 234 255 1449 5
ROW 1449 6 2 24 1449 58
ROW 1449 7 15 24 1449 58
ROW 1450 0 5 16 1450 85
ROW 1450 1 11 32 1450 44
ROW 1450 2 24 32 1450 44
ROW 1450 3 4 8 1450 161
ROW 1450 4 2 4 1450 290
ROW 1450 5 235 255 1450 5
ROW 1450 6 3 24 1450 58
ROW 1450 7 16 24 1450 58
ROW 1451 0 6 16 1451 85
ROW 1451 1 12 32 1451 44
ROW 1451 2 25 32 1451 44
ROW 1451 3 5 8 1451 161
ROW 1451 4 3 4 1451 290
ROW 1451 5 236 255 1451 5
ROW 1451 6 4 24 1451 58
ROW 1451 7 17 24 1451 58
ROW 1452 0 7 16 1452 85
ROW 1452 1 13 32 1452 44
ROW 1452 2 26 32 1452 44
ROW 1452 3 6 8 1452 161
ROW 1452 4 4 4 1452 291
ROW 1452 5 237 255 1452 5
ROW 1452 6 5 24 1452 58
ROW 1452 7 18 24 1452 58
ROW 1453 0 8 16 1453 85
ROW 1453 1 14 32 1453 44
ROW 1453 2 27 32 1453 44
ROW 1453 3 7 8 1453 161
ROW 1453 4 0 4 1453 291
ROW 1453 5 238 255 1453 5
ROW 1453 6 6 24 1453 58
ROW 1453 7 19 24 1453 58
ROW 1454 0 9 16 1454 85
ROW 1454 1 15 32 1454 44
ROW 1454 2 28 32 1454 44
ROW 1454 3 8 8 1454 162
ROW 1454 4 1 4 1454 291
ROW 1454 5 239 255 1454 5
ROW 1454 6 7 24 1454 58
ROW 1454 7 20 24 1454 58
ROW 1455 0 10 16 1455 85
ROW 1455 1 16 32 1455 44
ROW 1455 2 29 32 1455 44
ROW 1455 3 0 8 1455 162
ROW 1455 4 2 4 1455 291
ROW 1455 5 240 255 1455 5
ROW 1455 6 8 24 1455 58
ROW 1455 7 21 24 1455 58
ROW 1456 0 11 16 1456 85
ROW 1456 1 17 32 1456 44
ROW 1456 2 30 32 1456 44
ROW 1456 3 1 8 1456 162
ROW 1456 4 3 4 1456 291
ROW 1456 5 241 255 1456 5
ROW 1456 6 9 24 1456 58
ROW 1456 7 22 24 1456 58
ROW 1457 0 12 16 1457 85
ROW 1457 1 18 32 1457 44
ROW 1457 2 31 32 1457 44
ROW 1457 3 2 8 1457 162
ROW 1457 4 4 4 1457 292
ROW 1457 5 242 255 1457 5
ROW 1457 6 10 24 1457 58
ROW 1457 7 23 24 1457 58
ROW 1458 0 13 16 1458 85
ROW 1458 1 19 32 1458 44
ROW 1458 2 32 32 1458 45
ROW 1458 3 3 8 1458 162
ROW 1458 4 0 4 1458 292
ROW 1458 5 243 255 1458 5
ROW 1458 6 11 24 1458 58
ROW 1458 7 24 24 1458 59
ROW 1459 0 14 16 1459 85
ROW 1459 1 20 32 1459 44
ROW 1459 2 0 32 1459 45
ROW 1459 3 4 8 1459 162
ROW 1459 4 1 4 1459 292
ROW 1459 5 244 255 1459 5
ROW 1459 6 12 24 1459 58
ROW 1459 7 0 24 1459 59
ROW 1460 0 15 16 1460 85
ROW 1460 1 21 32 1460 44
ROW 1460 2 1 32 1460 45
ROW 1460 3 5 8 1460 162
ROW 1460 4 2 4 1460 292
ROW 1460 5 245 255 1460 5
ROW 1460 6 13 24 1460 58
ROW 1460 7 1 24 1460 59
ROW 1461 0 16 16 1461 86
ROW 1461 1 22 32 1461 44
ROW 1461 2 2 32 1461 45
ROW 1461 3 6 8 1461 162
ROW 1461 4 3 4 1461 292
ROW 1461 5 246 255 1461 5
ROW 1461 6 14 24 1461 58
ROW 1461 7 2 24 1461 59
ROW 1462 0 0 16 1462 86
ROW 1462 1 23 32 1462 44
ROW 1462 2 3 32 1462 45
ROW 1462 3 7 8 1462 162
ROW 1462 4 4 4 1462 293
ROW 1462 5 247 255 1462 5
ROW 1462 6 15 24 1462 58
ROW 1462 7 3 24 1462 59
ROW 1463 0 1 16 1463 86
ROW 1463 1 24 32 1463 44
ROW 1463 2 4 32 1463 45
ROW 1463 3 8 8 1463 163
ROW 1463 4 0 4 1463 293
ROW 1463 5 248 255 1463 5
ROW 1463 6 16 24 1463 58
ROW 1463 7 4 24 1463 59
ROW 1464 0 2 16 1464 86
ROW 1464 1 25 32 1464 44
ROW 1464 2 5 32 1464 45
ROW 1464 3 0 8 1464 163
ROW 1464 4 1 4 1464 293
ROW 1464 5 249 255 1464 5
ROW 1464 6 17 24 1464 58
ROW 1464 7 5 24 1464 59
ROW 1465 0 3 16 1465 86
ROW 1465 1 26 32 1465 44
ROW 1465 2 6 32 1465 45
ROW 1465 3 1 8 1465 163
ROW 1465 4 2 4 1465 293
ROW 1465 5 250 255 1465 5
ROW 1465 6 18 24 1465 58
ROW 1465 7 6 24 1465 59
ROW 1466 0 4 16 1466 86
ROW 1466 1 27 32 1466 44
ROW 1466 2 7 32 1466 45
ROW 1466 3 2 8 1466 163
ROW 1466 4 3 4 1466 293
ROW 1466 5 251 255 1466 5
ROW 1466 6 19 24 1466 58
ROW 1466 7 7 24 1466 59
ROW 1467 0 5 16 1467 86
ROW 1467 1 28 32 1467 44
ROW 1467 2 8 32 1467 45
ROW 1467 3 3 8 1467 163
ROW 1467 4 4 4 1467 294
ROW 1467 5 252 255 1467 5
ROW 1467 6 20 24 1467 58
ROW 1467 7 8 24 1467 59
ROW 1468 0 6 16 1468 86
ROW 1468 1 29 32 1468 44
ROW 1468 2 9 32 1468 45
ROW 1468 3 4 8 1468 163
ROW 1468 4 0 4 1468 294
ROW 1468 5 253 255 1468 5
ROW 1468 6 21 24 1468 58
ROW 1468 7 9 24 1468 59
ROW 1469 0 7 16 1469 86
ROW 1469 1 30 32 1469 44
ROW 1469 2 10 32 1469 45
ROW 1469 3 5 8 1469 163
ROW 1469 4 1 4 1469 294
ROW 1469 5 254 255 1469 5
ROW 1469 6 22 24 1469 58
ROW 1469 7 10 24 1469 59
ROW 1470 0 8 16 1470 86
ROW 1470 1 31 32 1470 44
ROW 1470 2 11 32 1470 45
ROW 1470 3 6 8 1470 163
ROW 1470 4 2 4 1470 294
ROW 1470 5 255 255 1470 6
ROW 1470 6 23 24 1470 58
ROW 1470 7 11 24 1470 59
ROW 1471 0 9 16 1471 86
ROW 1471 1 32 32 1471 45
ROW 1471 2 12 32 1471 45
ROW 1471 3 7 8 1471 163
ROW 1471 4 3 4 1471 294
ROW 1471 5 0 255 1471 6
ROW 1471 6 24 24 1471 59
ROW 1471 7 12 24 1471 59
ROW 1472 0 10 16 1472 86
ROW 1472 1 0 32 1472 45
ROW 1472 2 13 32 1472 45
ROW 1472 3 8 8 1472 164
ROW 1472 4 4 4 1472 295
ROW 1472 5 1 255 1472 6
ROW 1472 6 0 24 1472 59
ROW 1472 7 13 24 1472 59
ROW 1473 0 11 16 1473 86
ROW 1473 1 1 32 1473 45
ROW 1473 2 14 32 1473 45
ROW 1473 3 0 8 1473 164
ROW 1473 4 0 4 1473 295
ROW 1473 5 2 255 1473 6
ROW 1473 6 1 24 1473 59
ROW 1473 7 14 24 1473 59
ROW 1474 0 12 16 1474 86
ROW 1474 1 2 32 1474 45
ROW 1474 2 15 32 1474 45
ROW 1474 3 1 8 1474 164
ROW 1474 4 1 4 1474 295
ROW 1474 5 3 255 1474 6
ROW 1474 6 2 24 1474 59
ROW 1474 7 15 24 1474 59
ROW 1475 0 13 16 1475 86
ROW 1475 1 3 32 1475 45
ROW 1475 2 16 32 1475 45
ROW 1475 3 2 8 1475 164
ROW 1475 4 2 4 1475 295
ROW 1475 5 4 255 1475 6
ROW 1475 6 3 24 1475 59
ROW 1475 7 16 24 1475 59
ROW 1476 0 14 16 1476 86
ROW 1476 1 4 32 1476 45
ROW 1476 2 17 32 1476 45
ROW 1476 3 3 8 1476 164
ROW 1476 4 3 4 1476 295
ROW 1476 5 5 255 1476 6
ROW 1476 6 4 24 1476 59
ROW 1476 7 17 24 1476 59
ROW 1477 0 15 16 1477 86
ROW 1477 1 5 32 1477 45
ROW 1477 2 18 32 1477 45
ROW 1477 3 4 8 1477 164
ROW 1477 4 4 4 1477 296
ROW 1477 5 6 255 1477 6
ROW 1477 6 5 24 1477 59
ROW 1477 7 18 24 1477 59
ROW 1478 0 16 16 1478 87
ROW 1478 1 6 32 1478 45
ROW 1478 2 19 32 1478 45
ROW 1478 3 5 8 1478 164
ROW 1478 4 0 4 1478 296
ROW 1478 5 7 255 1478 6
ROW 1478 6 6 24 1478 59
ROW 1478 7 19 24 1478 59
ROW 1479 0 0 16 1479 87
ROW 1479 1 7 32 1479 45
ROW 1479 2 20 32 1479 45
ROW 1479 3 6 8 1479 164
ROW 1479 4 1 4 1479 296
ROW 1479 5 8 255 1479 6
ROW 1479 6 7 24 1479 59
ROW 1479 7 20 24 1479 59
ROW 1480 0 1 16 1480 87
ROW 1480 1 8 32 1480 45
ROW 1480 2 21 32 1480 45
ROW 1480 3 7 8 1480 164
ROW 1480 4 2 4 1480 296
ROW 1480 5 9 255 1480 6
ROW 1480 6 8 24 1480 59
ROW 1480 7 21 24 1480 59
ROW 1481 0 2 16 1481 87
ROW 1481 1 9 32 1481 45
ROW 1481 2 22 32 1481 45
ROW 1481 3 8 8 1481 165
ROW 1481 4 3 4 1481 296
ROW 1481 5 10 255 1481 6
ROW 1481 6 9 24 1481 59
ROW 1481 7 22 24 1481 59
ROW 1482 0 3 16 1482 87
ROW 1482 1 10 32 1482 45
ROW 1482 2 23 32 1482 45
ROW 1482 3 0 8 1482 165
ROW 1482 4 4 4 1482 297
ROW 1482 5 11 255 1482 6
ROW 1482 6 10 24 1482 59
ROW 1482 7 23 24 1482 59
ROW 1483 0 4 16 1483 87
ROW 1483 1 11 32 1483 45
ROW 1483 2 24 32 1483 45
ROW 1483 3 1 8 1483 165
ROW 1483 4 0 4 1483 297
ROW 1483 5 12 255 1483 6
ROW 1483 6 11 24 1483 59
ROW 1483 7 24 24 1483 60
ROW 1484 0 5 16 1484 87
ROW 1484 1 12 32 1484 45
ROW 1484 2 25 32 1484 45
ROW 1484 3 2 8 1484 165
ROW 1484 4 1 4 1484 297
ROW 1484 5 13 255 1484 6
ROW 1484 6 12 24 1484 59
ROW 1484 7 0 24 1484 60
ROW 1485 0 6 16 1485 87
ROW 1485 1 13 32 1485 45
ROW 1485 2 26 32 1485 45
ROW 1485 3 3 8 1485 165
ROW 1485 4 2 4 1485 297
ROW 1485 5 14 255 1485 6
ROW 1485 6 13 24 1485 59
ROW 1485 7 1 24 1485 60
ROW 1486 0 7 16 1486 87
ROW 1486 1 14 32 1486 45
ROW 1486 2 27 32 1486 45
ROW 1486 3 4 8 1486 165
ROW 1486 4 3 4 1486 297
ROW 1486 5 15 255 1486 6
ROW 1486 6 14 24 1486 59
ROW 1486 7 2 24 1486 60
ROW 1487 0 8 16 1487 87
ROW 1487 1 15 32 1487 45
ROW 1487 2 28 32 1487 45
ROW 1487 3 5 8 1487 165
ROW 1487 4 4 4 1487 298
ROW 1487 5 16 255 1487 6
ROW 1487 6 15 24 1487 59
ROW 1487 7 3 24 1487 60
ROW 1488 0 9 16 1488 87
ROW 1488 1 16 32 1488 45
ROW 1488 2 29 32 1488 45
ROW 1488 3 6 8 1488 165
ROW 1488 4 0 4 1488 298
ROW 1488 5 17 255 1488 6
ROW 1488 6 16 24 1488 59
ROW 1488 7 4 24 1488 60
ROW 1489 0 10 16 1489 87
ROW 1489 1 17 32 1489 45
ROW 1489 2 30 32 1489 45
ROW 1489 3 7 8 1489 165
ROW 1489 4 1 4 1489 298
ROW 1489 5 18 255 1489 6
ROW 1489 6 17 24 1489 59
ROW 1489 7 5 24 1489 60
ROW 1490 0 11 16 1490 87
ROW 1490 1 18 32 1490 45
ROW 1490 2 31 32 1490 45
ROW 1490 3 8 8 1490 166
ROW 1490 4 2 4 1490 298
ROW 1490 5 19 255 1490 6
ROW 1490 6 18 24 1490 59
ROW 1490 7 6 24 1490 60
ROW 1491 0 12 16 1491 87
ROW 1491 1 19 32 1491 45
ROW 1491 2 32 32 1491 46
ROW 1491 3 0 8 1491 166
ROW 1491 4 3 4 1491 298
ROW 1491 5 20 255 1491 6
ROW 1491 6 19 24 1491 59
ROW 1491 7 7 24 1491 60
ROW 1492 0 13 16 1492 87
ROW 1492 1 20 32 1492 45
ROW 1492 2 0 32 1492 46
ROW 1492 3 1 8 1492 166
ROW 1492 4 4 4 1492 299
ROW 1492 5 21 255 1492 6
ROW 1492 6 20 24 1492 59
ROW 1492 7 8 24 1492 60
ROW 1493 0 14 16 1493 87
ROW 1493 1 21 32 1493 45
ROW 1493 2 1 32 1493 46
ROW 1493 3 2 8 1493 166
ROW 1493 4 0 4 1493 299
ROW 1493 5 22 255 1493 6
ROW 1493 6 21 24 1493 59
ROW 1493 7 9 24 1493 60
ROW 1494 0 15 16 1494 87
ROW 1494 1 22 32 1494 45
ROW 1494 2 2 32 1494 46
ROW 1494 3 3 8 1494 166
ROW 1494 4 1 4 1494 299
ROW 1494 5 23 255 1494 6
ROW 1494 6 22 24 1494 59
ROW 1494 7 10 24 1494 60
ROW 1495 0 16 16 1495 88
ROW 1495 1 23 32 1495 45
ROW 1495 2 3 32 1495 46
ROW 1495 3 4 8 1495 166
ROW 1495 4 2 4 1495 299
ROW 1495 5 24 255 1495 6
ROW 1495 6 23 24 1495 59
ROW 1495 7 11 24 1495 60
ROW 1496 0 0 16 1496 88
ROW 1496 1 24 32 1496 45
ROW 1496 2 4 32 1496 46
ROW 1496 3 5 8 1496 166
ROW 1496 4 3 4 1496 299
ROW 1496 5 25 255 1496 6
ROW 1496 6 24 24 1496 60
ROW 1496 7 12 24 1496 60
ROW 1497 0 1 16 1497 88
ROW 1497 1 25 32 1497 45
ROW 1497 2 5 32 1497 46
ROW 1497 3 6 8 1497 166
ROW 1497 4 4 4 1497 300
ROW 1497 5 26 255 1497 6
ROW 1497 6 0 24 1497 60
ROW 1497 7 13 24 1497 60
ROW 1498 0 2 16 1498 88
ROW 1498 1 26 32 1498 45
ROW 1498 2 6 32 1498 46
ROW 1498 3 7 8 1498 166
ROW 1498 4 0 4 1498 300
ROW 1498 5 27 255 1498 6
ROW 1498 6 1 24 1498 60
ROW 1498 7 14 24 1498 60
ROW 1499 0 3 16 1499 88
ROW 1499 1 27 32 1499 45
ROW 1499 2 7 32 1499 46
ROW 1499 3 8 8 1499 167
ROW 1499 4 1 4 1499 300
ROW 1499 5 28 255 1499 6
ROW 1499 6 2 24 1499 60
ROW 1499 7 15 24 1499 60
ROW 1500 0 4 16 1500 88
ROW 1500 1 28 32 1500 45
ROW 1500 2 8 32 1500 46
ROW 1500 3 0 8 1500 167
ROW 1500 4 2 4 1500 300
ROW 1500 5 29 255 1500 6
ROW 1500 6 3 24 1500 60
ROW 1500 7 16 24 1500 60
ROW 1501 0 5 16 1501 88
ROW 1501 1 29 32 1501 45
ROW 1501 2 9 32 1501 46
ROW 1501 3 1 8 1501 167
ROW 1501 4 3 4 1501 300
ROW 1501 5 30 255 1501 6
ROW 1501 6 4 24 1501 60
ROW 1501 7 17 24 1501 60
ROW 1502 0 6 16 1502 88
ROW 1502 1 30 32 1502 45
ROW 1502 2 10 32 1502 46
ROW 1502 3 2 8 1502 167
ROW 1502 4 4 4 1502 301
ROW 1502 5 31 255 1502 6
ROW 1502 6 5 24 1502 60
ROW 1502 7 18 24 1502 60
ROW 1503 0 7 16 1503 88
ROW 1503 1 31 32 1503 45
ROW 1503 2 11 32 1503 46
ROW 1503 3 3 8 1503 167
ROW 1503 4 0 4 1503 301
ROW 1503 5 32 255 1503 6
ROW 1503 6 6 24 1503 60
ROW 1503 7 19 24 1503 60
ROW 1504 0 8 16 1504 88
ROW 1504 1 32 32 1504 46
ROW 1504 2 12 32 1504 46
ROW 1504 3 4 8 1504 167
ROW 1504 4 1 4 1504 301
ROW 1504 5 33 255 1504 6
ROW 1504 6 7 24 1504 60
ROW 1504 7 20 24 1504 60
ROW 1505 0 9 16 1505 88
ROW 1505 1 0 32 1505 46
ROW 1505 2 13 32 1505 46
ROW 1505 3 5 8 1505 167
ROW 1505 4 2 4 1505 301
ROW 1505 5 34 255 1505 6
ROW 1505 6 8 24 1505 60
ROW 1505 7 21 24 1505 60
ROW 1506 0 10 16 1506 88
ROW 1506 1 1 32 1506 46
ROW 1506 2 14 32 1506 46
ROW 1506 3 6 8 1506 167
ROW 1506 4 3 4 1506 301
ROW 1506 5 35 255 1506 6
ROW 1506 6 9 24 1506 60
ROW 1506 7 22 24 1506 60
ROW 1507 0 11 16 1507 88
ROW 1507 1 2 32 1507 46
ROW 1507 2 15 32 1507 46
ROW 1507 3 7 8 1507 167
ROW 1507 4 4 4 1507 302
ROW 1507 5 36 255 1507 6
ROW 1507 6 10 24 1507 60
ROW 1507 7 23 24 1507 60
ROW 1508 0 12 16 1508 88
ROW 1508 1 3 32 1508 46
ROW 1508 2 16 32 1508 46
ROW 1508 3 8 8 1508 168
ROW 1508 4 0 4 1508 302
ROW 1508 5 37 255 1508 6
ROW 1508 6 11 24 1508 60
ROW 1508 7 24 24 1508 61
ROW 1509 0 13 16 1509 88
ROW 1509 1 4 32 1509 46
ROW 1509 2 17 32 1509 46
ROW 1509 3 0 8 1509 168
ROW 1509 4 1 4 1509 302
ROW 1509 5 38 255 1509 6
ROW 1509 6 12 24 1509 60
ROW 1509 7 0 24 1509 61
ROW 1510 0 14 16 1510 88
ROW 1510 1 5 32 1510 46
ROW 1510 2 18 32 1510 46
ROW 1510 3 1 8 1510 168
ROW 1510 4 2 4 1510 302
ROW 1510 5 39 255 1510 6
ROW 1510 6 13 24 1510 60
ROW 1510 7 1 24 1510 61
ROW 1511 0 15 16 1511 88
ROW 1511 1 6 32 1511 46
ROW 1511 2 19 32 1511 46
ROW 1511 3 2 8 1511 168
ROW 1511 4 3 4 1511 302
ROW 1511 5 40 255 1511 6
ROW 1511 6 14 24 1511 60
ROW 1511 7 2 24 1511 61
ROW 1512 0 16 16 1512 89
ROW 1512 1 7 32 1512 46
ROW 1512 2 20 32 1512 46
ROW 1512 3 3 8 1512 168
ROW 1512 4 4 4 1512 303
ROW 1512 5 41 255 1512 6
ROW 1512 6 15 24 1512 60
ROW 1512 7 3 24 1512 61
ROW 1513 0 0 16 1513 89
ROW 1513 1 8 32 1513 46
ROW 1513 2 21 32 1513 46
ROW 1513 3 4 8 1513 168
ROW 1513 4 0 4 1513 303
ROW 1513 5 42 255 1513 6
ROW 1513 6 16 24 1513 60
ROW 1513 7 4 24 1513 61
ROW 1514 0 1 16 1514 89
ROW 1514 1 9 32 1514 46
ROW 1514 2 22 32 1514 46
ROW 1514 3 5 8 1514 168
ROW 1514 4 1 4 1514 303
ROW 1514 5 43 255 1514 6
ROW 1514 6 17 24 1514 60
ROW 1514 7 5 24 1514 61
ROW 1515 0 2 16 1515 89
ROW 1515 1 10 32 1515 46
ROW 1515 2 23 32 1515 46
ROW 1515 3 6 8 1515 168
ROW 1515 4 2 4 1515 303
ROW 1515 5 44 255 1515 6
ROW 1515 6 18 24 1515 60
ROW 1515 7 6 24 1515 61
ROW 1516 0 3 16 1516 89
ROW 1516 1 11 32 1516 46
ROW 1516 2 24 32 1516 46
ROW 1516 3 7 8 1516 168
ROW 1516 4 3 4 1516 303
ROW 1516 5 45 255 1516 6
ROW 1516 6 19 24 1516 60
ROW 1516 7 7 24 1516 61
ROW 1517 0 4 16 1517 89
ROW 1517 1 12 32 1517 46
ROW 1517 2 25 32 1517 46
ROW 1517 3 8 8 1517 169
ROW 1517 4 4 4 1517 304
ROW 1517 5 46 255 1517 6
ROW 1517 6 20 24 1517 60
ROW 1517 7 8 24 1517 61
ROW 1518 0 5 16 1518 89
ROW 1518 1 13 32 1518 46
ROW 1518 2 26 32 1518 46
ROW 1518 3 0 8 1518 169
ROW 1518 4 0 4 1518 304
ROW 1518 5 47 255 1518 6
ROW 1518 6 21 24 1518 60
ROW 1518 7 9 24 1518 61
ROW 1519 0 6 16 1519 89
ROW 1519 1 14 32 1519 46
ROW 1519 2 27 32 1519 46
ROW 1519 3 1 8 1519 169
ROW 1519 4 1 4 1519 304
ROW 1519 5 48 255 1519 6
ROW 1519 6 22 24 1519 60
ROW 1519 7 10 24 1519 61
ROW 1520 0 7 16 1520 89
ROW 1520 1 15 32 1520 46
ROW 1520 2 28 32 1520 46
ROW 1520 3 2 8 1520 169
ROW 1520 4 2 4 1520 304
ROW 1520 5 49 255 1520 6
ROW 1520 6 23 24 1520 60
ROW 1520 7 11 24 1520 61
ROW 1521 0 8 16 1521 89
ROW 1521 1 16 32 1521 46
ROW 1521 2 29 32 1521 46
ROW 1521 3 3 8 1521 169
ROW 1521 4 3 4 1521 304
ROW 1521 5 50 255 1521 6
ROW 1521 6 24 24 1521 61
ROW 1521 7 12 24 1521 61
ROW 1522 0 9 16 1522 89
ROW 1522 1 17 32 1522 46
ROW 1522 2 30 32 1522 46
ROW 1522 3 4 8 1522 169
ROW 1522 4 4 4 1522 305
ROW 1522 5 51 255 1522 6
ROW 1522 6 0 24 1522 61
ROW 1522 7 13 24 1522 61
ROW 1523 0 10 16 1523 89
ROW 1523 1 18 32 1523 46
ROW 1523 2 31 32 1523 46
ROW 1523 3 5 8 1523 169
ROW 1523 4 0 4 1523 305
ROW 1523 5 52 255 1523 6
ROW 1523 6 1 24 1523 61
ROW 1523 7 14 24 1523 61
ROW 1524 0 11 16 1524 89
ROW 1524 1 19 32 1524 46
ROW 1524 2 32 32 1524 47
ROW 1524 3 6 8 1524 169
ROW 1524 4 1 4 1524 305
ROW 1524 5 53 255 1524 6
ROW 1524 6 2 24 1524 61
ROW 1524 7 15 24 1524 61
ROW 1525 0 12 16 1525 89
ROW 1525 1 20 32 1525 46
ROW 1525 2 0 32 1525 47
ROW 1525 3 7 8 1525 169
ROW 1525 4 2 4 1525 305
ROW 1525 5 54 255 1525 6
ROW 1525 6 3 24 1525 61
ROW 1525 7 16 24 1525 61
ROW 1526 0 13 16 1526 89
ROW 1526 1 21 32 1526 46
ROW 1526 2 1 32 1526 47
ROW 1526 3 8 8 1526 170
ROW 1526 4 3 4 1526 305
ROW 1526 5 55 255 1526 6
ROW 1526 6 4 24 1526 61
ROW 1526 7 17 24 1526 61
ROW 1527 0 14 16 1527 89
ROW 1527 1 22 32 1527 46
ROW 1527 2 2 32 1527 47
ROW 1527 3 0 8 1527 170
ROW 1527 4 4 4 1527 306
ROW 1527 5 56 255 1527 6
ROW 1527 6 5 24 1527 61
ROW 1527 7 18 24 1527 61
ROW 1528 0 15 16 1528 89
ROW 1528 1 23 32 1528 46
ROW 1528 2 3 32 1528 47
ROW 1528 3 1 8 1528 170
ROW 1528 4 0 4 1528 306
ROW 1528 5 57 255 1528 6
ROW 1528 6 6 24 1528 61
ROW 1528 7 19 24 1528 61
ROW 1529 0 16 16 1529 90
ROW 1529 1 24 32 1529 46
ROW 1529 2 4 32 1529 47
ROW 1529 3 2 8 1529 170
ROW 1529 4 1 4 1529 306
ROW 1529 5 58 255 1529 6
ROW 1529 6 7 24 1529 61
ROW 1529 7 20 24 1529 61
ROW 1530 0 0 16 1530 90
ROW 1530 1 25 32 1530 46
ROW 1530 2 5 32 1530 47
ROW 1530 3 3 8 1530 170
ROW 1530 4 2 4 1530 306
ROW 1530 5 59 255 1530 6
ROW 1530 6 8 24 1530 61
ROW 1530 7 21 24 1530 61
ROW 1531 0 1 16 1531 90
ROW 1531 1 26 32 1531 46
ROW 1531 2 6 32 1531 47
ROW 1531 3 4 8 1531 170
ROW 1531 4 3 4 1531 306
ROW 1531 5 60 255 1531 6
ROW 1531 6 9 24 1531 61
ROW 1531 7 22 24 1531 61
ROW 1532 0 2 16 1532 90
ROW 1532 1 27 32 1532 46
ROW 1532 2 7 32 1532 47
ROW 1532 3 5 8 1532 170
ROW 1532 4 4 4 1532 307
ROW 1532 5 61 255 1532 6
ROW 1532 6 10 24 1532 61
ROW 1532 7 23 24 1532 61
ROW 1533 0 3 16 1533 90
ROW 1533 1 28 32 1533 46
ROW 1533 2 8 32 1533 47
ROW 1533 3 6 8 1533 170
ROW 1533 4 0 4 1533 307
ROW 1533 5 62 255 1533 6
ROW 1533 6 11 24 1533 61
ROW 1533 7 24 24 1533 62
ROW 1534 0 4 16 1534 90
ROW 1534 1 29 32 1534 46
ROW 1534 2 9 32 1534 47
ROW 1534 3 7 8 1534 170
ROW 1534 4 1 4 1534 307
ROW 1534 5 63 255 1534 6
ROW 1534 6 12 24 1534 61
ROW 1534 7 0 24 1534 62
ROW 1535 0 5 16 1535 90
ROW 1535 1 30 32 1535 46
ROW 1535 2 10 32 1535 47
ROW 1535 3 8 8 1535 171
ROW 1535 4 2 4 1535 307
ROW 1535 5 64 255 1535 6
ROW 1535 6 13 24 1535 61
ROW 1535 7 1 24 1535 62
ROW 1536 0 6 16 1536 90
ROW 1536 1 31 32 1536 46
ROW 1536 2 11 32 1536 47
ROW 1536 3 0 8 1536 171
ROW 1536 4 3 4 1536 307
ROW 1536 5 65 255 1536 6
ROW 1536 6 14 24 1536 61
ROW 1536 7 2 24 1536 62
ROW 1537 0 7 16 1537 90
ROW 1537 1 32 32 1537 47
ROW 1537 2 12 32 1537 47
ROW 1537 3 1 8 1537 171
ROW 1537 4 4 4 1537 308
ROW 1537 5 66 255 1537 6
ROW 1537 6 15 24 1537 61
ROW 1537 7 3 24 1537 62
ROW 1538 0 8 16 1538 90
ROW 1538 1 0 32 1538 47
ROW 1538 2 13 32 1538 47
ROW 1538 3 2 8 1538 171
ROW 1538 4 0 4 1538 308
ROW 1538 5 67 255 1538 6
ROW 1538 6 16 24 1538 61
ROW 1538 7 4 24 1538 62
ROW 1539 0 9 16 1539 90
ROW 1539 1 1 32 1539 47
ROW 1539 2 14 32 1539 47
ROW 1539 3 3 8 1539 171
ROW 1539 4 1 4 1539 308
ROW 1539 5 68 255 1539 6
ROW 1539 6 17 24 1539 61
ROW 1539 7 5 24 1539 62
ROW 1540 0 10 16 1540 90
ROW 1540 1 2 32 1540 47
ROW 1540 2 15 32 1540 47
ROW 1540 3 4 8 1540 171
ROW 1540 4 2 4 1540 308
ROW 1540 5 69 255 1540 6
ROW 1540 6 18 24 1540 61
ROW 1540 7 6 24 1540 62
ROW 1541 0 11 16 1541 90
ROW 1541 1 3 32 1541 47
ROW 1541 2 16 32 1541 47
ROW 1541 3 5 8 1541 171
ROW 1541 4 3 4 1541 308
ROW 1541 5 70 255 1541 6
ROW 1541 6 19 24 1541 61
ROW 1541 7 7 24 1541 62
ROW 1542 0 12 16 1542 90
ROW 1542 1 4 32 1542 47
ROW 1542 2 17 32 1542 47
ROW 1542 3 6 8 1542 171
ROW 1542 4 4 4 1542 309
ROW 1542 5 71 255 1542 6
ROW 1542 6 20 24 1542 61
ROW 1542 7 8 24 1542 62
ROW 1543 0 13 16 1543 90
ROW 1543 1 5 32 1543 47
ROW 1543 2 18 32 1543 47
ROW 1543 3 7 8 1543 171
ROW 1543 4 0 4 1543 309
ROW 1543 5 72 255 1543 6
ROW 1543 6 21 24 1543 61
ROW 1543 7 9 24 1543 62
ROW 1544 0 14 16 1544 90
ROW 1544 1 6 32 1544 47
ROW 1544 2 19 32 1544 47
ROW 1544 3 8 8 1544 172
ROW 1544 4 1 4 1544 309
ROW 1544 5 73 255 1544 6
ROW 1544 6 22 24 1544 61
ROW 1544 7 10 24 1544 62
ROW 1545 0 15 16 1545 90
ROW 1545 1 7 32 1545 47
ROW 1545 2 20 32 1545 47
ROW 1545 3 0 8 1545 172
ROW 1545 4 2 4 1545 309
ROW 1545 5 74 255 1545 6
ROW 1545 6 23 24 1545 61
ROW 1545 7 11 24 1545 62
ROW 1546 0 16 16 1546 91
ROW 1546 1 8 32 1546 47
ROW 1546 2 21 32 1546 47
ROW 1546 3 1 8 1546 172
ROW 1546 4 3 4 1546 309
ROW 1546 5 75 255 1546 6
ROW 1546 6 24 24 1546 62
ROW 1546 7 12 24 1546 62
ROW 1547 0 0 16 1547 91
ROW 1547 1 9 32 1547 47
ROW 1547 2 22 32 1547 47
ROW 1547 3 2 8 1547 172
ROW 1547 4 4 4 1547 310
ROW 1547 5 76 255 1547 6
ROW 1547 6 0 24 1547 62
ROW 1547 7 13 24 1547 62
ROW 1548 0 1 16 1548 91
ROW 1548 1 10 32 1548 47
ROW 1548 2 23 32 1548 47
ROW 1548 3 3 8 1548 172
ROW 1548 4 0 4 1548 310
ROW 1548 5 77 255 1548 6
ROW 1548 6 1 24 1548 62
ROW 1548 7 14 24 1548 62
ROW 1549 0 2 16 1549 91
ROW 1549 1 11 32 1549 47
ROW 1549 2 24 32 1549 47
ROW 1549 3 4 8 1549 172
ROW 1549 4 1 4 1549 310
ROW 1549 5 78 255 1549 6
ROW 1549 6 2 24 1549 62
ROW 1549 7 15 24 1549 62
ROW 1550 0 3 16 1550 91
ROW 1550 1 12 32 1550 47
ROW 1550 2 25 32 1550 47
ROW 1550 3 5 8 1550 172
ROW 1550 4 2 4 1550 310
ROW 1550 5 79 255 1550 6
ROW 1550 6 3 24 1550 62
ROW 1550 7 16 24 1550 62
ROW 1551 0 4 16 1551 91
ROW 1551 1 13 32 1551 47
ROW 1551 2 26 32 1551 47
ROW 1551 3 6 8 1551 172
ROW 1551 4 3 4 1551 310
ROW 1551 5 80 255 1551 6
ROW 1551 6 4 24 1551 62
ROW 1551 7 17 24 1551 62
ROW 1552 0 5 16 1552 91
ROW 1552 1 14 32 1552 47
ROW 1552 2 27 32 1552 47
ROW 1552 3 7 8 1552 172
ROW 1552 4 4 4 1552 311
ROW 1552 5 81 255 1552 6
ROW 1552 6 5 24 1552 62
ROW 1552 7 18 24 1552 62
ROW 1553 0 6 16 1553 91
ROW 1553 1 15 32 1553 47
ROW 1553 2 28 32 1553 47
ROW 1553 3 8 8 1553 173
ROW 1553 4 0 4 1553 311
ROW 1553 5 82 255 1553 6
ROW 1553 6 6 24 1553 62
ROW 1553 7 19 24 1553 62
ROW 1554 0 7 16 1554 91
ROW 1554 1 16 32 1554 47
ROW 1554 2 29 32 1554 47
ROW 1554 3 0 8 1554 173
ROW 1554 4 1 4 1554 311
ROW 1554 5 83 255 1554 6
ROW 1554 6 7 24 1554 62
ROW 1554 7 20 24 1554 62
ROW 1555 0 8 16 1555 91
ROW 1555 1 17 32 1555 47
ROW 1555 2 30 32 1555 47
ROW 1555 3 1 8 1555 173
ROW 1555 4 2 4 1555 311
ROW 1555 5 84 255 1555 6
ROW 1555 6 8 24 1555 62
ROW 1555 7 21 24 1555 62
ROW 1556 0 9 16 1556 91
ROW 1556 1 18 32 1556 47
ROW 1556 2 31 32 1556 47
ROW 1556 3 2 8 1556 173
ROW 1556 4 3 4 1556 311
ROW 1556 5 85 255 1556 6
ROW 1556 6 9 24 1556 62
ROW 1556 7 22 24 1556 62
ROW 1557 0 10 16 1557 91
ROW 1557 1 19 32 1557 47
ROW 1557 2 32 32 1557 48
ROW 1557 3 3 8 1557 173
ROW 1557 4 4 4 1557 312
ROW 1557 5 86 255 1557 6
ROW 1557 6 10 24 1557 62
ROW 1557 7 23 24 1557 62
ROW 1558 0 11 16 1558 91
ROW 1558 1 20 32 1558 47
ROW 1558 2 0 32 1558 48
ROW 1558 3 4 8 1558 173
ROW 1558 4 0 4 1558 312
ROW 1558 5 87 255 1558 6
ROW 1558 6 11 24 1558 62
ROW 1558 7 24 24 1558 63
ROW 1559 0 12 16 1559 91
ROW 1559 1 21 32 1559 47
ROW 1559 2 1 32 1559 48
ROW 1559 3 5 8 1559 173
ROW 1559 4 1 4 1559 312
ROW 1559 5 88 255 1559 6
ROW 1559 6 12 24 1559 62
ROW 1559 7 0 24 1559 63
ROW 1560 0 13 16 1560 91
ROW 1560 1 22 32 1560 47
ROW 1560 2 2 32 1560 48
ROW 1560 3 6 8 1560 173
ROW 1560 4 2 4 1560 312
ROW 1560 5 89 255 1560 6
ROW 1560 6 13 24 1560 62
ROW 1560 7 1 24 1560 63
ROW 1561 0 14 16 1561 91
ROW 1561 1 23 32 1561 47
ROW 1561 2 3 32 1561 48
ROW 1561 3 7 8 1561 173
ROW 1561 4 3 4 1561 312
ROW 1561 5 90 255 1561 6
ROW 1561 6 14 24 1561 62
ROW 1561 7 2 24 1561 63
ROW 1562 0 15 16 1562 91
ROW 1562 1 24 32 1562 47
ROW 1562 2 4 32 1562 48
ROW 1562 3 8 8 1562 174
ROW 1562 4 4 4 1562 313
ROW 1562 5 91 255 1562 6
ROW 1562 6 15 24 1562 62
ROW 1562 7 3 24 1562 63
ROW 1563 0 16 16 1563 92
ROW 1563 1 25 32 1563 47
ROW 1563 2 5 32 1563 48
ROW 1563 3 0 8 1563 174
ROW 1563 4 0 4 1563 313
ROW 1563 5 92 255 1563 6
ROW 1563 6 16 24 1563 62
ROW 1563 7 4 24 1563 63
ROW 1564 0 0 16 1564 92
ROW 1564 1 26 32 1564 47
ROW 1564 2 6 32 1564 48
ROW 1564 3 1 8 1564 174
ROW 1564 4 1 4 1564 313
ROW 1564 5 93 255 1564 6
ROW 1564 6 17 24 1564 62
ROW 1564 7 5 24 1564 63
ROW 1565 0 1 16 1565 92
ROW 1565 1 27 32 1565 47
ROW 1565 2 7 32 1565 48
ROW 1565 3 2 8 1565 174
ROW 1565 4 2 4 1565 313
ROW 1565 5 94 255 1565 6
ROW 1565 6 18 24 1565 62
ROW 1565 7 6 24 1565 63
ROW 1566 0 2 16 1566 92
ROW 1566 1 28 32 1566 47
ROW 1566 2 8 32 1566 48
ROW 1566 3 3 8 1566 174
ROW 1566 4 3 4 1566 313
ROW 1566 5 95 255 1566 6
ROW 1566 6 19 24 1566 62
ROW 1566 7 7 24 1566 63
ROW 1567 0 3 16 1567 92
ROW 1567 1 29 32 1567 47
ROW 1567 2 9 32 1567 48
ROW 1567 3 4 8 1567 174
ROW 1567 4 4 4 1567 314
ROW 1567 5 96 255 1567 6
ROW 1567 6 20 24 1567 62
ROW 1567 7 8 24 1567 63
ROW 1568 0 4 16 1568 92
ROW 1568 1 30 32 1568 47
ROW 1568 2 10 32 1568 48
ROW 1568 3 5 8 1568 174
ROW 1568 4 0 4 1568 314
ROW 1568 5 97 255 1568 6
ROW 1568 6 21 24 1568 62
ROW 1568 7 9 24 1568 63
ROW 1569 0 5 16 1569 92
ROW 1569 1 31 32 1569 47
ROW 1569 2 11 32 1569 48
ROW 1569 3 6 8 1569 174
ROW 1569 4 1 4 1569 314
ROW 1569 5 98 255 1569 6
ROW 1569 6 22 24 1569 62
ROW 1569 7 10 24 1569 63
ROW 1570 0 6 16 1570 92
ROW 1570 1 32 32 1570 48
ROW 1570 2 12 32 1570 48
ROW 1570 3 7 8 1570 174
ROW 1570 4 2 4 1570 314
ROW 1570 5 99 255 1570 6
ROW 1570 6 23 24 1570 62
ROW 1570 7 11 24 1570 63
ROW 1571 0 7 16 1571 92
ROW 1571 1 0 32 1571 48
ROW 1571 2 13 32 1571 48
ROW 1571 3 8 8 1571 175
ROW 1571 4 3 4 1571 314
ROW 1571 5 100 255 1571 6
ROW 1571 6 24 24 1571 63
ROW 1571 7 12 24 1571 63
ROW 1572 0 8 16 1572 92
ROW 1572 1 1 32 1572 48
ROW 1572 2 14 32 1572 48
ROW 1572 3 0 8 1572 175
ROW 1572 4 4 4 1572 315
ROW 1572 5 101 255 1572 6
ROW 1572 6 0 24 1572 63
ROW 1572 7 13 24 1572 63
ROW 1573 0 9 16 1573 92
ROW 1573 1 2 32 1573 48
ROW 1573 2 15 32 1573 48
ROW 1573 3 1 8 1573 175
ROW 1573 4 0 4 1573 315
ROW 1573 5 102 255 1573 6
ROW 1573 6 1 24 1573 63
ROW 1573 7 14 24 1573 63
ROW 1574 0 10 16 1574 92
ROW 1574 1 3 32 1574 48
ROW 1574 2 16 32 1574 48
ROW 1574 3 2 8 1574 175
ROW 1574 4 1 4 1574 315
ROW 1574 5 103 255 1574 6
ROW 1574 6 2 24 1574 63
ROW 1574 7 15 24 1574 63
ROW 1575 0 11 16 1575 92
ROW 1575 1 4 32 1575 48
ROW 1575 2 17 32 1575 48
ROW 1575 3 3 8 1575 175
ROW 1575 4 2 4 1575 315
ROW 1575 5 104 255 1575 6
ROW 1575 6 3 24 1575 63
ROW 1575 7 16 24 1575 63
ROW 1576 0 12 16 1576 92
ROW 1576 1 5 32 1576 48
ROW 1576 2 18 32 1576 48
ROW 1576 3 4 8 1576 175
ROW 1576 4 3 4 1576 315
ROW 1576 5 105 255 1576 6
ROW 1576 6 4 24 1576 63
ROW 1576 7 17 24 1576 63
ROW 1577 0 13 16 1577 92
ROW 1577 1 6 32 1577 48
ROW 1577 2 19 32 1577 48
ROW 1577 3 5 8 1577 175
ROW 1577 4 4 4 1577 316
ROW 1577 5 106 255 1577 6
ROW 1577 6 5 24 1577 63
ROW 1577 7 18 24 1577 63
ROW 1578 0 14 16 1578 92
ROW 1578 1 7 32 1578 48
ROW 1578 2 20 32 1578 48
ROW 1578 3 6 8 1578 175
ROW 1578 4 0 4 1578 316
ROW 1578 5 107 255 1578 6
ROW 1578 6 6 24 1578 63
ROW 1578 7 19 24 1578 63
ROW 1579 0 15 16 1579 92
ROW 1579 1 8 32 1579 48
ROW 1579 2 21 32 1579 48
ROW 1579 3 7 8 1579 175
ROW 1579 4 1 4 1579 316
ROW 1579 5 108 255 1579 6
ROW 1579 6 7 24 1579 63
ROW 1579 7 20 24 1579 63
ROW 1580 0 16 16 1580 93
ROW 1580 1 9 32 1580 48
ROW 1580 2 22 32 1580 48
ROW 1580 3 8 8 1580 176
ROW 1580 4 2 4 1580 316
ROW 1580 5 109 255 1580 6
ROW 1580 6 8 24 1580 63
ROW 1580 7 21 24 1580 63
ROW 1581 0 0 16 1581 93
ROW 1581 1 10 32 1581 48
ROW 1581 2 23 32 1581 48
ROW 1581 3 0 8 1581 176
ROW 1581 4 3 4 1581 316
ROW 1581 5 110 255 1581 6
ROW 1581 6 9 24 1581 63
ROW 1581 7 22 24 1581 63
ROW 1582 0 1 16 1582 93
ROW 1582 1 11 32 1582 48
ROW 1582 2 24 32 1582 48
ROW 1582 3 1 8 1582 176
ROW 1582 4 4 4 1582 317
ROW 1582 5 111 255 1582 6
ROW 1582 6 10 24 1582 63
ROW 1582 7 23 24 1582 63
ROW 1583 0 2 16 1583 93
ROW 1583 1 12 32 1583 48
ROW 1583 2 25 32 1583 48
ROW 1583 3 2 8 1583 176
ROW 1583 4 0 4 1583 317
ROW 1583 5 112 255 1583 6
ROW 1583 6 11 24 1583 63
ROW 1583 7 24 24 1583 64
ROW 1584 0 3 16 1584 93
ROW 1584 1 13 32 1584 48
ROW 1584 2 26 32 1584 48
ROW 1584 3 3 8 1584 176
ROW 1584 4 1 4 1584 317
ROW 1584 5 113 255 1584 6
ROW 1584 6 12 24 1584 63
ROW 1584 7 0 24 1584 64
ROW 1585 0 4 16 1585 93
ROW 1585 1 14 32 1585 48
ROW 1585 2 27 32 1585 48
ROW 1585 3 4 8 1585 176
ROW 1585 4 2 4 1585 317
ROW 1585 5 114 255 1585 6
ROW 1585 6 13 24 1585 63
ROW 1585 7 1 24 1585 64
ROW 1586 0 5 16 1586 93
ROW 1586 1 15 32 1586 48
ROW 1586 2 28 32 1586 48
ROW 1586 3 5 8 1586 176
ROW 1586 4 3 4 1586 317
ROW 1586 5 115 255 1586 6
ROW 1586 6 14 24 1586 63
ROW 1586 7 2 24 1586 64
ROW 1587 0 6 16 1587 93
ROW 1587 1 16 32 1587 48
ROW 1587 2 29 32 1587 48
ROW 1587 3 6 8 1587 176
ROW 1587 4 4 4 1587 318
ROW 1587 5 116 255 1587 6
ROW 1587 6 15 24 1587 63
ROW 1587 7 3 24 1587 64
ROW 1588 0 7 16 1588 93
ROW 1588 1 17 32 1588 48
ROW 1588 2 30 32 1588 48
ROW 1588 3 7 8 1588 176
ROW 1588 4 0 4 1588 318
ROW 1588 5 117 255 1588 6
ROW 1588 6 16 24 1588 63
ROW 1588 7 4 24 1588 64
ROW 1589 0 8 16 1589 93
ROW 1589 1 18 32 1589 48
ROW 1589 2 31 32 1589 48
ROW 1589 3 8 8 1589 177
ROW 1589 4 1 4 1589 318
ROW 1589 5 118 255 1589 6
ROW 1589 6 17 24 1589 63
ROW 1589 7 5 24 1589 64
ROW 1590 0 9 16 1590 93
ROW 1590 1 19 32 1590 48
ROW 1590 2 32 32 1590 49
ROW 1590 3 0 8 1590 177
ROW 1590 4 2 4 1590 318
ROW 1590 5 119 255 1590 6
ROW 1590 6 18 24 1590 63
ROW 1590 7 6 24 1590 64
ROW 1591 0 10 16 1591 93
ROW 1591 1 20 32 1591 48
ROW 1591 2 0 32 1591 49
ROW 1591 3 1 8 1591 177
ROW 1591 4 3 4 1591 318
ROW 1591 5 120 255 1591 6
ROW 1591 6 19 24 1591 63
ROW 1591 7 7 24 1591 64
ROW 1592 0 11 16 1592 93
ROW 1592 1 21 32 1592 48
ROW 1592 2 1 32 1592 49
ROW 1592 3 2 8 1592 177
ROW 1592 4 4 4 1592 319
ROW 1592 5 121 255 1592 6
ROW 1592 6 20 24 1592 63
ROW 1592 7 8 24 1592 64
ROW 1593 0 12 16 1593 93
ROW 1593 1 22 32 1593 48
ROW 1593 2 2 32 1593 49
ROW 1593 3 3 8 1593 177
ROW 1593 4 0 4 1593 319
ROW 1593 5 122 255 1593 6
ROW 1593 6 21 24 1593 63
ROW 1593 7 9 24 1593 64
ROW 1594 0 13 16 1594 93
ROW 1594 1 23 32 1594 48
ROW 1594 2 3 32 1594 49
ROW 1594 3 4 8 1594 177
ROW 1594 4 1 4 1594 319
ROW 1594 5 123 255 1594 6
ROW 1594 6 22 24 1594 63
ROW 1594 7 10 24 1594 64
ROW 1595 0 14 16 1595 93
ROW 1595 1 24 32 1595 48
ROW 1595 2 4 32 1595 49
ROW 1595 3 5 8 1595 177
ROW 1595 4 2 4 1595 319
ROW 1595 5 124 255 1595 6
ROW 1595 6 23 24 1595 63
ROW 1595 7 11 24 1595 64
ROW 1596 0 15 16 1596 93
ROW 1596 1 25 32 1596 48
ROW 1596 2 5 32 1596 49
ROW 1596 3 6 8 1596 177
ROW 1596 4 3 4 1596 319
ROW 1596 5 125 255 1596 6
ROW 1596 6 24 24 1596 64
ROW 1596 7 12 24 1596 64
ROW 1597 0 16 16 1597 94
ROW 1597 1 26 32 1597 48
ROW 1597 2 6 32 1597 49
ROW 1597 3 7 8 1597 177
ROW 1597 4 4 4 1597 320
ROW 1597 5 126 255 1597 6
ROW 1597 6 0 24 1597 64
ROW 1597 7 13 24 1597 64
ROW 1598 0 0 16 1598 94
ROW 1598 1 27 32 1598 48
ROW 1598 2 7 32 1598 49
ROW 1598 3 8 8 1598 178
ROW 1598 4 0 4 1598 320
ROW 1598 5 127 255 1598 6
ROW 1598 6 1 24 1598 64
ROW 1598 7 14 24 1598 64
ROW 1599 0 1 16 1599 94
ROW 1599 1 28 32 1599 48
ROW 1599 2 8 32 1599 49
ROW 1599 3 0 8 1599 178
ROW 1599 4 1 4 1599 320
ROW 1599 5 128 255 1599 6
ROW 1599 6 2 24 1599 64
ROW 1599 7 15 24 1599 64
ROW 1600 0 2 16 1600 94
ROW 1600 1 29 32 1600 48
ROW 1600 2 9 32 1600 49
ROW 1600 3 1 8 1600 178
ROW 1600 4 2 4 1600 320
ROW 1600 5 129 255 1600 6
ROW 1600 6 3 24 1600 64
ROW 1600 7 16 24 1600 64
ROW 1601 0 3 16 1601 94
ROW 1601 1 30 32 1601 48
ROW 1601 2 10 32 1601 49
ROW 1601 3 2 8 1601 178
ROW 1601 4 3 4 1601 320
ROW 1601 5 130 255 1601 6
ROW 1601 6 4 24 1601 64
ROW 1601 7 17 24 1601 64
ROW 1602 0 4 16 1602 94
ROW 1602 1 31 32 1602 48
ROW 1602 2 11 32 1602 49
ROW 1602 3 3 8 1602 178
ROW 1602 4 4 4 1602 321
ROW 1602 5 131 255 1602 6
ROW 1602 6 5 24 1602 64
ROW 1602 7 18 24 1602 64
ROW 1603 0 5 16 1603 94
ROW 1603 1 32 32 1603 49
ROW 1603 2 12 32 1603 49
ROW 1603 3 4 8 1603 178
ROW 1603 4 0 4 1603 321
ROW 1603 5 132 255 1603 6
ROW 1603 6 6 24 1603 64
ROW 1603 7 19 24 1603 64
ROW 1604 0 6 16 1604 94
ROW 1604 1 0 32 1604 49
ROW 1604 2 13 32 1604 49
ROW 1604 3 5 8 1604 178
ROW 1604 4 1 4 1604 321
ROW 1604 5 133 255 1604 6
ROW 1604 6 7 24 1604 64
ROW 1604 7 20 24 1604 64
ROW 1605 0 7 16 1605 94
ROW 1605 1 1 32 1605 49
ROW 1605 2 14 32 1605 49
ROW 1605 3 6 8 1605 178
ROW 1605 4 2 4 1605 321
ROW 1605 5 134 255 1605 6
ROW 1605 6 8 24 1605 64
ROW 1605 7 21 24 1605 64
ROW 1606 0 8 16 1606 94
ROW 1606 1 2 32 1606 49
ROW 1606 2 15 32 1606 49
ROW 1606 3 7 8 1606 178
ROW 1606 4 3 4 1606 321
ROW 1606 5 135 255 1606 6
ROW 1606 6 9 24 1606 64
ROW 1606 7 22 24 1606 64
ROW 1607 0 9 16 1607 94
ROW 1607 1 3 32 1607 49
ROW 1607 2 16 32 1607 49
ROW 1607 3 8 8 1607 179
ROW 1607 4 4 4 1607 322
ROW 1607 5 136 255 1607 6
ROW 1607 6 10 24 1607 64
ROW 1607 7 23 24 1607 64
ROW 1608 0 10 16 1608 94
ROW 1608 1 4 32 1608 49
ROW 1608 2 17 32 1608 49
ROW 1608 3 0 8 1608 179
ROW 1608 4 0 4 1608 322
ROW 1608 5 137 255 1608 6
ROW 1608 6 11 24 1608 64
ROW 1608 7 24 24 1608 65
ROW 1609 0 11 16 1609 94
ROW 1609 1 5 32 1609 49
ROW 1609 2 18 32 1609 49
ROW 1609 3 1 8 1609 179
ROW 1609 4 1 4 1609 322
ROW 1609 5 138 255 1609 6
ROW 1609 6 12 24 1609 64
ROW 1609 7 0 24 1609 65
ROW 1610 0 12 16 1610 94
ROW 1610 1 6 32 1610 49
ROW 1610 2 19 32 1610 49
ROW 1610 3 2 8 1610 179
ROW 1610 4 2 4 1610 322
ROW 1610 5 139 255 1610 6
ROW 1610 6 13 24 1610 64
ROW 1610 7 1 24 1610 65
ROW 1611 0 13 16 1611 94
ROW 1611 1 7 32 1611 49
ROW 1611 2 20 32 1611 49
ROW 1611 3 3 8 1611 179
ROW 1611 4 3 4 1611 322
ROW 1611 5 140 255 1611 6
ROW 1611 6 14 24 1611 64
ROW 1611 7 2 24 1611 65
ROW 1612 0 14 16 1612 94
ROW 1612 1 8 32 1612 49
ROW 1612 2 21 32 1612 49
ROW 1612 3 4 8 1612 179
ROW 1612 4 4 4 1612 323
ROW 1612 5 141 255 1612 6
ROW 1612 6 15 24 1612 64
ROW 1612 7 3 24 1612 65
ROW 1613 0 15 16 1613 94
ROW 1613 1 9 32 1613 49
ROW 1613 2 22 32 1613 49
ROW 1613 3 5 8 1613 179
ROW 1613 4 0 4 1613 323
ROW 1613 5 142 255 1613 6
ROW 1613 6 16 24 1613 64
ROW 1613 7 4 24 1613 65
ROW 1614 0 16 16 1614 95
ROW 1614 1 10 32 1614 49
ROW 1614 2 23 32 1614 49
ROW 1614 3 6 8 1614 179
ROW 1614 4 1 4 1614 323
ROW 1614 5 143 255 1614 6
ROW 1614 6 17 24 1614 64
ROW 1614 7 5 24 1614 65
ROW 1615 0 0 16 1615 95
ROW 1615 1 11 32 1615 49
ROW 1615 2 24 32 1615 49
ROW 1615 3 7 8 1615 179
ROW 1615 4 2 4 1615 323
ROW 1615 5 144 255 1615 6
ROW 1615 6 18 24 1615 64
ROW 1615 7 6 24 1615 65
ROW 1616 0 1 16 1616 95
ROW 1616 1 12 32 1616 49
ROW 1616 2 25 32 1616 49
ROW 1616 3 8 8 1616 180
ROW 1616 4 3 4 1616 323
ROW 1616 5 145 255 1616 6
ROW 1616 6 19 24 1616 64
ROW 1616 7 7 24 1616 65
ROW 1617 0 2 16 1617 95
ROW 1617 1 13 32 1617 49
ROW 1617 2 26 32 1617 49
ROW 1617 3 0 8 1617 180
ROW 1617 4 4 4 1617 324
ROW 1617 5 146 255 1617 6
ROW 1617 6 20 24 1617 64
ROW 1617 7 8 24 1617 65
ROW 1618 0 3 16 1618 95
ROW 1618 1 14 32 1618 49
ROW 1618 2 27 32 1618 49
ROW 1618 3 1 8 1618 180
ROW 1618 4 0 4 1618 324
ROW 1618 5 147 255 1618 6
ROW 1618 6 21 24 1618 64
ROW 1618 7 9 24 1618 65
ROW 1619 0 4 16 1619 95
ROW 1619 1 15 32 1619 49
ROW 1619 2 28 32 1619 49
ROW 1619 3 2 8 1619 180
ROW 1619 4 1 4 1619 324
ROW 1619 5 148 255 1619 6
ROW 1619 6 22 24 1619 64
ROW 1619 7 10 24 1619 65
ROW 1620 0 5 16 1620 95
ROW 1620 1 16 32 1620 49
ROW 1620 2 29 32 1620 49
ROW 1620 3 3 8 1620 180
ROW 1620 4 2 4 1620 324
ROW 1620 5 149 255 1620 6
ROW 1620 6 23 24 1620 64
ROW 1620 7 11 24 1620 65
ROW 1621 0 6 16 1621 95
ROW 1621 1 17 32 1621 49
ROW 1621 2 30 32 1621 49
ROW 1621 3 4 8 1621 180
ROW 1621 4 3 4 1621 324
ROW 1621 5 150 255 1621 6
ROW 1621 6 24 24 1621 65
ROW 1621 7 12 24 1621 65
ROW 1622 0 7 16 1622 95
ROW 1622 1 18 32 1622 49
ROW 1622 2 31 32 1622 49
ROW 1622 3 5 8 1622 180
ROW 1622 4 4 4 1622 325
ROW 1622 5 151 255 1622 6
ROW 1622 6 0 24 1622 65
ROW 1622 7 13 24 1622 65
ROW 1623 0 8 16 1623 95
ROW 1623 1 19 32 1623 49
ROW 1623 2 32 32 1623 50
ROW 1623 3 6 8 1623 180
ROW 1623 4 0 4 1623 325
ROW 1623 5 152 255 1623 6
ROW 1623 6 1 24 1623 65
ROW 1623 7 14 24 1623 65
ROW 1624 0 9 16 1624 95
ROW 1624 1 20 32 1624 49
ROW 1624 2 0 32 1624 50
ROW 1624 3 7 8 1624 180
ROW 1624 4 1 4 1624 325
ROW 1624 5 153 255 1624 6
ROW 1624 6 2 24 1624 65
ROW 1624 7 15 24 1624 65
ROW 1625 0 10 16 1625 95
ROW 1625 1 21 32 1625 49
ROW 1625 2 1 32 1625 50
ROW 1625 3 8 8 1625 181
ROW 1625 4 2 4 1625 325
ROW 1625 5 154 255 1625 6
ROW 1625 6 3 24 1625 65
ROW 1625 7 16 24 1625 65
ROW 1626 0 11 16 1626 95
ROW 1626 1 22 32 1626 49
ROW 1626 2 2 32 1626 50
ROW 1626 3 0 8 1626 181
ROW 1626 4 3 4 1626 325
ROW 1626 5 155 255 1626 6
ROW 1626 6 4 24 1626 65
ROW 1626 7 17 24 1626 65
ROW 1627 0 12 16 1627 95
ROW 1627 1 23 32 1627 49
ROW 1627 2 3 32 1627 50
ROW 1627 3 1 8 1627 181
ROW 1627 4 4 4 1627 326
ROW 1627 5 156 255 1627 6
ROW 1627 6 5 24 1627 65
ROW 1627 7 18 24 1627 65
ROW 1628 0 13 16 1628 95
ROW 1628 1 24 32 1628 49
ROW 1628 2 4 32 1628 50
ROW 1628 3 2 8 1628 181
ROW 1628 4 0 4 1628 326
ROW 1628 5 157 255 1628 6
ROW 1628 6 6 24 1628 65
ROW 1628 7 19 24 1628 65
ROW 1629 0 14 16 1629 95
ROW 1629 1 25 32 1629 49
ROW 1629 2 5 32 1629 50
ROW 1629 3 3 8 1629 181
ROW 1629 4 1 4 1629 326
ROW 1629 5 158 255 1629 6
ROW 1629 6 7 24 1629 65
ROW 1629 7 20 24 1629 65
ROW 1630 0 15 16 1630 95
ROW 1630 1 26 32 1630 49
ROW 1630 2 6 32 1630 50
ROW 1630 3 4 8 1630 181
ROW 1630 4 2 4 1630 326
ROW 1630 5 159 255 1630 6
ROW 1630 6 8 24 1630 65
ROW 1630 7 21 24 1630 65
ROW 1631 0 16 16 1631 96
ROW 1631 1 27 32 1631 49
ROW 1631 2 7 32 1631 50
ROW 1631 3 5 8 1631 181
ROW 1631 4 3 4 1631 326
ROW 1631 5 160 255 1631 6
ROW 1631 6 9 24 1631 65
ROW 1631 7 22 24 1631 65
ROW 1632 0 0 16 1632 96
ROW 1632 1 28 32 1632 49
ROW 1632 2 8 32 1632 50
ROW 1632 3 6 8 1632 181
ROW 1632 4 4 4 1632 327
ROW 1632 5 161 255 1632 6
ROW 1632 6 10 24 1632 65
ROW 1632 7 23 24 1632 65
ROW 1633 0 1 16 1633 96
ROW 1633 1 29 32 1633 49
ROW 1633 2 9 32 1633 50
ROW 1633 3 7 8 1633 181
ROW 1633 4 0 4 1633 327
ROW 1633 5 162 255 1633 6
ROW 1633 6 11 24 1633 65
ROW 1633 7 24 24 1633 66
ROW 1634 0 2 16 1634 96
ROW 1634 1 30 32 1634 49
ROW 1634 2 10 32 1634 50
ROW 1634 3 8 8 1634 182
ROW 1634 4 1 4 1634 327
ROW 1634 5 163 255 1634 6
ROW 1634 6 12 24 1634 65
ROW 1634 7 0 24 1634 66
ROW 1635 0 3 16 1635 96
ROW 1635 1 31 32 1635 49
ROW 1635 2 11 32 1635 50
ROW 1635 3 0 8 1635 182
ROW 1635 4 2 4 1635 327
ROW 1635 5 164 255 1635 6
ROW 1635 6 13 24 1635 65
ROW 1635 7 1 24 1635 66
ROW 1636 0 4 16 1636 96
ROW 1636 1 32 32 1636 50
ROW 1636 2 12 32 1636 50
ROW 1636 3 1 8 1636 182
ROW 1636 4 3 4 1636 327
ROW 1636 5 165 255 1636 6
ROW 1636 6 14 24 1636 65
ROW 1636 7 2 24 1636 66
ROW 1637 0 5 16 1637 96
ROW 1637 1 0 32 1637 50
ROW 1637 2 13 32 1637 50
ROW 1637 3 2 8 1637 182
ROW 1637 4 4 4 1637 328
ROW 1637 5 166 255 1637 6
ROW 1637 6 15 24 1637 65
ROW 1637 7 3 24 1637 66
ROW 1638 0 6 16 1638 96
ROW 1638 1 1 32 1638 50
ROW 1638 2 14 32 1638 50
ROW 1638 3 3 8 1638 182
ROW 1638 4 0 4 1638 328
ROW 1638 5 167 255 1638 6
ROW 1638 6 16 24 1638 65
ROW 1638 7 4 24 1638 66
ROW 1639 0 7 16 1639 96
ROW 1639 1 2 32 1639 50
ROW 1639 2 15 32 1639 50
ROW 1639 3 4 8 1639 182
ROW 1639 4 1 4 1639 328
ROW 1639 5 168 255 1639 6
ROW 1639 6 17 24 1639 65
ROW 1639 7 5 24 1639 66
ROW 1640 0 8 16 1640 96
ROW 1640 1 3 32 1640 50
ROW 1640 2 16 32 1640 50
ROW 1640 3 5 8 1640 182
ROW 1640 4 2 4 1640 328
ROW 1640 5 169 255 1640 6
ROW 1640 6 18 24 1640 65
ROW 1640 7 6 24 1640 66
ROW 1641 0 9 16 1641 96
ROW 1641 1 4 32 1641 50
ROW 1641 2 17 32 1641 50
ROW 1641 3 6 8 1641 182
ROW 1641 4 3 4 1641 328
ROW 1641 5 170 255 1641 6
ROW 1641 6 19 24 1641 65
ROW 1641 7 7 24 1641 66
ROW 1642 0 10 16 1642 96
ROW 1642 1 5 32 1642 50
ROW 1642 2 18 32 1642 50
ROW 1642 3 7 8 1642 182
ROW 1642 4 4 4 1642 329
ROW 1642 5 171 255 1642 6
ROW 1642 6 20 24 1642 65
ROW 1642 7 8 24 1642 66
ROW 1643 0 11 16 1643 96
ROW 1643 1 6 32 1643 50
ROW 1643 2 19 32 1643 50
ROW 1643 3 8 8 1643 183
ROW 1643 4 0 4 1643 329
ROW 1643 5 172 255 1643 6
ROW 1643 6 21 24 1643 65
ROW 1643 7 9 24 1643 66
ROW 1644 0 12 16 1644 96
ROW 1644 1 7 32 1644 50
ROW 1644 2 20 32 1644 50
ROW 1644 3 0 8 1644 183
ROW 1644 4 1 4 1644 329
ROW 1644 5 173 255 1644 6
ROW 1644 6 22 24 1644 65
ROW 1644 7 10 24 1644 66
ROW 1645 0 13 16 1645 96
ROW 1645 1 8 32 1645 50
ROW 1645 2 21 32 1645 50
ROW 1645 3 1 8 1645 183
ROW 1645 4 2 4 1645 329
ROW 1645 5 174 255 1645 6
ROW 1645 6 23 24 1645 65
ROW 1645 7 11 24 1645 66
ROW 1646 0 14 16 1646 96
ROW 1646 1 9 32 1646 50
ROW 1646 2 22 32 1646 50
ROW 1646 3 2 8 1646 183
ROW 1646 4 3 4 1646 329
ROW 1646 5 175 255 1646 6
ROW 1646 6 24 24 1646 66
ROW 1646 7 12 24 1646 66
ROW 1647 0 15 16 1647 96
ROW 1647 1 10 32 1647 50
ROW 1647 2 23 32 1647 50
ROW 1647 3 3 8 1647 183
ROW 1647 4 4 4 1647 330
ROW 1647 5 176 255 1647 6
ROW 1647 6 0 24 1647 66
ROW 1647 7 13 24 1647 66
ROW 1648 0 16 16 1648 97
ROW 1648 1 11 32 1648 50
ROW 1648 2 24 32 1648 50
ROW 1648 3 4 8 1648 183
ROW 1648 4 0 4 1648 330
ROW 1648 5 177 255 1648 6
ROW 1648 6 1 24 1648 66
ROW 1648 7 14 24 1648 66
ROW 1649 0 0 16 1649 97
ROW 1649 1 12 32 1649 50
ROW 1649 2 25 32 1649 50
ROW 1649 3 5 8 1649 183
ROW 1649 4 1 4 1649 330
ROW 1649 5 178 255 1649 6
ROW 1649 6 2 24 1649 66
ROW 1649 7 15 24 1649 66
ROW 1650 0 1 16 1650 97
ROW 1650 1 13 32 1650 50
ROW 1650 2 26 32 1650 50
ROW 1650 3 6 8 1650 183
ROW 1650 4 2 4 1650 330
ROW 1650 5 179 255 1650 6
ROW 1650 6 3 24 1650 66
ROW 1650 7 16 24 1650 66
ROW 1651 0 2 16 1651 97
ROW 1651 1 14 32 1651 50
ROW 1651 2 27 32 1651 50
ROW 1651 3 7 8 1651 183
ROW 1651 4 3 4 1651 330
ROW 1651 5 180 255 1651 6
ROW 1651 6 4 24 1651 66
ROW 1651 7 17 24 1651 66
ROW 1652 0 3 16 1652 97
ROW 1652 1 15 32 1652 50
ROW 1652 2 28 32 1652 50
ROW 1652 3 8 8 1652 184
ROW 1652 4 4 4 1652 331
ROW 1652 5 181 255 1652 6
ROW 1652 6 5 24 1652 66
ROW 1652 7 18 24 1652 66
ROW 1653 0 4 16 1653 97
ROW 1653 1 16 32 1653 50
ROW 1653 2 29 32 1653 50
ROW 1653 3 0 8 1653 184
ROW 1653 4 0 4 1653 331
ROW 1653 5 182 255 1653 6
ROW 1653 6 6 24 1653 66
ROW 1653 7 19 24 1653 66
ROW 1654 0 5 16 1654 97
ROW 1654 1 17 32 1654 50
ROW 1654 2 30 32 1654 50
ROW 1654 3 1 8 1654 184
ROW 1654 4 1 4 1654 331
ROW 1654 5 183 255 1654 6
ROW 1654 6 7 24 1654 66
ROW 1654 7 20 24 1654 66
ROW 1655 0 6 16 1655 97
ROW 1655 1 18 32 1655 50
ROW 1655 2 31 32 1655 50
ROW 1655 3 2 8 1655 184
ROW 1655 4 2 4 1655 331
ROW 1655 5 184 255 1655 6
ROW 1655 6 8 24 1655 66
ROW 1655 7 21 24 1655 66
ROW 1656 0 7 16 1656 97
ROW 1656 1 19 32 1656 50
ROW 1656 2 32 32 1656 51
ROW 1656 3 3 8 1656 184
ROW 1656 4 3 4 1656 331
ROW 1656 5 185 255 1656 6
ROW 1656 6 9 24 1656 66
ROW 1656 7 22 24 1656 66
ROW 1657 0 8 16 1657 97
ROW 1657 1 20 32 1657 50
ROW 1657 2 0 32 1657 51
ROW 1657 3 4 8 1657 184
ROW 1657 4 4 4 1657 332
ROW 1657 5 186 255 1657 6
ROW 1657 6 10 24 1657 66
ROW 1657 7 23 24 1657 66
ROW 1658 0 9 16 1658 97
ROW 1658 1 21 32 1658 50
ROW 1658 2 1 32 1658 51
ROW 1658 3 5 8 1658 184
ROW 1658 4 0 4 1658 332
ROW 1658 5 187 255 1658 6
ROW 1658 6 11 24 1658 66
ROW 1658 7 24 24 1658 67
ROW 1659 0 10 16 1659 97
ROW 1659 1 22 32 1659 50
ROW 1659 2 2 32 1659 51
ROW 1659 3 6 8 1659 184
ROW 1659 4 1 4 1659 332
ROW 1659 5 188 255 1659 6
ROW 1659 6 12 24 1659 66
ROW 1659 7 0 24 1659 67
ROW 1660 0 11 16 1660 97
ROW 1660 1 23 32 1660 50
ROW 1660 2 3 32 1660 51
ROW 1660 3 7 8 1660 184
ROW 1660 4 2 4 1660 332
ROW 1660 5 189 255 1660 6
ROW 1660 6 13 24 1660 66
ROW 1660 7 1 24 1660 67
ROW 1661 0 12 16 1661 97
ROW 1661 1 24 32 1661 50
ROW 1661 2 4 32 1661 51
ROW 1661 3 8 8 1661 185
ROW 1661 4 3 4 1661 332
ROW 1661 5 190 255 1661 6
ROW 1661 6 14 24 1661 66
ROW 1661 7 2 24 1661 67
ROW 1662 0 13 16 1662 97
ROW 1662 1 25 32 1662 50
ROW 1662 2 5 32 1662 51
ROW 1662 3 0 8 1662 185
ROW 1662 4 4 4 1662 333
ROW 1662 5 191 255 1662 6
ROW 1662 6 15 24 1662 66
ROW 1662 7 3 24 1662 67
ROW 1663 0 14 16 1663 97
ROW 1663 1 26 32 1663 50
ROW 1663 2 6 32 1663 51
ROW 1663 3 1 8 1663 185
ROW 1663 4 0 4 1663 333
ROW 1663 5 192 255 1663 6
ROW 1663 6 16 24 1663 66
ROW 1663 7 4 24 1663 67
ROW 1664 0 15 16 1664 97
ROW 1664 1 27 32 1664 50
ROW 1664 2 7 32 1664 51
ROW 1664 3 2 8 1664 185
ROW 1664 4 1 4 1664 333
ROW 1664 5 193 255 1664 6
ROW 1664 6 17 24 1664 66
ROW 1664 7 5 24 1664 67
ROW 1665 0 16 16 1665 98
ROW 1665 1 28 32 1665 50
ROW 1665 2 8 32 1665 51
ROW 1665 3 3 8 1665 185
ROW 1665 4 2 4 1665 333
ROW 1665 5 194 255 1665 6
ROW 1665 6 18 24 1665 66
ROW 1665 7 6 24 1665 67
ROW 1666 0 0 16 1666 98
ROW 1666 1 29 32 1666 50
ROW 1666 2 9 32 1666 51
ROW 1666 3 4 8 1666 185
ROW 1666 4 3 4 1666 333
ROW 1666 5 195 255 1666 6
ROW 1666 6 19 24 1666 66
ROW 1666 7 7 24 1666 67
ROW 1667 0 1 16 1667 98
ROW 1667 1 30 32 1667 50
ROW 1667 2 10 32 1667 51
ROW 1667 3 5 8 1667 185
ROW 1667 4 4 4 1667 334
ROW 1667 5 196 255 1667 6
ROW 1667 6 20 24 1667 66
ROW 1667 7 8 24 1667 67
ROW 1668 0 2 16 1668 98
ROW 1668 1 31 32 1668 50
ROW 1668 2 11 32 1668 51
ROW 1668 3 6 8 1668 185
ROW 1668 4 0 4 1668 334
ROW 1668 5 197 255 1668 6
ROW 1668 6 21 24 1668 66
ROW 1668 7 9 24 1668 67
ROW 1669 0 3 16 1669 98
ROW 1669 1 32 32 1669 51
ROW 1669 2 12 32 1669 51
ROW 1669 3 7 8 1669 185
ROW 1669 4 1 4 1669 334
ROW 1669 5 198 255 1669 6
ROW 1669 6 22 24 1669 66
ROW 1669 7 10 24 1669 67
ROW 1670 0 4 16 1670 98
ROW 1670 1 0 32 1670 51
ROW 1670 2 13 32 1670 51
ROW 1670 3 8 8 1670 186
ROW 1670 4 2 4 1670 334
ROW 1670 5 199 255 1670 6
ROW 1670 6 23 24 1670 66
ROW 1670 7 11 24 1670 67
ROW 1671 0 5 16 1671 98
ROW 1671 1 1 32 1671 51
ROW 1671 2 14 32 1671 51
ROW 1671 3 0 8 1671 186
ROW 1671 4 3 4 1671 334
ROW 1671 5 200 255 1671 6
ROW 1671 6 24 24 1671 67
ROW 1671 7 12 24 1671 67
ROW 1672 0 6 16 1672 98
ROW 1672 1 2 32 1672 51
ROW 1672 2 15 32 1672 51
ROW 1672 3 1 8 1672 186
ROW 1672 4 4 4 1672 335
ROW 1672 5 201 255 1672 6
ROW 1672 6 0 24 1672 67
ROW 1672 7 13 24 1672 67
ROW 1673 0 7 16 1673 98
ROW 1673 1 3 32 1673 51
ROW 1673 2 16 32 1673 51
ROW 1673 3 2 8 1673 186
ROW 1673 4 0 4 1673 335
ROW 1673 5 202 255 1673 6
ROW 1673 6 1 24 1673 67
ROW 1673 7 14 24 1673 67
ROW 1674 0 8 16 1674 98
ROW 1674 1 4 32 1674 51
ROW 1674 2 17 32 1674 51
ROW 1674 3 3 8 1674 186
ROW 1674 4 1 4 1674 335
ROW 1674 5 203 255 1674 6
ROW 1674 6 2 24 1674 67
ROW 1674 7 15 24 1674 67
ROW 1675 0 9 16 1675 98
ROW 1675 1 5 32 1675 51
ROW 1675 2 18 32 1675 51
ROW 1675 3 4 8 1675 186
ROW 1675 4 2 4 1675 335
ROW 1675 5 204 255 1675 6
ROW 1675 6 3 24 1675 67
ROW 1675 7 16 24 1675 67
ROW 1676 0 10 16 1676 98
ROW 1676 1 6 32 1676 51
ROW 1676 2 19 32 1676 51
ROW 1676 3 5 8 1676 186
ROW 1676 4 3 4 1676 335
ROW 1676 5 205 255 1676 6
ROW 1676 6 4 24 1676 67
ROW 1676 7 17 24 1676 67
ROW 1677 0 11 16 1677 98
ROW 1677 1 7 32 1677 51
ROW 1677 2 20 32 1677 51
ROW 1677 3 6 8 1677 186
ROW 1677 4 4 4 1677 336
ROW 1677 5 206 255 1677 6
ROW 1677 6 5 24 1677 67
ROW 1677 7 18 24 1677 67
ROW 1678 0 12 16 1678 98
ROW 1678 1 8 32 1678 51
ROW 1678 2 21 32 1678 51
ROW 1678 3 7 8 1678 186
ROW 1678 4 0 4 1678 336
ROW 1678 5 207 255 1678 6
ROW 1678 6 6 24 1678 67
ROW 1678 7 19 24 1678 67
ROW 1679 0 13 16 1679 98
ROW 1679 1 9 32 1679 51
ROW 1679 2 22 32 1679 51
ROW 1679 3 8 8 1679 187
ROW 1679 4 1 4 1679 336
ROW 1679 5 208 255 1679 6
ROW 1679 6 7 24 1679 67
ROW 1679 7 20 24 1679 67
ROW 1680 0 14 16 1680 98
ROW 1680 1 10 32 1680 51
ROW 1680 2 23 32 1680 51
ROW 1680 3 0 8 1680 187
ROW 1680 4 2 4 1680 336
ROW 1680 5 209 255 1680 6
ROW 1680 6 8 24 1680 67
ROW 1680 7 21 24 1680 67
ROW 1681 0 15 16 1681 98
ROW 1681 1 11 32 1681 51
ROW 1681 2 24 32 1681 51
ROW 1681 3 1 8 1681 187
ROW 1681 4 3 4 1681 336
ROW 1681 5 210 255 1681 6
ROW 1681 6 9 24 1681 67
ROW 1681 7 22 24 1681 67
ROW 1682 0 16 16 1682 99
ROW 1682 1 12 32 1682 51
ROW 1682 2 25 32 1682 51
ROW 1682 3 2 8 1682 187
ROW 1682 4 4 4 1682 337
ROW 1682 5 211 255 1682 6
ROW 1682 6 10 24 1682 67
ROW 1682 7 23 24 1682 67
ROW 1683 0 0 16 1683 99
ROW 1683 1 13 32 1683 51
ROW 1683 2 26 32 1683 51
ROW 1683 3 3 8 1683 187
ROW 1683 4 0 4 1683 337
ROW 1683 5 212 255 1683 6
ROW 1683 6 11 24 1683 67
ROW 1683 7 24 24 1683 68
ROW 1684 0 1 16 1684 99
ROW 1684 1 14 32 1684 51
ROW 1684 2 27 32 1684 51
ROW 1684 3 4 8 1684 187
ROW 1684 4 1 4 1684 337
ROW 1684 5 213 255 1684 6
ROW 1684 6 12 24 1684 67
ROW 1684 7 0 24 1684 68
ROW 1685 0 2 16 1685 99
ROW 1685 1 15 32 1685 51
ROW 1685 2 28 32 1685 51
ROW 1685 3 5 8 1685 187
ROW 1685 4 2 4 1685 337
ROW 1685 5 214 255 1685 6
ROW 1685 6 13 24 1685 67
ROW 1685 7 1 24 1685 68
ROW 1686 0 3 16 1686 99
ROW 1686 1 16 32 1686 51
ROW 1686 2 29 32 1686 51
ROW 1686 3 6 8 1686 187
ROW 1686 4 3 4 1686 337
ROW 1686 5 215 255 1686 6
ROW 1686 6 14 24 1686 67
ROW 1686 7 2 24 1686 68
ROW 1687 0 4 16 1687 99
ROW 1687 1 17 32 1687 51
ROW 1687 2 30 32 1687 51
ROW 1687 3 7 8 1687 187
ROW 1687 4 4 4 1687 338
ROW 1687 5 216 255 1687 6
ROW 1687 6 15 24 1687 67
ROW 1687 7 3 24 1687 68
ROW 1688 0 5 16 1688 99
ROW 1688 1 18 32 1688 51
ROW 1688 2 31 32 1688 51
ROW 1688 3 8 8 1688 188
ROW 1688 4 0 4 1688 338
ROW 1688 5 217 255 1688 6
ROW 1688 6 16 24 1688 67
ROW 1688 7 4 24 1688 68
ROW 1689 0 6 16 1689 99
ROW 1689 1 19 32 1689 51
ROW 1689 2 32 32 1689 52
ROW 1689 3 0 8 1689 188
ROW 1689 4 1 4 1689 338
ROW 1689 5 218 255 1689 6
ROW 1689 6 17 24 1689 67
ROW 1689 7 5 24 1689 68
ROW 1690 0 7 16 1690 99
ROW 1690 1 20 32 1690 51
ROW 1690 2 0 32 1690 52
ROW 1690 3 1 8 1690 188
ROW 1690 4 2 4 1690 338
ROW 1690 5 219 255 1690 6
ROW 1690 6 18 24 1690 67
ROW 1690 7 6 24 1690 68
ROW 1691 0 8 16 1691 99
ROW 1691 1 21 32 1691 51
ROW 1691 2 1 32 1691 52
ROW 1691 3 2 8 1691 188
ROW 1691 4 3 4 1691 338
ROW 1691 5 220 255 1691 6
ROW 1691 6 19 24 1691 67
ROW 1691 7 7 24 1691 68
ROW 1692 0 9 16 1692 99
ROW 1692 1 22 32 1692 51
ROW 1692 2 2 32 1692 52
ROW 1692 3 3 8 1692 188
ROW 1692 4 4 4 1692 339
ROW 1692 5 221 255 1692 6
ROW 1692 6 20 24 1692 67
ROW 1692 7 8 24 1692 68
ROW 1693 0 10 16 1693 99
ROW 1693 1 23 32 1693 51
ROW 1693 2 3 32 1693 52
ROW 1693 3 4 8 1693 188
ROW 1693 4 0 4 1693 339
ROW 1693 5 222 255 1693 6
ROW 1693 6 21 24 1693 67
ROW 1693 7 9 24 1693 68
ROW 1694 0 11 16 1694 99
ROW 1694 1 24 32 1694 51
ROW 1694 2 4 32 1694 52
ROW 1694 3 5 8 1694 188
ROW 1694 4 1 4 1694 339
ROW 1694 5 223 255 1694 6
ROW 1694 6 22 24 1694 67
ROW 1694 7 10 24 1694 68
ROW 1695 0 12 16 1695 99
ROW 1695 1 25 32 1695 51
ROW 1695 2 5 32 1695 52
ROW 1695 3 6 8 1695 188
ROW 1695 4 2 4 1695 339
ROW 1695 5 224 255 1695 6
ROW 1695 6 23 24 1695 67
ROW 1695 7 11 24 1695 68
ROW 1696 0 13 16 1696 99
ROW 1696 1 26 32 1696 51
ROW 1696 2 6 32 1696 52
ROW 1696 3 7 8 1696 188
ROW 1696 4 3 4 1696 339
ROW 1696 5 225 255 1696 6
ROW 1696 6 24 24 1696 68
ROW 1696 7 12 24 1696 68
ROW 1697 0 14 16 1697 99
ROW 1697 1 27 32 1697 51
ROW 1697 2 7 32 1697 52
ROW 1697 3 8 8 1697 189
ROW 1697 4 4 4 1697 340
ROW 1697 5 226 255 1697 6
ROW 1697 6 0 24 1697 68
ROW 1697 7 13 24 1697 68
ROW 1698 0 15 16 1698 99
ROW 1698 1 28 32 1698 51
ROW 1698 2 8 32 1698 52
ROW 1698 3 0 8 1698 189
ROW 1698 4 0 4 1698 340
ROW 1698 5 227 255 1698 6
ROW 1698 6 1 24 1698 68
ROW 1698 7 14 24 1698 68
ROW 1699 0 16 16 1699 100
ROW 1699 1 29 32 1699 51
ROW 1699 2 9 32 1699 52
ROW 1699 3 1 8 1699 189
ROW 1699 4 1 4 1699 340
ROW 1699 5 228 255 1699 6
ROW 1699 6 2 24 1699 68
ROW 1699 7 15 24 1699 68
ROW 1700 0 0 16 1700 100
ROW 1700 1 30 32 1700 51
ROW 1700 2 10 32 1700 52
ROW 1700 3 2 8 1700 189
ROW 1700 4 2 4 1700 340
ROW 1700 5 229 255 1700 6
ROW 1700 6 3 24 1700 68
ROW 1700 7 16 24 1700 68
ROW 1701 0 1 16 1701 100
ROW 1701 1 31 32 1701 51
ROW 1701 2 11 32 1701 52
ROW 1701 3 3 8 1701 189
ROW 1701 4 3 4 1701 340
ROW 1701 5 230 255 1701 6
ROW 1701 6 4 24 1701 68
ROW 1701 7 17 24 1701 68
ROW 1702 0 2 16 1702 100
ROW 1702 1 32 32 1702 52
ROW 1702 2 12 32 1702 52
ROW 1702 3 4 8 1702 189
ROW 1702 4 4 4 1702 341
ROW 1702 5 231 255 1702 6
ROW 1702 6 5 24 1702 68
ROW 1702 7 18 24 1702 68
ROW 1703 0 3 16 1703 100
ROW 1703 1 0 32 1703 52
ROW 1703 2 13 32 1703 52
ROW 1703 3 5 8 1703 189
ROW 1703 4 0 4 1703 341
ROW 1703 5 232 255 1703 6
ROW 1703 6 6 24 1703 68
ROW 1703 7 19 24 1703 68
ROW 1704 0 4 16 1704 100
ROW 1704 1 1 32 1704 52
ROW 1704 2 14 32 1704 52
ROW 1704 3 6 8 1704 189
ROW 1704 4 1 4 1704 341
ROW 1704 5 233 255 1704 6
ROW 1704 6 7 24 1704 68
ROW 1704 7 20 24 1704 68
ROW 1705 0 5 16 1705 100
ROW 1705 1 2 32 1705 52
ROW 1705 2 15 32 1705 52
ROW 1705 3 7 8 1705 189
ROW 1705 4 2 4 1705 341
ROW 1705 5 234 255 1705 6
ROW 1705 6 8 24 1705 68
ROW 1705 7 21 24 1705 68
ROW 1706 0 6 16 1706 100
ROW 1706 1 3 32 1706 52
ROW 1706 2 16 32 1706 52
ROW 1706 3 8 8 1706 190
ROW 1706 4 3 4 1706 341
ROW 1706 5 235 255 1706 6
ROW 1706 6 9 24 1706 68
ROW 1706 7 22 24 1706 68
ROW 1707 0 7 16 1707 100
ROW 1707 1 4 32 1707 52
ROW 1707 2 17 32 1707 52
ROW 1707 3 0 8 1707 190
ROW 1707 4 4 4 1707 342
ROW 1707 5 236 255 1707 6
ROW 1707 6 10 24 1707 68
ROW 1707 7 23 24 1707 68
ROW 1708 0 8 16 1708 100
ROW 1708 1 5 32 1708 52
ROW 1708 2 18 32 1708 52
ROW 1708 3 1 8 1708 190
ROW 1708 4 0 4 1708 342
ROW 1708 5 237 255 1708 6
ROW 1708 6 11 24 1708 68
ROW 1708 7 24 24 1708 69
ROW 1709 0 9 16 1709 100
ROW 1709 1 6 32 1709 52
ROW 1709 2 19 32 1709 52
ROW 1709 3 2 8 1709 190
ROW 1709 4 1 4 1709 342
ROW 1709 5 238 255 1709 6
ROW 1709 6 12 24 1709 68
ROW 1709 7 0 24 1709 69
ROW 1710 0 10 16 1710 100
ROW 1710 1 7 32 1710 52
ROW 1710 2 20 32 1710 52
ROW 1710 3 3 8 1710 190
ROW 1710 4 2 4 1710 342
ROW 1710 5 239 255 1710 6
ROW 1710 6 13 24 1710 68
ROW 1710 7 1 24 1710 69
ROW 1711 0 11 16 1711 100
ROW 1711 1 8 32 1711 52
ROW 1711 2 21 32 1711 52
ROW 1711 3 4 8 1711 190
ROW 1711 4 3 4 1711 342
ROW 1711 5 240 255 1711 6
ROW 1711 6 14 24 1711 68
ROW 1711 7 2 24 1711 69
ROW 1712 0 12 16 1712 100
ROW 1712 1 9 32 1712 52
ROW 1712 2 22 32 1712 52
ROW 1712 3 5 8 1712 190
ROW 1712 4 4 4 1712 343
ROW 1712 5 241 255 1712 6
ROW 1712 6 15 24 1712 68
ROW 1712 7 3 24 1712 69
ROW 1713 0 13 16 1713 100
ROW 1713 1 10 32 1713 52
ROW 1713 2 23 32 1713 52
ROW 1713 3 6 8 1713 190
ROW 1713 4 0 4 1713 343
ROW 1713 5 242 255 1713 6
ROW 1713 6 16 24 1713 68
ROW 1713 7 4 24 1713 69
ROW 1714 0 14 16 1714 100
ROW 1714 1 11 32 1714 52
ROW 1714 2 24 32 1714 52
ROW 1714 3 7 8 1714 190
ROW 1714 4 1 4 1714 343
ROW 1714 5 243 255 1714 6
ROW 1714 6 17 24 1714 68
ROW 1714 7 5 24 1714 69
ROW 1715 0 15 16 1715 100
ROW 1715 1 12 32 1715 52
ROW 1715 2 25 32 1715 52
ROW 1715 3 8 8 1715 191
ROW 1715 4 2 4 1715 343
ROW 1715 5 244 255 1715 6
ROW 1715 6 18 24 1715 68
ROW 1715 7 6 24 1715 69
ROW 1716 0 16 16 1716 101
ROW 1716 1 13 32 1716 52
ROW 1716 2 26 32 1716 52
ROW 1716 3 0 8 1716 191
ROW 1716 4 3 4 1716 343
ROW 1716 5 245 255 1716 6
ROW 1716 6 19 24 1716 68
ROW 1716 7 7 24 1716 69
ROW 1717 0 0 16 1717 101
ROW 1717 1 14 32 1717 52
ROW 1717 2 27 32 1717 52
ROW 1717 3 1 8 1717 191
ROW 1717 4 4 4 1717 344
ROW 1717 5 246 255 1717 6
ROW 1717 6 20 24 1717 68
ROW 1717 7 8 24 1717 69
ROW 1718 0 1 16 1718 101
ROW 1718 1 15 32 1718 52
ROW 1718 2 28 32 1718 52
ROW 1718 3 2 8 1718 191
ROW 1718 4 0 4 1718 344
ROW 1718 5 247 255 1718 6
ROW 1718 6 21 24 1718 68
ROW 1718 7 9 24 1718 69
ROW 1719 0 2 16 1719 101
ROW 1719 1 16 32 1719 52
ROW 1719 2 29 32 1719 52
ROW 1719 3 3 8 1719 191
ROW 1719 4 1 4 1719 344
ROW 1719 5 248 255 1719 6
ROW 1719 6 22 24 1719 68
ROW 1719 7 10 24 1719 69
ROW 1720 0 3 16 1720 101
ROW 1720 1 17 32 1720 52
ROW 1720 2 30 32 1720 52
ROW 1720 3 4 8 1720 191
ROW 1720 4 2 4 1720 344
ROW 1720 5 249 255 1720 6
ROW 1720 6 23 24 1720 68
ROW 1720 7 11 24 1720 69
ROW 1721 0 4 16 1721 101
ROW 1721 1 18 32 1721 52
ROW 1721 2 31 32 1721 52
ROW 1721 3 5 8 1721 191
ROW 1721 4 3 4 1721 344
ROW 1721 5 250 255 1721 6
ROW 1721 6 24 24 1721 69
ROW 1721 7 12 24 1721 69
ROW 1722 0 5 16 1722 101
ROW 1722 1 19 32 1722 52
ROW 1722 2 32 32 1722 53
ROW 1722 3 6 8 1722 191
ROW 1722 4 4 4 1722 345
ROW 1722 5 251 255 1722 6
ROW 1722 6 0 24 1722 69
ROW 1722 7 13 24 1722 69
ROW 1723 0 6 16 1723 101
ROW 1723 1 20 32 1723 52
ROW 1723 2 0 32 1723 53
ROW 1723 3 7 8 1723 191
ROW 1723 4 0 4 1723 345
ROW 1723 5 252 255 1723 6
ROW 1723 6 1 24 1723 69
ROW 1723 7 14 24 1723 69
ROW 1724 0 7 16 1724 101
ROW 1724 1 21 32 1724 52
ROW 1724 2 1 32 1724 53
ROW 1724 3 8 8 1724 192
ROW 1724 4 1 4 1724 345
ROW 1724 5 253 255 1724 6
ROW 1724 6 2 24 1724 69
ROW 1724 7 15 24 1724 69
ROW 1725 0 8 16 1725 101
ROW 1725 1 22 32 1725 52
ROW 1725 2 2 32 1725 53
ROW 1725 3 0 8 1725 192
ROW 1725 4 2 4 1725 345
ROW 1725 5 254 255 1725 6
ROW 1725 6 3 24 1725 69
ROW 1725 7 16 24 1725 69
ROW 1726 0 9 16 1726 101
ROW 1726 1 23 32 1726 52
ROW 1726 2 3 32 1726 53
ROW 1726 3 1 8 1726 192
ROW 1726 4 3 4 1726 345
ROW 1726 5 255 255 1726 7
ROW 1726 6 4 24 1726 69
ROW 1726 7 17 24 1726 69
ROW 1727 0 10 16 1727 101
ROW 1727 1 24 32 1727 52
ROW 1727 2 4 32 1727 53
ROW 1727 3 2 8 1727 192
ROW 1727 4 4 4 1727 346
ROW 1727 5 0 255 1727 7
ROW 1727 6 5 24 1727 69
ROW 1727 7 18 24 1727 69
ROW 1728 0 11 16 1728 101
ROW 1728 1 25 32 1728 52
ROW 1728 2 5 32 1728 53
ROW 1728 3 3 8 1728 192
ROW 1728 4 0 4 1728 346
ROW 1728 5 1 255 1728 7
ROW 1728 6 6 24 1728 69
ROW 1728 7 19 24 1728 69
ROW 1729 0 12 16 1729 101
ROW 1729 1 26 32 1729 52
ROW 1729 2 6 32 1729 53
ROW 1729 3 4 8 1729 192
ROW 1729 4 1 4 1729 346
ROW 1729 5 2 255 1729 7
ROW 1729 6 7 24 1729 69
ROW 1729 7 20 24 1729 69
ROW 1730 0 13 16 1730 101
ROW 1730 1 27 32 1730 52
ROW 1730 2 7 32 1730 53
ROW 1730 3 5 8 1730 192
ROW 1730 4 2 4 1730 346
ROW 1730 5 3 255 1730 7
ROW 1730 6 8 24 1730 69
ROW 1730 7 21 24 1730 69
ROW 1731 0 14 16 1731 101
ROW 1731 1 28 32 1731 52
ROW 1731 2 8 32 1731 53
ROW 1731 3 6 8 1731 192
ROW 1731 4 3 4 1731 346
ROW 1731 5 4 255 1731 7
ROW 1731 6 9 24 1731 69
ROW 1731 7 22 24 1731 69
ROW 1732 0 15 16 1732 101
ROW 1732 1 29 32 1732 52
ROW 1732 2 9 32 1732 53
ROW 1732 3 7 8 1732 192
ROW 1732 4 4 4 1732 347
ROW 1732 5 5 255 1732 7
ROW 1732 6 10 24 1732 69
ROW 1732 7 23 24 1732 69
ROW 1733 0 16 16 1733 102
ROW 1733 1 30 32 1733 52
ROW 1733 2 10 32 1733 53
ROW 1733 3 8 8 1733 193
ROW 1733 4 0 4 1733 347
ROW 1733 5 6 255 1733 7
ROW 1733 6 11 24 1733 69
ROW 1733 7 24 24 1733 70
ROW 1734 0 0 16 1734 102
ROW 1734 1 31 32 1734 52
ROW 1734 2 11 32 1734 53
ROW 1734 3 0 8 1734 193
ROW 1734 4 1 4 1734 347
ROW 1734 5 7 255 1734 7
ROW 1734 6 12 24 1734 69
ROW 1734 7 0 24 1734 70
ROW 1735 0 1 16 1735 102
ROW 1735 1 32 32 1735 53
ROW 1735 2 12 32 1735 53
ROW 1735 3 1 8 1735 193
ROW 1735 4 2 4 1735 347
ROW 1735 5 8 255 1735 7
ROW 1735 6 13 24 1735 69
ROW 1735 7 1 24 1735 70
ROW 1736 0 2 16 1736 102
ROW 1736 1 0 32 1736 53
ROW 1736 2 13 32 1736 53
ROW 1736 3 2 8 1736 193
ROW 1736 4 3 4 1736 347
ROW 1736 5 9 255 1736 7
ROW 1736 6 14 24 1736 69
ROW 1736 7 2 24 1736 70
ROW 1737 0 3 16 1737 102
ROW 1737 1 1 32 1737 53
ROW 1737 2 14 32 1737 53
ROW 1737 3 3 8 1737 193
ROW 1737 4 4 4 1737 348
ROW 1737 5 10 255 1737 7
ROW 1737 6 15 24 1737 69
ROW 1737 7 3 24 1737 70
ROW 1738 0 4 16 1738 102
ROW 1738 1 2 32 1738 53
ROW 1738 2 15 32 1738 53
ROW 1738 3 4 8 1738 193
ROW 1738 4 0 4 1738 348
ROW 1738 5 11 255 1738 7
ROW 1738 6 16 24 1738 69
ROW 1738 7 4 24 1738 70
ROW 1739 0 5 16 1739 102
ROW 1739 1 3 32 1739 53
ROW 1739 2 16 32 1739 53
ROW 1739 3 5 8 1739 193
ROW 1739 4 1 4 1739 348
ROW 1739 5 12 255 1739 7
ROW 1739 6 17 24 1739 69
ROW 1739 7 5 24 1739 70
ROW 1740 0 6 16 1740 102
ROW 1740 1 4 32 1740 53
ROW 1740 2 17 32 1740 53
ROW 1740 3 6 8 1740 193
ROW 1740 4 2 4 1740 348
ROW 1740 5 13 255 1740 7
ROW 1740 6 18 24 1740 69
ROW 1740 7 6 24 1740 70
ROW 1741 0 7 16 1741 102
ROW 1741 1 5 32 1741 53
ROW 1741 2 18 32 1741 53
ROW 1741 3 7 8 1741 193
ROW 1741 4 3 4 1741 348
ROW 1741 5 14 255 1741 7
ROW 1741 6 19 24 1741 69
ROW 1741 7 7 24 1741 70
ROW 1742 0 8 16 1742 102
ROW 1742 1 6 32 1742 53
ROW 1742 2 19 32 1742 53
ROW 1742 3 8 8 1742 194
ROW 1742 4 4 4 1742 349
ROW 1742 5 15 255 1742 7
ROW 1742 6 20 24 1742 69
ROW 1742 7 8 24 1742 70
ROW 1743 0 9 16 1743 102
ROW 1743 1 7 32 1743 53
ROW 1743 2 20 32 1743 53
ROW 1743 3 0 8 1743 194
ROW 1743 4 0 4 1743 349
ROW 1743 5 16 255 1743 7
ROW 1743 6 21 24 1743 69
ROW 1743 7 9 24 1743 70
ROW 1744 0 10 16 1744 102
ROW 1744 1 8 32 1744 53
ROW 1744 2 21 32 1744 53
ROW 1744 3 1 8 1744 194
ROW 1744 4 1 4 1744 349
ROW 1744 5 17 255 1744 7
ROW 1744 6 22 24 1744 69
ROW 1744 7 10 24 1744 70
ROW 1745 0 11 16 1745 102
ROW 1745 1 9 32 1745 53
ROW 1745 2 22 32 1745 53
ROW 1745 3 2 8 1745 194
ROW 1745 4 2 4 1745 349
ROW 1745 5 18 255 1745 7
ROW 1745 6 23 24 1745 69
ROW 1745 7 11 24 1745 70
ROW 1746 0 12 16 1746 102
ROW 1746 1 10 32 1746 53
ROW 1746 2 23 32 1746 53
ROW 1746 3 3 8 1746 194
ROW 1746 4 3 4 1746 349
ROW 1746 5 19 255 1746 7
ROW 1746 6 24 24 1746 70
ROW 1746 7 12 24 1746 70
ROW 1747 0 13 16 1747 102
ROW 1747 1 11 32 1747 53
ROW 1747 2 24 32 1747 53
ROW 1747 3 4 8 1747 194
ROW 1747 4 4 4 1747 350
ROW 1747 5 20 255 1747 7
ROW 1747 6 0 24 1747 70
ROW 1747 7 13 24 1747 70
ROW 1748 0 14 16 1748 102
ROW 1748 1 12 32 1748 53
ROW 1748 2 25 32 1748 53
ROW 1748 3 5 8 1748 194
ROW 1748 4 0 4 1748 350
ROW 1748 5 21 255 1748 7
ROW 1748 6 1 24 1748 70
ROW 1748 7 14 24 1748 70
ROW 1749 0 15 16 1749 102
ROW 1749 1 13 32 1749 53
ROW 1749 2 26 32 1749 53
ROW 1749 3 6 8 1749 194
ROW 1749 4 1 4 1749 350
ROW 1749 5 22 255 1749 7
ROW 1749 6 2 24 1749 70
ROW 1749 7 15 24 1749 70
ROW 1750 0 16 16 1750 103
ROW 1750 1 14 32 1750 53
ROW 1750 2 27 32 1750 53
ROW 1750 3 7 8 1750 194
ROW 1750 4 2 4 1750 350
ROW 1750 5 23 255 1750 7
ROW 1750 6 3 24 1750 70
ROW 1750 7 16 24 1750 70
ROW 1751 0 0 16 1751 103
ROW 1751 1 15 32 1751 53
ROW 1751 2 28 32 1751 53
ROW 1751 3 8 8 1751 195
ROW 1751 4 3 4 1751 350
ROW 1751 5 24 255 1751 7
ROW 1751 6 4 24 1751 70
ROW 1751 7 17 24 1751 70
ROW 1752 0 1 16 1752 103
ROW 1752 1 16 32 1752 53
ROW 1752 2 29 32 1752 53
ROW 1752 3 0 8 1752 195
ROW 1752 4 4 4 1752 351
ROW 1752 5 25 255 1752 7
ROW 1752 6 5 24 1752 70
ROW 1752 7 18 24 1752 70
ROW 1753 0 2 16 1753 103
ROW 1753 1 17 32 1753 53
ROW 1753 2 30 32 1753 53
ROW 1753 3 1 8 1753 195
ROW 1753 4 0 4 1753 351
ROW 1753 5 26 255 1753 7
ROW 1753 6 6 24 1753 70
ROW 1753 7 19 24 1753 70
ROW 1754 0 3 16 1754 103
ROW 1754 1 18 32 1754 53
ROW 1754 2 31 32 1754 53
ROW 1754 3 2 8 1754 195
ROW 1754 4 1 4 1754 351
ROW 1754 5 27 255 1754 7
ROW 1754 6 7 24 1754 70
ROW 1754 7 20 24 1754 70
ROW 1755 0 4 16 1755 103
ROW 1755 1 19 32 1755 53
ROW 1755 2 32 32 1755 54
ROW 1755 3 3 8 1755 195
ROW 1755 4 2 4 1755 351
ROW 1755 5 28 255 1755 7
ROW 1755 6 8 24 1755 70
ROW 1755 7 21 24 1755 70
ROW 1756 0 5 16 1756 103
ROW 1756 1 20 32 1756 53
ROW 1756 2 0 32 1756 54
ROW 1756 3 4 8 1756 195
ROW 1756 4 3 4 1756 351
ROW 1756 5 29 255 1756 7
ROW 1756 6 9 24 1756 70
ROW 1756 7 22 24 1756 70
ROW 1757 0 6 16 1757 103
ROW 1757 1 21 32 1757 53
ROW 1757 2 1 32 1757 54
ROW 1757 3 5 8 1757 195
ROW 1757 4 4 4 1757 352
ROW 1757 5 30 255 1757 7
ROW 1757 6 10 24 1757 70
ROW 1757 7 23 24 1757 70
ROW 1758 0 7 16 1758 103
ROW 1758 1 22 32 1758 53
ROW 1758 2 2 32 1758 54
ROW 1758 3 6 8 1758 195
ROW 1758 4 0 4 1758 352
ROW 1758 5 31 255 1758 7
ROW 1758 6 11 24 1758 70
ROW 1758 7 24 24 1758 71
ROW 1759 0 8 16 1759 103
ROW 1759 1 23 32 1759 53
ROW 1759 2 3 32 1759 54
ROW 1759 3 7 8 1759 195
ROW 1759 4 1 4 1759 352
ROW 1759 5 32 255 1759 7
ROW 1759 6 12 24 1759 70
ROW 1759 7 0 24 1759 71
ROW 1760 0 9 16 1760 103
ROW 1760 1 24 32 1760 53
ROW 1760 2 4 32 1760 54
ROW 1760 3 8 8 1760 196
ROW 1760 4 2 4 1760 352
ROW 1760 5 33 255 1760 7
ROW 1760 6 13 24 1760 70
ROW 1760 7 1 24 1760 71
ROW 1761 0 10 16 1761 103
ROW 1761 1 25 32 1761 53
ROW 1761 2 5 32 1761 54
ROW 1761 3 0 8 1761 196
ROW 1761 4 3 4 1761 352
ROW 1761 5 34 255 1761 7
ROW 1761 6 14 24 1761 70
ROW 1761 7 2 24 1761 71
ROW 1762 0 11 16 1762 103
ROW 1762 1 26 32 1762 53
ROW 1762 2 6 32 1762 54
ROW 1762 3 1 8 1762 196
ROW 1762 4 4 4 1762 353
ROW 1762 5 35 255 1762 7
ROW 1762 6 15 24 1762 70
ROW 1762 7 3 24 1762 71
ROW 1763 0 12 16 1763 103
ROW 1763 1 27 32 1763 53
ROW 1763 2 7 32 1763 54
ROW 1763 3 2 8 1763 196
ROW 1763 4 0 4 1763 353
ROW 1763 5 36 255 1763 7
ROW 1763 6 16 24 1763 70
ROW 1763 7 4 24 1763 71
ROW 1764 0 13 16 1764 103
ROW 1764 1 28 32 1764 53
ROW 1764 2 8 32 1764 54
ROW 1764 3 3 8 1764 196
ROW 1764 4 1 4 1764 353
ROW 1764 5 37 255 1764 7
ROW 1764 6 17 24 1764 70
ROW 1764 7 5 24 1764 71
ROW 1765 0 14 16 1765 103
ROW 1765 1 29 32 1765 53
ROW 1765 2 9 32 1765 54
ROW 1765 3 4 8 1765 196
ROW 1765 4 2 4 1765 353
ROW 1765 5 38 255 1765 7
ROW 1765 6 18 24 1765 70
ROW 1765 7 6 24 1765 71
ROW 1766 0 15 16 1766 103
ROW 1766 1 30 32 1766 53
ROW 1766 2 10 32 1766 54
ROW 1766 3 5 8 1766 196
ROW 1766 4 3 4 1766 353
ROW 1766 5 39 255 1766 7
ROW 1766 6 19 24 1766 70
ROW 1766 7 7 24 1766 71
ROW 1767 0 16 16 1767 104
ROW 1767 1 31 32 1767 53
ROW 1767 2 11 32 1767 54
ROW 1767 3 6 8 1767 196
ROW 1767 4 4 4 1767 354
ROW 1767 5 40 255 1767 7
ROW 1767 6 20 24 1767 70
ROW 1767 7 8 24 1767 71
ROW 1768 0 0 16 1768 104
ROW 1768 1 32 32 1768 54
ROW 1768 2 12 32 1768 54
ROW 1768 3 7 8 1768 196
ROW 1768 4 0 4 1768 354
ROW 1768 5 41 255 1768 7
ROW 1768 6 21 24 1768 70
ROW 1768 7 9 24 1768 71
ROW 1769 0 1 16 1769 104
ROW 1769 1 0 32 1769 54
ROW 1769 2 13 32 1769 54
ROW 1769 3 8 8 1769 197
ROW 1769 4 1 4 1769 354
ROW 1769 5 42 255 1769 7
ROW 1769 6 22 24 1769 70
ROW 1769 7 10 24 1769 71
ROW 1770 0 2 16 1770 104
ROW 1770 1 1 32 1770 54
ROW 1770 2 14 32 1770 54
ROW 1770 3 0 8 1770 197
ROW 1770 4 2 4 1770 354
ROW 1770 5 43 255 1770 7
ROW 1770 6 23 24 1770 70
ROW 1770 7 11 24 1770 71
ROW 1771 0 3 16 1771 104
ROW 1771 1 2 32 1771 54
ROW 1771 2 15 32 1771 54
ROW 1771 3 1 8 1771 197
ROW 1771 4 3 4 1771 354
ROW 1771 5 44 255 1771 7
ROW 1771 6 24 24 1771 71
ROW 1771 7 12 24 1771 71
ROW 1772 0 4 16 1772 104
ROW 1772 1 3 32 1772 54
ROW 1772 2 16 32 1772 54
ROW 1772 3 2 8 1772 197
ROW 1772 4 4 4 1772 355
ROW 1772 5 45 255 1772 7
ROW 1772 6 0 24 1772 71
ROW 1772 7 13 24 1772 71
ROW 1773 0 5 16 1773 104
ROW 1773 1 4 32 1773 54
ROW 1773 2 17 32 1773 54
ROW 1773 3 3 8 1773 197
ROW 1773 4 0 4 1773 355
ROW 1773 5 46 255 1773 7
ROW 1773 6 1 24 1773 71
ROW 1773 7 14 24 1773 71
ROW 1774 0 6 16 1774 104
ROW 1774 1 5 32 1774 54
ROW 1774 2 18 32 1774 54
ROW 1774 3 4 8 1774 197
ROW 1774 4 1 4 1774 355
ROW 1774 5 47 255 1774 7
ROW 1774 6 2 24 1774 71
ROW 1774 7 15 24 1774 71
ROW 1775 0 7 16 1775 104
ROW 1775 1 6 32 1775 54
ROW 1775 2 19 32 1775 54
ROW 1775 3 5 8 1775 197
ROW 1775 4 2 4 1775 355
ROW 1775 5 48 255 1775 7
ROW 1775 6 3 24 1775 71
ROW 1775 7 16 24 1775 71
ROW 1776 0 8 16 1776 104
ROW 1776 1 7 32 1776 54
ROW 1776 2 20 32 1776 54
ROW 1776 3 6 8 1776 197
ROW 1776 4 3 4 1776 355
ROW 1776 5 49 255 1776 7
ROW 1776 6 4 24 1776 71
ROW 1776 7 17 24 1776 71
ROW 1777 0 9 16 1777 104
ROW 1777 1 8 32 1777 54
ROW 1777 2 21 32 1777 54
ROW 1777 3 7 8 1777 197
ROW 1777 4 4 4 1777 356
ROW 1777 5 50 255 1777 7
ROW 1777 6 5 24 1777 71
ROW 1777 7 18 24 1777 71
ROW 1778 0 10 16 1778 104
ROW 1778 1 9 32 1778 54
ROW 1778 2 22 32 1778 54
ROW 1778 3 8 8 1778 198
ROW 1778 4 0 4 1778 356
ROW 1778 5 51 255 1778 7
ROW 1778 6 6 24 1778 71
ROW 1778 7 19 24 1778 71
ROW 1779 0 11 16 1779 104
ROW 1779 1 10 32 1779 54
ROW 1779 2 23 32 1779 54
ROW 1779 3 0 8 1779 198
ROW 1779 4 1 4 1779 356
ROW 1779 5 52 255 1779 7
ROW 1779 6 7 24 1779 71
ROW 1779 7 20 24 1779 71
ROW 1780 0 12 16 1780 104
ROW 1780 1 11 32 1780 54
ROW 1780 2 24 32 1780 54
ROW 1780 3 1 8 1780 198
ROW 1780 4 2 4 1780 356
ROW 1780 5 53 255 1780 7
ROW 1780 6 8 24 1780 71
ROW 1780 7 21 24 1780 71
ROW 1781 0 13 16 1781 104
ROW 1781 1 12 32 1781 54
ROW 1781 2 25 32 1781 54
ROW 1781 3 2 8 1781 198
ROW 1781 4 3 4 1781 356
ROW 1781 5 54 255 1781 7
ROW 1781 6 9 24 1781 71
ROW 1781 7 22 24 1781 71
ROW 1782 0 14 16 1782 104
ROW 1782 1 13 32 1782 54
ROW 1782 2 26 32 1782 54
ROW 1782 3 3 8 1782 198
ROW 1782 4 4 4 1782 357
ROW 1782 5 55 255 1782 7
ROW 1782 6 10 24 1782 71
ROW 1782 7 23 24 1782 71
ROW 1783 0 15 16 1783 104
ROW 1783 1 14 32 1783 54
ROW 1783 2 27 32 1783 54
ROW 1783 3 4 8 1783 198
ROW 1783 4 0 4 1783 357
ROW 1783 5 56 255 1783 7
ROW 1783 6 11 24 1783 71
ROW 1783 7 24 24 1783 72
ROW 1784 0 16 16 1784 105
ROW 1784 1 15 32 1784 54
ROW 1784 2 28 32 1784 54
ROW 1784 3 5 8 1784 198
ROW 1784 4 1 4 1784 357
ROW 1784 5 57 255 1784 7
ROW 1784 6 12 24 1784 71
ROW 1784 7 0 24 1784 72
ROW 1785 0 0 16 1785 105
ROW 1785 1 16 32 1785 54
ROW 1785 2 29 32 1785 54
ROW 1785 3 6 8 1785 198
ROW 1785 4 2 4 1785 357
ROW 1785 5 58 255 1785 7
ROW 1785 6 13 24 1785 71
ROW 1785 7 1 24 1785 72
ROW 1786 0 1 16 1786 105
ROW 1786 1 17 32 1786 54
ROW 1786 2 30 32 1786 54
ROW 1786 3 7 8 1786 198
ROW 1786 4 3 4 1786 357
ROW 1786 5 59 255 1786 7
ROW 1786 6 14 24 1786 71
ROW 1786 7 2 24 1786 72
ROW 1787 0 2 16 1787 105
ROW 1787 1 18 32 1787 54
ROW 1787 2 31 32 1787 54
ROW 1787 3 8 8 1787 199
ROW 1787 4 4 4 1787 358
ROW 1787 5 60 255 1787 7
ROW 1787 6 15 24 1787 71
ROW 1787 7 3 24 1787 72
ROW 1788 0 3 16 1788 105
ROW 1788 1 19 32 1788 54
ROW 1788 2 32 32 1788 55
ROW 1788 3 0 8 1788 199
ROW 1788 4 0 4 1788 358
ROW 1788 5 61 255 1788 7
ROW 1788 6 16 24 1788 71
ROW 1788 7 4 24 1788 72
ROW 1789 0 4 16 1789 105
ROW 1789 1 20 32 1789 54
ROW 1789 2 0 32 1789 55
ROW 1789 3 1 8 1789 199
ROW 1789 4 1 4 1789 358
ROW 1789 5 62 255 1789 7
ROW 1789 6 17 24 1789 71
ROW 1789 7 5 24 1789 72
ROW 1790 0 5 16 1790 105
ROW 1790 1 21 32 1790 54
ROW 1790 2 1 32 1790 55
ROW 1790 3 2 8 1790 199
ROW 1790 4 2 4 1790 358
ROW 1790 5 63 255 1790 7
ROW 1790 6 18 24 1790 71
ROW 1790 7 6 24 1790 72
ROW 1791 0 6 16 1791 105
ROW 1791 1 22 32 1791 54
ROW 1791 2 2 32 1791 55
ROW 1791 3 3 8 1791 199
ROW 1791 4 3 4 1791 358
ROW 1791 5 64 255 1791 7
ROW 1791 6 19 24 1791 71
ROW 1791 7 7 24 1791 72
ROW 1792 0 7 16 1792 105
ROW 1792 1 23 32 1792 54
ROW 1792 2 3 32 1792 55
ROW 1792 3 4 8 1792 199
ROW 1792 4 4 4 1792 359
ROW 1792 5 65 255 1792 7
ROW 1792 6 20 24 1792 71
ROW 1792 7 8 24 1792 72
ROW 1793 0 8 16 1793 105
ROW 1793 1 24 32 1793 54
ROW 1793 2 4 32 1793 55
ROW 1793 3 5 8 1793 199
ROW 1793 4 0 4 1793 359
ROW 1793 5 66 255 1793 7
ROW 1793 6 21 24 1793 71
ROW 1793 7 9 24 1793 72
ROW 1794 0 9 16 1794 105
ROW 1794 1 25 32 1794 54
ROW 1794 2 5 32 1794 55
ROW 1794 3 6 8 1794 199
ROW 1794 4 1 4 1794 359
ROW 1794 5 67 255 1794 7
ROW 1794 6 22 24 1794 71
ROW 1794 7 10 24 1794 72
ROW 1795 0 10 16 1795 105
ROW 1795 1 26 32 1795 54
ROW 1795 2 6 32 1795 55
ROW 1795 3 7 8 1795 199
ROW 1795 4 2 4 1795 359
ROW 1795 5 68 255 1795 7
ROW 1795 6 23 24 1795 71
ROW 1795 7 11 24 1795 72
ROW 1796 0 11 16 1796 105
ROW 1796 1 27 32 1796 54
ROW 1796 2 7 32 1796 55
ROW 1796 3 8 8 1796 200
ROW 1796 4 3 4 1796 359
ROW 1796 5 69 255 1796 7
ROW 1796 6 24 24 1796 72
ROW 1796 7 12 24 1796 72
ROW 1797 0 12 16 1797 105
ROW 1797 1 28 32 1797 54
ROW 1797 2 8 32 1797 55
ROW 1797 3 0 8 1797 200
ROW 1797 4 4 4 1797 360
ROW 1797 5 70 255 1797 7
ROW 1797 6 0 24 1797 72
ROW 1797 7 13 24 1797 72
ROW 1798 0 13 16 1798 105
ROW 1798 1 29 32 1798 54
ROW 1798 2 9 32 1798 55
ROW 1798 3 1 8 1798 200
ROW 1798 4 0 4 1798 360
ROW 1798 5 71 255 1798 7
ROW 1798 6 1 24 1798 72
ROW 1798 7 14 24 1798 72
ROW 1799 0 14 16 1799 105
ROW 1799 1 30 32 1799 54
ROW 1799 2 10 32 1799 55
ROW 1799 3 2 8 1799 200
ROW 1799 4 1 4 1799 360
ROW 1799 5 72 255 1799 7
ROW 1799 6 2 24 1799 72
ROW 1799 7 15 24 1799 72
ROW 1800 0 15 16 1800 105
ROW 1800 1 31 32 1800 54
ROW 1800 2 11 32 1800 55
ROW 1800 3 3 8 1800 200
ROW 1800 4 2 4 1800 360
ROW 1800 5 73 255 1800 7
ROW 1800 6 3 24 1800 72
ROW 1800 7 16 24 1800 72
ROW 1801 0 16 16 1801 106
ROW 1801 1 32 32 1801 55
ROW 1801 2 12 32 1801 55
ROW 1801 3 4 8 1801 200
ROW 1801 4 3 4 1801 360
ROW 1801 5 74 255 1801 7
ROW 1801 6 4 24 1801 72
ROW 1801 7 17 24 1801 72
ROW 1802 0 0 16 1802 106
ROW 1802 1 0 32 1802 55
ROW 1802 2 13 32 1802 55
ROW 1802 3 5 8 1802 200
ROW 1802 4 4 4 1802 361
ROW 1802 5 75 255 1802 7
ROW 1802 6 5 24 1802 72
ROW 1802 7 18 24 1802 72
ROW 1803 0 1 16 1803 106
ROW 1803 1 1 32 1803 55
ROW 1803 2 14 32 1803 55
ROW 1803 3 6 8 1803 200
ROW 1803 4 0 4 1803 361
ROW 1803 5 76 255 1803 7
ROW 1803 6 6 24 1803 72
ROW 1803 7 19 24 1803 72
ROW 1804 0 2 16 1804 106
ROW 1804 1 2 32 1804 55
ROW 1804 2 15 32 1804 55
ROW 1804 3 7 8 1804 200
ROW 1804 4 1 4 1804 361
ROW 1804 5 77 255 1804 7
ROW 1804 6 7 24 1804 72
ROW 1804 7 20 24 1804 72
ROW 1805 0 3 16 1805 106
ROW 1805 1 3 32 1805 55
ROW 1805 2 16 32 1805 55
ROW 1805 3 8 8 1805 201
ROW 1805 4 2 4 1805 361
ROW 1805 5 78 255 1805 7
ROW 1805 6 8 24 1805 72
ROW 1805 7 21 24 1805 72
ROW 1806 0 4 16 1806 106
ROW 1806 1 4 32 1806 55
ROW 1806 2 17 32 1806 55
ROW 1806 3 0 8 1806 201
ROW 1806 4 3 4 1806 361
ROW 1806 5 79 255 1806 7
ROW 1806 6 9 24 1806 72
ROW 1806 7 22 24 1806 72
ROW 1807 0 5 16 1807 106
ROW 1807 1 5 32 1807 55
ROW 1807 2 18 32 1807 55
ROW 1807 3 1 8 1807 201
ROW 1807 4 4 4 1807 362
ROW 1807 5 80 255 1807 7
ROW 1807 6 10 24 1807 72
ROW 1807 7 23 24 1807 72
ROW 1808 0 6 16 1808 106
ROW 1808 1 6 32 1808 55
ROW 1808 2 19 32 1808 55
ROW 1808 3 2 8 1808 201
ROW 1808 4 0 4 1808 362
ROW 1808 5 81 255 1808 7
ROW 1808 6 11 24 1808 72
ROW 1808 7 24 24 1808 73
ROW 1809 0 7 16 1809 106
ROW 1809 1 7 32 1809 55
ROW 1809 2 20 32 1809 55
ROW 1809 3 3 8 1809 201
ROW 1809 4 1 4 1809 362
ROW 1809 5 82 255 1809 7
ROW 1809 6 12 24 1809 72
ROW 1809 7 0 24 1809 73
ROW 1810 0 8 16 1810 106
ROW 1810 1 8 32 1810 55
ROW 1810 2 21 32 1810 55
ROW 1810 3 4 8 1810 201
ROW 1810 4 2 4 1810 362
ROW 1810 5 83 255 1810 7
ROW 1810 6 13 24 1810 72
ROW 1810 7 1 24 1810 73
ROW 1811 0 9 16 1811 106
ROW 1811 1 9 32 1811 55
ROW 1811 2 22 32 1811 55
ROW 1811 3 5 8 1811 201
ROW 1811 4 3 4 1811 362
ROW 1811 5 84 255 1811 7
ROW 1811 6 14 24 1811 72
ROW 1811 7 2 24 1811 73
ROW 1812 0 10 16 1812 106
ROW 1812 1 10 32 1812 55
ROW 1812 2 23 32 1812 55
ROW 1812 3 6 8 1812 201
ROW 1812 4 4 4 1812 363
ROW 1812 5 85 255 1812 7
ROW 1812 6 15 24 1812 72
ROW 1812 7 3 24 1812 73
ROW 1813 0 11 16 1813 106
ROW 1813 1 11 32 1813 55
ROW 1813 2 24 32 1813 55
ROW 1813 3 7 8 1813 201
ROW 1813 4 0 4 1813 363
ROW 1813 5 86 255 1813 7
ROW 1813 6 16 24 1813 72
ROW 1813 7 4 24 1813 73
ROW 1814 0 12 16 1814 106
ROW 1814 1 12 32 1814 55
ROW 1814 2 25 32 1814 55
ROW 1814 3 8 8 1814 202
ROW 1814 4 1 4 1814 363
ROW 1814 5 87 255 1814 7
ROW 1814 6 17 24 1814 72
ROW 1814 7 5 24 1814 73
ROW 1815 0 13 16 1815 106
ROW 1815 1 13 32 1815 55
ROW 1815 2 26 32 1815 55
ROW 1815 3 0 8 1815 202
ROW 1815 4 2 4 1815 363
ROW 1815 5 88 255 1815 7
ROW 1815 6 18 24 1815 72
ROW 1815 7 6 24 1815 73
ROW 1816 0 14 16 1816 106
ROW 1816 1 14 32 1816 55
ROW 1816 2 27 32 1816 55
ROW 1816 3 1 8 1816 202
ROW 1816 4 3 4 1816 363
ROW 1816 5 89 255 1816 7
ROW 1816 6 19 24 1816 72
ROW 1816 7 7 24 1816 73
ROW 1817 0 15 16 1817 106
ROW 1817 1 15 32 1817 55
ROW 1817 2 28 32 1817 55
ROW 1817 3 2 8 1817 202
ROW 1817 4 4 4 1817 364
ROW 1817 5 90 255 1817 7
ROW 1817 6 20 24 1817 72
ROW 1817 7 8 24 1817 73
ROW 1818 0 16 16 1818 107
ROW 1818 1 16 32 1818 55
ROW 1818 2 29 32 1818 55
ROW 1818 3 3 8 1818 202
ROW 1818 4 0 4 1818 364
ROW 1818 5 91 255 1818 7
ROW 1818 6 21 24 1818 72
ROW 1818 7 9 24 1818 73
ROW 1819 0 0 16 1819 107
ROW 1819 1 17 32 1819 55
ROW 1819 2 30 32 1819 55
ROW 1819 3 4 8 1819 202
ROW 1819 4 1 4 1819 364
ROW 1819 5 92 255 1819 7
ROW 1819 6 22 24 1819 72
ROW 1819 7 10 24 1819 73
ROW 1820 0 1 16 1820 107
ROW 1820 1 18 32 1820 55
ROW 1820 2 31 32 1820 55
ROW 1820 3 5 8 1820 202
ROW 1820 4 2 4 1820 364
ROW 1820 5 93 255 1820 7
ROW 1820 6 23 24 1820 72
ROW 1820 7 11 24 1820 73
ROW 1821 0 2 16 1821 107
ROW 1821 1 19 32 1821 55
ROW 1821 2 32 32 1821 56
ROW 1821 3 6 8 1821 202
ROW 1821 4 3 4 1821 364
ROW 1821 5 94 255 1821 7
ROW 1821 6 24 24 1821 73
ROW 1821 7 12 24 1821 73
ROW 1822 0 3 16 1822 107
ROW 1822 1 20 32 1822 55
ROW 1822 2 0 32 1822 56
ROW 1822 3 7 8 1822 202
ROW 1822 4 4 4 1822 365
ROW 1822 5 95 255 1822 7
ROW 1822 6 0 24 1822 73
ROW 1822 7 13 24 1822 73
ROW 1823 0 4 16 1823 107
ROW 1823 1 21 32 1823 55
ROW 1823 2 1 32 1823 56
ROW 1823 3 8 8 1823 203
ROW 1823 4 0 4 1823 365
ROW 1823 5 96 255 1823 7
ROW 1823 6 1 24 1823 73
ROW 1823 7 14 24 1823 73
ROW 1824 0 5 16 1824 107
ROW 1824 1 22 32 1824 55
ROW 1824 2 2 32 1824 56
ROW 1824 3 0 8 1824 203
ROW 1824 4 1 4 1824 365
ROW 1824 5 97 255 1824 7
ROW 1824 6 2 24 1824 73
ROW 1824 7 15 24 1824 73
ROW 1825 0 6 16 1825 107
ROW 1825 1 23 32 1825 55
ROW 1825 2 3 32 1825 56
ROW 1825 3 1 8 1825 203
ROW 1825 4 2 4 1825 365
ROW 1825 5 98 255 1825 7
ROW 1825 6 3 24 1825 73
ROW 1825 7 16 24 1825 73
ROW 1826 0 7 16 1826 107
ROW 1826 1 24 32 1826 55
ROW 1826 2 4 32 1826 56
ROW 1826 3 2 8 1826 203
ROW 1826 4 3 4 1826 365
ROW 1826 5 99 255 1826 7
ROW 1826 6 4 24 1826 73
ROW 1826 7 17 24 1826 73
ROW 1827 0 8 16 1827 107
ROW 1827 1 25 32 1827 55
ROW 1827 2 5 32 1827 56
ROW 1827 3 3 8 1827 203
ROW 1827 4 4 4 1827 366
ROW 1827 5 100 255 1827 7
ROW 1827 6 5 24 1827 73
ROW 1827 7 18 24 1827 73
ROW 1828 0 9 16 1828 107
ROW 1828 1 26 32 1828 55
ROW 1828 2 6 32 1828 56
ROW 1828 3 4 8 1828 203
ROW 1828 4 0 4 1828 366
ROW 1828 5 101 255 1828 7
ROW 1828 6 6 24 1828 73
ROW 1828 7 19 24 1828 73
ROW 1829 0 10 16 1829 107
ROW 1829 1 27 32 1829 55
ROW 1829 2 7 32 1829 56
ROW 1829 3 5 8 1829 203
ROW 1829 4 1 4 1829 366
ROW 1829 5 102 255 1829 7
ROW 1829 6 7 24 1829 73
ROW 1829 7 20 24 1829 73
ROW 1830 0 11 16 1830 107
ROW 1830 1 28 32 1830 55
ROW 1830 2 8 32 1830 56
ROW 1830 3 6 8 1830 203
ROW 1830 4 2 4 1830 366
ROW 1830 5 103 255 1830 7
ROW 1830 6 8 24 1830 73
ROW 1830 7 21 24 1830 73
ROW 1831 0 12 16 1831 107
ROW 1831 1 29 32 1831 55
ROW 1831 2 9 32 1831 56
ROW 1831 3 7 8 1831 203
ROW 1831 4 3 4 1831 366
ROW 1831 5 104 255 1831 7
ROW 1831 6 9 24 1831 73
ROW 1831 7 22 24 1831 73
ROW 1832 0 13 16 1832 107
ROW 1832 1 30 32 1832 55
ROW 1832 2 10 32 1832 56
ROW 1832 3 8 8 1832 204
ROW 1832 4 4 4 1832 367
ROW 1832 5 105 255 1832 7
ROW 1832 6 10 24 1832 73
ROW 1832 7 23 24 1832 73
ROW 1833 0 14 16 1833 107
ROW 1833 1 31 32 1833 55
ROW 1833 2 11 32 1833 56
ROW 1833 3 0 8 1833 204
ROW 1833 4 0 4 1833 367
ROW 1833 5 106 255 1833 7
ROW 1833 6 11 24 1833 73
ROW 1833 7 24 24 1833 74
ROW 1834 0 15 16 1834 107
ROW 1834 1 32 32 1834 56
ROW 1834 2 12 32 1834 56
ROW 1834 3 1 8 1834 204
ROW 1834 4 1 4 1834 367
ROW 1834 5 107 255 1834 7
ROW 1834 6 12 24 1834 73
ROW 1834 7 0 24 1834 74
ROW 1835 0 16 16 1835 108
ROW 1835 1 0 32 1835 56
ROW 1835 2 13 32 1835 56
ROW 1835 3 2 8 1835 204
ROW 1835 4 2 4 1835 367
ROW 1835 5 108 255 1835 7
ROW 1835 6 13 24 1835 73
ROW 1835 7 1 24 1835 74
ROW 1836 0 0 16 1836 108
ROW 1836 1 1 32 1836 56
ROW 1836 2 14 32 1836 56
ROW 1836 3 3 8 1836 204
ROW 1836 4 3 4 1836 367
ROW 1836 5 109 255 1836 7
ROW 1836 6 14 24 1836 73
ROW 1836 7 2 24 1836 74
ROW 1837 0 1 16 1837 108
ROW 1837 1 2 32 1837 56
ROW 1837 2 15 32 1837 56
ROW 1837 3 4 8 1837 204
ROW 1837 4 4 4 1837 368
ROW 1837 5 110 255 1837 7
ROW 1837 6 15 24 1837 73
ROW 1837 7 3 24 1837 74
ROW 1838 0 2 16 1838 108
ROW 1838 1 3 32 1838 56
ROW 1838 2 16 32 1838 56
ROW 1838 3 5 8 1838 204
ROW 1838 4 0 4 1838 368
ROW 1838 5 111 255 1838 7
ROW 1838 6 16 24 1838 73
ROW 1838 7 4 24 1838 74
ROW 1839 0 3 16 1839 108
ROW 1839 1 4 32 1839 56
ROW 1839 2 17 32 1839 56
ROW 1839 3 6 8 1839 204
ROW 1839 4 1 4 1839 368
ROW 1839 5 112 255 1839 7
ROW 1839 6 17 24 1839 73
ROW 1839 7 5 24 1839 74
ROW 1840 0 4 16 1840 108
ROW 1840 1 5 32 1840 56
ROW 1840 2 18 32 1840 56
ROW 1840 3 7 8 1840 204
ROW 1840 4 2 4 1840 368
ROW 1840 5 113 255 1840 7
ROW 1840 6 18 24 1840 73
ROW 1840 7 6 24 1840 74
ROW 1841 0 5 16 1841 108
ROW 1841 1 6 32 1841 56
ROW 1841 2 19 32 1841 56
ROW 1841 3 8 8 1841 205
ROW 1841 4 3 4 1841 368
ROW 1841 5 114 255 1841 7
ROW 1841 6 19 24 1841 73
ROW 1841 7 7 24 1841 74
ROW 1842 0 6 16 1842 108
ROW 1842 1 7 32 1842 56
ROW 1842 2 20 32 1842 56
ROW 1842 3 0 8 1842 205
ROW 1842 4 4 4 1842 369
ROW 1842 5 115 255 1842 7
ROW 1842 6 20 24 1842 73
ROW 1842 7 8 24 1842 74
ROW 1843 0 7 16 1843 108
ROW 1843 1 8 32 1843 56
ROW 1843 2 21 32 1843 56
ROW 1843 3 1 8 1843 205
ROW 1843 4 0 4 1843 369
ROW 1843 5 116 255 1843 7
ROW 1843 6 21 24 1843 73
ROW 1843 7 9 24 1843 74
ROW 1844 0 8 16 1844 108
ROW 1844 1 9 32 1844 56
ROW 1844 2 22 32 1844 56
ROW 1844 3 2 8 1844 205
ROW 1844 4 1 4 1844 369
ROW 1844 5 117 255 1844 7
ROW 1844 6 22 24 1844 73
ROW 1844 7 10 24 1844 74
ROW 1845 0 9 16 1845 108
ROW 1845 1 10 32 1845 56
ROW 1845 2 23 32 1845 56
ROW 1845 3 3 8 1845 205
ROW 1845 4 2 4 1845 369
ROW 1845 5 118 255 1845 7
ROW 1845 6 23 24 1845 73
ROW 1845 7 11 24 1845 74
ROW 1846 0 10 16 1846 108
ROW 1846 1 11 32 1846 56
ROW 1846 2 24 32 1846 56
ROW 1846 3 4 8 1846 205
ROW 1846 4 3 4 1846 369
ROW 1846 5 119 255 1846 7
ROW 1846 6 24 24 1846 74
ROW 1846 7 12 24 1846 74
ROW 1847 0 11 16 1847 108
ROW 1847 1 12 32 1847 56
ROW 1847 2 25 32 1847 56
ROW 1847 3 5 8 1847 205
ROW 1847 4 4 4 1847 370
ROW 1847 5 120 255 1847 7
ROW 1847 6 0 24 1847 74
ROW 1847 7 13 24 1847 74
ROW 1848 0 12 16 1848 108
ROW 1848 1 13 32 1848 56
ROW 1848 2 26 32 1848 56
ROW 1848 3 6 8 1848 205
ROW 1848 4 0 4 1848 370
ROW 1848 5 121 255 1848 7
ROW 1848 6 1 24 1848 74
ROW 1848 7 14 24 1848 74
ROW 1849 0 13 16 1849 108
ROW 1849 1 14 32 1849 56
ROW 1849 2 27 32 1849 56
ROW 1849 3 7 8 1849 205
ROW 1849 4 1 4 1849 370
ROW 1849 5 122 255 1849 7
ROW 1849 6 2 24 1849 74
ROW 1849 7 15 24 1849 74
ROW 1850 0 14 16 1850 108
ROW 1850 1 15 32 1850 56
ROW 1850 2 28 32 1850 56
ROW 1850 3 8 8 1850 206
ROW 1850 4 2 4 1850 370
ROW 1850 5 123 255 1850 7
ROW 1850 6 3 24 1850 74
ROW 1850 7 16 24 1850 74
ROW 1851 0 15 16 1851 108
ROW 1851 1 16 32 1851 56
ROW 1851 2 29 32 1851 56
ROW 1851 3 0 8 1851 206
ROW 1851 4 3 4 1851 370
ROW 1851 5 124 255 1851 7
ROW 1851 6 4 24 1851 74
ROW 1851 7 17 24 1851 74
ROW 1852 0 16 16 1852 109
ROW 1852 1 17 32 1852 56
ROW 1852 2 30 32 1852 56
ROW 1852 3 1 8 1852 206
ROW 1852 4 4 4 1852 371
ROW 1852 5 125 255 1852 7
ROW 1852 6 5 24 1852 74
ROW 1852 7 18 24 1852 74
ROW 1853 0 0 16 1853 109
ROW 1853 1 18 32 1853 56
ROW 1853 2 31 32 1853 56
ROW 1853 3 2 8 1853 206
ROW 1853 4 0 4 1853 371
ROW 1853 5 126 255 1853 7
ROW 1853 6 6 24 1853 74
ROW 1853 7 19 24 1853 74
ROW 1854 0 1 16 1854 109
ROW 1854 1 19 32 1854 56
ROW 1854 2 32 32 1854 57
ROW 1854 3 3 8 1854 206
ROW 1854 4 1 4 1854 371
ROW 1854 5 127 255 1854 7
ROW 1854 6 7 24 1854 74
ROW 1854 7 20 24 1854 74
ROW 1855 0 2 16 1855 109
ROW 1855 1 20 32 1855 56
ROW 1855 2 0 32 1855 57
ROW 1855 3 4 8 1855 206
ROW 1855 4 2 4 1855 371
ROW 1855 5 128 255 1855 7
ROW 1855 6 8 24 1855 74
ROW 1855 7 21 24 1855 74
ROW 1856 0 3 16 1856 109
ROW 1856 1 21 32 1856 56
ROW 1856 2 1 32 1856 57
ROW 1856 3 5 8 1856 206
ROW 1856 4 3 4 1856 371
ROW 1856 5 129 255 1856 7
ROW 1856 6 9 24 1856 74
ROW 1856 7 22 24 1856 74
ROW 1857 0 4 16 1857 109
ROW 1857 1 22 32 1857 56
ROW 1857 2 2 32 1857 57
ROW 1857 3 6 8 1857 206
ROW 1857 4 4 4 1857 372
ROW 1857 5 130 255 1857 7
ROW 1857 6 10 24 1857 74
ROW 1857 7 23 24 1857 74
ROW 1858 0 5 16 1858 109
ROW 1858 1 23 32 1858 56
ROW 1858 2 3 32 1858 57
ROW 1858 3 7 8 1858 206
ROW 1858 4 0 4 1858 372
ROW 1858 5 131 255 1858 7
ROW 1858 6 11 24 1858 74
ROW 1858 7 24 24 1858 75
ROW 1859 0 6 16 1859 109
ROW 1859 1 24 32 1859 56
ROW 1859 2 4 32 1859 57
ROW 1859 3 8 8 1859 207
ROW 1859 4 1 4 1859 372
ROW 1859 5 132 255 1859 7
ROW 1859 6 12 24 1859 74
ROW 1859 7 0 24 1859 75
ROW 1860 0 7 16 1860 109
ROW 1860 1 25 32 1860 56
ROW 1860 2 5 32 1860 57
ROW 1860 3 0 8 1860 207
ROW 1860 4 2 4 1860 372
ROW 1860 5 133 255 1860 7
ROW 1860 6 13 24 1860 74
ROW 1860 7 1 24 1860 75
ROW 1861 0 8 16 1861 109
ROW 1861 1 26 32 1861 56
ROW 1861 2 6 32 1861 57
ROW 1861 3 1 8 1861 207
ROW 1861 4 3 4 1861 372
ROW 1861 5 134 255 1861 7
ROW 1861 6 14 24 1861 74
ROW 1861 7 2 24 1861 75
ROW 1862 0 9 16 1862 109
ROW 1862 1 27 32 1862 56
ROW 1862 2 7 32 1862 57
ROW 1862 3 2 8 1862 207
ROW 1862 4 4 4 1862 373
ROW 1862 5 135 255 1862 7
ROW 1862 6 15 24 1862 74
ROW 1862 7 3 24 1862 75
ROW 1863 0 10 16 1863 109
ROW 1863 1 28 32 1863 56
ROW 1863 2 8 32 1863 57
ROW 1863 3 3 8 1863 207
ROW 1863 4 0 4 1863 373
ROW 1863 5 136 255 1863 7
ROW 1863 6 16 24 1863 74
ROW 1863 7 4 24 1863 75
ROW 1864 0 11 16 1864 109
ROW 1864 1 29 32 1864 56
ROW 1864 2 9 32 1864 57
ROW 1864 3 4 8 1864 207
ROW 1864 4 1 4 1864 373
ROW 1864 5 137 255 1864 7
ROW 1864 6 17 24 1864 74
ROW 1864 7 5 24 1864 75
ROW 1865 0 12 16 1865 109
ROW 1865 1 30 32 1865 56
ROW 1865 2 10 32 1865 57
ROW 1865 3 5 8 1865 207
ROW 1865 4 2 4 1865 373
ROW 1865 5 138 255 1865 7
ROW 1865 6 18 24 1865 74
ROW 1865 7 6 24 1865 75
ROW 1866 0 13 16 1866 109
ROW 1866 1 31 32 1866 56
ROW 1866 2 11 32 1866 57
ROW 1866 3 6 8 1866 207
ROW 1866 4 3 4 1866 373
ROW 1866 5 139 255 1866 7
ROW 1866 6 19 24 1866 74
ROW 1866 7 7 24 1866 75
ROW 1867 0 14 16 1867 109
ROW 1867 1 32 32 1867 57
ROW 1867 2 12 32 1867 57
ROW 1867 3 7 8 1867 207
ROW 1867 4 4 4 1867 374
ROW 1867 5 140 255 1867 7
ROW 1867 6 20 24 1867 74
ROW 1867 7 8 24 1867 75
ROW 1868 0 15 16 1868 109
ROW 1868 1 0 32 1868 57
ROW 1868 2 13 32 1868 57
ROW 1868 3 8 8 1868 208
ROW 1868 4 0 4 1868 374
ROW 1868 5 141 255 1868 7
ROW 1868 6 21 24 1868 74
ROW 1868 7 9 24 1868 75
ROW 1869 0 16 16 1869 110
ROW 1869 1 1 32 1869 57
ROW 1869 2 14 32 1869 57
ROW 1869 3 0 8 1869 208
ROW 1869 4 1 4 1869 374
ROW 1869 5 142 255 1869 7
ROW 1869 6 22 24 1869 74
ROW 1869 7 10 24 1869 75
ROW 1870 0 0 16 1870 110
ROW 1870 1 2 32 1870 57
ROW 1870 2 15 32 1870 57
ROW 1870 3 1 8 1870 208
ROW 1870 4 2 4 1870 374
ROW 1870 5 143 255 1870 7
ROW 1870 6 23 24 1870 74
ROW 1870 7 11 24 1870 75
ROW 1871 0 1 16 1871 110
ROW 1871 1 3 32 1871 57
ROW 1871 2 16 32 1871 57
ROW 1871 3 2 8 1871 208
ROW 1871 4 3 4 1871 374
ROW 1871 5 144 255 1871 7
ROW 1871 6 24 24 1871 75
ROW 1871 7 12 24 1871 75
ROW 1872 0 2 16 1872 110
ROW 1872 1 4 32 1872 57
ROW 1872 2 17 32 1872 57
ROW 1872 3 3 8 1872 208
ROW 1872 4 4 4 1872 375
ROW 1872 5 145 255 1872 7
ROW 1872 6 0 24 1872 75
ROW 1872 7 13 24 1872 75
ROW 1873 0 3 16 1873 110
ROW 1873 1 5 32 1873 57
ROW 1873 2 18 32 1873 57
ROW 1873 3 4 8 1873 208
ROW 1873 4 0 4 1873 375
ROW 1873 5 146 255 1873 7
ROW 1873 6 1 24 1873 75
ROW 1873 7 14 24 1873 75
ROW 1874 0 4 16 1874 110
ROW 1874 1 6 32 1874 57
ROW 1874 2 19 32 1874 57
ROW 1874 3 5 8 1874 208
ROW 1874 4 1 4 1874 375
ROW 1874 5 147 255 1874 7
ROW 1874 6 2 24 1874 75
ROW 1874 7 15 24 1874 75
ROW 1875 0 5 16 1875 110
ROW 1875 1 7 32 1875 57
ROW 1875 2 20 32 1875 57
ROW 1875 3 6 8 1875 208
ROW 1875 4 2 4 1875 375
ROW 1875 5 148 255 1875 7
ROW 1875 6 3 24 1875 75
ROW 1875 7 16 24 1875 75
ROW 1876 0 6 16 1876 110
ROW 1876 1 8 32 1876 57
ROW 1876 2 21 32 1876 57
ROW 1876 3 7 8 1876 208
ROW 1876 4 3 4 1876 375
ROW 1876 5 149 255 1876 7
ROW 1876 6 4 24 1876 75
ROW 1876 7 17 24 1876 75
ROW 1877 0 7 16 1877 110
ROW 1877 1 9 32 1877 57
ROW 1877 2 22 32 1877 57
ROW 1877 3 8 8 1877 209
ROW 1877 4 4 4 1877 376
ROW 1877 5 150 255 1877 7
ROW 1877 6 5 24 1877 75
ROW 1877 7 18 24 1877 75
ROW 1878 0 8 16 1878 110
ROW 1878 1 10 32 1878 57
ROW 1878 2 23 32 1878 57
ROW 1878 3 0 8 1878 209
ROW 1878 4 0 4 1878 376
ROW 1878 5 151 255 1878 7
ROW 1878 6 6 24 1878 75
ROW 1878 7 19 24 1878 75
ROW 1879 0 9 16 1879 110
ROW 1879 1 11 32 1879 57
ROW 1879 2 24 32 1879 57
ROW 1879 3 1 8 1879 209
ROW 1879 4 1 4 1879 376
ROW 1879 5 152 255 1879 7
ROW 1879 6 7 24 1879 75
ROW 1879 7 20 24 1879 75
ROW 1880 0 10 16 1880 110
ROW 1880 1 12 32 1880 57
ROW 1880 2 25 32 1880 57
ROW 1880 3 2 8 1880 209
ROW 1880 4 2 4 1880 376
ROW 1880 5 153 255 1880 7
ROW 1880 6 8 24 1880 75
ROW 1880 7 21 24 1880 75
ROW 1881 0 11 16 1881 110
ROW 1881 1 13 32 1881 57
ROW 1881 2 26 32 1881 57
ROW 1881 3 3 8 1881 209
ROW 1881 4 3 4 1881 376
ROW 1881 5 154 255 1881 7
ROW 1881 6 9 24 1881 75
ROW 1881 7 22 24 1881 75
ROW 1882 0 12 16 1882 110
ROW 1882 1 14 32 1882 57
ROW 1882 2 27 32 1882 57
ROW 1882 3 4 8 1882 209
ROW 1882 4 4 4 1882 377
ROW 1882 5 155 255 1882 7
ROW 1882 6 10 24 1882 75
ROW 1882 7 23 24 1882 75
ROW 1883 0 13 16 1883 110
ROW 1883 1 15 32 1883 57
ROW 1883 2 28 32 1883 57
ROW 1883 3 5 8 1883 209
ROW 1883 4 0 4 1883 377
ROW 1883 5 156 255 1883 7
ROW 1883 6 11 24 1883 75
ROW 1883 7 24 24 1883 76
ROW 1884 0 14 16 1884 110
ROW 1884 1 16 32 1884 57
ROW 1884 2 29 32 1884 57
ROW 1884 3 6 8 1884 209
ROW 1884 4 1 4 1884 377
ROW 1884 5 157 255 1884 7
ROW 1884 6 12 24 1884 75
ROW 1884 7 0 24 1884 76
ROW 1885 0 15 16 1885 110
ROW 1885 1 17 32 1885 57
ROW 1885 2 30 32 1885 57
ROW 1885 3 7 8 1885 209
ROW 1885 4 2 4 1885 377
ROW 1885 5 158 255 1885 7
ROW 1885 6 13 24 1885 75
ROW 1885 7 1 24 1885 76
ROW 1886 0 16 16 1886 111
ROW 1886 1 18 32 1886 57
ROW 1886 2 31 32 1886 57
ROW 1886 3 8 8 1886 210
ROW 1886 4 3 4 1886 377
ROW 1886 5 159 255 1886 7
ROW 1886 6 14 24 1886 75
ROW 1886 7 2 24 1886 76
ROW 1887 0 0 16 1887 111
ROW 1887 1 19 32 1887 57
ROW 1887 2 32 32 1887 58
ROW 1887 3 0 8 1887 210
ROW 1887 4 4 4 1887 378
ROW 1887 5 160 255 1887 7
ROW 1887 6 15 24 1887 75
ROW 1887 7 3 24 1887 76
ROW 1888 0 1 16 1888 111
ROW 1888 1 20 32 1888 57
ROW 1888 2 0 32 1888 58
ROW 1888 3 1 8 1888 210
ROW 1888 4 0 4 1888 378
ROW 1888 5 161 255 1888 7
ROW 1888 6 16 24 1888 75
ROW 1888 7 4 24 1888 76
ROW 1889 0 2 16 1889 111
ROW 1889 1 21 32 1889 57
ROW 1889 2 1 32 1889 58
ROW 1889 3 2 8 1889 210
ROW 1889 4 1 4 1889 378
ROW 1889 5 162 255 1889 7
ROW 1889 6 17 24 1889 75
ROW 1889 7 5 24 1889 76
ROW 1890 0 3 16 1890 111
ROW 1890 1 22 32 1890 57
ROW 1890 2 2 32 1890 58
ROW 1890 3 3 8 1890 210
ROW 1890 4 2 4 1890 378
ROW 1890 5 163 255 1890 7
ROW 1890 6 18 24 1890 75
ROW 1890 7 6 24 1890 76
ROW 1891 0 4 16 1891 111
ROW 1891 1 23 32 1891 57
ROW 1891 2 3 32 1891 58
ROW 1891 3 4 8 1891 210
ROW 1891 4 3 4 1891 378
ROW 1891 5 164 255 1891 7
ROW 1891 6 19 24 1891 75
ROW 1891 7 7 24 1891 76
ROW 1892 0 5 16 1892 111
ROW 1892 1 24 32 1892 57
ROW 1892 2 4 32 1892 58
ROW 1892 3 5 8 1892 210
ROW 1892 4 4 4 1892 379
ROW 1892 5 165 255 1892 7
ROW 1892 6 20 24 1892 75
ROW 1892 7 8 24 1892 76
ROW 1893 0 6 16 1893 111
ROW 1893 1 25 32 1893 57
ROW 1893 2 5 32 1893 58
ROW 1893 3 6 8 1893 210
ROW 1893 4 0 4 1893 379
ROW 1893 5 166 255 1893 7
ROW 1893 6 21 24 1893 75
ROW 1893 7 9 24 1893 76
ROW 1894 0 7 16 1894 111
ROW 1894 1 26 32 1894 57
ROW 1894 2 6 32 1894 58
ROW 1894 3 7 8 1894 210
ROW 1894 4 1 4 1894 379
ROW 1894 5 167 255 1894 7
ROW 1894 6 22 24 1894 75
ROW 1894 7 10 24 1894 76
ROW 1895 0 8 16 1895 111
ROW 1895 1 27 32 1895 57
ROW 1895 2 7 32 1895 58
ROW 1895 3 8 8 1895 211
ROW 1895 4 2 4 1895 379
ROW 1895 5 168 255 1895 7
ROW 1895 6 23 24 1895 75
ROW 1895 7 11 24 1895 76
ROW 1896 0 9 16 1896 111
ROW 1896 1 28 32 1896 57
ROW 1896 2 8 32 1896 58
ROW 1896 3 0 8 1896 211
ROW 1896 4 3 4 1896 379
ROW 1896 5 169 255 1896 7
ROW 1896 6 24 24 1896 76
ROW 1896 7 12 24 1896 76
ROW 1897 0 10 16 1897 111
ROW 1897 1 29 32 1897 57
ROW 1897 2 9 32 1897 58
ROW 1897 3 1 8 1897 211
ROW 1897 4 4 4 1897 380
ROW 1897 5 170 255 1897 7
ROW 1897 6 0 24 1897 76
ROW 1897 7 13 24 1897 76
ROW 1898 0 11 16 1898 111
ROW 1898 1 30 32 1898 57
ROW 1898 2 10 32 1898 58
ROW 1898 3 2 8 1898 211
ROW 1898 4 0 4 1898 380
ROW 1898 5 171 255 1898 7
ROW 1898 6 1 24 1898 76
ROW 1898 7 14 24 1898 76
ROW 1899 0 12 16 1899 111
ROW 1899 1 31 32 1899 57
ROW 1899 2 11 32 1899 58
ROW 1899 3 3 8 1899 211
ROW 1899 4 1 4 1899 380
ROW 1899 5 172 255 1899 7
ROW 1899 6 2 24 1899 76
ROW 1899 7 15 24 1899 76
ROW 1900 0 13 16 1900 111
ROW 1900 1 32 32 1900 58
ROW 1900 2 12 32 1900 58
ROW 1900 3 4 8 1900 211
ROW 1900 4 2 4 1900 380
ROW 1900 5 173 255 1900 7
ROW 1900 6 3 24 1900 76
ROW 1900 7 16 24 1900 76
ROW 1901 0 14 16 1901 111
ROW 1901 1 0 32 1901 58
ROW 1901 2 13 32 1901 58
ROW 1901 3 5 8 1901 211
ROW 1901 4 3 4 1901 380
ROW 1901 5 174 255 1901 7
ROW 1901 6 4 24 1901 76
ROW 1901 7 17 24 1901 76
ROW 1902 0 15 16 1902 111
ROW 1902 1 1 32 1902 58
ROW 1902 2 14 32 1902 58
ROW 1902 3 6 8 1902 211
ROW 1902 4 4 4 1902 381
ROW 1902 5 175 255 1902 7
ROW 1902 6 5 24 1902 76
ROW 1902 7 18 24 1902 76
ROW 1903 0 16 16 1903 112
ROW 1903 1 2 32 1903 58
ROW 1903 2 15 32 1903 58
ROW 1903 3 7 8 1903 211
ROW 1903 4 0 4 1903 381
ROW 1903 5 176 255 1903 7
ROW 1903 6 6 24 1903 76
ROW 1903 7 19 24 1903 76
ROW 1904 0 0 16 1904 112
ROW 1904 1 3 32 1904 58
ROW 1904 2 16 32 1904 58
ROW 1904 3 8 8 1904 212
ROW 1904 4 1 4 1904 381
ROW 1904 5 177 255 1904 7
ROW 1904 6 7 24 1904 76
ROW 1904 7 20 24 1904 76
ROW 1905 0 1 16 1905 112
ROW 1905 1 4 32 1905 58
ROW 1905 2 17 32 1905 58
ROW 1905 3 0 8 1905 212
ROW 1905 4 2 4 1905 381
ROW 1905 5 178 255 1905 7
ROW 1905 6 8 24 1905 76
ROW 1905 7 21 24 1905 76
ROW 1906 0 2 16 1906 112
ROW 1906 1 5 32 1906 58
ROW 1906 2 18 32 1906 58
ROW 1906 3 1 8 1906 212
ROW 1906 4 3 4 1906 381
ROW 1906 5 179 255 1906 7
ROW 1906 6 9 24 1906 76
ROW 1906 7 22 24 1906 76
ROW 1907 0 3 16 1907 112
ROW 1907 1 6 32 1907 58
ROW 1907 2 19 32 1907 58
ROW 1907 3 2 8 1907 212
ROW 1907 4 4 4 1907 382
ROW 1907 5 180 255 1907 7
ROW 1907 6 10 24 1907 76
ROW 1907 7 23 24 1907 76
ROW 1908 0 4 16 1908 112
ROW 1908 1 7 32 1908 58
ROW 1908 2 20 32 1908 58
ROW 1908 3 3 8 1908 212
ROW 1908 4 0 4 1908 382
ROW 1908 5 181 255 1908 7
ROW 1908 6 11 24 1908 76
ROW 1908 7 24 24 1908 77
ROW 1909 0 5 16 1909 112
ROW 1909 1 8 32 1909 58
ROW 1909 2 21 32 1909 58
ROW 1909 3 4 8 1909 212
ROW 1909 4 1 4 1909 382
ROW 1909 5 182 255 1909 7
ROW 1909 6 12 24 1909 76
ROW 1909 7 0 24 1909 77
ROW 1910 0 6 16 1910 112
ROW 1910 1 9 32 1910 58
ROW 1910 2 22 32 1910 58
ROW 1910 3 5 8 1910 212
ROW 1910 4 2 4 1910 382
ROW 1910 5 183 255 1910 7
ROW 1910 6 13 24 1910 76
ROW 1910 7 1 24 1910 77
ROW 1911 0 7 16 1911 112
ROW 1911 1 10 32 1911 58
ROW 1911 2 23 32 1911 58
ROW 1911 3 6 8 1911 212
ROW 1911 4 3 4 1911 382
ROW 1911 5 184 255 1911 7
ROW 1911 6 14 24 1911 76
ROW 1911 7 2 24 1911 77
ROW 1912 0 8 16 1912 112
ROW 1912 1 11 32 1912 58
ROW 1912 2 24 32 1912 58
ROW 1912 3 7 8 1912 212
ROW 1912 4 4 4 1912 383
ROW 1912 5 185 255 1912 7
ROW 1912 6 15 24 1912 76
ROW 1912 7 3 24 1912 77
ROW 1913 0 9 16 1913 112
ROW 1913 1 12 32 1913 58
ROW 1913 2 25 32 1913 58
ROW 1913 3 8 8 1913 213
ROW 1913 4 0 4 1913 383
ROW 1913 5 186 255 1913 7
ROW 1913 6 16 24 1913 76
ROW 1913 7 4 24 1913 77
ROW 1914 0 10 16 1914 112
ROW 1914 1 13 32 1914 58
ROW 1914 2 26 32 1914 58
ROW 1914 3 0 8 1914 213
ROW 1914 4 1 4 1914 383
ROW 1914 5 187 255 1914 7
ROW 1914 6 17 24 1914 76
ROW 1914 7 5 24 1914 77
ROW 1915 0 11 16 1915 112
ROW 1915 1 14 32 1915 58
ROW 1915 2 27 32 1915 58
ROW 1915 3 1 8 1915 213
ROW 1915 4 2 4 1915 383
ROW 1915 5 188 255 1915 7
ROW 1915 6 18 24 1915 76
ROW 1915 7 6 24 1915 77
ROW 1916 0 12 16 1916 112
ROW 1916 1 15 32 1916 58
ROW 1916 2 28 32 1916 58
ROW 1916 3 2 8 1916 213
ROW 1916 4 3 4 1916 383
ROW 1916 5 189 255 1916 7
ROW 1916 6 19 24 1916 76
ROW 1916 7 7 24 1916 77
ROW 1917 0 13 16 1917 112
ROW 1917 1 16 32 1917 58
ROW 1917 2 29 32 1917 58
ROW 1917 3 3 8 1917 213
ROW 1917 4 4 4 1917 384
ROW 1917 5 190 255 1917 7
ROW 1917 6 20 24 1917 76
ROW 1917 7 8 24 1917 77
ROW 1918 0 14 16 1918 112
ROW 1918 1 17 32 1918 58
ROW 1918 2 30 32 1918 58
ROW 1918 3 4 8 1918 213
ROW 1918 4 0 4 1918 384
ROW 1918 5 191 255 1918 7
ROW 1918 6 21 24 1918 76
ROW 1918 7 9 24 1918 77
ROW 1919 0 15 16 1919 112
ROW 1919 1 18 32 1919 58
ROW 1919 2 31 32 1919 58
ROW 1919 3 5 8 1919 213
ROW 1919 4 1 4 1919 384
ROW 1919 5 192 255 1919 7
ROW 1919 6 22 24 1919 76
ROW 1919 7 10 24 1919 77
ROW 1920 0 16 16 1920 113
ROW 1920 1 19 32 1920 58
ROW 1920 2 32 32 1920 59
ROW 1920 3 6 8 1920 213
ROW 1920 4 2 4 1920 384
ROW 1920 5 193 255 1920 7
ROW 1920 6 23 24 1920 76
ROW 1920 7 11 24 1920 77
ROW 1921 0 0 16 1921 113
ROW 1921 1 20 32 1921 58
ROW 1921 2 0 32 1921 59
ROW 1921 3 7 8 1921 213
ROW 1921 4 3 4 1921 384
ROW 1921 5 194 255 1921 7
ROW 1921 6 24 24 1921 77
ROW 1921 7 12 24 1921 77
ROW 1922 0 1 16 1922 113
ROW 1922 1 21 32 1922 58
ROW 1922 2 1 32 1922 59
ROW 1922 3 8 8 1922 214
ROW 1922 4 4 4 1922 385
ROW 1922 5 195 255 1922 7
ROW 1922 6 0 24 1922 77
ROW 1922 7 13 24 1922 77
ROW 1923 0 2 16 1923 113
ROW 1923 1 22 32 1923 58
ROW 1923 2 2 32 1923 59
ROW 1923 3 0 8 1923 214
ROW 1923 4 0 4 1923 385
ROW 1923 5 196 255 1923 7
ROW 1923 6 1 24 1923 77
ROW 1923 7 14 24 1923 77
ROW 1924 0 3 16 1924 113
ROW 1924 1 23 32 1924 58
ROW 1924 2 3 32 1924 59
ROW 1924 3 1 8 1924 214
ROW 1924 4 1 4 1924 385
ROW 1924 5 197 255 1924 7
ROW 1924 6 2 24 1924 77
ROW 1924 7 15 24 1924 77
ROW 1925 0 4 16 1925 113
ROW 1925 1 24 32 1925 58
ROW 1925 2 4 32 1925 59
ROW 1925 3 2 8 1925 214
ROW 1925 4 2 4 1925 385
ROW 1925 5 198 255 1925 7
ROW 1925 6 3 24 1925 77
ROW 1925 7 16 24 1925 77
ROW 1926 0 5 16 1926 113
ROW 1926 1 25 32 1926 58
ROW 1926 2 5 32 1926 59
ROW 1926 3 3 8 1926 214
ROW 1926 4 3 4 1926 385
ROW 1926 5 199 255 1926 7
ROW 1926 6 4 24 1926 77
ROW 1926 7 17 24 1926 77
ROW 1927 0 6 16 1927 113
ROW 1927 1 26 32 1927 58
ROW 1927 2 6 32 1927 59
ROW 1927 3 4 8 1927 214
ROW 1927 4 4 4 1927 386
ROW 1927 5 200 255 1927 7
ROW 1927 6 5 24 1927 77
ROW 1927 7 18 24 1927 77
ROW 1928 0 7 16 1928 113
ROW 1928 1 27 32 1928 58
ROW 1928 2 7 32 1928 59
ROW 1928 3 5 8 1928 214
ROW 1928 4 0 4 1928 386
ROW 1928 5 201 255 1928 7
ROW 1928 6 6 24 1928 77
ROW 1928 7 19 24 1928 77
ROW 1929 0 8 16 1929 113
ROW 1929 1 28 32 1929 58
ROW 1929 2 8 32 1929 59
ROW 1929 3 6 8 1929 214
ROW 1929 4 1 4 1929 386
ROW 1929 5 202 255 1929 7
ROW 1929 6 7 24 1929 77
ROW 1929 7 20 24 1929 77
ROW 1930 0 9 16 1930 113
ROW 1930 1 29 32 1930 58
ROW 1930 2 9 32 1930 59
ROW 1930 3 7 8 1930 214
ROW 1930 4 2 4 1930 386
ROW 1930 5 203 255 1930 7
ROW 1930 6 8 24 1930 77
ROW 1930 7 21 24 1930 77
ROW 1931 0 10 16 1931 113
ROW 1931 1 30 32 1931 58
ROW 1931 2 10 32 1931 59
ROW 1931 3 8 8 1931 215
ROW 1931 4 3 4 1931 386
ROW 1931 5 204 255 1931 7
ROW 1931 6 9 24 1931 77
ROW 1931 7 22 24 1931 77
ROW 1932 0 11 16 1932 113
ROW 1932 1 31 32 1932 58
ROW 1932 2 11 32 1932 59
ROW 1932 3 0 8 1932 215
ROW 1932 4 4 4 1932 387
ROW 1932 5 205 255 1932 7
ROW 1932 6 10 24 1932 77
ROW 1932 7 23 24 1932 77
ROW 1933 0 12 16 1933 113
ROW 1933 1 32 32 1933 59
ROW 1933 2 12 32 1933 59
ROW 1933 3 1 8 1933 215
ROW 1933 4 0 4 1933 387
ROW 1933 5 206 255 1933 7
ROW 1933 6 11 24 1933 77
ROW 1933 7 24 24 1933 78
ROW 1934 0 13 16 1934 113
ROW 1934 1 0 32 1934 59
ROW 1934 2 13 32 1934 59
ROW 1934 3 2 8 1934 215
ROW 1934 4 1 4 1934 387
ROW 1934 5 207 255 1934 7
ROW 1934 6 12 24 1934 77
ROW 1934 7 0 24 1934 78
ROW 1935 0 14 16 1935 113
ROW 1935 1 1 32 1935 59
ROW 1935 2 14 32 1935 59
ROW 1935 3 3 8 1935 215
ROW 1935 4 2 4 1935 387
ROW 1935 5 208 255 1935 7
ROW 1935 6 13 24 1935 77
ROW 1935 7 1 24 1935 78
ROW 1936 0 15 16 1936 113
ROW 1936 1 2 32 1936 59
ROW 1936 2 15 32 1936 59
ROW 1936 3 4 8 1936 215
ROW 1936 4 3 4 1936 387
ROW 1936 5 209 255 1936 7
ROW 1936 6 14 24 1936 77
ROW 1936 7 2 24 1936 78
ROW 1937 0 16 16 1937 114
ROW 1937 1 3 32 1937 59
ROW 1937 2 16 32 1937 59
ROW 1937 3 5 8 1937 215
ROW 1937 4 4 4 1937 388
ROW 1937 5 210 255 1937 7
ROW 1937 6 15 24 1937 77
ROW 1937 7 3 24 1937 78
ROW 1938 0 0 16 1938 114
ROW 1938 1 4 32 1938 59
ROW 1938 2 17 32 1938 59
ROW 1938 3 6 8 1938 215
ROW 1938 4 0 4 1938 388
ROW 1938 5 211 255 1938 7
ROW 1938 6 16 24 1938 77
ROW 1938 7 4 24 1938 78
ROW 1939 0 1 16 1939 114
ROW 1939 1 5 32 1939 59
ROW 1939 2 18 32 1939 59
ROW 1939 3 7 8 1939 215
ROW 1939 4 1 4 1939 388
ROW 1939 5 212 255 1939 7
ROW 1939 6 17 24 1939 77
ROW 1939 7 5 24 1939 78
ROW 1940 0 2 16 1940 114
ROW 1940 1 6 32 1940 59
ROW 1940 2 19 32 1940 59
ROW 1940 3 8 8 1940 216
ROW 1940 4 2 4 1940 388
ROW 1940 5 213 255 1940 7
ROW 1940 6 18 24 1940 77
ROW 1940 7 6 24 1940 78
ROW 1941 0 3 16 1941 114
ROW 1941 1 7 32 1941 59
ROW 1941 2 20 32 1941 59
ROW 1941 3 0 8 1941 216
ROW 1941 4 3 4 1941 388
ROW 1941 5 214 255 1941 7
ROW 1941 6 19 24 1941 77
ROW 1941 7 7 24 1941 78
ROW 1942 0 4 16 1942 114
ROW 1942 1 8 32 1942 59
ROW 1942 2 21 32 1942 59
ROW 1942 3 1 8 1942 216
ROW 1942 4 4 4 1942 389
ROW 1942 5 215 255 1942 7
ROW 1942 6 20 24 1942 77
ROW 1942 7 8 24 1942 78
ROW 1943 0 5 16 1943 114
ROW 1943 1 9 32 1943 59
ROW 1943 2 22 32 1943 59
ROW 1943 3 2 8 1943 216
ROW 1943 4 0 4 1943 389
ROW 1943 5 216 255 1943 7
ROW 1943 6 21 24 1943 77
ROW 1943 7 9 24 1943 78
ROW 1944 0 6 16 1944 114
ROW 1944 1 10 32 1944 59
ROW 1944 2 23 32 1944 59
ROW 1944 3 3 8 1944 216
ROW 1944 4 1 4 1944 389
ROW 1944 5 217 255 1944 7
ROW 1944 6 22 24 1944 77
ROW 1944 7 10 24 1944 78
ROW 1945 0 7 16 1945 114
ROW 1945 1 11 32 1945 59
ROW 1945 2 24 32 1945 59
ROW 1945 3 4 8 1945 216
ROW 1945 4 2 4 1945 389
ROW 1945 5 218 255 1945 7
ROW 1945 6 23 24 1945 77
ROW 1945 7 11 24 1945 78
ROW 1946 0 8 16 1946 114
ROW 1946 1 12 32 1946 59
ROW 1946 2 25 32 1946 59
ROW 1946 3 5 8 1946 216
ROW 1946 4 3 4 1946 389
ROW 1946 5 219 255 1946 7
ROW 1946 6 24 24 1946 78
ROW 1946 7 12 24 1946 78
ROW 1947 0 9 16 1947 114
ROW 1947 1 13 32 1947 59
ROW 1947 2 26 32 1947 59
ROW 1947 3 6 8 1947 216
ROW 1947 4 4 4 1947 390
ROW 1947 5 220 255 1947 7
ROW 1947 6 0 24 1947 78
ROW 1947 7 13 24 1947 78
ROW 1948 0 10 16 1948 114
ROW 1948 1 14 32 1948 59
ROW 1948 2 27 32 1948 59
ROW 1948 3 7 8 1948 216
ROW 1948 4 0 4 1948 390
ROW 1948 5 221 255 1948 7
ROW 1948 6 1 24 1948 78
ROW 1948 7 14 24 1948 78
ROW 1949 0 11 16 1949 114
ROW 1949 1 15 32 1949 59
ROW 1949 2 28 32 1949 59
ROW 1949 3 8 8 1949 217
ROW 1949 4 1 4 1949 390
ROW 1949 5 222 255 1949 7
ROW 1949 6 2 24 1949 78
ROW 1949 7 15 24 1949 78
ROW 1950 0 12 16 1950 114
ROW 1950 1 16 32 1950 59
ROW 1950 2 29 32 1950 59
ROW 1950 3 0 8 1950 217
ROW 1950 4 2 4 1950 390
ROW 1950 5 223 255 1950 7
ROW 1950 6 3 24 1950 78
ROW 1950 7 16 24 1950 78
ROW 1951 0 13 16 1951 114
ROW 1951 1 17 32 1951 59
ROW 1951 2 30 32 1951 59
ROW 1951 3 1 8 1951 217
ROW 1951 4 3 4 1951 390
ROW 1951 5 224 255 1951 7
ROW 1951 6 4 24 1951 78
ROW 1951 7 17 24 1951 78
ROW 1952 0 14 16 1952 114
ROW 1952 1 18 32 1952 59
ROW 1952 2 31 32 1952 59
ROW 1952 3 2 8 1952 217
ROW 1952 4 4 4 1952 391
ROW 1952 5 225 255 1952 7
ROW 1952 6 5 24 1952 78
ROW 1952 7 18 24 1952 78
ROW 1953 0 15 16 1953 114
ROW 1953 1 19 32 1953 59
ROW 1953 2 32 32 1953 60
ROW 1953 3 3 8 1953 217
ROW 1953 4 0 4 1953 391
ROW 1953 5 226 255 1953 7
ROW 1953 6 6 24 1953 78
ROW 1953 7 19 24 1953 78
ROW 1954 0 16 16 1954 115
ROW 1954 1 20 32 1954 59
ROW 1954 2 0 32 1954 60
ROW 1954 3 4 8 1954 217
ROW 1954 4 1 4 1954 391
ROW 1954 5 227 255 1954 7
ROW 1954 6 7 24 1954 78
ROW 1954 7 20 24 1954 78
ROW 1955 0 0 16 1955 115
ROW 1955 1 21 32 1955 59
ROW 1955 2 1 32 1955 60
ROW 1955 3 5 8 1955 217
ROW 1955 4 2 4 1955 391
ROW 1955 5 228 255 1955 7
ROW 1955 6 8 24 1955 78
ROW 1955 7 21 24 1955 78
ROW 1956 0 1 16 1956 115
ROW 1956 1 22 32 1956 59
ROW 1956 2 2 32 1956 60
ROW 1956 3 6 8 1956 217
ROW 1956 4 3 4 1956 391
ROW 1956 5 229 255 1956 7
ROW 1956 6 9 24 1956 78
ROW 1956 7 22 24 1956 78
ROW 1957 0 2 16 1957 115
ROW 1957 1 23 32 1957 59
ROW 1957 2 3 32 1957 60
ROW 1957 3 7 8 1957 217
ROW 1957 4 4 4 1957 392
ROW 1957 5 230 255 1957 7
ROW 1957 6 10 24 1957 78
ROW 1957 7 23 24 1957 78
ROW 1958 0 3 16 1958 115
ROW 1958 1 24 32 1958 59
ROW 1958 2 4 32 1958 60
ROW 1958 3 8 8 1958 218
ROW 1958 4 0 4 1958 392
ROW 1958 5 231 255 1958 7
ROW 1958 6 11 24 1958 78
ROW 1958 7 24 24 1958 79
ROW 1959 0 4 16 1959 115
ROW 1959 1 25 32 1959 59
ROW 1959 2 5 32 1959 60
ROW 1959 3 0 8 1959 218
ROW 1959 4 1 4 1959 392
ROW 1959 5 232 255 1959 7
ROW 1959 6 12 24 1959 78
ROW 1959 7 0 24 1959 79
ROW 1960 0 5 16 1960 115
ROW 1960 1 26 32 1960 59
ROW 1960 2 6 32 1960 60
ROW 1960 3 1 8 1960 218
ROW 1960 4 2 4 1960 392
ROW 1960 5 233 255 1960 7
ROW 1960 6 13 24 1960 78
ROW 1960 7 1 24 1960 79
ROW 1961 0 6 16 1961 115
ROW 1961 1 27 32 1961 59
ROW 1961 2 7 32 1961 60
ROW 1961 3 2 8 1961 218
ROW 1961 4 3 4 1961 392
ROW 1961 5 234 255 1961 7
ROW 1961 6 14 24 1961 78
ROW 1961 7 2 24 1961 79
ROW 1962 0 7 16 1962 115
ROW 1962 1 28 32 1962 59
ROW 1962 2 8 32 1962 60
ROW 1962 3 3 8 1962 218
ROW 1962 4 4 4 1962 393
ROW 1962 5 235 255 1962 7
ROW 1962 6 15 24 1962 78
ROW 1962 7 3 24 1962 79
ROW 1963 0 8 16 1963 115
ROW 1963 1 29 32 1963 59
ROW 1963 2 9 32 1963 60
ROW 1963 3 4 8 1963 218
ROW 1963 4 0 4 1963 393
ROW 1963 5 236 255 1963 7
ROW 1963 6 16 24 1963 78
ROW 1963 7 4 24 1963 79
ROW 1964 0 9 16 1964 115
ROW 1964 1 30 32 1964 59
ROW 1964 2 10 32 1964 60
ROW 1964 3 5 8 1964 218
ROW 1964 4 1 4 1964 393
ROW 1964 5 237 255 1964 7
ROW 1964 6 17 24 1964 78
ROW 1964 7 5 24 1964 79
ROW 1965 0 10 16 1965 115
ROW 1965 1 31 32 1965 59
ROW 1965 2 11 32 1965 60
ROW 1965 3 6 8 1965 218
ROW 1965 4 2 4 1965 393
ROW 1965 5 238 255 1965 7
ROW 1965 6 18 24 1965 78
ROW 1965 7 6 24 1965 79
ROW 1966 0 11 16 1966 115
ROW 1966 1 32 32 1966 60
ROW 1966 2 12 32 1966 60
ROW 1966 3 7 8 1966 218
ROW 1966 4 3 4 1966 393
ROW 1966 5 239 255 1966 7
ROW 1966 6 19 24 1966 78
ROW 1966 7 7 24 1966 79
ROW 1967 0 12 16 1967 115
ROW 1967 1 0 32 1967 60
ROW 1967 2 13 32 1967 60
ROW 1967 3 8 8 1967 219
ROW 1967 4 4 4 1967 394
ROW 1967 5 240 255 1967 7
ROW 1967 6 20 24 1967 78
ROW 1967 7 8 24 1967 79
ROW 1968 0 13 16 1968 115
ROW 1968 1 1 32 1968 60
ROW 1968 2 14 32 1968 60
ROW 1968 3 0 8 1968 219
ROW 1968 4 0 4 1968 394
ROW 1968 5 241 255 1968 7
ROW 1968 6 21 24 1968 78
ROW 1968 7 9 24 1968 79
ROW 1969 0 14 16 1969 115
ROW 1969 1 2 32 1969 60
ROW 1969 2 15 32 1969 60
ROW 1969 3 1 8 1969 219
ROW 1969 4 1 4 1969 394
ROW 1969 5 242 255 1969 7
ROW 1969 6 22 24 1969 78
ROW 1969 7 10 24 1969 79
ROW 1970 0 15 16 1970 115
ROW 1970 1 3 32 1970 60
ROW 1970 2 16 32 1970 60
ROW 1970 3 2 8 1970 219
ROW 1970 4 2 4 1970 394
ROW 1970 5 243 255 1970 7
ROW 1970 6 23 24 1970 78
ROW 1970 7 11 24 1970 79
ROW 1971 0 16 16 1971 116
ROW 1971 1 4 32 1971 60
ROW 1971 2 17 32 1971 60
ROW 1971 3 3 8 1971 219
ROW 1971 4 3 4 1971 394
ROW 1971 5 244 255 1971 7
ROW 1971 6 24 24 1971 79
ROW 1971 7 12 24 1971 79
ROW 1972 0 0 16 1972 116
ROW 1972 1 5 32 1972 60
ROW 1972 2 18 32 1972 60
ROW 1972 3 4 8 1972 219
ROW 1972 4 4 4 1972 395
ROW 1972 5 245 255 1972 7
ROW 1972 6 0 24 1972 79
ROW 1972 7 13 24 1972 79
ROW 1973 0 1 16 1973 116
ROW 1973 1 6 32 1973 60
ROW 1973 2 19 32 1973 60
ROW 1973 3 5 8 1973 219
ROW 1973 4 0 4 1973 395
ROW 1973 5 246 255 1973 7
ROW 1973 6 1 24 1973 79
ROW 1973 7 14 24 1973 79
ROW 1974 0 2 16 1974 116
ROW 1974 1 7 32 1974 60
ROW 1974 2 20 32 1974 60
ROW 1974 3 6 8 1974 219
ROW 1974 4 1 4 1974 395
ROW 1974 5 247 255 1974 7
ROW 1974 6 2 24 1974 79
ROW 1974 7 15 24 1974 79
ROW 1975 0 3 16 1975 116
ROW 1975 1 8 32 1975 60
ROW 1975 2 21 32 1975 60
ROW 1975 3 7 8 1975 219
ROW 1975 4 2 4 1975 395
ROW 1975 5 248 255 1975 7
ROW 1975 6 3 24 1975 79
ROW 1975 7 16 24 1975 79
ROW 1976 0 4 16 1976 116
ROW 1976 1 9 32 1976 60
ROW 1976 2 22 32 1976 60
ROW 1976 3 8 8 1976 220
ROW 1976 4 3 4 1976 395
ROW 1976 5 249 255 1976 7
ROW 1976 6 4 24 1976 79
ROW 1976 7 17 24 1976 79
ROW 1977 0 5 16 1977 116
ROW 1977 1 10 32 1977 60
ROW 1977 2 23 32 1977 60
ROW 1977 3 0 8 1977 220
ROW 1977 4 4 4 1977 396
ROW 1977 5 250 255 1977 7
ROW 1977 6 5 24 1977 79
ROW 1977 7 18 24 1977 79
ROW 1978 0 6 16 1978 116
ROW 1978 1 11 32 1978 60
ROW 1978 2 24 32 1978 60
ROW 1978 3 1 8 1978 220
ROW 1978 4 0 4 1978 396
ROW 1978 5 251 255 1978 7
ROW 1978 6 6 24 1978 79
ROW 1978 7 19 24 1978 79
ROW 1979 0 7 16 1979 116
ROW 1979 1 12 32 1979 60
ROW 1979 2 25 32 1979 60
ROW 1979 3 2 8 1979 220
ROW 1979 4 1 4 1979 396
ROW 1979 5 252 255 1979 7
ROW 1979 6 7 24 1979 79
ROW 1979 7 20 24 1979 79
ROW 1980 0 8 16 1980 116
ROW 1980 1 13 32 1980 60
ROW 1980 2 26 32 1980 60
ROW 1980 3 3 8 1980 220
ROW 1980 4 2 4 1980 396
ROW 1980 5 253 255 1980 7
ROW 1980 6 8 24 1980 79
ROW 1980 7 21 24 1980 79
ROW 1981 0 9 16 1981 116
ROW 1981 1 14 32 1981 60
ROW 1981 2 27 32 1981 60
ROW 1981 3 4 8 1981 220
ROW 1981 4 3 4 1981 396
ROW 1981 5 254 255 1981 7
ROW 1981 6 9 24 1981 79
ROW 1981 7 22 24 1981 79
ROW 1982 0 10 16 1982 116
ROW 1982 1 15 32 1982 60
ROW 1982 2 28 32 1982 60
ROW 1982 3 5 8 1982 220
ROW 1982 4 4 4 1982 397
ROW 1982 5 255 255 1982 8
ROW 1982 6 10 24 1982 79
ROW 1982 7 23 24 1982 79
ROW 1983 0 11 16 1983 116
ROW 1983 1 16 32 1983 60
ROW 1983 2 29 32 1983 60
ROW 1983 3 6 8 1983 220
ROW 1983 4 0 4 1983 397
ROW 1983 5 0 255 1983 8
ROW 1983 6 11 24 1983 79
ROW 1983 7 24 24 1983 80
ROW 1984 0 12 16 1984 116
ROW 1984 1 17 32 1984 60
ROW 1984 2 30 32 1984 60
ROW 1984 3 7 8 1984 220
ROW 1984 4 1 4 1984 397
ROW 1984 5 1 255 1984 8
ROW 1984 6 12 24 1984 79
ROW 1984 7 0 24 1984 80
ROW 1985 0 13 16 1985 116
ROW 1985 1 18 32 1985 60
ROW 1985 2 31 32 1985 60
ROW 1985 3 8 8 1985 221
ROW 1985 4 2 4 1985 397
ROW 1985 5 2 255 1985 8
ROW 1985 6 13 24 1985 79
ROW 1985 7 1 24 1985 80
ROW 1986 0 14 16 1986 116
ROW 1986 1 19 32 1986 60
ROW 1986 2 32 32 1986 61
ROW 1986 3 0 8 1986 221
ROW 1986 4 3 4 1986 397
ROW 1986 5 3 255 1986 8
ROW 1986 6 14 24 1986 79
ROW 1986 7 2 24 1986 80
ROW 1987 0 15 16 1987 116
ROW 1987 1 20 32 1987 60
ROW 1987 2 0 32 1987 61
ROW 1987 3 1 8 1987 221
ROW 1987 4 4 4 1987 398
ROW 1987 5 4 255 1987 8
ROW 1987 6 15 24 1987 79
ROW 1987 7 3 24 1987 80
ROW 1988 0 16 16 1988 117
ROW 1988 1 21 32 1988 60
ROW 1988 2 1 32 1988 61
ROW 1988 3 2 8 1988 221
ROW 1988 4 0 4 1988 398
ROW 1988 5 5 255 1988 8
ROW 1988 6 16 24 1988 79
ROW 1988 7 4 24 1988 80
ROW 1989 0 0 16 1989 117
ROW 1989 1 22 32 1989 60
ROW 1989 2 2 32 1989 61
ROW 1989 3 3 8 1989 221
ROW 1989 4 1 4 1989 398
ROW 1989 5 6 255 1989 8
ROW 1989 6 17 24 1989 79
ROW 1989 7 5 24 1989 80
ROW 1990 0 1 16 1990 117
ROW 1990 1 23 32 1990 60
ROW 1990 2 3 32 1990 61
ROW 1990 3 4 8 1990 221
ROW 1990 4 2 4 1990 398
ROW 1990 5 7 255 1990 8
ROW 1990 6 18 24 1990 79
ROW 1990 7 6 24 1990 80
ROW 1991 0 2 16 1991 117
ROW 1991 1 24 32 1991 60
ROW 1991 2 4 32 1991 61
ROW 1991 3 5 8 1991 221
ROW 1991 4 3 4 1991 398
ROW 1991 5 8 255 1991 8
ROW 1991 6 19 24 1991 79
ROW 1991 7 7 24 1991 80
ROW 1992 0 3 16 1992 117
ROW 1992 1 25 32 1992 60
ROW 1992 2 5 32 1992 61
ROW 1992 3 6 8 1992 221
ROW 1992 4 4 4 1992 399
ROW 1992 5 9 255 1992 8
ROW 1992 6 20 24 1992 79
ROW 1992 7 8 24 1992 80
ROW 1993 0 4 16 1993 117
ROW 1993 1 26 32 1993 60
ROW 1993 2 6 32 1993 61
ROW 1993 3 7 8 1993 221
ROW 1993 4 0 4 1993 399
ROW 1993 5 10 255 1993 8
ROW 1993 6 21 24 1993 79
ROW 1993 7 9 24 1993 80
ROW 1994 0 5 16 1994 117
ROW 1994 1 27 32 1994 60
ROW 1994 2 7 32 1994 61
ROW 1994 3 8 8 1994 222
ROW 1994 4 1 4 1994 399
ROW 1994 5 11 255 1994 8
ROW 1994 6 22 24 1994 79
ROW 1994 7 10 24 1994 80
ROW 1995 0 6 16 1995 117
ROW 1995 1 28 32 1995 60
ROW 1995 2 8 32 1995 61
ROW 1995 3 0 8 1995 222
ROW 1995 4 2 4 1995 399
ROW 1995 5 12 255 1995 8
ROW 1995 6 23 24 1995 79
ROW 1995 7 11 24 1995 80
ROW 1996 0 7 16 1996 117
ROW 1996 1 29 32 1996 60
ROW 1996 2 9 32 1996 61
ROW 1996 3 1 8 1996 222
ROW 1996 4 3 4 1996 399
ROW 1996 5 13 255 1996 8
ROW 1996 6 24 24 1996 80
ROW 1996 7 12 24 1996 80
ROW 1997 0 8 16 1997 117
ROW 1997 1 30 32 1997 60
ROW 1997 2 10 32 1997 61
ROW 1997 3 2 8 1997 222
ROW 1997 4 4 4 1997 400
ROW 1997 5 14 255 1997 8
ROW 1997 6 0 24 1997 80
ROW 1997 7 13 24 1997 80
ROW 1998 0 9 16 1998 117
ROW 1998 1 31 32 1998 60
ROW 1998 2 11 32 1998 61
ROW 1998 3 3 8 1998 222
ROW 1998 4 0 4 1998 400
ROW 1998 5 15 255 1998 8
ROW 1998 6 1 24 1998 80
ROW 1998 7 14 24 1998 80
ROW 1999 0 10 16 1999 117
ROW 1999 1 32 32 1999 61
ROW 1999 2 12 32 1999 61
ROW 1999 3 4 8 1999 222
ROW 1999 4 1 4 1999 400
ROW 1999 5 16 255 1999 8
ROW 1999 6 2 24 1999 80
ROW 1999 7 15 24 1999 80
ROW 2000 0 11 16 2000 117
ROW 2000 1 0 32 2000 61
ROW 2000 2 13 32 2000 61
ROW 2000 3 5 8 2000 222
ROW 2000 4 2 4 2000 400
ROW 2000 5 17 255 2000 8
ROW 2000 6 3 24 2000 80
ROW 2000 7 16 24 2000 80
ROW 2001 0 12 16 2001 117
ROW 2001 1 1 32 2001 61
ROW 2001 2 14 32 2001 61
ROW 2001 3 6 8 2001 222
ROW 2001 4 3 4 2001 400
ROW 2001 5 18 255 2001 8
ROW 2001 6 4 24 2001 80
ROW 2001 7 17 24 2001 80
ROW 2002 0 13 16 2002 117
ROW 2002 1 2 32 2002 61
ROW 2002 2 15 32 2002 61
ROW 2002 3 7 8 2002 222
ROW 2002 4 4 4 2002 401
ROW 2002 5 19 255 2002 8
ROW 2002 6 5 24 2002 80
ROW 2002 7 18 24 2002 80
ROW 2003 0 14 16 2003 117
ROW 2003 1 3 32 2003 61
ROW 2003 2 16 32 2003 61
ROW 2003 3 8 8 2003 223
ROW 2003 4 0 4 2003 401
ROW 2003 5 20 255 2003 8
ROW 2003 6 6 24 2003 80
ROW 2003 7 19 24 2003 80
ROW 2004 0 15 16 2004 117
ROW 2004 1 4 32 2004 61
ROW 2004 2 17 32 2004 61
ROW 2004 3 0 8 2004 223
ROW 2004 4 1 4 2004 401
ROW 2004 5 21 255 2004 8
ROW 2004 6 7 24 2004 80
ROW 2004 7 20 24 2004 80
ROW 2005 0 16 16 2005 118
ROW 2005 1 5 32 2005 61
ROW 2005 2 18 32 2005 61
ROW 2005 3 1 8 2005 223
ROW 2005 4 2 4 2005 401
ROW 2005 5 22 255 2005 8
ROW 2005 6 8 24 2005 80
ROW 2005 7 21 24 2005 80
ROW 2006 0 0 16 2006 118
ROW 2006 1 6 32 2006 61
ROW 2006 2 19 32 2006 61
ROW 2006 3 2 8 2006 223
ROW 2006 4 3 4 2006 401
ROW 2006 5 23 255 2006 8
ROW 2006 6 9 24 2006 80
ROW 2006 7 22 24 2006 80
ROW 2007 0 1 16 2007 118
ROW 2007 1 7 32 2007 61
ROW 2007 2 20 32 2007 61
ROW 2007 3 3 8 2007 223
ROW 2007 4 4 4 2007 402
ROW 2007 5 24 255 2007 8
ROW 2007 6 10 24 2007 80
ROW 2007 7 23 24 2007 80
ROW 2008 0 2 16 2008 118
ROW 2008 1 8 32 2008 61
ROW 2008 2 21 32 2008 61
ROW 2008 3 4 8 2008 223
ROW 2008 4 0 4 2008 402
ROW 2008 5 25 255 2008 8
ROW 2008 6 11 24 2008 80
ROW 2008 7 24 24 2008 81
ROW 2009 0 3 16 2009 118
ROW 2009 1 9 32 2009 61
ROW 2009 2 22 32 2009 61
ROW 2009 3 5 8 2009 223
ROW 2009 4 1 4 2009 402
ROW 2009 5 26 255 2009 8
ROW 2009 6 12 24 2009 80
ROW 2009 7 0 24 2009 81
ROW 2010 0 4 16 2010 118
ROW 2010 1 10 32 2010 61
ROW 2010 2 23 32 2010 61
ROW 2010 3 6 8 2010 223
ROW 2010 4 2 4 2010 402
ROW 2010 5 27 255 2010 8
ROW 2010 6 13 24 2010 80
ROW 2010 7 1 24 2010 81
ROW 2011 0 5 16 2011 118
ROW 2011 1 11 32 2011 61
ROW 2011 2 24 32 2011 61
ROW 2011 3 7 8 2011 223
ROW 2011 4 3 4 2011 402
ROW 2011 5 28 255 2011 8
ROW 2011 6 14 24 2011 80
ROW 2011 7 2 24 2011 81
ROW 2012 0 6 16 2012 118
ROW 2012 1 12 32 2012 61
ROW 2012 2 25 32 2012 61
ROW 2012 3 8 8 2012 224
ROW 2012 4 4 4 2012 403
ROW 2012 5 29 255 2012 8
ROW 2012 6 15 24 2012 80
ROW 2012 7 3 24 2012 81
ROW 2013 0 7 16 2013 118
ROW 2013 1 13 32 2013 61
ROW 2013 2 26 32 2013 61
ROW 2013 3 0 8 2013 224
ROW 2013 4 0 4 2013 403
ROW 2013 5 30 255 2013 8
ROW 2013 6 16 24 2013 80
ROW 2013 7 4 24 2013 81
ROW 2014 0 8 16 2014 118
ROW 2014 1 14 32 2014 61
ROW 2014 2 27 32 2014 61
ROW 2014 3 1 8 2014 224
ROW 2014 4 1 4 2014 403
ROW 2014 5 31 255 2014 8
ROW 2014 6 17 24 2014 80
ROW 2014 7 5 24 2014 81
ROW 2015 0 9 16 2015 118
ROW 2015 1 15 32 2015 61
ROW 2015 2 28 32 2015 61
ROW 2015 3 2 8 2015 224
ROW 2015 4 2 4 2015 403
ROW 2015 5 32 255 2015 8
ROW 2015 6 18 24 2015 80
ROW 2015 7 6 24 2015 81
ROW 2016 0 10 16 2016 118
ROW 2016 1 16 32 2016 61
ROW 2016 2 29 32 2016 61
ROW 2016 3 3 8 2016 224
ROW 2016 4 3 4 2016 403
ROW 2016 5 33 255 2016 8
ROW 2016 6 19 24 2016 80
ROW 2016 7 7 24 2016 81
ROW 2017 0 11 16 2017 118
ROW 2017 1 17 32 2017 61
ROW 2017 2 30 32 2017 61
ROW 2017 3 4 8 2017 224
ROW 2017 4 4 4 2017 404
ROW 2017 5 34 255 2017 8
ROW 2017 6 20 24 2017 80
ROW 2017 7 8 24 2017 81
ROW 2018 0 12 16 2018 118
ROW 2018 1 18 32 2018 61
ROW 2018 2 31 32 2018 61
ROW 2018 3 5 8 2018 224
ROW 2018 4 0 4 2018 404
ROW 2018 5 35 255 2018 8
ROW 2018 6 21 24 2018 80
ROW 2018 7 9 24 2018 81
ROW 2019 0 13 16 2019 118
ROW 2019 1 19 32 2019 61
ROW 2019 2 32 32 2019 62
ROW 2019 3 6 8 2019 224
ROW 2019 4 1 4 2019 404
ROW 2019 5 36 255 2019 8
ROW 2019 6 22 24 2019 80
ROW 2019 7 10 24 2019 81
ROW 2020 0 14 16 2020 118
ROW 2020 1 20 32 2020 61
ROW 2020 2 0 32 2020 62
ROW 2020 3 7 8 2020 224
ROW 2020 4 2 4 2020 404
ROW 2020 5 37 255 2020 8
ROW 2020 6 23 24 2020 80
ROW 2020 7 11 24 2020 81
ROW 2021 0 15 16 2021 118
ROW 2021 1 21 32 2021 61
ROW 2021 2 1 32 2021 62
ROW 2021 3 8 8 2021 225
ROW 2021 4 3 4 2021 404
ROW 2021 5 38 255 2021 8
ROW 2021 6 24 24 2021 81
ROW 2021 7 12 24 2021 81
ROW 2022 0 16 16 2022 119
ROW 2022 1 22 32 2022 61
ROW 2022 2 2 32 2022 62
ROW 2022 3 0 8 2022 225
ROW 2022 4 4 4 2022 405
ROW 2022 5 39 255 2022 8
ROW 2022 6 0 24 2022 81
ROW 2022 7 13 24 2022 81
ROW 2023 0 0 16 2023 119
ROW 2023 1 23 32 2023 61
ROW 2023 2 3 32 2023 62
ROW 2023 3 1 8 2023 225
ROW 2023 4 0 4 2023 405
ROW 2023 5 40 255 2023 8
ROW 2023 6 1 24 2023 81
ROW 2023 7 14 24 2023 81
ROW 2024 0 1 16 2024 119
ROW 2024 1 24 32 2024 61
ROW 2024 2 4 32 2024 62
ROW 2024 3 2 8 2024 225
ROW 2024 4 1 4 2024 405
ROW 2024 5 41 255 2024 8
ROW 2024 6 2 24 2024 81
ROW 2024 7 15 24 2024 81
ROW 2025 0 2 16 2025 119
ROW 2025 1 25 32 2025 61
ROW 2025 2 5 32 2025 62
ROW 2025 3 3 8 2025 225
ROW 2025 4 2 4 2025 405
ROW 2025 5 42 255 2025 8
ROW 2025 6 3 24 2025 81
ROW 2025 7 16 24 2025 81
ROW 2026 0 3 16 2026 119
ROW 2026 1 26 32 2026 61
ROW 2026 2 6 32 2026 62
ROW 2026 3 4 8 2026 225
ROW 2026 4 3 4 2026 405
ROW 2026 5 43 255 2026 8
ROW 2026 6 4 24 2026 81
ROW 2026 7 17 24 2026 81
ROW 2027 0 4 16 2027 119
ROW 2027 1 27 32 2027 61
ROW 2027 2 7 32 2027 62
ROW 2027 3 5 8 2027 225
ROW 2027 4 4 4 2027 406
ROW 2027 5 44 255 2027 8
ROW 2027 6 5 24 2027 81
ROW 2027 7 18 24 2027 81
ROW 2028 0 5 16 2028 119
ROW 2028 1 28 32 2028 61
ROW 2028 2 8 32 2028 62
ROW 2028 3 6 8 2028 225
ROW 2028 4 0 4 2028 406
ROW 2028 5 45 255 2028 8
ROW 2028 6 6 24 2028 81
ROW 2028 7 19 24 2028 81
ROW 2029 0 6 16 2029 119
ROW 2029 1 29 32 2029 61
ROW 2029 2 9 32 2029 62
ROW 2029 3 7 8 2029 225
ROW 2029 4 1 4 2029 406
ROW 2029 5 46 255 2029 8
ROW 2029 6 7 24 2029 81
ROW 2029 7 20 24 2029 81
ROW 2030 0 7 16 2030 119
ROW 2030 1 30 32 2030 61
ROW 2030 2 10 32 2030 62
ROW 2030 3 8 8 2030 226
ROW 2030 4 2 4 2030 406
ROW 2030 5 47 255 2030 8
ROW 2030 6 8 24 2030 81
ROW 2030 7 21 24 2030 81
ROW 2031 0 8 16 2031 119
ROW 2031 1 31 32 2031 61
ROW 2031 2 11 32 2031 62
ROW 2031 3 0 8 2031 226
ROW 2031 4 3 4 2031 406
ROW 2031 5 48 255 2031 8
ROW 2031 6 9 24 2031 81
ROW 2031 7 22 24 2031 81
ROW 2032 0 9 16 2032 119
ROW 2032 1 32 32 2032 62
ROW 2032 2 12 32 2032 62
ROW 2032 3 1 8 2032 226
ROW 2032 4 4 4 2032 407
ROW 2032 5 49 255 2032 8
ROW 2032 6 10 24 2032 81
ROW 2032 7 23 24 2032 81
ROW 2033 0 10 16 2033 119
ROW 2033 1 0 32 2033 62
ROW 2033 2 13 32 2033 62
ROW 2033 3 2 8 2033 226
ROW 2033 4 0 4 2033 407
ROW 2033 5 50 255 2033 8
ROW 2033 6 11 24 2033 81
ROW 2033 7 24 24 2033 82
ROW 2034 0 11 16 2034 119
ROW 2034 1 1 32 2034 62
ROW 2034 2 14 32 2034 62
ROW 2034 3 3 8 2034 226
ROW 2034 4 1 4 2034 407
ROW 2034 5 51 255 2034 8
ROW 2034 6 12 24 2034 81
ROW 2034 7 0 24 2034 82
ROW 2035 0 12 16 2035 119
ROW 2035 1 2 32 2035 62
ROW 2035 2 15 32 2035 62
ROW 2035 3 4 8 2035 226
ROW 2035 4 2 4 2035 407
ROW 2035 5 52 255 2035 8
ROW 2035 6 13 24 2035 81
ROW 2035 7 1 24 2035 82
ROW 2036 0 13 16 2036 119
ROW 2036 1 3 32 2036 62
ROW 2036 2 16 32 2036 62
ROW 2036 3 5 8 2036 226
ROW 2036 4 3 4 2036 407
ROW 2036 5 53 255 2036 8
ROW 2036 6 14 24 2036 81
ROW 2036 7 2 24 2036 82
ROW 2037 0 14 16 2037 119
ROW 2037 1 4 32 2037 62
ROW 2037 2 17 32 2037 62
ROW 2037 3 6 8 2037 226
ROW 2037 4 4 4 2037 408
ROW 2037 5 54 255 2037 8
ROW 2037 6 15 24 2037 81
ROW 2037 7 3 24 2037 82
ROW 2038 0 15 16 2038 119
ROW 2038 1 5 32 2038 62
ROW 2038 2 18 32 2038 62
ROW 2038 3 7 8 2038 226
ROW 2038 4 0 4 2038 408
ROW 2038 5 55 255 2038 8
ROW 2038 6 16 24 2038 81
ROW 2038 7 4 24 2038 82
ROW 2039 0 16 16 2039 120
ROW 2039 1 6 32 2039 62
ROW 2039 2 19 32 2039 62
ROW 2039 3 8 8 2039 227
ROW 2039 4 1 4 2039 408
ROW 2039 5 56 255 2039 8
ROW 2039 6 17 24 2039 81
ROW 2039 7 5 24 2039 82
ROW 2040 0 0 16 2040 120
ROW 2040 1 7 32 2040 62
ROW 2040 2 20 32 2040 62
ROW 2040 3 0 8 2040 227
ROW 2040 4 2 4 2040 408
ROW 2040 5 57 255 2040 8
ROW 2040 6 18 24 2040 81
ROW 2040 7 6 24 2040 82
ROW 2041 0 1 16 2041 120
ROW 2041 1 8 32 2041 62
ROW 2041 2 21 32 2041 62
ROW 2041 3 1 8 2041 227
ROW 2041 4 3 4 2041 408
ROW 2041 5 58 255 2041 8
ROW 2041 6 19 24 2041 81
ROW 2041 7 7 24 2041 82
ROW 2042 0 2 16 2042 120
ROW 2042 1 9 32 2042 62
ROW 2042 2 22 32 2042 62
ROW 2042 3 2 8 2042 227
ROW 2042 4 4 4 2042 409
ROW 2042 5 59 255 2042 8
ROW 2042 6 20 24 2042 81
ROW 2042 7 8 24 2042 82
ROW 2043 0 3 16 2043 120
ROW 2043 1 10 32 2043 62
ROW 2043 2 23 32 2043 62
ROW 2043 3 3 8 2043 227
ROW 2043 4 0 4 2043 409
ROW 2043 5 60 255 2043 8
ROW 2043 6 21 24 2043 81
ROW 2043 7 9 24 2043 82
ROW 2044 0 4 16 2044 120
ROW 2044 1 11 32 2044 62
ROW 2044 2 24 32 2044 62
ROW 2044 3 4 8 2044 227
ROW 2044 4 1 4 2044 409
ROW 2044 5 61 255 2044 8
ROW 2044 6 22 24 2044 81
ROW 2044 7 10 24 2044 82
ROW 2045 0 5 16 2045 120
ROW 2045 1 12 32 2045 62
ROW 2045 2 25 32 2045 62
ROW 2045 3 5 8 2045 227
ROW 2045 4 2 4 2045 409
ROW 2045 5 62 255 2045 8
ROW 2045 6 23 24 2045 81
ROW 2045 7 11 24 2045 82
ROW 2046 0 6 16 2046 120
ROW 2046 1 13 32 2046 62
ROW 2046 2 26 32 2046 62
ROW 2046 3 6 8 2046 227
ROW 2046 4 3 4 2046 409
ROW 2046 5 63 255 2046 8
ROW 2046 6 24 24 2046 82
ROW 2046 7 12 24 2046 82
ROW 2047 0 7 16 2047 120
ROW 2047 1 14 32 2047 62
ROW 2047 2 27 32 2047 62
ROW 2047 3 7 8 2047 227
ROW 2047 4 4 4 2047 410
ROW 2047 5 64 255 2047 8
ROW 2047 6 0 24 2047 82
ROW 2047 7 13 24 2047 82
ROW 2048 0 8 16 2048 120
ROW 2048 1 15 32 2048 62
ROW 2048 2 28 32 2048 62
ROW 2048 3 8 8 2048 228
ROW 2048 4 0 4 2048 410
ROW 2048 5 65 255 2048 8
ROW 2048 6 1 24 2048 82
ROW 2048 7 14 24 2048 82
ROW 2049 0 9 16 2049 120
ROW 2049 1 16 32 2049 62
ROW 2049 2 29 32 2049 62
ROW 2049 3 0 8 2049 228
ROW 2049 4 1 4 2049 410
ROW 2049 5 66 255 2049 8
ROW 2049 6 2 24 2049 82
ROW 2049 7 15 24 2049 82
ROW 2050 0 10 16 2050 120
ROW 2050 1 17 32 2050 62
ROW 2050 2 30 32 2050 62
ROW 2050 3 1 8 2050 228
ROW 2050 4 2 4 2050 410
ROW 2050 5 67 255 2050 8
ROW 2050 6 3 24 2050 82
ROW 2050 7 16 24 2050 82
ROW 2051 0 11 16 2051 120
ROW 2051 1 18 32 2051 62
ROW 2051 2 31 32 2051 62
ROW 2051 3 2 8 2051 228
ROW 2051 4 3 4 2051 410
ROW 2051 5 68 255 2051 8
ROW 2051 6 4 24 2051 82
ROW 2051 7 17 24 2051 82
ROW 2052 0 12 16 2052 120
ROW 2052 1 19 32 2052 62
ROW 2052 2 32 32 2052 63
ROW 2052 3 3 8 2052 228
ROW 2052 4 4 4 2052 411
ROW 2052 5 69 255 2052 8
ROW 2052 6 5 24 2052 82
ROW 2052 7 18 24 2052 82
ROW 2053 0 13 16 2053 120
ROW 2053 1 20 32 2053 62
ROW 2053 2 0 32 2053 63
ROW 2053 3 4 8 2053 228
ROW 2053 4 0 4 2053 411
ROW 2053 5 70 255 2053 8
ROW 2053 6 6 24 2053 82
ROW 2053 7 19 24 2053 82
ROW 2054 0 14 16 2054 120
ROW 2054 1 21 32 2054 62
ROW 2054 2 1 32 2054 63
ROW 2054 3 5 8 2054 228
ROW 2054 4 1 4 2054 411
ROW 2054 5 71 255 2054 8
ROW 2054 6 7 24 2054 82
ROW 2054 7 20 24 2054 82
ROW 2055 0 15 16 2055 120
ROW 2055 1 22 32 2055 62
ROW 2055 2 2 32 2055 63
ROW 2055 3 6 8 2055 228
ROW 2055 4 2 4 2055 411
ROW 2055 5 72 255 2055 8
ROW 2055 6 8 24 2055 82
ROW 2055 7 21 24 2055 82
ROW 2056 0 16 16 2056 121
ROW 2056 1 23 32 2056 62
ROW 2056 2 3 32 2056 63
ROW 2056 3 7 8 2056 228
ROW 2056 4 3 4 2056 411
ROW 2056 5 73 255 2056 8
ROW 2056 6 9 24 2056 82
ROW 2056 7 22 24 2056 82
ROW 2057 0 0 16 2057 121
ROW 2057 1 24 32 2057 62
ROW 2057 2 4 32 2057 63
ROW 2057 3 8 8 2057 229
ROW 2057 4 4 4 2057 412
ROW 2057 5 74 255 2057 8
ROW 2057 6 10 24 2057 82
ROW 2057 7 23 24 2057 82
ROW 2058 0 1 16 2058 121
ROW 2058 1 25 32 2058 62
ROW 2058 2 5 32 2058 63
ROW 2058 3 0 8 2058 229
ROW 2058 4 0 4 2058 412
ROW 2058 5 75 255 2058 8
ROW 2058 6 11 24 2058 82
ROW 2058 7 24 24 2058 83
ROW 2059 0 2 16 2059 121
ROW 2059 1 26 32 2059 62
ROW 2059 2 6 32 2059 63
ROW 2059 3 1 8 2059 229
ROW 2059 4 1 4 2059 412
ROW 2059 5 76 255 2059 8
ROW 2059 6 12 24 2059 82
ROW 2059 7 0 24 2059 83
ROW 2060 0 3 16 2060 121
ROW 2060 1 27 32 2060 62
ROW 2060 2 7 32 2060 63
ROW 2060 3 2 8 2060 229
ROW 2060 4 2 4 2060 412
ROW 2060 5 77 255 2060 8
ROW 2060 6 13 24 2060 82
ROW 2060 7 1 24 2060 83
ROW 2061 0 4 16 2061 121
ROW 2061 1 28 32 2061 62
ROW 2061 2 8 32 2061 63
ROW 2061 3 3 8 2061 229
ROW 2061 4 3 4 2061 412
ROW 2061 5 78 255 2061 8
ROW 2061 6 14 24 2061 82
ROW 2061 7 2 24 2061 83
ROW 2062 0 5 16 2062 121
ROW 2062 1 29 32 2062 62
ROW 2062 2 9 32 2062 63
ROW 2062 3 4 8 2062 229
ROW 2062 4 4 4 2062 413
ROW 2062 5 79 255 2062 8
ROW 2062 6 15 24 2062 82
ROW 2062 7 3 24 2062 83
ROW 2063 0 6 16 2063 121
ROW 2063 1 30 32 2063 62
ROW 2063 2 10 32 2063 63
ROW 2063 3 5 8 2063 229
ROW 2063 4 0 4 2063 413
ROW 2063 5 80 255 2063 8
ROW 2063 6 16 24 2063 82
ROW 2063 7 4 24 2063 83
ROW 2064 0 7 16 2064 121
ROW 2064 1 31 32 2064 62
ROW 2064 2 11 32 2064 63
ROW 2064 3 6 8 2064 229
ROW 2064 4 1 4 2064 413
ROW 2064 5 81 255 2064 8
ROW 2064 6 17 24 2064 82
ROW 2064 7 5 24 2064 83
ROW 2065 0 8 16 2065 121
ROW 2065 1 32 32 2065 63
ROW 2065 2 12 32 2065 63
ROW 2065 3 7 8 2065 229
ROW 2065 4 2 4 2065 413
ROW 2065 5 82 255 2065 8
ROW 2065 6 18 24 2065 82
ROW 2065 7 6 24 2065 83
ROW 2066 0 9 16 2066 121
ROW 2066 1 0 32 2066 63
ROW 2066 2 13 32 2066 63
ROW 2066 3 8 8 2066 230
ROW 2066 4 3 4 2066 413
ROW 2066 5 83 255 2066 8
ROW 2066 6 19 24 2066 82
ROW 2066 7 7 24 2066 83
ROW 2067 0 10 16 2067 121
ROW 2067 1 1 32 2067 63
ROW 2067 2 14 32 2067 63
ROW 2067 3 0 8 2067 230
ROW 2067 4 4 4 2067 414
ROW 2067 5 84 255 2067 8
ROW 2067 6 20 24 2067 82
ROW 2067 7 8 24 2067 83
ROW 2068 0 11 16 2068 121
ROW 2068 1 2 32 2068 63
ROW 2068 2 15 32 2068 63
ROW 2068 3 1 8 2068 230
ROW 2068 4 0 4 2068 414
ROW 2068 5 85 255 2068 8
ROW 2068 6 21 24 2068 82
ROW 2068 7 9 24 2068 83
ROW 2069 0 12 16 2069 121
ROW 2069 1 3 32 2069 63
ROW 2069 2 16 32 2069 63
ROW 2069 3 2 8 2069 230
ROW 2069 4 1 4 2069 414
ROW 2069 5 86 255 2069 8
ROW 2069 6 22 24 2069 82
ROW 2069 7 10 24 2069 83
ROW 2070 0 13 16 2070 121
ROW 2070 1 4 32 2070 63
ROW 2070 2 17 32 2070 63
ROW 2070 3 3 8 2070 230
ROW 2070 4 2 4 2070 414
ROW 2070 5 87 255 2070 8
ROW 2070 6 23 24 2070 82
ROW 2070 7 11 24 2070 83
ROW 2071 0 14 16 2071 121
ROW 2071 1 5 32 2071 63
ROW 2071 2 18 32 2071 63
ROW 2071 3 4 8 2071 230
ROW 2071 4 3 4 2071 414
ROW 2071 5 88 255 2071 8
ROW 2071 6 24 24 2071 83
ROW 2071 7 12 24 2071 83
ROW 2072 0 15 16 2072 121
ROW 2072 1 6 32 2072 63
ROW 2072 2 19 32 2072 63
ROW 2072 3 5 8 2072 230
ROW 2072 4 4 4 2072 415
ROW 2072 5 89 255 2072 8
ROW 2072 6 0 24 2072 83
ROW 2072 7 13 24 2072 83
ROW 2073 0 16 16 2073 122
ROW 2073 1 7 32 2073 63
ROW 2073 2 20 32 2073 63
ROW 2073 3 6 8 2073 230
ROW 2073 4 0 4 2073 415
ROW 2073 5 90 255 2073 8
ROW 2073 6 1 24 2073 83
ROW 2073 7 14 24 2073 83
ROW 2074 0 0 16 2074 122
ROW 2074 1 8 32 2074 63
ROW 2074 2 21 32 2074 63
ROW 2074 3 7 8 2074 230
ROW 2074 4 1 4 2074 415
ROW 2074 5 91 255 2074 8
ROW 2074 6 2 24 2074 83
ROW 2074 7 15 24 2074 83
ROW 2075 0 1 16 2075 122
ROW 2075 1 9 32 2075 63
ROW 2075 2 22 32 2075 63
ROW 2075 3 8 8 2075 231
ROW 2075 4 2 4 2075 415
ROW 2075 5 92 255 2075 8
ROW 2075 6 3 24 2075 83
ROW 2075 7 16 24 2075 83
ROW 2076 0 2 16 2076 122
ROW 2076 1 10 32 2076 63
ROW 2076 2 23 32 2076 63
ROW 2076 3 0 8 2076 231
ROW 2076 4 3 4 2076 415
ROW 2076 5 93 255 2076 8
ROW 2076 6 4 24 2076 83
ROW 2076 7 17 24 2076 83
ROW 2077 0 3 16 2077 122
ROW 2077 1 11 32 2077 63
ROW 2077 2 24 32 2077 63
ROW 2077 3 1 8 2077 231
ROW 2077 4 4 4 2077 416
ROW 2077 5 94 255 2077 8
ROW 2077 6 5 24 2077 83
ROW 2077 7 18 24 2077 83
ROW 2078 0 4 16 2078 122
ROW 2078 1 12 32 2078 63
ROW 2078 2 25 32 2078 63
ROW 2078 3 2 8 2078 231
ROW 2078 4 0 4 2078 416
ROW 2078 5 95 255 2078 8
ROW 2078 6 6 24 2078 83
ROW 2078 7 19 24 2078 83
ROW 2079 0 5 16 2079 122
ROW 2079 1 13 32 2079 63
ROW 2079 2 26 32 2079 63
ROW 2079 3 3 8 2079 231
ROW 2079 4 1 4 2079 416
ROW 2079 5 96 255 2079 8
ROW 2079 6 7 24 2079 83
ROW 2079 7 20 24 2079 83
ROW 2080 0 6 16 2080 122
ROW 2080 1 14 32 2080 63
ROW 2080 2 27 32 2080 63
ROW 2080 3 4 8 2080 231
ROW 2080 4 2 4 2080 416
ROW 2080 5 97 255 2080 8
ROW 2080 6 8 24 2080 83
ROW 2080 7 21 24 2080 83
ROW 2081 0 7 16 2081 122
ROW 2081 1 15 32 2081 63
ROW 2081 2 28 32 2081 63
ROW 2081 3 5 8 2081 231
ROW 2081 4 3 4 2081 416
ROW 2081 5 98 255 2081 8
ROW 2081 6 9 24 2081 83
ROW 2081 7 22 24 2081 83
ROW 2082 0 8 16 2082 122
ROW 2082 1 16 32 2082 63
ROW 2082 2 29 32 2082 63
ROW 2082 3 6 8 2082 231
ROW 2082 4 4 4 2082 417
ROW 2082 5 99 255 2082 8
ROW 2082 6 10 24 2082 83
ROW 2082 7 23 24 2082 83
ROW 2083 0 9 16 2083 122
ROW 2083 1 17 32 2083 63
ROW 2083 2 30 32 2083 63
ROW 2083 3 7 8 2083 231
ROW 2083 4 0 4 2083 417
ROW 2083 5 100 255 2083 8
ROW 2083 6 11 24 2083 83
ROW 2083 7 24 24 2083 84
ROW 2084 0 10 16 2084 122
ROW 2084 1 18 32 2084 63
ROW 2084 2 31 32 2084 63
ROW 2084 3 8 8 2084 232
ROW 2084 4 1 4 2084 417
ROW 2084 5 101 255 2084 8
ROW 2084 6 12 24 2084 83
ROW 2084 7 0 24 2084 84
ROW 2085 0 11 16 2085 122
ROW 2085 1 19 32 2085 63
ROW 2085 2 32 32 2085 64
ROW 2085 3 0 8 2085 232
ROW 2085 4 2 4 2085 417
ROW 2085 5 102 255 2085 8
ROW 2085 6 13 24 2085 83
ROW 2085 7 1 24 2085 84
ROW 2086 0 12 16 2086 122
ROW 2086 1 20 32 2086 63
ROW 2086 2 0 32 2086 64
ROW 2086 3 1 8 2086 232
ROW 2086 4 3 4 2086 417
ROW 2086 5 103 255 2086 8
ROW 2086 6 14 24 2086 83
ROW 2086 7 2 24 2086 84
ROW 2087 0 13 16 2087 122
ROW 2087 1 21 32 2087 63
ROW 2087 2 1 32 2087 64
ROW 2087 3 2 8 2087 232
ROW 2087 4 4 4 2087 418
ROW 2087 5 104 255 2087 8
ROW 2087 6 15 24 2087 83
ROW 2087 7 3 24 2087 84
ROW 2088 0 14 16 2088 122
ROW 2088 1 22 32 2088 63
ROW 2088 2 2 32 2088 64
ROW 2088 3 3 8 2088 232
ROW 2088 4 0 4 2088 418
ROW 2088 5 105 255 2088 8
ROW 2088 6 16 24 2088 83
ROW 2088 7 4 24 2088 84
ROW 2089 0 15 16 2089 122
ROW 2089 1 23 32 2089 63
ROW 2089 2 3 32 2089 64
ROW 2089 3 4 8 2089 232
ROW 2089 4 1 4 2089 418
ROW 2089 5 106 255 2089 8
ROW 2089 6 17 24 2089 83
ROW 2089 7 5 24 2089 84
ROW 2090 0 16 16 2090 123
ROW 2090 1 24 32 2090 63
ROW 2090 2 4 32 2090 64
ROW 2090 3 5 8 2090 232
ROW 2090 4 2 4 2090 418
ROW 2090 5 107 255 2090 8
ROW 2090 6 18 24 2090 83
ROW 2090 7 6 24 2090 84
ROW 2091 0 0 16 2091 123
ROW 2091 1 25 32 2091 63
ROW 2091 2 5 32 2091 64
ROW 2091 3 6 8 2091 232
ROW 2091 4 3 4 2091 418
ROW 2091 5 108 255 2091 8
ROW 2091 6 19 24 2091 83
ROW 2091 7 7 24 2091 84
ROW 2092 0 1 16 2092 123
ROW 2092 1 26 32 2092 63
ROW 2092 2 6 32 2092 64
ROW 2092 3 7 8 2092 232
ROW 2092 4 4 4 2092 419
ROW 2092 5 109 255 2092 8
ROW 2092 6 20 24 2092 83
ROW 2092 7 8 24 2092 84
ROW 2093 0 2 16 2093 123
ROW 2093 1 27 32 2093 63
ROW 2093 2 7 32 2093 64
ROW 2093 3 8 8 2093 233
ROW 2093 4 0 4 2093 419
ROW 2093 5 110 255 2093 8
ROW 2093 6 21 24 2093 83
ROW 2093 7 9 24 2093 84
ROW 2094 0 3 16 2094 123
ROW 2094 1 28 32 2094 63
ROW 2094 2 8 32 2094 64
ROW 2094 3 0 8 2094 233
ROW 2094 4 1 4 2094 419
ROW 2094 5 111 255 2094 8
ROW 2094 6 22 24 2094 83
ROW 2094 7 10 24 2094 84
ROW 2095 0 4 16 2095 123
ROW 2095 1 29 32 2095 63
ROW 2095 2 9 32 2095 64
ROW 2095 3 1 8 2095 233
ROW 2095 4 2 4 2095 419
ROW 2095 5 112 255 2095 8
ROW 2095 6 23 24 2095 83
ROW 2095 7 11 24 2095 84
ROW 2096 0 5 16 2096 123
ROW 2096 1 30 32 2096 63
ROW 2096 2 10 32 2096 64
ROW 2096 3 2 8 2096 233
ROW 2096 4 3 4 2096 419
ROW 2096 5 113 255 2096 8
ROW 2096 6 24 24 2096 84
ROW 2096 7 12 24 2096 84
ROW 2097 0 6 16 2097 123
ROW 2097 1 31 32 2097 63
ROW 2097 2 11 32 2097 64
ROW 2097 3 3 8 2097 233
ROW 2097 4 4 4 2097 420
ROW 2097 5 114 255 2097 8
ROW 2097 6 0 24 2097 84
ROW 2097 7 13 24 2097 84
ROW 2098 0 7 16 2098 123
ROW 2098 1 32 32 2098 64
ROW 2098 2 12 32 2098 64
ROW 2098 3 4 8 2098 233
ROW 2098 4 0 4 2098 420
ROW 2098 5 115 255 2098 8
ROW 2098 6 1 24 2098 84
ROW 2098 7 14 24 2098 84
ROW 2099 0 8 16 2099 123
ROW 2099 1 0 32 2099 64
ROW 2099 2 13 32 2099 64
ROW 2099 3 5 8 2099 233
ROW 2099 4 1 4 2099 420
ROW 2099 5 116 255 2099 8
ROW 2099 6 2 24 2099 84
ROW 2099 7 15 24 2099 84
ROW 2100 0 9 16 2100 123
ROW 2100 1 1 32 2100 64
ROW 2100 2 14 32 2100 64
ROW 2100 3 6 8 2100 233
ROW 2100 4 2 4 2100 420
ROW 2100 5 117 255 2100 8
ROW 2100 6 3 24 2100 84
ROW 2100 7 16 24 2100 84
ROW 2101 0 10 16 2101 123
ROW 2101 1 2 32 2101 64
ROW 2101 2 15 32 2101 64
ROW 2101 3 7 8 2101 233
ROW 2101 4 3 4 2101 420
ROW 2101 5 118 255 2101 8
ROW 2101 6 4 24 2101 84
ROW 2101 7 17 24 2101 84
ROW 2102 0 11 16 2102 123
ROW 2102 1 3 32 2102 64
ROW 2102 2 16 32 2102 64
ROW 2102 3 8 8 2102 234
ROW 2102 4 4 4 2102 421
ROW 2102 5 119 255 2102 8
ROW 2102 6 5 24 2102 84
ROW 2102 7 18 24 2102 84
ROW 2103 0 12 16 2103 123
ROW 2103 1 4 32 2103 64
ROW 2103 2 17 32 2103 64
ROW 2103 3 0 8 2103 234
ROW 2103 4 0 4 2103 421
ROW 2103 5 120 255 2103 8
ROW 2103 6 6 24 2103 84
ROW 2103 7 19 24 2103 84
ROW 2104 0 13 16 2104 123
ROW 2104 1 5 32 2104 64
ROW 2104 2 18 32 2104 64
ROW 2104 3 1 8 2104 234
ROW 2104 4 1 4 2104 421
ROW 2104 5 121 255 2104 8
ROW 2104 6 7 24 2104 84
ROW 2104 7 20 24 2104 84
ROW 2105 0 14 16 2105 123
ROW 2105 1 6 32 2105 64
ROW 2105 2 19 32 2105 64
ROW 2105 3 2 8 2105 234
ROW 2105 4 2 4 2105 421
ROW 2105 5 122 255 2105 8
ROW 2105 6 8 24 2105 84
ROW 2105 7 21 24 2105 84
ROW 2106 0 15 16 2106 123
ROW 2106 1 7 32 2106 64
ROW 2106 2 20 32 2106 64
ROW 2106 3 3 8 2106 234
ROW 2106 4 3 4 2106 421
ROW 2106 5 123 255 2106 8
ROW 2106 6 9 24 2106 84
ROW 2106 7 22 24 2106 84
ROW 2107 0 16 16 2107 124
ROW 2107 1 8 32 2107 64
ROW 2107 2 21 32 2107 64
ROW 2107 3 4 8 2107 234
ROW 2107 4 4 4 2107 422
ROW 2107 5 124 255 2107 8
ROW 2107 6 10 24 2107 84
ROW 2107 7 23 24 2107 84
ROW 2108 0 0 16 2108 124
ROW 2108 1 9 32 2108 64
ROW 2108 2 22 32 2108 64
ROW 2108 3 5 8 2108 234
ROW 2108 4 0 4 2108 422
ROW 2108 5 125 255 2108 8
ROW 2108 6 11 24 2108 84
ROW 2108 7 24 24 2108 85
ROW 2109 0 1 16 2109 124
ROW 2109 1 10 32 2109 64
ROW 2109 2 23 32 2109 64
ROW 2109 3 6 8 2109 234
ROW 2109 4 1 4 2109 422
ROW 2109 5 126 255 2109 8
ROW 2109 6 12 24 2109 84
ROW 2109 7 0 24 2109 85
ROW 2110 0 2 16 2110 124
ROW 2110 1 11 32 2110 64
ROW 2110 2 24 32 2110 64
ROW 2110 3 7 8 2110 234
ROW 2110 4 2 4 2110 422
ROW 2110 5 127 255 2110 8
ROW 2110 6 13 24 2110 84
ROW 2110 7 1 24 2110 85
ROW 2111 0 3 16 2111 124
ROW 2111 1 12 32 2111 64
ROW 2111 2 25 32 2111 64
ROW 2111 3 8 8 2111 235
ROW 2111 4 3 4 2111 422
ROW 2111 5 128 255 2111 8
ROW 2111 6 14 24 2111 84
ROW 2111 7 2 24 2111 85
ROW 2112 0 4 16 2112 124
ROW 2112 1 13 32 2112 64
ROW 2112 2 26 32 2112 64
ROW 2112 3 0 8 2112 235
ROW 2112 4 4 4 2112 423
ROW 2112 5 129 255 2112 8
ROW 2112 6 15 24 2112 84
ROW 2112 7 3 24 2112 85
ROW 2113 0 5 16 2113 124
ROW 2113 1 14 32 2113 64
ROW 2113 2 27 32 2113 64
ROW 2113 3 1 8 2113 235
ROW 2113 4 0 4 2113 423
ROW 2113 5 130 255 2113 8
ROW 2113 6 16 24 2113 84
ROW 2113 7 4 24 2113 85
ROW 2114 0 6 16 2114 124
ROW 2114 1 15 32 2114 64
ROW 2114 2 28 32 2114 64
ROW 2114 3 2 8 2114 235
ROW 2114 4 1 4 2114 423
ROW 2114 5 131 255 2114 8
ROW 2114 6 17 24 2114 84
ROW 2114 7 5 24 2114 85
ROW 2115 0 7 16 2115 124
ROW 2115 1 16 32 2115 64
ROW 2115 2 29 32 2115 64
ROW 2115 3 3 8 2115 235
ROW 2115 4 2 4 2115 423
ROW 2115 5 132 255 2115 8
ROW 2115 6 18 24 2115 84
ROW 2115 7 6 24 2115 85
ROW 2116 0 8 16 2116 124
ROW 2116 1 17 32 2116 64
ROW 2116 2 30 32 2116 64
ROW 2116 3 4 8 2116 235
ROW 2116 4 3 4 2116 423
ROW 2116 5 133 255 2116 8
ROW 2116 6 19 24 2116 84
ROW 2116 7 7 24 2116 85
ROW 2117 0 9 16 2117 124
ROW 2117 1 18 32 2117 64
ROW 2117 2 31 32 2117 64
ROW 2117 3 5 8 2117 235
ROW 2117 4 4 4 2117 424
ROW 2117 5 134 255 2117 8
ROW 2117 6 20 24 2117 84
ROW 2117 7 8 24 2117 85
ROW 2118 0 10 16 2118 124
ROW 2118 1 19 32 2118 64
ROW 2118 2 32 32 2118 65
ROW 2118 3 6 8 2118 235
ROW 2118 4 0 4 2118 424
ROW 2118 5 135 255 2118 8
ROW 2118 6 21 24 2118 84
ROW 2118 7 9 24 2118 85
ROW 2119 0 11 16 2119 124
ROW 2119 1 20 32 2119 64
ROW 2119 2 0 32 2119 65
ROW 2119 3 7 8 2119 235
ROW 2119 4 1 4 2119 424
ROW 2119 5 136 255 2119 8
ROW 2119 6 22 24 2119 84
ROW 2119 7 10 24 2119 85
ROW 2120 0 12 16 2120 124
ROW 2120 1 21 32 2120 64
ROW 2120 2 1 32 2120 65
ROW 2120 3 8 8 2120 236
ROW 2120 4 2 4 2120 424
ROW 2120 5 137 255 2120 8
ROW 2120 6 23 24 2120 84
ROW 2120 7 11 24 2120 85
ROW 2121 0 13 16 2121 124
ROW 2121 1 22 32 2121 64
ROW 2121 2 2 32 2121 65
ROW 2121 3 0 8 2121 236
ROW 2121 4 3 4 2121 424
ROW 2121 5 138 255 2121 8
ROW 2121 6 24 24 2121 85
ROW 2121 7 12 24 2121 85
ROW 2122 0 14 16 2122 124
ROW 2122 1 23 32 2122 64
ROW 2122 2 3 32 2122 65
ROW 2122 3 1 8 2122 236
ROW 2122 4 4 4 2122 425
ROW 2122 5 139 255 2122 8
ROW 2122 6 0 24 2122 85
ROW 2122 7 13 24 2122 85
ROW 2123 0 15 16 2123 124
ROW 2123 1 24 32 2123 64
ROW 2123 2 4 32 2123 65
ROW 2123 3 2 8 2123 236
ROW 2123 4 0 4 2123 425
ROW 2123 5 140 255 2123 8
ROW 2123 6 1 24 2123 85
ROW 2123 7 14 24 2123 85
ROW 2124 0 16 16 2124 125
ROW 2124 1 25 32 2124 64
ROW 2124 2 5 32 2124 65
ROW 2124 3 3 8 2124 236
ROW 2124 4 1 4 2124 425
ROW 2124 5 141 255 2124 8
ROW 2124 6 2 24 2124 85
ROW 2124 7 15 24 2124 85
ROW 2125 0 0 16 2125 125
ROW 2125 1 26 32 2125 64
ROW 2125 2 6 32 2125 65
ROW 2125 3 4 8 2125 236
ROW 2125 4 2 4 2125 425
ROW 2125 5 142 255 2125 8
ROW 2125 6 3 24 2125 85
ROW 2125 7 16 24 2125 85
ROW 2126 0 1 16 2126 125
ROW 2126 1 27 32 2126 64
ROW 2126 2 7 32 2126 65
ROW 2126 3 5 8 2126 236
ROW 2126 4 3 4 2126 425
ROW 2126 5 143 255 2126 8
ROW 2126 6 4 24 2126 85
ROW 2126 7 17 24 2126 85
ROW 2127 0 2 16 2127 125
ROW 2127 1 28 32 2127 64
ROW 2127 2 8 32 2127 65
ROW 2127 3 6 8 2127 236
ROW 2127 4 4 4 2127 426
ROW 2127 5 144 255 2127 8
ROW 2127 6 5 24 2127 85
ROW 2127 7 18 24 2127 85
ROW 2128 0 3 16 2128 125
ROW 2128 1 29 32 2128 64
ROW 2128 2 9 32 2128 65
ROW 2128 3 7 8 2128 236
ROW 2128 4 0 4 2128 426
ROW 2128 5 145 255 2128 8
ROW 2128 6 6 24 2128 85
ROW 2128 7 19 24 2128 85
ROW 2129 0 4 16 2129 125
ROW 2129 1 30 32 2129 64
ROW 2129 2 10 32 2129 65
ROW 2129 3 8 8 2129 237
ROW 2129 4 1 4 2129 426
ROW 2129 5 146 255 2129 8
ROW 2129 6 7 24 2129 85
ROW 2129 7 20 24 2129 85
ROW 2130 0 5 16 2130 125
ROW 2130 1 31 32 2130 64
ROW 2130 2 11 32 2130 65
ROW 2130 3 0 8 2130 237
ROW 2130 4 2 4 2130 426
ROW 2130 5 147 255 2130 8
ROW 2130 6 8 24 2130 85
ROW 2130 7 21 24 2130 85
ROW 2131 0 6 16 2131 125
ROW 2131 1 32 32 2131 65
ROW 2131 2 12 32 2131 65
ROW 2131 3 1 8 2131 237
ROW 2131 4 3 4 2131 426
ROW 2131 5 148 255 2131 8
ROW 2131 6 9 24 2131 85
ROW 2131 7 22 24 2131 85
ROW 2132 0 7 16 2132 125
ROW 2132 1 0 32 2132 65
ROW 2132 2 13 32 2132 65
ROW 2132 3 2 8 2132 237
ROW 2132 4 4 4 2132 427
ROW 2132 5 149 255 2132 8
ROW 2132 6 10 24 2132 85
ROW 2132 7 23 24 2132 85
ROW 2133 0 8 16 2133 125
ROW 2133 1 1 32 2133 65
ROW 2133 2 14 32 2133 65
ROW 2133 3 3 8 2133 237
ROW 2133 4 0 4 2133 427
ROW 2133 5 150 255 2133 8
ROW 2133 6 11 24 2133 85
ROW 2133 7 24 24 2133 86
ROW 2134 0 9 16 2134 125
ROW 2134 1 2 32 2134 65
ROW 2134 2 15 32 2134 65
ROW 2134 3 4 8 2134 237
ROW 2134 4 1 4 2134 427
ROW 2134 5 151 255 2134 8
ROW 2134 6 12 24 2134 85
ROW 2134 7 0 24 2134 86
ROW 2135 0 10 16 2135 125
ROW 2135 1 3 32 2135 65
ROW 2135 2 16 32 2135 65
ROW 2135 3 5 8 2135 237
ROW 2135 4 2 4 2135 427
ROW 2135 5 152 255 2135 8
ROW 2135 6 13 24 2135 85
ROW 2135 7 1 24 2135 86
ROW 2136 0 11 16 2136 125
ROW 2136 1 4 32 2136 65
ROW 2136 2 17 32 2136 65
ROW 2136 3 6 8 2136 237
ROW 2136 4 3 4 2136 427
ROW 2136 5 153 255 2136 8
ROW 2136 6 14 24 2136 85
ROW 2136 7 2 24 2136 86
ROW 2137 0 12 16 2137 125
ROW 2137 1 5 32 2137 65
ROW 2137 2 18 32 2137 65
ROW 2137 3 7 8 2137 237
ROW 2137 4 4 4 2137 428
ROW 2137 5 154 255 2137 8
ROW 2137 6 15 24 2137 85
ROW 2137 7 3 24 2137 86
ROW 2138 0 13 16 2138 125
ROW 2138 1 6 32 2138 65
ROW 2138 2 19 32 2138 65
ROW 2138 3 8 8 2138 238
ROW 2138 4 0 4 2138 428
ROW 2138 5 155 255 2138 8
ROW 2138 6 16 24 2138 85
ROW 2138 7 4 24 2138 86
ROW 2139 0 14 16 2139 125
ROW 2139 1 7 32 2139 65
ROW 2139 2 20 32 2139 65
ROW 2139 3 0 8 2139 238
ROW 2139 4 1 4 2139 428
ROW 2139 5 156 255 2139 8
ROW 2139 6 17 24 2139 85
ROW 2139 7 5 24 2139 86
ROW 2140 0 15 16 2140 125
ROW 2140 1 8 32 2140 65
ROW 2140 2 21 32 2140 65
ROW 2140 3 1 8 2140 238
ROW 2140 4 2 4 2140 428
ROW 2140 5 157 255 2140 8
ROW 2140 6 18 24 2140 85
ROW 2140 7 6 24 2140 86
ROW 2141 0 16 16 2141 126
ROW 2141 1 9 32 2141 65
ROW 2141 2 22 32 2141 65
ROW 2141 3 2 8 2141 238
ROW 2141 4 3 4 2141 428
ROW 2141 5 158 255 2141 8
ROW 2141 6 19 24 2141 85
ROW 2141 7 7 24 2141 86
ROW 2142 0 0 16 2142 126
ROW 2142 1 10 32 2142 65
ROW 2142 2 23 32 2142 65
ROW 2142 3 3 8 2142 238
ROW 2142 4 4 4 2142 429
ROW 2142 5 159 255 2142 8
ROW 2142 6 20 24 2142 85
ROW 2142 7 8 24 2142 86
ROW 2143 0 1 16 2143 126
ROW 2143 1 11 32 2143 65
ROW 2143 2 24 32 2143 65
ROW 2143 3 4 8 2143 238
ROW 2143 4 0 4 2143 429
ROW 2143 5 160 255 2143 8
ROW 2143 6 21 24 2143 85
ROW 2143 7 9 24 2143 86
ROW 2144 0 2 16 2144 126
ROW 2144 1 12 32 2144 65
ROW 2144 2 25 32 2144 65
ROW 2144 3 5 8 2144 238
ROW 2144 4 1 4 2144 429
ROW 2144 5 161 255 2144 8
ROW 2144 6 22 24 2144 85
ROW 2144 7 10 24 2144 86
ROW 2145 0 3 16 2145 126
ROW 2145 1 13 32 2145 65
ROW 2145 2 26 32 2145 65
ROW 2145 3 6 8 2145 238
ROW 2145 4 2 4 2145 429
ROW 2145 5 162 255 2145 8
ROW 2145 6 23 24 2145 85
ROW 2145 7 11 24 2145 86
ROW 2146 0 4 16 2146 126
ROW 2146 1 14 32 2146 65
ROW 2146 2 27 32 2146 65
ROW 2146 3 7 8 2146 238
ROW 2146 4 3 4 2146 429
ROW 2146 5 163 255 2146 8
ROW 2146 6 24 24 2146 86
ROW 2146 7 12 24 2146 86
ROW 2147 0 5 16 2147 126
ROW 2147 1 15 32 2147 65
ROW 2147 2 28 32 2147 65
ROW 2147 3 8 8 2147 239
ROW 2147 4 4 4 2147 430
ROW 2147 5 164 255 2147 8
ROW 2147 6 0 24 2147 86
ROW 2147 7 13 24 2147 86
ROW 2148 0 6 16 2148 126
ROW 2148 1 16 32 2148 65
ROW 2148 2 29 32 2148 65
ROW 2148 3 0 8 2148 239
ROW 2148 4 0 4 2148 430
ROW 2148 5 165 255 2148 8
ROW 2148 6 1 24 2148 86
ROW 2148 7 14 24 2148 86
ROW 2149 0 7 16 2149 126
ROW 2149 1 17 32 2149 65
ROW 2149 2 30 32 2149 65
ROW 2149 3 1 8 2149 239
ROW 2149 4 1 4 2149 430
ROW 2149 5 166 255 2149 8
ROW 2149 6 2 24 2149 86
ROW 2149 7 15 24 2149 86
ROW 2150 0 8 16 2150 126
ROW 2150 1 18 32 2150 65
ROW 2150 2 31 32 2150 65
ROW 2150 3 2 8 2150 239
ROW 2150 4 2 4 2150 430
ROW 2150 5 167 255 2150 8
ROW 2150 6 3 24 2150 86
ROW 2150 7 16 24 2150 86
ROW 2151 0 9 16 2151 126
ROW 2151 1 19 32 2151 65
ROW 2151 2 32 32 2151 66
ROW 2151 3 3 8 2151 239
ROW 2151 4 3 4 2151 430
ROW 2151 5 168 255 2151 8
ROW 2151 6 4 24 2151 86
ROW 2151 7 17 24 2151 86
ROW 2152 0 10 16 2152 126
ROW 2152 1 20 32 2152 65
ROW 2152 2 0 32 2152 66
ROW 2152 3 4 8 2152 239
ROW 2152 4 4 4 2152 431
ROW 2152 5 169 255 2152 8
ROW 2152 6 5 24 2152 86
ROW 2152 7 18 24 2152 86
ROW 2153 0 11 16 2153 126
ROW 2153 1 21 32 2153 65
ROW 2153 2 1 32 2153 66
ROW 2153 3 5 8 2153 239
ROW 2153 4 0 4 2153 431
ROW 2153 5 170 255 2153 8
ROW 2153 6 6 24 2153 86
ROW 2153 7 19 24 2153 86
ROW 2154 0 12 16 2154 126
ROW 2154 1 22 32 2154 65
ROW 2154 2 2 32 2154 66
ROW 2154 3 6 8 2154 239
ROW 2154 4 1 4 2154 431
ROW 2154 5 171 255 2154 8
ROW 2154 6 7 24 2154 86
ROW 2154 7 20 24 2154 86
ROW 2155 0 13 16 2155 126
ROW 2155 1 23 32 2155 65
ROW 2155 2 3 32 2155 66
ROW 2155 3 7 8 2155 239
ROW 2155 4 2 4 2155 431
ROW 2155 5 172 255 2155 8
ROW 2155 6 8 24 2155 86
ROW 2155 7 21 24 2155 86
ROW 2156 0 14 16 2156 126
ROW 2156 1 24 32 2156 65
ROW 2156 2 4 32 2156 66
ROW 2156 3 8 8 2156 240
ROW 2156 4 3 4 2156 431
ROW 2156 5 173 255 2156 8
ROW 2156 6 9 24 2156 86
ROW 2156 7 22 24 2156 86
ROW 2157 0 15 16 2157 126
ROW 2157 1 25 32 2157 65
ROW 2157 2 5 32 2157 66
ROW 2157 3 0 8 2157 240
ROW 2157 4 4 4 2157 432
ROW 2157 5 174 255 2157 8
ROW 2157 6 10 24 2157 86
ROW 2157 7 23 24 2157 86
ROW 2158 0 16 16 2158 127
ROW 2158 1 26 32 2158 65
ROW 2158 2 6 32 2158 66
ROW 2158 3 1 8 2158 240
ROW 2158 4 0 4 2158 432
ROW 2158 5 175 255 2158 8
ROW 2158 6 11 24 2158 86
ROW 2158 7 24 24 2158 87
ROW 2159 0 0 16 2159 127
ROW 2159 1 27 32 2159 65
ROW 2159 2 7 32 2159 66
ROW 2159 3 2 8 2159 240
ROW 2159 4 1 4 2159 432
ROW 2159 5 176 255 2159 8
ROW 2159 6 12 24 2159 86
ROW 2159 7 0 24 2159 87
ROW 2160 0 1 16 2160 127
ROW 2160 1 28 32 2160 65
ROW 2160 2 8 32 2160 66
ROW 2160 3 3 8 2160 240
ROW 2160 4 2 4 2160 432
ROW 2160 5 177 255 2160 8
ROW 2160 6 13 24 2160 86
ROW 2160 7 1 24 2160 87
ROW 2161 0 2 16 2161 127
ROW 2161 1 29 32 2161 65
ROW 2161 2 9 32 2161 66
ROW 2161 3 4 8 2161 240
ROW 2161 4 3 4 2161 432
ROW 2161 5 178 255 2161 8
ROW 2161 6 14 24 2161 86
ROW 2161 7 2 24 2161 87
ROW 2162 0 3 16 2162 127
ROW 2162 1 30 32 2162 65
ROW 2162 2 10 32 2162 66
ROW 2162 3 5 8 2162 240
ROW 2162 4 4 4 2162 433
ROW 2162 5 179 255 2162 8
ROW 2162 6 15 24 2162 86
ROW 2162 7 3 24 2162 87
ROW 2163 0 4 16 2163 127
ROW 2163 1 31 32 2163 65
ROW 2163 2 11 32 2163 66
ROW 2163 3 6 8 2163 240
ROW 2163 4 0 4 2163 433
ROW 2163 5 180 255 2163 8
ROW 2163 6 16 24 2163 86
ROW 2163 7 4 24 2163 87
ROW 2164 0 5 16 2164 127
ROW 2164 1 32 32 2164 66
ROW 2164 2 12 32 2164 66
ROW 2164 3 7 8 2164 240
ROW 2164 4 1 4 2164 433
ROW 2164 5 181 255 2164 8
ROW 2164 6 17 24 2164 86
ROW 2164 7 5 24 2164 87
ROW 2165 0 6 16 2165 127
ROW 2165 1 0 32 2165 66
ROW 2165 2 13 32 2165 66
ROW 2165 3 8 8 2165 241
ROW 2165 4 2 4 2165 433
ROW 2165 5 182 255 2165 8
ROW 2165 6 18 24 2165 86
ROW 2165 7 6 24 2165 87
ROW 2166 0 7 16 2166 127
ROW 2166 1 1 32 2166 66
ROW 2166 2 14 32 2166 66
ROW 2166 3 0 8 2166 241
ROW 2166 4 3 4 2166 433
ROW 2166 5 183 255 2166 8
ROW 2166 6 19 24 2166 86
ROW 2166 7 7 24 2166 87
ROW 2167 0 8 16 2167 127
ROW 2167 1 2 32 2167 66
ROW 2167 2 15 32 2167 66
ROW 2167 3 1 8 2167 241
ROW 2167 4 4 4 2167 434
ROW 2167 5 184 255 2167 8
ROW 2167 6 20 24 2167 86
ROW 2167 7 8 24 2167 87
ROW 2168 0 9 16 2168 127
ROW 2168 1 3 32 2168 66
ROW 2168 2 16 32 2168 66
ROW 2168 3 2 8 2168 241
ROW 2168 4 0 4 2168 434
ROW 2168 5 185 255 2168 8
ROW 2168 6 21 24 2168 86
ROW 2168 7 9 24 2168 87
ROW 2169 0 10 16 2169 127
ROW 2169 1 4 32 2169 66
ROW 2169 2 17 32 2169 66
ROW 2169 3 3 8 2169 241
ROW 2169 4 1 4 2169 434
ROW 2169 5 186 255 2169 8
ROW 2169 6 22 24 2169 86
ROW 2169 7 10 24 2169 87
ROW 2170 0 11 16 2170 127
ROW 2170 1 5 32 2170 66
ROW 2170 2 18 32 2170 66
ROW 2170 3 4 8 2170 241
ROW 2170 4 2 4 2170 434
ROW 2170 5 187 255 2170 8
ROW 2170 6 23 24 2170 86
ROW 2170 7 11 24 2170 87
ROW 2171 0 12 16 2171 127
ROW 2171 1 6 32 2171 66
ROW 2171 2 19 32 2171 66
ROW 2171 3 5 8 2171 241
ROW 2171 4 3 4 2171 434
ROW 2171 5 188 255 2171 8
ROW 2171 6 24 24 2171 87
ROW 2171 7 12 24 2171 87
ROW 2172 0 13 16 2172 127
ROW 2172 1 7 32 2172 66
ROW 2172 2 20 32 2172 66
ROW 2172 3 6 8 2172 241
ROW 2172 4 4 4 2172 435
ROW 2172 5 189 255 2172 8
ROW 2172 6 0 24 2172 87
ROW 2172 7 13 24 2172 87
ROW 2173 0 14 16 2173 127
ROW 2173 1 8 32 2173 66
ROW 2173 2 21 32 2173 66
ROW 2173 3 7 8 2173 241
ROW 2173 4 0 4 2173 435
ROW 2173 5 190 255 2173 8
ROW 2173 6 1 24 2173 87
ROW 2173 7 14 24 2173 87
ROW 2174 0 15 16 2174 127
ROW 2174 1 9 32 2174 66
ROW 2174 2 22 32 2174 66
ROW 2174 3 8 8 2174 242
ROW 2174 4 1 4 2174 435
ROW 2174 5 191 255 2174 8
ROW 2174 6 2 24 2174 87
ROW 2174 7 15 24 2174 87
ROW 2175 0 16 16 2175 128
ROW 2175 1 10 32 2175 66
ROW 2175 2 23 32 2175 66
ROW 2175 3 0 8 2175 242
ROW 2175 4 2 4 2175 435
ROW 2175 5 192 255 2175 8
ROW 2175 6 3 24 2175 87
ROW 2175 7 16 24 2175 87
ROW 2176 0 0 16 2176 128
ROW 2176 1 11 32 2176 66
ROW 2176 2 24 32 2176 66
ROW 2176 3 1 8 2176 242
ROW 2176 4 3 4 2176 435
ROW 2176 5 193 255 2176 8
ROW 2176 6 4 24 2176 87
ROW 2176 7 17 24 2176 87
ROW 2177 0 1 16 2177 128
ROW 2177 1 12 32 2177 66
ROW 2177 2 25 32 2177 66
ROW 2177 3 2 8 2177 242
ROW 2177 4 4 4 2177 436
ROW 2177 5 194 255 2177 8
ROW 2177 6 5 24 2177 87
ROW 2177 7 18 24 2177 87
ROW 2178 0 2 16 2178 128
ROW 2178 1 13 32 2178 66
ROW 2178 2 26 32 2178 66
ROW 2178 3 3 8 2178 242
ROW 2178 4 0 4 2178 436
ROW 2178 5 195 255 2178 8
ROW 2178 6 6 24 2178 87
ROW 2178 7 19 24 2178 87
ROW 2179 0 3 16 2179 128
ROW 2179 1 14 32 2179 66
ROW 2179 2 27 32 2179 66
ROW 2179 3 4 8 2179 242
ROW 2179 4 1 4 2179 436
ROW 2179 5 196 255 2179 8
ROW 2179 6 7 24 2179 87
ROW 2179 7 20 24 2179 87
ROW 2180 0 4 16 2180 128
ROW 2180 1 15 32 2180 66
ROW 2180 2 28 32 2180 66
ROW 2180 3 5 8 2180 242
ROW 2180 4 2 4 2180 436
ROW 2180 5 197 255 2180 8
ROW 2180 6 8 24 2180 87
ROW 2180 7 21 24 2180 87
ROW 2181 0 5 16 2181 128
ROW 2181 1 16 32 2181 66
ROW 2181 2 29 32 2181 66
ROW 2181 3 6 8 2181 242
ROW 2181 4 3 4 2181 436
ROW 2181 5 198 255 2181 8
ROW 2181 6 9 24 2181 87
ROW 2181 7 22 24 2181 87
ROW 2182 0 6 16 2182 128
ROW 2182 1 17 32 2182 66
ROW 2182 2 30 32 2182 66
ROW 2182 3 7 8 2182 242
ROW 2182 4 4 4 2182 437
ROW 2182 5 199 255 2182 8
ROW 2182 6 10 24 2182 87
ROW 2182 7 23 24 2182 87
ROW 2183 0 7 16 2183 128
ROW 2183 1 18 32 2183 66
ROW 2183 2 31 32 2183 66
ROW 2183 3 8 8 2183 243
ROW 2183 4 0 4 2183 437
ROW 2183 5 200 255 2183 8
ROW 2183 6 11 24 2183 87
ROW 2183 7 24 24 2183 88
ROW 2184 0 8 16 2184 128
ROW 2184 1 19 32 2184 66
ROW 2184 2 32 32 2184 67
ROW 2184 3 0 8 2184 243
ROW 2184 4 1 4 2184 437
ROW 2184 5 201 255 2184 8
ROW 2184 6 12 24 2184 87
ROW 2184 7 0 24 2184 88
ROW 2185 0 9 16 2185 128
ROW 2185 1 20 32 2185 66
ROW 2185 2 0 32 2185 67
ROW 2185 3 1 8 2185 243
ROW 2185 4 2 4 2185 437
ROW 2185 5 202 255 2185 8
ROW 2185 6 13 24 2185 87
ROW 2185 7 1 24 2185 88
ROW 2186 0 10 16 2186 128
ROW 2186 1 21 32 2186 66
ROW 2186 2 1 32 2186 67
ROW 2186 3 2 8 2186 243
ROW 2186 4 3 4 2186 437
ROW 2186 5 203 255 2186 8
ROW 2186 6 14 24 2186 87
ROW 2186 7 2 24 2186 88
ROW 2187 0 11 16 2187 128
ROW 2187 1 22 32 2187 66
ROW 2187 2 2 32 2187 67
ROW 2187 3 3 8 2187 243
ROW 2187 4 4 4 2187 438
ROW 2187 5 204 255 2187 8
ROW 2187 6 15 24 2187 87
ROW 2187 7 3 24 2187 88
ROW 2188 0 12 16 2188 128
ROW 2188 1 23 32 2188 66
ROW 2188 2 3 32 2188 67
ROW 2188 3 4 8 2188 243
ROW 2188 4 0 4 2188 438
ROW 2188 5 205 255 2188 8
ROW 2188 6 16 24 2188 87
ROW 2188 7 4 24 2188 88
ROW 2189 0 13 16 2189 128
ROW 2189 1 24 32 2189 66
ROW 2189 2 4 32 2189 67
ROW 2189 3 5 8 2189 243
ROW 2189 4 1 4 2189 438
ROW 2189 5 206 255 2189 8
ROW 2189 6 17 24 2189 87
ROW 2189 7 5 24 2189 88
ROW 2190 0 14 16 2190 128
ROW 2190 1 25 32 2190 66
ROW 2190 2 5 32 2190 67
ROW 2190 3 6 8 2190 243
ROW 2190 4 2 4 2190 438
ROW 2190 5 207 255 2190 8
ROW 2190 6 18 24 2190 87
ROW 2190 7 6 24 2190 88
ROW 2191 0 15 16 2191 128
ROW 2191 1 26 32 2191 66
ROW 2191 2 6 32 2191 67
ROW 2191 3 7 8 2191 243
ROW 2191 4 3 4 2191 438
ROW 2191 5 208 255 2191 8
ROW 2191 6 19 24 2191 87
ROW 2191 7 7 24 2191 88
ROW 2192 0 16 16 2192 129
ROW 2192 1 27 32 2192 66
ROW 2192 2 7 32 2192 67
ROW 2192 3 8 8 2192 244
ROW 2192 4 4 4 2192 439
ROW 2192 5 209 255 2192 8
ROW 2192 6 20 24 2192 87
ROW 2192 7 8 24 2192 88
ROW 2193 0 0 16 2193 129
ROW 2193 1 28 32 2193 66
ROW 2193 2 8 32 2193 67
ROW 2193 3 0 8 2193 244
ROW 2193 4 0 4 2193 439
ROW 2193 5 210 255 2193 8
ROW 2193 6 21 24 2193 87
ROW 2193 7 9 24 2193 88
ROW 2194 0 1 16 2194 129
ROW 2194 1 29 32 2194 66
ROW 2194 2 9 32 2194 67
ROW 2194 3 1 8 2194 244
ROW 2194 4 1 4 2194 439
ROW 2194 5 211 255 2194 8
ROW 2194 6 22 24 2194 87
ROW 2194 7 10 24 2194 88
ROW 2195 0 2 16 2195 129
ROW 2195 1 30 32 2195 66
ROW 2195 2 10 32 2195 67
ROW 2195 3 2 8 2195 244
ROW 2195 4 2 4 2195 439
ROW 2195 5 212 255 2195 8
ROW 2195 6 23 24 2195 87
ROW 2195 7 11 24 2195 88
ROW 2196 0 3 16 2196 129
ROW 2196 1 31 32 2196 66
ROW 2196 2 11 32 2196 67
ROW 2196 3 3 8 2196 244
ROW 2196 4 3 4 2196 439
ROW 2196 5 213 255 2196 8
ROW 2196 6 24 24 2196 88
ROW 2196 7 12 24 2196 88
ROW 2197 0 4 16 2197 129
ROW 2197 1 32 32 2197 67
ROW 2197 2 12 32 2197 67
ROW 2197 3 4 8 2197 244
ROW 2197 4 4 4 2197 440
ROW 2197 5 214 255 2197 8
ROW 2197 6 0 24 2197 88
ROW 2197 7 13 24 2197 88
ROW 2198 0 5 16 2198 129
ROW 2198 1 0 32 2198 67
ROW 2198 2 13 32 2198 67
ROW 2198 3 5 8 2198 244
ROW 2198 4 0 4 2198 440
ROW 2198 5 215 255 2198 8
ROW 2198 6 1 24 2198 88
ROW 2198 7 14 24 2198 88
ROW 2199 0 6 16 2199 129
ROW 2199 1 1 32 2199 67
ROW 2199 2 14 32 2199 67
ROW 2199 3 6 8 2199 244
ROW 2199 4 1 4 2199 440
ROW 2199 5 216 255 2199 8
ROW 2199 6 2 24 2199 88
ROW 2199 7 15 24 2199 88
ROW 2200 0 7 16 2200 129
ROW 2200 1 2 32 2200 67
ROW 2200 2 15 32 2200 67
ROW 2200 3 7 8 2200 244
ROW 2200 4 2 4 2200 440
ROW 2200 5 217 255 2200 8
ROW 2200 6 3 24 2200 88
ROW 2200 7 16 24 2200 88
ROW 2201 0 8 16 2201 129
ROW 2201 1 3 32 2201 67
ROW 2201 2 16 32 2201 67
ROW 2201 3 8 8 2201 245
ROW 2201 4 3 4 2201 440
ROW 2201 5 218 255 2201 8
ROW 2201 6 4 24 2201 88
ROW 2201 7 17 24 2201 88
ROW 2202 0 9 16 2202 129
ROW 2202 1 4 32 2202 67
ROW 2202 2 17 32 2202 67
ROW 2202 3 0 8 2202 245
ROW 2202 4 4 4 2202 441
ROW 2202 5 219 255 2202 8
ROW 2202 6 5 24 2202 88
ROW 2202 7 18 24 2202 88
ROW 2203 0 10 16 2203 129
ROW 2203 1 5 32 2203 67
ROW 2203 2 18 32 2203 67
ROW 2203 3 1 8 2203 245
ROW 2203 4 0 4 2203 441
ROW 2203 5 220 255 2203 8
ROW 2203 6 6 24 2203 88
ROW 2203 7 19 24 2203 88
ROW 2204 0 11 16 2204 129
ROW 2204 1 6 32 2204 67
ROW 2204 2 19 32 2204 67
ROW 2204 3 2 8 2204 245
ROW 2204 4 1 4 2204 441
ROW 2204 5 221 255 2204 8
ROW 2204 6 7 24 2204 88
ROW 2204 7 20 24 2204 88
ROW 2205 0 12 16 2205 129
ROW 2205 1 7 32 2205 67
ROW 2205 2 20 32 2205 67
ROW 2205 3 3 8 2205 245
ROW 2205 4 2 4 2205 441
ROW 2205 5 222 255 2205 8
ROW 2205 6 8 24 2205 88
ROW 2205 7 21 24 2205 88
ROW 2206 0 13 16 2206 129
ROW 2206 1 8 32 2206 67
ROW 2206 2 21 32 2206 67
ROW 2206 3 4 8 2206 245
ROW 2206 4 3 4 2206 441
ROW 2206 5 223 255 2206 8
ROW 2206 6 9 24 2206 88
ROW 2206 7 22 24 2206 88
ROW 2207 0 14 16 2207 129
ROW 2207 1 9 32 2207 67
ROW 2207 2 22 32 2207 67
ROW 2207 3 5 8 2207 245
ROW 2207 4 4 4 2207 442
ROW 2207 5 224 255 2207 8
ROW 2207 6 10 24 2207 88
ROW 2207 7 23 24 2207 88
ROW 2208 0 15 16 2208 129
ROW 2208 1 10 32 2208 67
ROW 2208 2 23 32 2208 67
ROW 2208 3 6 8 2208 245
ROW 2208 4 0 4 2208 442
ROW 2208 5 225 255 2208 8
ROW 2208 6 11 24 2208 88
ROW 2208 7 24 24 2208 89
ROW 2209 0 16 16 2209 130
ROW 2209 1 11 32 2209 67
ROW 2209 2 24 32 2209 67
ROW 2209 3 7 8 2209 245
ROW 2209 4 1 4 2209 442
ROW 2209 5 226 255 2209 8
ROW 2209 6 12 24 2209 88
ROW 2209 7 0 24 2209 89
ROW 2210 0 0 16 2210 130
ROW 2210 1 12 32 2210 67
ROW 2210 2 25 32 2210 67
ROW 2210 3 8 8 2210 246
ROW 2210 4 2 4 2210 442
ROW 2210 5 227 255 2210 8
ROW 2210 6 13 24 2210 88
ROW 2210 7 1 24 2210 89
ROW 2211 0 1 16 2211 130
ROW 2211 1 13 32 2211 67
ROW 2211 2 26 32 2211 67
ROW 2211 3 0 8 2211 246
ROW 2211 4 3 4 2211 442
ROW 2211 5 228 255 2211 8
ROW 2211 6 14 24 2211 88
ROW 2211 7 2 24 2211 89
ROW 2212 0 2 16 2212 130
ROW 2212 1 14 32 2212 67
ROW 2212 2 27 32 2212 67
ROW 2212 3 1 8 2212 246
ROW 2212 4 4 4 2212 443
ROW 2212 5 229 255 2212 8
ROW 2212 6 15 24 2212 88
ROW 2212 7 3 24 2212 89
ROW 2213 0 3 16 2213 130
ROW 2213 1 15 32 2213 67
ROW 2213 2 28 32 2213 67
ROW 2213 3 2 8 2213 246
ROW 2213 4 0 4 2213 443
ROW 2213 5 230 255 2213 8
ROW 2213 6 16 24 2213 88
ROW 2213 7 4 24 2213 89
ROW 2214 0 4 16 2214 130
ROW 2214 1 16 32 2214 67
ROW 2214 2 29 32 2214 67
ROW 2214 3 3 8 2214 246
ROW 2214 4 1 4 2214 443
ROW 2214 5 231 255 2214 8
ROW 2214 6 17 24 2214 88
ROW 2214 7 5 24 2214 89
ROW 2215 0 5 16 2215 130
ROW 2215 1 17 32 2215 67
ROW 2215 2 30 32 2215 67
ROW 2215 3 4 8 2215 246
ROW 2215 4 2 4 2215 443
ROW 2215 5 232 255 2215 8
ROW 2215 6 18 24 2215 88
ROW 2215 7 6 24 2215 89
ROW 2216 0 6 16 2216 130
ROW 2216 1 18 32 2216 67
ROW 2216 2 31 32 2216 67
ROW 2216 3 5 8 2216 246
ROW 2216 4 3 4 2216 443
ROW 2216 5 233 255 2216 8
ROW 2216 6 19 24 2216 88
ROW 2216 7 7 24 2216 89
ROW 2217 0 7 16 2217 130
ROW 2217 1 19 32 2217 67
ROW 2217 2 32 32 2217 68
ROW 2217 3 6 8 2217 246
ROW 2217 4 4 4 2217 444
ROW 2217 5 234 255 2217 8
ROW 2217 6 20 24 2217 88
ROW 2217 7 8 24 2217 89
ROW 2218 0 8 16 2218 130
ROW 2218 1 20 32 2218 67
ROW 2218 2 0 32 2218 68
ROW 2218 3 7 8 2218 246
ROW 2218 4 0 4 2218 444
ROW 2218 5 235 255 2218 8
ROW 2218 6 21 24 2218 88
ROW 2218 7 9 24 2218 89
ROW 2219 0 9 16 2219 130
ROW 2219 1 21 32 2219 67
ROW 2219 2 1 32 2219 68
ROW 2219 3 8 8 2219 247
ROW 2219 4 1 4 2219 444
ROW 2219 5 236 255 2219 8
ROW 2219 6 22 24 2219 88
ROW 2219 7 10 24 2219 89
ROW 2220 0 10 16 2220 130
ROW 2220 1 22 32 2220 67
ROW 2220 2 2 32 2220 68
ROW 2220 3 0 8 2220 247
ROW 2220 4 2 4 2220 444
ROW 2220 5 237 255 2220 8
ROW 2220 6 23 24 2220 88
ROW 2220 7 11 24 2220 89
ROW 2221 0 11 16 2221 130
ROW 2221 1 23 32 2221 67
ROW 2221 2 3 32 2221 68
ROW 2221 3 1 8 2221 247
ROW 2221 4 3 4 2221 444
ROW 2221 5 238 255 2221 8
ROW 2221 6 24 24 2221 89
ROW 2221 7 12 24 2221 89
ROW 2222 0 12 16 2222 130
ROW 2222 1 24 32 2222 67
ROW 2222 2 4 32 2222 68
ROW 2222 3 2 8 2222 247
ROW 2222 4 4 4 2222 445
ROW 2222 5 239 255 2222 8
ROW 2222 6 0 24 2222 89
ROW 2222 7 13 24 2222 89
ROW 2223 0 13 16 2223 130
ROW 2223 1 25 32 2223 67
ROW 2223 2 5 32 2223 68
ROW 2223 3 3 8 2223 247
ROW 2223 4 0 4 2223 445
ROW 2223 5 240 255 2223 8
ROW 2223 6 1 24 2223 89
ROW 2223 7 14 24 2223 89
ROW 2224 0 14 16 2224 130
ROW 2224 1 26 32 2224 67
ROW 2224 2 6 32 2224 68
ROW 2224 3 4 8 2224 247
ROW 2224 4 1 4 2224 445
ROW 2224 5 241 255 2224 8
ROW 2224 6 2 24 2224 89
ROW 2224 7 15 24 2224 89
ROW 2225 0 15 16 2225 130
ROW 2225 1 27 32 2225 67
ROW 2225 2 7 32 2225 68
ROW 2225 3 5 8 2225 247
ROW 2225 4 2 4 2225 445
ROW 2225 5 242 255 2225 8
ROW 2225 6 3 24 2225 89
ROW 2225 7 16 24 2225 89
ROW 2226 0 16 16 2226 131
ROW 2226 1 28 32 2226 67
ROW 2226 2 8 32 2226 68
ROW 2226 3 6 8 2226 247
ROW 2226 4 3 4 2226 445
ROW 2226 5 243 255 2226 8
ROW 2226 6 4 24 2226 89
ROW 2226 7 17 24 2226 89
ROW 2227 0 0 16 2227 131
ROW 2227 1 29 32 2227 67
ROW 2227 2 9 32 2227 68
ROW 2227 3 7 8 2227 247
ROW 2227 4 4 4 2227 446
ROW 2227 5 244 255 2227 8
ROW 2227 6 5 24 2227 89
ROW 2227 7 18 24 2227 89
ROW 2228 0 1 16 2228 131
ROW 2228 1 30 32 2228 67
ROW 2228 2 10 32 2228 68
ROW 2228 3 8 8 2228 248
ROW 2228 4 0 4 2228 446
ROW 2228 5 245 255 2228 8
ROW 2228 6 6 24 2228 89
ROW 2228 7 19 24 2228 89
ROW 2229 0 2 16 2229 131
ROW 2229 1 31 32 2229 67
ROW 2229 2 11 32 2229 68
ROW 2229 3 0 8 2229 248
ROW 2229 4 1 4 2229 446
ROW 2229 5 246 255 2229 8
ROW 2229 6 7 24 2229 89
ROW 2229 7 20 24 2229 89
ROW 2230 0 3 16 2230 131
ROW 2230 1 32 32 2230 68
ROW 2230 2 12 32 2230 68
ROW 2230 3 1 8 2230 248
ROW 2230 4 2 4 2230 446
ROW 2230 5 247 255 2230 8
ROW 2230 6 8 24 2230 89
ROW 2230 7 21 24 2230 89
ROW 2231 0 4 16 2231 131
ROW 2231 1 0 32 2231 68
ROW 2231 2 13 32 2231 68
ROW 2231 3 2 8 2231 248
ROW 2231 4 3 4 2231 446
ROW 2231 5 248 255 2231 8
ROW 2231 6 9 24 2231 89
ROW 2231 7 22 24 2231 89
ROW 2232 0 5 16 2232 131
ROW 2232 1 1 32 2232 68
ROW 2232 2 14 32 2232 68
ROW 2232 3 3 8 2232 248
ROW 2232 4 4 4 2232 447
ROW 2232 5 249 255 2232 8
ROW 2232 6 10 24 2232 89
ROW 2232 7 23 24 2232 89
ROW 2233 0 6 16 2233 131
ROW 2233 1 2 32 2233 68
ROW 2233 2 15 32 2233 68
ROW 2233 3 4 8 2233 248
ROW 2233 4 0 4 2233 447
ROW 2233 5 250 255 2233 8
ROW 2233 6 11 24 2233 89
ROW 2233 7 24 24 2233 90
ROW 2234 0 7 16 2234 131
ROW 2234 1 3 32 2234 68
ROW 2234 2 16 32 2234 68
ROW 2234 3 5 8 2234 248
ROW 2234 4 1 4 2234 447
ROW 2234 5 251 255 2234 8
ROW 2234 6 12 24 2234 89
ROW 2234 7 0 24 2234 90
ROW 2235 0 8 16 2235 131
ROW 2235 1 4 32 2235 68
ROW 2235 2 17 32 2235 68
ROW 2235 3 6 8 2235 248
ROW 2235 4 2 4 2235 447
ROW 2235 5 252 255 2235 8
ROW 2235 6 13 24 2235 89
ROW 2235 7 1 24 2235 90
ROW 2236 0 9 16 2236 131
ROW 2236 1 5 32 2236 68
ROW 2236 2 18 32 2236 68
ROW 2236 3 7 8 2236 248
ROW 2236 4 3 4 2236 447
ROW 2236 5 253 255 2236 8
ROW 2236 6 14 24 2236 89
ROW 2236 7 2 24 2236 90
ROW 2237 0 10 16 2237 131
ROW 2237 1 6 32 2237 68
ROW 2237 2 19 32 2237 68
ROW 2237 3 8 8 2237 249
ROW 2237 4 4 4 2237 448
ROW 2237 5 254 255 2237 8
ROW 2237 6 15 24 2237 89
ROW 2237 7 3 24 2237 90
ROW 2238 0 11 16 2238 131
ROW 2238 1 7 32 2238 68
ROW 2238 2 20 32 2238 68
ROW 2238 3 0 8 2238 249
ROW 2238 4 0 4 2238 448
ROW 2238 5 255 255 2238 9
ROW 2238 6 16 24 2238 89
ROW 2238 7 4 24 2238 90
ROW 2239 0 12 16 2239 131
ROW 2239 1 8 32 2239 68
ROW 2239 2 21 32 2239 68
ROW 2239 3 1 8 2239 249
ROW 2239 4 1 4 2239 448
ROW 2239 5 0 255 2239 9
ROW 2239 6 17 24 2239 89
ROW 2239 7 5 24 2239 90
ROW 2240 0 13 16 2240 131
ROW 2240 1 9 32 2240 68
ROW 2240 2 22 32 2240 68
ROW 2240 3 2 8 2240 249
ROW 2240 4 2 4 2240 448
ROW 2240 5 1 255 2240 9
ROW 2240 6 18 24 2240 89
ROW 2240 7 6 24 2240 90
ROW 2241 0 14 16 2241 131
ROW 2241 1 10 32 2241 68
ROW 2241 2 23 32 2241 68
ROW 2241 3 3 8 2241 249
ROW 2241 4 3 4 2241 448
ROW 2241 5 2 255 2241 9
ROW 2241 6 19 24 2241 89
ROW 2241 7 7 24 2241 90
ROW 2242 0 15 16 2242 131
ROW 2242 1 11 32 2242 68
ROW 2242 2 24 32 2242 68
ROW 2242 3 4 8 2242 249
ROW 2242 4 4 4 2242 449
ROW 2242 5 3 255 2242 9
ROW 2242 6 20 24 2242 89
ROW 2242 7 8 24 2242 90
ROW 2243 0 16 16 2243 132
ROW 2243 1 12 32 2243 68
ROW 2243 2 25 32 2243 68
ROW 2243 3 5 8 2243 249
ROW 2243 4 0 4 2243 449
ROW 2243 5 4 255 2243 9
ROW 2243 6 21 24 2243 89
ROW 2243 7 9 24 2243 90
ROW 2244 0 0 16 2244 132
ROW 2244 1 13 32 2244 68
ROW 2244 2 26 32 2244 68
ROW 2244 3 6 8 2244 249
ROW 2244 4 1 4 2244 449
ROW 2244 5 5 255 2244 9
ROW 2244 6 22 24 2244 89
ROW 2244 7 10 24 2244 90
ROW 2245 0 1 16 2245 132
ROW 2245 1 14 32 2245 68
ROW 2245 2 27 32 2245 68
ROW 2245 3 7 8 2245 249
ROW 2245 4 2 4 2245 449
ROW 2245 5 6 255 2245 9
ROW 2245 6 23 24 2245 89
ROW 2245 7 11 24 2245 90
ROW 2246 0 2 16 2246 132
ROW 2246 1 15 32 2246 68
ROW 2246 2 28 32 2246 68
ROW 2246 3 8 8 2246 250
ROW 2246 4 3 4 2246 449
ROW 2246 5 7 255 2246 9
ROW 2246 6 24 24 2246 90
ROW 2246 7 12 24 2246 90
ROW 2247 0 3 16 2247 132
ROW 2247 1 16 32 2247 68
ROW 2247 2 29 32 2247 68
ROW 2247 3 0 8 2247 250
ROW 2247 4 4 4 2247 450
ROW 2247 5 8 255 2247 9
ROW 2247 6 0 24 2247 90
ROW 2247 7 13 24 2247 90
ROW 2248 0 4 16 2248 132
ROW 2248 1 17 32 2248 68
ROW 2248 2 30 32 2248 68
ROW 2248 3 1 8 2248 250
ROW 2248 4 0 4 2248 450
ROW 2248 5 9 255 2248 9
ROW 2248 6 1 24 2248 90
ROW 2248 7 14 24 2248 90
ROW 2249 0 5 16 2249 132
ROW 2249 1 18 32 2249 68
ROW 2249 2 31 32 2249 68
ROW 2249 3 2 8 2249 250
ROW 2249 4 1 4 2249 450
ROW 2249 5 10 255 2249 9
ROW 2249 6 2 24 2249 90
ROW 2249 7 15 24 2249 90
ROW 2250 0 6 16 2250 132
ROW 2250 1 19 32 2250 68
ROW 2250 2 32 32 2250 69
ROW 2250 3 3 8 2250 250
ROW 2250 4 2 4 2250 450
ROW 2250 5 11 255 2250 9
ROW 2250 6 3 24 2250 90
ROW 2250 7 16 24 2250 90
ROW 2251 0 7 16 2251 132
ROW 2251 1 20 32 2251 68
ROW 2251 2 0 32 2251 69
ROW 2251 3 4 8 2251 250
ROW 2251 4 3 4 2251 450
ROW 2251 5 12 255 2251 9
ROW 2251 6 4 24 2251 90
ROW 2251 7 17 24 2251 90
ROW 2252 0 8 16 2252 132
ROW 2252 1 21 32 2252 68
ROW 2252 2 1 32 2252 69
ROW 2252 3 5 8 2252 250
ROW 2252 4 4 4 2252 451
ROW 2252 5 13 255 2252 9
ROW 2252 6 5 24 2252 90
ROW 2252 7 18 24 2252 90
ROW 2253 0 9 16 2253 132
ROW 2253 1 22 32 2253 68
ROW 2253 2 2 32 2253 69
ROW 2253 3 6 8 2253 250
ROW 2253 4 0 4 2253 451
ROW 2253 5 14 255 2253 9
ROW 2253 6 6 24 2253 90
ROW 2253 7 19 24 2253 90
ROW 2254 0 10 16 2254 132
ROW 2254 1 23 32 2254 68
ROW 2254 2 3 32 2254 69
ROW 2254 3 7 8 2254 250
ROW 2254 4 1 4 2254 451
ROW 2254 5 15 255 2254 9
ROW 2254 6 7 24 2254 90
ROW 2254 7 20 24 2254 90
ROW 2255 0 11 16 2255 132
ROW 2255 1 24 32 2255 68
ROW 2255 2 4 32 2255 69
ROW 2255 3 8 8 2255 251
ROW 2255 4 2 4 2255 451
ROW 2255 5 16 255 2255 9
ROW 2255 6 8 24 2255 90
ROW 2255 7 21 24 2255 90
ROW 2256 0 12 16 2256 132
ROW 2256 1 25 32 2256 68
ROW 2256 2 5 32 2256 69
ROW 2256 3 0 8 2256 251
ROW 2256 4 3 4 2256 451
ROW 2256 5 17 255 2256 9
ROW 2256 6 9 24 2256 90
ROW 2256 7 22 24 2256 90
ROW 2257 0 13 16 2257 132
ROW 2257 1 26 32 2257 68
ROW 2257 2 6 32 2257 69
ROW 2257 3 1 8 2257 251
ROW 2257 4 4 4 2257 452
ROW 2257 5 18 255 2257 9
ROW 2257 6 10 24 2257 90
ROW 2257 7 23 24 2257 90
ROW 2258 0 14 16 2258 132
ROW 2258 1 27 32 2258 68
ROW 2258 2 7 32 2258 69
ROW 2258 3 2 8 2258 251
ROW 2258 4 0 4 2258 452
ROW 2258 5 19 255 2258 9
ROW 2258 6 11 24 2258 90
ROW 2258 7 24 24 2258 91
ROW 2259 0 15 16 2259 132
ROW 2259 1 28 32 2259 68
ROW 2259 2 8 32 2259 69
ROW 2259 3 3 8 2259 251
ROW 2259 4 1 4 2259 452
ROW 2259 5 20 255 2259 9
ROW 2259 6 12 24 2259 90
ROW 2259 7 0 24 2259 91
ROW 2260 0 16 16 2260 133
ROW 2260 1 29 32 2260 68
ROW 2260 2 9 32 2260 69
ROW 2260 3 4 8 2260 251
ROW 2260 4 2 4 2260 452
ROW 2260 5 21 255 2260 9
ROW 2260 6 13 24 2260 90
ROW 2260 7 1 24 2260 91
ROW 2261 0 0 16 2261 133
ROW 2261 1 30 32 2261 68
ROW 2261 2 10 32 2261 69
ROW 2261 3 5 8 2261 251
ROW 2261 4 3 4 2261 452
ROW 2261 5 22 255 2261 9
ROW 2261 6 14 24 2261 90
ROW 2261 7 2 24 2261 91
ROW 2262 0 1 16 2262 133
ROW 2262 1 31 32 2262 68
ROW 2262 2 11 32 2262 69
ROW 2262 3 6 8 2262 251
ROW 2262 4 4 4 2262 453
ROW 2262 5 23 255 2262 9
ROW 2262 6 15 24 2262 90
ROW 2262 7 3 24 2262 91
ROW 2263 0 2 16 2263 133
ROW 2263 1 32 32 2263 69
ROW 2263 2 12 32 2263 69
ROW 2263 3 7 8 2263 251
ROW 2263 4 0 4 2263 453
ROW 2263 5 24 255 2263 9
ROW 2263 6 16 24 2263 90
ROW 2263 7 4 24 2263 91
ROW 2264 0 3 16 2264 133
ROW 2264 1 0 32 2264 69
ROW 2264 2 13 32 2264 69
ROW 2264 3 8 8 2264 252
ROW 2264 4 1 4 2264 453
ROW 2264 5 25 255 2264 9
ROW 2264 6 17 24 2264 90
ROW 2264 7 5 24 2264 91
ROW 2265 0 4 16 2265 133
ROW 2265 1 1 32 2265 69
ROW 2265 2 14 32 2265 69
ROW 2265 3 0 8 2265 252
ROW 2265 4 2 4 2265 453
ROW 2265 5 26 255 2265 9
ROW 2265 6 18 24 2265 90
ROW 2265 7 6 24 2265 91
ROW 2266 0 5 16 2266 133
ROW 2266 1 2 32 2266 69
ROW 2266 2 15 32 2266 69
ROW 2266 3 1 8 2266 252
ROW 2266 4 3 4 2266 453
ROW 2266 5 27 255 2266 9
ROW 2266 6 19 24 2266 90
ROW 2266 7 7 24 2266 91
ROW 2267 0 6 16 2267 133
ROW 2267 1 3 32 2267 69
ROW 2267 2 16 32 2267 69
ROW 2267 3 2 8 2267 252
ROW 2267 4 4 4 2267 454
ROW 2267 5 28 255 2267 9
ROW 2267 6 20 24 2267 90
ROW 2267 7 8 24 2267 91
ROW 2268 0 7 16 2268 133
ROW 2268 1 4 32 2268 69
ROW 2268 2 17 32 2268 69
ROW 2268 3 3 8 2268 252
ROW 2268 4 0 4 2268 454
ROW 2268 5 29 255 2268 9
ROW 2268 6 21 24 2268 90
ROW 2268 7 9 24 2268 91
ROW 2269 0 8 16 2269 133
ROW 2269 1 5 32 2269 69
ROW 2269 2 18 32 2269 69
ROW 2269 3 4 8 2269 252
ROW 2269 4 1 4 2269 454
ROW 2269 5 30 255 2269 9
ROW 2269 6 22 24 2269 90
ROW 2269 7 10 24 2269 91
ROW 2270 0 9 16 2270 133
ROW 2270 1 6 32 2270 69
ROW 2270 2 19 32 2270 69
ROW 2270 3 5 8 2270 252
ROW 2270 4 2 4 2270 454
ROW 2270 5 31 255 2270 9
ROW 2270 6 23 24 2270 90
ROW 2270 7 11 24 2270 91
ROW 2271 0 10 16 2271 133
ROW 2271 1 7 32 2271 69
ROW 2271 2 20 32 2271 69
ROW 2271 3 6 8 2271 252
ROW 2271 4 3 4 2271 454
ROW 2271 5 32 255 2271 9
ROW 2271 6 24 24 2271 91
ROW 2271 7 12 24 2271 91
ROW 2272 0 11 16 2272 133
ROW 2272 1 8 32 2272 69
ROW 2272 2 21 32 2272 69
ROW 2272 3 7 8 2272 252
ROW 2272 4 4 4 2272 455
ROW 2272 5 33 255 2272 9
ROW 2272 6 0 24 2272 91
ROW 2272 7 13 24 2272 91
ROW 2273 0 12 16 2273 133
ROW 2273 1 9 32 2273 69
ROW 2273 2 22 32 2273 69
ROW 2273 3 8 8 2273 253
ROW 2273 4 0 4 2273 455
ROW 2273 5 34 255 2273 9
ROW 2273 6 1 24 2273 91
ROW 2273 7 14 24 2273 91
ROW 2274 0 13 16 2274 133
ROW 2274 1 10 32 2274 69
ROW 2274 2 23 32 2274 69
ROW 2274 3 0 8 2274 253
ROW 2274 4 1 4 2274 455
ROW 2274 5 35 255 2274 9
ROW 2274 6 2 24 2274 91
ROW 2274 7 15 24 2274 91
ROW 2275 0 14 16 2275 133
ROW 2275 1 11 32 2275 69
ROW 2275 2 24 32 2275 69
ROW 2275 3 1 8 2275 253
ROW 2275 4 2 4 2275 455
ROW 2275 5 36 255 2275 9
ROW 2275 6 3 24 2275 91
ROW 2275 7 16 24 2275 91
ROW 2276 0 15 16 2276 133
ROW 2276 1 12 32 2276 69
ROW 2276 2 25 32 2276 69
ROW 2276 3 2 8 2276 253
ROW 2276 4 3 4 2276 455
ROW 2276 5 37 255 2276 9
ROW 2276 6 4 24 2276 91
ROW 2276 7 17 24 2276 91
ROW 2277 0 16 16 2277 134
ROW 2277 1 13 32 2277 69
ROW 2277 2 26 32 2277 69
ROW 2277 3 3 8 2277 253
ROW 2277 4 4 4 2277 456
ROW 2277 5 38 255 2277 9
ROW 2277 6 5 24 2277 91
ROW 2277 7 18 24 2277 91
ROW 2278 0 0 16 2278 134
ROW 2278 1 14 32 2278 69
ROW 2278 2 27 32 2278 69
ROW 2278 3 4 8 2278 253
ROW 2278 4 0 4 2278 456
ROW 2278 5 39 255 2278 9
ROW 2278 6 6 24 2278 91
ROW 2278 7 19 24 2278 91
ROW 2279 0 1 16 2279 134
ROW 2279 1 15 32 2279 69
ROW 2279 2 28 32 2279 69
ROW 2279 3 5 8 2279 253
ROW 2279 4 1 4 2279 456
ROW 2279 5 40 255 2279 9
ROW 2279 6 7 24 2279 91
ROW 2279 7 20 24 2279 91
ROW 2280 0 2 16 2280 134
ROW 2280 1 16 32 2280 69
ROW 2280 2 29 32 2280 69
ROW 2280 3 6 8 2280 253
ROW 2280 4 2 4 2280 456
ROW 2280 5 41 255 2280 9
ROW 2280 6 8 24 2280 91
ROW 2280 7 21 24 2280 91
ROW 2281 0 3 16 2281 134
ROW 2281 1 17 32 2281 69
ROW 2281 2 30 32 2281 69
ROW 2281 3 7 8 2281 253
ROW 2281 4 3 4 2281 456
ROW 2281 5 42 255 2281 9
ROW 2281 6 9 24 2281 91
ROW 2281 7 22 24 2281 91
ROW 2282 0 4 16 2282 134
ROW 2282 1 18 32 2282 69
ROW 2282 2 31 32 2282 69
ROW 2282 3 8 8 2282 254
ROW 2282 4 4 4 2282 457
ROW 2282 5 43 255 2282 9
ROW 2282 6 10 24 2282 91
ROW 2282 7 23 24 2282 91
ROW 2283 0 5 16 2283 134
ROW 2283 1 19 32 2283 69
ROW 2283 2 32 32 2283 70
ROW 2283 3 0 8 2283 254
ROW 2283 4 0 4 2283 457
ROW 2283 5 44 255 2283 9
ROW 2283 6 11 24 2283 91
ROW 2283 7 24 24 2283 92
ROW 2284 0 6 16 2284 134
ROW 2284 1 20 32 2284 69
ROW 2284 2 0 32 2284 70
ROW 2284 3 1 8 2284 254
ROW 2284 4 1 4 2284 457
ROW 2284 5 45 255 2284 9
ROW 2284 6 12 24 2284 91
ROW 2284 7 0 24 2284 92
ROW 2285 0 7 16 2285 134
ROW 2285 1 21 32 2285 69
ROW 2285 2 1 32 2285 70
ROW 2285 3 2 8 2285 254
ROW 2285 4 2 4 2285 457
ROW 2285 5 46 255 2285 9
ROW 2285 6 13 24 2285 91
ROW 2285 7 1 24 2285 92
ROW 2286 0 8 16 2286 134
ROW 2286 1 22 32 2286 69
ROW 2286 2 2 32 2286 70
ROW 2286 3 3 8 2286 254
ROW 2286 4 3 4 2286 457
ROW 2286 5 47 255 2286 9
ROW 2286 6 14 24 2286 91
ROW 2286 7 2 24 2286 92
ROW 2287 0 9 16 2287 134
ROW 2287 1 23 32 2287 69
ROW 2287 2 3 32 2287 70
ROW 2287 3 4 8 2287 254
ROW 2287 4 4 4 2287 458
ROW 2287 5 48 255 2287 9
ROW 2287 6 15 24 2287 91
ROW 2287 7 3 24 2287 92
ROW 2288 0 10 16 2288 134
ROW 2288 1 24 32 2288 69
ROW 2288 2 4 32 2288 70
ROW 2288 3 5 8 2288 254
ROW 2288 4 0 4 2288 458
ROW 2288 5 49 255 2288 9
ROW 2288 6 16 24 2288 91
ROW 2288 7 4 24 2288 92
ROW 2289 0 11 16 2289 134
ROW 2289 1 25 32 2289 69
ROW 2289 2 5 32 2289 70
ROW 2289 3 6 8 2289 254
ROW 2289 4 1 4 2289 458
ROW 2289 5 50 255 2289 9
ROW 2289 6 17 24 2289 91
ROW 2289 7 5 24 2289 92
ROW 2290 0 12 16 2290 134
ROW 2290 1 26 32 2290 69
ROW 2290 2 6 32 2290 70
ROW 2290 3 7 8 2290 254
ROW 2290 4 2 4 2290 458
ROW 2290 5 51 255 2290 9
ROW 2290 6 18 24 2290 91
ROW 2290 7 6 24 2290 92
ROW 2291 0 13 16 2291 134
ROW 2291 1 27 32 2291 69
ROW 2291 2 7 32 2291 70
ROW 2291 3 8 8 2291 255
ROW 2291 4 3 4 2291 458
ROW 2291 5 52 255 2291 9
ROW 2291 6 19 24 2291 91
ROW 2291 7 7 24 2291 92
ROW 2292 0 14 16 2292 134
ROW 2292 1 28 32 2292 69
ROW 2292 2 8 32 2292 70
ROW 2292 3 0 8 2292 255
ROW 2292 4 4 4 2292 459
ROW 2292 5 53 255 2292 9
ROW 2292 6 20 24 2292 91
ROW 2292 7 8 24 2292 92
ROW 2293 0 15 16 2293 134
ROW 2293 1 29 32 2293 69
ROW 2293 2 9 32 2293 70
ROW 2293 3 1 8 2293 255
ROW 2293 4 0 4 2293 459
ROW 2293 5 54 255 2293 9
ROW 2293 6 21 24 2293 91
ROW 2293 7 9 24 2293 92
ROW 2294 0 16 16 2294 135
ROW 2294 1 30 32 2294 69
ROW 2294 2 10 32 2294 70
ROW 2294 3 2 8 2294 255
ROW 2294 4 1 4 2294 459
ROW 2294 5 55 255 2294 9
ROW 2294 6 22 24 2294 91
ROW 2294 7 10 24 2294 92
ROW 2295 0 0 16 2295 135
ROW 2295 1 31 32 2295 69
ROW 2295 2 11 32 2295 70
ROW 2295 3 3 8 2295 255
ROW 2295 4 2 4 2295 459
ROW 2295 5 56 255 2295 9
ROW 2295 6 23 24 2295 91
ROW 2295 7 11 24 2295 92
ROW 2296 0 1 16 2296 135
ROW 2296 1 32 32 2296 70
ROW 2296 2 12 32 2296 70
ROW 2296 3 4 8 2296 255
ROW 2296 4 3 4 2296 459
ROW 2296 5 57 255 2296 9
ROW 2296 6 24 24 2296 92
ROW 2296 7 12 24 2296 92
ROW 2297 0 2 16 2297 135
ROW 2297 1 0 32 2297 70
ROW 2297 2 13 32 2297 70
ROW 2297 3 5 8 2297 255
ROW 2297 4 4 4 2297 460
ROW 2297 5 58 255 2297 9
ROW 2297 6 0 24 2297 92
ROW 2297 7 13 24 2297 92
ROW 2298 0 3 16 2298 135
ROW 2298 1 1 32 2298 70
ROW 2298 2 14 32 2298 70
ROW 2298 3 6 8 2298 255
ROW 2298 4 0 4 2298 460
ROW 2298 5 59 255 2298 9
ROW 2298 6 1 24 2298 92
ROW 2298 7 14 24 2298 92
ROW 2299 0 4 16 2299 135
ROW 2299 1 2 32 2299 70
ROW 2299 2 15 32 2299 70
ROW 2299 3 7 8 2299 255
ROW 2299 4 1 4 2299 460
ROW 2299 5 60 255 2299 9
ROW 2299 6 2 24 2299 92
ROW 2299 7 15 24 2299 92
ROW 2300 0 5 16 2300 135
ROW 2300 1 3 32 2300 70
ROW 2300 2 16 32 2300 70
ROW 2300 3 8 8 2300 256
ROW 2300 4 2 4 2300 460
ROW 2300 5 61 255 2300 9
ROW 2300 6 3 24 2300 92
ROW 2300 7 16 24 2300 92
ROW 2301 0 6 16 2301 135
ROW 2301 1 4 32 2301 70
ROW 2301 2 17 32 2301 70
ROW 2301 3 0 8 2301 256
ROW 2301 4 3 4 2301 460
ROW 2301 5 62 255 2301 9
ROW 2301 6 4 24 2301 92
ROW 2301 7 17 24 2301 92
ROW 2302 0 7 16 2302 135
ROW 2302 1 5 32 2302 70
ROW 2302 2 18 32 2302 70
ROW 2302 3 1 8 2302 256
ROW 2302 4 4 4 2302 461
ROW 2302 5 63 255 2302 9
ROW 2302 6 5 24 2302 92
ROW 2302 7 18 24 2302 92
ROW 2303 0 8 16 2303 135
ROW 2303 1 6 32 2303 70
ROW 2303 2 19 32 2303 70
ROW 2303 3 2 8 2303 256
ROW 2303 4 0 4 2303 461
ROW 2303 5 64 255 2303 9
ROW 2303 6 6 24 2303 92
ROW 2303 7 19 24 2303 92
ROW 2304 0 9 16 2304 135
ROW 2304 1 7 32 2304 70
ROW 2304 2 20 32 2304 70
ROW 2304 3 3 8 2304 256
ROW 2304 4 1 4 2304 461
ROW 2304 5 65 255 2304 9
ROW 2304 6 7 24 2304 92
ROW 2304 7 20 24 2304 92
ROW 2305 0 10 16 2305 135
ROW 2305 1 8 32 2305 70
ROW 2305 2 21 32 2305 70
ROW 2305 3 4 8 2305 256
ROW 2305 4 2 4 2305 461
ROW 2305 5 66 255 2305 9
ROW 2305 6 8 24 2305 92
ROW 2305 7 21 24 2305 92
ROW 2306 0 11 16 2306 135
ROW 2306 1 9 32 2306 70
ROW 2306 2 22 32 2306 70
ROW 2306 3 5 8 2306 256
ROW 2306 4 3 4 2306 461
ROW 2306 5 67 255 2306 9
ROW 2306 6 9 24 2306 92
ROW 2306 7 22 24 2306 92
ROW 2307 0 12 16 2307 135
ROW 2307 1 10 32 2307 70
ROW 2307 2 23 32 2307 70
ROW 2307 3 6 8 2307 256
ROW 2307 4 4 4 2307 462
ROW 2307 5 68 255 2307 9
ROW 2307 6 10 24 2307 92
ROW 2307 7 23 24 2307 92
ROW 2308 0 13 16 2308 135
ROW 2308 1 11 32 2308 70
ROW 2308 2 24 32 2308 70
ROW 2308 3 7 8 2308 256
ROW 2308 4 0 4 2308 462
ROW 2308 5 69 255 2308 9
ROW 2308 6 11 24 2308 92
ROW 2308 7 24 24 2308 93
ROW 2309 0 14 16 2309 135
ROW 2309 1 12 32 2309 70
ROW 2309 2 25 32 2309 70
ROW 2309 3 8 8 2309 257
ROW 2309 4 1 4 2309 462
ROW 2309 5 70 255 2309 9
ROW 2309 6 12 24 2309 92
ROW 2309 7 0 24 2309 93
ROW 2310 0 15 16 2310 135
ROW 2310 1 13 32 2310 70
ROW 2310 2 26 32 2310 70
ROW 2310 3 0 8 2310 257
ROW 2310 4 2 4 2310 462
ROW 2310 5 71 255 2310 9
ROW 2310 6 13 24 2310 92
ROW 2310 7 1 24 2310 93
ROW 2311 0 16 16 2311 136
ROW 2311 1 14 32 2311 70
ROW 2311 2 27 32 2311 70
ROW 2311 3 1 8 2311 257
ROW 2311 4 3 4 2311 462
ROW 2311 5 72 255 2311 9
ROW 2311 6 14 24 2311 92
ROW 2311 7 2 24 2311 93
ROW 2312 0 0 16 2312 136
ROW 2312 1 15 32 2312 70
ROW 2312 2 28 32 2312 70
ROW 2312 3 2 8 2312 257
ROW 2312 4 4 4 2312 463
ROW 2312 5 73 255 2312 9
ROW 2312 6 15 24 2312 92
ROW 2312 7 3 24 2312 93
ROW 2313 0 1 16 2313 136
ROW 2313 1 16 32 2313 70
ROW 2313 2 29 32 2313 70
ROW 2313 3 3 8 2313 257
ROW 2313 4 0 4 2313 463
ROW 2313 5 74 255 2313 9
ROW 2313 6 16 24 2313 92
ROW 2313 7 4 24 2313 93
ROW 2314 0 2 16 2314 136
ROW 2314 1 17 32 2314 70
ROW 2314 2 30 32 2314 70
ROW 2314 3 4 8 2314 257
ROW 2314 4 1 4 2314 463
ROW 2314 5 75 255 2314 9
ROW 2314 6 17 24 2314 92
ROW 2314 7 5 24 2314 93
ROW 2315 0 3 16 2315 136
ROW 2315 1 18 32 2315 70
ROW 2315 2 31 32 2315 70
ROW 2315 3 5 8 2315 257
ROW 2315 4 2 4 2315 463
ROW 2315 5 76 255 2315 9
ROW 2315 6 18 24 2315 92
ROW 2315 7 6 24 2315 93
ROW 2316 0 4 16 2316 136
ROW 2316 1 19 32 2316 70
ROW 2316 2 32 32 2316 71
ROW 2316 3 6 8 2316 257
ROW 2316 4 3 4 2316 463
ROW 2316 5 77 255 2316 9
ROW 2316 6 19 24 2316 92
ROW 2316 7 7 24 2316 93
ROW 2317 0 5 16 2317 136
ROW 2317 1 20 32 2317 70
ROW 2317 2 0 32 2317 71
ROW 2317 3 7 8 2317 257
ROW 2317 4 4 4 2317 464
ROW 2317 5 78 255 2317 9
ROW 2317 6 20 24 2317 92
ROW 2317 7 8 24 2317 93
ROW 2318 0 6 16 2318 136
ROW 2318 1 21 32 2318 70
ROW 2318 2 1 32 2318 71
ROW 2318 3 8 8 2318 258
ROW 2318 4 0 4 2318 464
ROW 2318 5 79 255 2318 9
ROW 2318 6 21 24 2318 92
ROW 2318 7 9 24 2318 93
ROW 2319 0 7 16 2319 136
ROW 2319 1 22 32 2319 70
ROW 2319 2 2 32 2319 71
ROW 2319 3 0 8 2319 258
ROW 2319 4 1 4 2319 464
ROW 2319 5 80 255 2319 9
ROW 2319 6 22 24 2319 92
ROW 2319 7 10 24 2319 93
ROW 2320 0 8 16 2320 136
ROW 2320 1 23 32 2320 70
ROW 2320 2 3 32 2320 71
ROW 2320 3 1 8 2320 258
ROW 2320 4 2 4 2320 464
ROW 2320 5 81 255 2320 9
ROW 2320 6 23 24 2320 92
ROW 2320 7 11 24 2320 93
ROW 2321 0 9 16 2321 136
ROW 2321 1 24 32 2321 70
ROW 2321 2 4 32 2321 71
ROW 2321 3 2 8 2321 258
ROW 2321 4 3 4 2321 464
ROW 2321 5 82 255 2321 9
ROW 2321 6 24 24 2321 93
ROW 2321 7 12 24 2321 93
ROW 2322 0 10 16 2322 136
ROW 2322 1 25 32 2322 70
ROW 2322 2 5 32 2322 71
ROW 2322 3 3 8 2322 258
ROW 2322 4 4 4 2322 465
ROW 2322 5 83 255 2322 9
ROW 2322 6 0 24 2322 93
ROW 2322 7 13 24 2322 93
ROW 2323 0 11 16 2323 136
ROW 2323 1 26 32 2323 70
ROW 2323 2 6 32 2323 71
ROW 2323 3 4 8 2323 258
ROW 2323 4 0 4 2323 465
ROW 2323 5 84 255 2323 9
ROW 2323 6 1 24 2323 93
ROW 2323 7 14 24 2323 93
ROW 2324 0 12 16 2324 136
ROW 2324 1 27 32 2324 70
ROW 2324 2 7 32 2324 71
ROW 2324 3 5 8 2324 258
ROW 2324 4 1 4 2324 465
ROW 2324 5 85 255 2324 9
ROW 2324 6 2 24 2324 93
ROW 2324 7 15 24 2324 93
ROW 2325 0 13 16 2325 136
ROW 2325 1 28 32 2325 70
ROW 2325 2 8 32 2325 71
ROW 2325 3 6 8 2325 258
ROW 2325 4 2 4 2325 465
ROW 2325 5 86 255 2325 9
ROW 2325 6 3 24 2325 93
ROW 2325 7 16 24 2325 93
ROW 2326 0 14 16 2326 136
ROW 2326 1 29 32 2326 70
ROW 2326 2 9 32 2326 71
ROW 2326 3 7 8 2326 258
ROW 2326 4 3 4 2326 465
ROW 2326 5 87 255 2326 9
ROW 2326 6 4 24 2326 93
ROW 2326 7 17 24 2326 93
ROW 2327 0 15 16 2327 136
ROW 2327 1 30 32 2327 70
ROW 2327 2 10 32 2327 71
ROW 2327 3 8 8 2327 259
ROW 2327 4 4 4 2327 466
ROW 2327 5 88 255 2327 9
ROW 2327 6 5 24 2327 93
ROW 2327 7 18 24 2327 93
ROW 2328 0 16 16 2328 137
ROW 2328 1 31 32 2328 70
ROW 2328 2 11 32 2328 71
ROW 2328 3 0 8 2328 259
ROW 2328 4 0 4 2328 466
ROW 2328 5 89 255 2328 9
ROW 2328 6 6 24 2328 93
ROW 2328 7 19 24 2328 93
ROW 2329 0 0 16 2329 137
ROW 2329 1 32 32 2329 71
ROW 2329 2 12 32 2329 71
ROW 2329 3 1 8 2329 259
ROW 2329 4 1 4 2329 466
ROW 2329 5 90 255 2329 9
ROW 2329 6 7 24 2329 93
ROW 2329 7 20 24 2329 93
ROW 2330 0 1 16 2330 137
ROW 2330 1 0 32 2330 71
ROW 2330 2 13 32 2330 71
ROW 2330 3 2 8 2330 259
ROW 2330 4 2 4 2330 466
ROW 2330 5 91 255 2330 9
ROW 2330 6 8 24 2330 93
ROW 2330 7 21 24 2330 93
ROW 2331 0 2 16 2331 137
ROW 2331 1 1 32 2331 71
ROW 2331 2 14 32 2331 71
ROW 2331 3 3 8 2331 259
ROW 2331 4 3 4 2331 466
ROW 2331 5 92 255 2331 9
ROW 2331 6 9 24 2331 93
ROW 2331 7 22 24 2331 93
ROW 2332 0 3 16 2332 137
ROW 2332 1 2 32 2332 71
ROW 2332 2 15 32 2332 71
ROW 2332 3 4 8 2332 259
ROW 2332 4 4 4 2332 467
ROW 2332 5 93 255 2332 9
ROW 2332 6 10 24 2332 93
ROW 2332 7 23 24 2332 93
ROW 2333 0 4 16 2333 137
ROW 2333 1 3 32 2333 71
ROW 2333 2 16 32 2333 71
ROW 2333 3 5 8 2333 259
ROW 2333 4 0 4 2333 467
ROW 2333 5 94 255 2333 9
ROW 2333 6 11 24 2333 93
ROW 2333 7 24 24 2333 94
ROW 2334 0 5 16 2334 137
ROW 2334 1 4 32 2334 71
ROW 2334 2 17 32 2334 71
ROW 2334 3 6 8 2334 259
ROW 2334 4 1 4 2334 467
ROW 2334 5 95 255 2334 9
ROW 2334 6 12 24 2334 93
ROW 2334 7 0 24 2334 94
ROW 2335 0 6 16 2335 137
ROW 2335 1 5 32 2335 71
ROW 2335 2 18 32 2335 71
ROW 2335 3 7 8 2335 259
ROW 2335 4 2 4 2335 467
ROW 2335 5 96 255 2335 9
ROW 2335 6 13 24 2335 93
ROW 2335 7 1 24 2335 94
ROW 2336 0 7 16 2336 137
ROW 2336 1 6 32 2336 71
ROW 2336 2 19 32 2336 71
ROW 2336 3 8 8 2336 260
ROW 2336 4 3 4 2336 467
ROW 2336 5 97 255 2336 9
ROW 2336 6 14 24 2336 93
ROW 2336 7 2 24 2336 94
ROW 2337 0 8 16 2337 137
ROW 2337 1 7 32 2337 71
ROW 2337 2 20 32 2337 71
ROW 2337 3 0 8 2337 260
ROW 2337 4 4 4 2337 468
ROW 2337 5 98 255 2337 9
ROW 2337 6 15 24 2337 93
ROW 2337 7 3 24 2337 94
ROW 2338 0 9 16 2338 137
ROW 2338 1 8 32 2338 71
ROW 2338 2 21 32 2338 71
ROW 2338 3 1 8 2338 260
ROW 2338 4 0 4 2338 468
ROW 2338 5 99 255 2338 9
ROW 2338 6 16 24 2338 93
ROW 2338 7 4 24 2338 94
ROW 2339 0 10 16 2339 137
ROW 2339 1 9 32 2339 71
ROW 2339 2 22 32 2339 71
ROW 2339 3 2 8 2339 260
ROW 2339 4 1 4 2339 468
ROW 2339 5 100 255 2339 9
ROW 2339 6 17 24 2339 93
ROW 2339 7 5 24 2339 94
ROW 2340 0 11 16 2340 137
ROW 2340 1 10 32 2340 71
ROW 2340 2 23 32 2340 71
ROW 2340 3 3 8 2340 260
ROW 2340 4 2 4 2340 468
ROW 2340 5 101 255 2340 9
ROW 2340 6 18 24 2340 93
ROW 2340 7 6 24 2340 94
ROW 2341 0 12 16 2341 137
ROW 2341 1 11 32 2341 71
ROW 2341 2 24 32 2341 71
ROW 2341 3 4 8 2341 260
ROW 2341 4 3 4 2341 468
ROW 2341 5 102 255 2341 9
ROW 2341 6 19 24 2341 93
ROW 2341 7 7 24 2341 94
ROW 2342 0 13 16 2342 137
ROW 2342 1 12 32 2342 71
ROW 2342 2 25 32 2342 71
ROW 2342 3 5 8 2342 260
ROW 2342 4 4 4 2342 469
ROW 2342 5 103 255 2342 9
ROW 2342 6 20 24 2342 93
ROW 2342 7 8 24 2342 94
ROW 2343 0 14 16 2343 137
ROW 2343 1 13 32 2343 71
ROW 2343 2 26 32 2343 71
ROW 2343 3 6 8 2343 260
ROW 2343 4 0 4 2343 469
ROW 2343 5 104 255 2343 9
ROW 2343 6 21 24 2343 93
ROW 2343 7 9 24 2343 94
ROW 2344 0 15 16 2344 137
ROW 2344 1 14 32 2344 71
ROW 2344 2 27 32 2344 71
ROW 2344 3 7 8 2344 260
ROW 2344 4 1 4 2344 469
ROW 2344 5 105 255 2344 9
ROW 2344 6 22 24 2344 93
ROW 2344 7 10 24 2344 94
ROW 2345 0 16 16 2345 138
ROW 2345 1 15 32 2345 71
ROW 2345 2 28 32 2345 71
ROW 2345 3 8 8 2345 261
ROW 2345 4 2 4 2345 469
ROW 2345 5 106 255 2345 9
ROW 2345 6 23 24 2345 93
ROW 2345 7 11 24 2345 94
ROW 2346 0 0 16 2346 138
ROW 2346 1 16 32 2346 71
ROW 2346 2 29 32 2346 71
ROW 2346 3 0 8 2346 261
ROW 2346 4 3 4 2346 469
ROW 2346 5 107 255 2346 9
ROW 2346 6 24 24 2346 94
ROW 2346 7 12 24 2346 94
ROW 2347 0 1 16 2347 138
ROW 2347 1 17 32 2347 71
ROW 2347 2 30 32 2347 71
ROW 2347 3 1 8 2347 261
ROW 2347 4 4 4 2347 470
ROW 2347 5 108 255 2347 9
ROW 2347 6 0 24 2347 94
ROW 2347 7 13 24 2347 94
ROW 2348 0 2 16 2348 138
ROW 2348 1 18 32 2348 71
ROW 2348 2 31 32 2348 71
ROW 2348 3 2 8 2348 261
ROW 2348 4 0 4 2348 470
ROW 2348 5 109 255 2348 9
ROW 2348 6 1 24 2348 94
ROW 2348 7 14 24 2348 94
ROW 2349 0 3 16 2349 138
ROW 2349 1 19 32 2349 71
ROW 2349 2 32 32 2349 72
ROW 2349 3 3 8 2349 261
ROW 2349 4 1 4 2349 470
ROW 2349 5 110 255 2349 9
ROW 2349 6 2 24 2349 94
ROW 2349 7 15 24 2349 94
ROW 2350 0 4 16 2350 138
ROW 2350 1 20 32 2350 71
ROW 2350 2 0 32 2350 72
ROW 2350 3 4 8 2350 261
ROW 2350 4 2 4 2350 470
ROW 2350 5 111 255 2350 9
ROW 2350 6 3 24 2350 94
ROW 2350 7 16 24 2350 94
ROW 2351 0 5 16 2351 138
ROW 2351 1 21 32 2351 71
ROW 2351 2 1 32 2351 72
ROW 2351 3 5 8 2351 261
ROW 2351 4 3 4 2351 470
ROW 2351 5 112 255 2351 9
ROW 2351 6 4 24 2351 94
ROW 2351 7 17 24 2351 94
ROW 2352 0 6 16 2352 138
ROW 2352 1 22 32 2352 71
ROW 2352 2 2 32 2352 72
ROW 2352 3 6 8 2352 261
ROW 2352 4 4 4 2352 471
ROW 2352 5 113 255 2352 9
ROW 2352 6 5 24 2352 94
ROW 2352 7 18 24 2352 94
ROW 2353 0 7 16 2353 138
ROW 2353 1 23 32 2353 71
ROW 2353 2 3 32 2353 72
ROW 2353 3 7 8 2353 261
ROW 2353 4 0 4 2353 471
ROW 2353 5 114 255 2353 9
ROW 2353 6 6 24 2353 94
ROW 2353 7 19 24 2353 94
ROW 2354 0 8 16 2354 138
ROW 2354 1 24 32 2354 71
ROW 2354 2 4 32 2354 72
ROW 2354 3 8 8 2354 262
ROW 2354 4 1 4 2354 471
ROW 2354 5 115 255 2354 9
ROW 2354 6 7 24 2354 94
ROW 2354 7 20 24 2354 94
ROW 2355 0 9 16 2355 138
ROW 2355 1 25 32 2355 71
ROW 2355 2 5 32 2355 72
ROW 2355 3 0 8 2355 262
ROW 2355 4 2 4 2355 471
ROW 2355 5 116 255 2355 9
ROW 2355 6 8 24 2355 94
ROW 2355 7 21 24 2355 94
ROW 2356 0 10 16 2356 138
ROW 2356 1 26 32 2356 71
ROW 2356 2 6 32 2356 72
ROW 2356 3 1 8 2356 262
ROW 2356 4 3 4 2356 471
ROW 2356 5 117 255 2356 9
ROW 2356 6 9 24 2356 94
ROW 2356 7 22 24 2356 94
ROW 2357 0 11 16 2357 138
ROW 2357 1 27 32 2357 71
ROW 2357 2 7 32 2357 72
ROW 2357 3 2 8 2357 262
ROW 2357 4 4 4 2357 472
ROW 2357 5 118 255 2357 9
ROW 2357 6 10 24 2357 94
ROW 2357 7 23 24 2357 94
ROW 2358 0 12 16 2358 138
ROW 2358 1 28 32 2358 71
ROW 2358 2 8 32 2358 72
ROW 2358 3 3 8 2358 262
ROW 2358 4 0 4 2358 472
ROW 2358 5 119 255 2358 9
ROW 2358 6 11 24 2358 94
ROW 2358 7 24 24 2358 95
ROW 2359 0 13 16 2359 138
ROW 2359 1 29 32 2359 71
ROW 2359 2 9 32 2359 72
ROW 2359 3 4 8 2359 262
ROW 2359 4 1 4 2359 472
ROW 2359 5 120 255 2359 9
ROW 2359 6 12 24 2359 94
ROW 2359 7 0 24 2359 95
ROW 2360 0 14 16 2360 138
ROW 2360 1 30 32 2360 71
ROW 2360 2 10 32 2360 72
ROW 2360 3 5 8 2360 262
ROW 2360 4 2 4 2360 472
ROW 2360 5 121 255 2360 9
ROW 2360 6 13 24 2360 94
ROW 2360 7 1 24 2360 95
ROW 2361 0 15 16 2361 138
ROW 2361 1 31 32 2361 71
ROW 2361 2 11 32 2361 72
ROW 2361 3 6 8 2361 262
ROW 2361 4 3 4 2361 472
ROW 2361 5 122 255 2361 9
ROW 2361 6 14 24 2361 94
ROW 2361 7 2 24 2361 95
ROW 2362 0 16 16 2362 139
ROW 2362 1 32 32 2362 72
ROW 2362 2 12 32 2362 72
ROW 2362 3 7 8 2362 262
ROW 2362 4 4 4 2362 473
ROW 2362 5 123 255 2362 9
ROW 2362 6 15 24 2362 94
ROW 2362 7 3 24 2362 95
ROW 2363 0 0 16 2363 139
ROW 2363 1 0 32 2363 72
ROW 2363 2 13 32 2363 72
ROW 2363 3 8 8 2363 263
ROW 2363 4 0 4 2363 473
ROW 2363 5 124 255 2363 9
ROW 2363 6 16 24 2363 94
ROW 2363 7 4 24 2363 95
ROW 2364 0 1 16 2364 139
ROW 2364 1 1 32 2364 72
ROW 2364 2 14 32 2364 72
ROW 2364 3 0 8 2364 263
ROW 2364 4 1 4 2364 473
ROW 2364 5 125 255 2364 9
ROW 2364 6 17 24 2364 94
ROW 2364 7 5 24 2364 95
ROW 2365 0 2 16 2365 139
ROW 2365 1 2 32 2365 72
ROW 2365 2 15 32 2365 72
ROW 2365 3 1 8 2365 263
ROW 2365 4 2 4 2365 473
ROW 2365 5 126 255 2365 9
ROW 2365 6 18 24 2365 94
ROW 2365 7 6 24 2365 95
ROW 2366 0 3 16 2366 139
ROW 2366 1 3 32 2366 72
ROW 2366 2 16 32 2366 72
ROW 2366 3 2 8 2366 263
ROW 2366 4 3 4 2366 473
ROW 2366 5 127 255 2366 9
ROW 2366 6 19 24 2366 94
ROW 2366 7 7 24 2366 95
ROW 2367 0 4 16 2367 139
ROW 2367 1 4 32 2367 72
ROW 2367 2 17 32 2367 72
ROW 2367 3 3 8 2367 263
ROW 2367 4 4 4 2367 474
ROW 2367 5 128 255 2367 9
ROW 2367 6 20 24 2367 94
ROW 2367 7 8 24 2367 95
ROW 2368 0 5 16 2368 139
ROW 2368 1 5 32 2368 72
ROW 2368 2 18 32 2368 72
ROW 2368 3 4 8 2368 263
ROW 2368 4 0 4 2368 474
ROW 2368 5 129 255 2368 9
ROW 2368 6 21 24 2368 94
ROW 2368 7 9 24 2368 95
ROW 2369 0 6 16 2369 139
ROW 2369 1 6 32 2369 72
ROW 2369 2 19 32 2369 72
ROW 2369 3 5 8 2369 263
ROW 2369 4 1 4 2369 474
ROW 2369 5 130 255 2369 9
ROW 2369 6 22 24 2369 94
ROW 2369 7 10 24 2369 95
ROW 2370 0 7 16 2370 139
ROW 2370 1 7 32 2370 72
ROW 2370 2 20 32 2370 72
ROW 2370 3 6 8 2370 263
ROW 2370 4 2 4 2370 474
ROW 2370 5 131 255 2370 9
ROW 2370 6 23 24 2370 94
ROW 2370 7 11 24 2370 95
ROW 2371 0 8 16 2371 139
ROW 2371 1 8 32 2371 72
ROW 2371 2 21 32 2371 72
ROW 2371 3 7 8 2371 263
ROW 2371 4 3 4 2371 474
ROW 2371 5 132 255 2371 9
ROW 2371 6 24 24 2371 95
ROW 2371 7 12 24 2371 95
ROW 2372 0 9 16 2372 139
ROW 2372 1 9 32 2372 72
ROW 2372 2 22 32 2372 72
ROW 2372 3 8 8 2372 264
ROW 2372 4 4 4 2372 475
ROW 2372 5 133 255 2372 9
ROW 2372 6 0 24 2372 95
ROW 2372 7 13 24 2372 95
ROW 2373 0 10 16 2373 139
ROW 2373 1 10 32 2373 72
ROW 2373 2 23 32 2373 72
ROW 2373 3 0 8 2373 264
ROW 2373 4 0 4 2373 475
ROW 2373 5 134 255 2373 9
ROW 2373 6 1 24 2373 95
ROW 2373 7 14 24 2373 95
ROW 2374 0 11 16 2374 139
ROW 2374 1 11 32 2374 72
ROW 2374 2 24 32 2374 72
ROW 2374 3 1 8 2374 264
ROW 2374 4 1 4 2374 475
ROW 2374 5 135 255 2374 9
ROW 2374 6 2 24 2374 95
ROW 2374 7 15 24 2374 95
ROW 2375 0 12 16 2375 139
ROW 2375 1 12 32 2375 72
ROW 2375 2 25 32 2375 72
ROW 2375 3 2 8 2375 264
ROW 2375 4 2 4 2375 475
ROW 2375 5 136 255 2375 9
ROW 2375 6 3 24 2375 95
ROW 2375 7 16 24 2375 95
ROW 2376 0 13 16 2376 139
ROW 2376 1 13 32 2376 72
ROW 2376 2 26 32 2376 72
ROW 2376 3 3 8 2376 264
ROW 2376 4 3 4 2376 475
ROW 2376 5 137 255 2376 9
ROW 2376 6 4 24 2376 95
ROW 2376 7 17 24 2376 95
ROW 2377 0 14 16 2377 139
ROW 2377 1 14 32 2377 72
ROW 2377 2 27 32 2377 72
ROW 2377 3 4 8 2377 264
ROW 2377 4 4 4 2377 476
ROW 2377 5 138 255 2377 9
ROW 2377 6 5 24 2377 95
ROW 2377 7 18 24 2377 95
ROW 2378 0 15 16 2378 139
ROW 2378 1 15 32 2378 72
ROW 2378 2 28 32 2378 72
ROW 2378 3 5 8 2378 264
ROW 2378 4 0 4 2378 476
ROW 2378 5 139 255 2378 9
ROW 2378 6 6 24 2378 95
ROW 2378 7 19 24 2378 95
ROW 2379 0 16 16 2379 140
ROW 2379 1 16 32 2379 72
ROW 2379 2 29 32 2379 72
ROW 2379 3 6 8 2379 264
ROW 2379 4 1 4 2379 476
ROW 2379 5 140 255 2379 9
ROW 2379 6 7 24 2379 95
ROW 2379 7 20 24 2379 95
ROW 2380 0 0 16 2380 140
ROW 2380 1 17 32 2380 72
ROW 2380 2 30 32 2380 72
ROW 2380 3 7 8 2380 264
ROW 2380 4 2 4 2380 476
ROW 2380 5 141 255 2380 9
ROW 2380 6 8 24 2380 95
ROW 2380 7 21 24 2380 95
ROW 2381 0 1 16 2381 140
ROW 2381 1 18 32 2381 72
ROW 2381 2 31 32 2381 72
ROW 2381 3 8 8 2381 265
ROW 2381 4 3 4 2381 476
ROW 2381 5 142 255 2381 9
ROW 2381 6 9 24 2381 95
ROW 2381 7 22 24 2381 95
ROW 2382 0 2 16 2382 140
ROW 2382 1 19 32 2382 72
ROW 2382 2 32 32 2382 73
ROW 2382 3 0 8 2382 265
ROW 2382 4 4 4 2382 477
ROW 2382 5 143 255 2382 9
ROW 2382 6 10 24 2382 95
ROW 2382 7 23 24 2382 95
ROW 2383 0 3 16 2383 140
ROW 2383 1 20 32 2383 72
ROW 2383 2 0 32 2383 73
ROW 2383 3 1 8 2383 265
ROW 2383 4 0 4 2383 477
ROW 2383 5 144 255 2383 9
ROW 2383 6 11 24 2383 95
ROW 2383 7 24 24 2383 96
ROW 2384 0 4 16 2384 140
ROW 2384 1 21 32 2384 72
ROW 2384 2 1 32 2384 73
ROW 2384 3 2 8 2384 265
ROW 2384 4 1 4 2384 477
ROW 2384 5 145 255 2384 9
ROW 2384 6 12 24 2384 95
ROW 2384 7 0 24 2384 96
ROW 2385 0 5 16 2385 140
ROW 2385 1 22 32 2385 72
ROW 2385 2 2 32 2385 73
ROW 2385 3 3 8 2385 265
ROW 2385 4 2 4 2385 477
ROW 2385 5 146 255 2385 9
ROW 2385 6 13 24 2385 95
ROW 2385 7 1 24 2385 96
ROW 2386 0 6 16 2386 140
ROW 2386 1 23 32 2386 72
ROW 2386 2 3 32 2386 73
ROW 2386 3 4 8 2386 265
ROW 2386 4 3 4 2386 477
ROW 2386 5 147 255 2386 9
ROW 2386 6 14 24 2386 95
ROW 2386 7 2 24 2386 96
ROW 2387 0 7 16 2387 140
ROW 2387 1 24 32 2387 72
ROW 2387 2 4 32 2387 73
ROW 2387 3 5 8 2387 265
ROW 2387 4 4 4 2387 478
ROW 2387 5 148 255 2387 9
ROW 2387 6 15 24 2387 95
ROW 2387 7 3 24 2387 96
ROW 2388 0 8 16 2388 140
ROW 2388 1 25 32 2388 72
ROW 2388 2 5 32 2388 73
ROW 2388 3 6 8 2388 265
ROW 2388 4 0 4 2388 478
ROW 2388 5 149 255 2388 9
ROW 2388 6 16 24 2388 95
ROW 2388 7 4 24 2388 96
ROW 2389 0 9 16 2389 140
ROW 2389 1 26 32 2389 72
ROW 2389 2 6 32 2389 73
ROW 2389 3 7 8 2389 265
ROW 2389 4 1 4 2389 478
ROW 2389 5 150 255 2389 9
ROW 2389 6 17 24 2389 95
ROW 2389 7 5 24 2389 96
ROW 2390 0 10 16 2390 140
ROW 2390 1 27 32 2390 72
ROW 2390 2 7 32 2390 73
ROW 2390 3 8 8 2390 266
ROW 2390 4 2 4 2390 478
ROW 2390 5 151 255 2390 9
ROW 2390 6 18 24 2390 95
ROW 2390 7 6 24 2390 96
ROW 2391 0 11 16 2391 140
ROW 2391 1 28 32 2391 72
ROW 2391 2 8 32 2391 73
ROW 2391 3 0 8 2391 266
ROW 2391 4 3 4 2391 478
ROW 2391 5 152 255 2391 9
ROW 2391 6 19 24 2391 95
ROW 2391 7 7 24 2391 96
ROW 2392 0 12 16 2392 140
ROW 2392 1 29 32 2392 72
ROW 2392 2 9 32 2392 73
ROW 2392 3 1 8 2392 266
ROW 2392 4 4 4 2392 479
ROW 2392 5 153 255 2392 9
ROW 2392 6 20 24 2392 95
ROW 2392 7 8 24 2392 96
ROW 2393 0 13 16 2393 140
ROW 2393 1 30 32 2393 72
ROW 2393 2 10 32 2393 73
ROW 2393 3 2 8 2393 266
ROW 2393 4 0 4 2393 479
ROW 2393 5 154 255 2393 9
ROW 2393 6 21 24 2393 95
ROW 2393 7 9 24 2393 96
ROW 2394 0 14 16 2394 140
ROW 2394 1 31 32 2394 72
ROW 2394 2 11 32 2394 73
ROW 2394 3 3 8 2394 266
ROW 2394 4 1 4 2394 479
ROW 2394 5 155 255 2394 9
ROW 2394 6 22 24 2394 95
ROW 2394 7 10 24 2394 96
ROW 2395 0 15 16 2395 140
ROW 2395 1 32 32 2395 73
ROW 2395 2 12 32 2395 73
ROW 2395 3 4 8 2395 266
ROW 2395 4 2 4 2395 479
ROW 2395 5 156 255 2395 9
ROW 2395 6 23 24 2395 95
ROW 2395 7 11 24 2395 96
ROW 2396 0 16 16 2396 141
ROW 2396 1 0 32 2396 73
ROW 2396 2 13 32 2396 73
ROW 2396 3 5 8 2396 266
ROW 2396 4 3 4 2396 479
ROW 2396 5 157 255 2396 9
ROW 2396 6 24 24 2396 96
ROW 2396 7 12 24 2396 96
ROW 2397 0 0 16 2397 141
ROW 2397 1 1 32 2397 73
ROW 2397 2 14 32 2397 73
ROW 2397 3 6 8 2397 266
ROW 2397 4 4 4 2397 480
ROW 2397 5 158 255 2397 9
ROW 2397 6 0 24 2397 96
ROW 2397 7 13 24 2397 96
ROW 2398 0 1 16 2398 141
ROW 2398 1 2 32 2398 73
ROW 2398 2 15 32 2398 73
ROW 2398 3 7 8 2398 266
ROW 2398 4 0 4 2398 480
ROW 2398 5 159 255 2398 9
ROW 2398 6 1 24 2398 96
ROW 2398 7 14 24 2398 96
ROW 2399 0 2 16 2399 141
ROW 2399 1 3 32 2399 73
ROW 2399 2 16 32 2399 73
ROW 2399 3 8 8 2399 267
ROW 2399 4 1 4 2399 480
ROW 2399 5 160 255 2399 9
ROW 2399 6 2 24 2399 96
ROW 2399 7 15 24 2399 96
ROW 2400 0 3 16 2400 141
ROW 2400 1 4 32 2400 73
ROW 2400 2 17 32 2400 73
ROW 2400 3 0 8 2400 267
ROW 2400 4 2 4 2400 480
ROW 2400 5 161 255 2400 9
ROW 2400 6 3 24 2400 96
ROW 2400 7 16 24 2400 96
ROW 2401 0 4 16 2401 141
ROW 2401 1 5 32 2401 73
ROW 2401 2 18 32 2401 73
ROW 2401 3 1 8 2401 267
ROW 2401 4 3 4 2401 480
ROW 2401 5 162 255 2401 9
ROW 2401 6 4 24 2401 96
ROW 2401 7 17 24 2401 96
ROW 2402 0 5 16 2402 141
ROW 2402 1 6 32 2402 73
ROW 2402 2 19 32 2402 73
ROW 2402 3 2 8 2402 267
ROW 2402 4 4 4 2402 481
ROW 2402 5 163 255 2402 9
ROW 2402 6 5 24 2402 96
ROW 2402 7 18 24 2402 96
ROW 2403 0 6 16 2403 141
ROW 2403 1 7 32 2403 73
ROW 2403 2 20 32 2403 73
ROW 2403 3 3 8 2403 267
ROW 2403 4 0 4 2403 481
ROW 2403 5 164 255 2403 9
ROW 2403 6 6 24 2403 96
ROW 2403 7 19 24 2403 96
ROW 2404 0 7 16 2404 141
ROW 2404 1 8 32 2404 73
ROW 2404 2 21 32 2404 73
ROW 2404 3 4 8 2404 267
ROW 2404 4 1 4 2404 481
ROW 2404 5 165 255 2404 9
ROW 2404 6 7 24 2404 96
ROW 2404 7 20 24 2404 96
ROW 2405 0 8 16 2405 141
ROW 2405 1 9 32 2405 73
ROW 2405 2 22 32 2405 73
ROW 2405 3 5 8 2405 267
ROW 2405 4 2 4 2405 481
ROW 2405 5 166 255 2405 9
ROW 2405 6 8 24 2405 96
ROW 2405 7 21 24 2405 96
ROW 2406 0 9 16 2406 141
ROW 2406 1 10 32 2406 73
ROW 2406 2 23 32 2406 73
ROW 2406 3 6 8 2406 267
ROW 2406 4 3 4 2406 481
ROW 2406 5 167 255 2406 9
ROW 2406 6 9 24 2406 96
ROW 2406 7 22 24 2406 96
ROW 2407 0 10 16 2407 141
ROW 2407 1 11 32 2407 73
ROW 2407 2 24 32 2407 73
ROW 2407 3 7 8 2407 267
ROW 2407 4 4 4 2407 482
ROW 2407 5 168 255 2407 9
ROW 2407 6 10 24 2407 96
ROW 2407 7 23 24 2407 96
ROW 2408 0 11 16 2408 141
ROW 2408 1 12 32 2408 73
ROW 2408 2 25 32 2408 73
ROW 2408 3 8 8 2408 268
ROW 2408 4 0 4 2408 482
ROW 2408 5 169 255 2408 9
ROW 2408 6 11 24 2408 96
ROW 2408 7 24 24 2408 97
ROW 2409 0 12 16 2409 141
ROW 2409 1 13 32 2409 73
ROW 2409 2 26 32 2409 73
ROW 2409 3 0 8 2409 268
ROW 2409 4 1 4 2409 482
ROW 2409 5 170 255 2409 9
ROW 2409 6 12 24 2409 96
ROW 2409 7 0 24 2409 97
ROW 2410 0 13 16 2410 141
ROW 2410 1 14 32 2410 73
ROW 2410 2 27 32 2410 73
ROW 2410 3 1 8 2410 268
ROW 2410 4 2 4 2410 482
ROW 2410 5 171 255 2410 9
ROW 2410 6 13 24 2410 96
ROW 2410 7 1 24 2410 97
ROW 2411 0 14 16 2411 141
ROW 2411 1 15 32 2411 73
ROW 2411 2 28 32 2411 73
ROW 2411 3 2 8 2411 268
ROW 2411 4 3 4 2411 482
ROW 2411 5 172 255 2411 9
ROW 2411 6 14 24 2411 96
ROW 2411 7 2 24 2411 97
ROW 2412 0 15 16 2412 141
ROW 2412 1 16 32 2412 73
ROW 2412 2 29 32 2412 73
ROW 2412 3 3 8 2412 268
ROW 2412 4 4 4 2412 483
ROW 2412 5 173 255 2412 9
ROW 2412 6 15 24 2412 96
ROW 2412 7 3 24 2412 97
ROW 2413 0 16 16 2413 142
ROW 2413 1 17 32 2413 73
ROW 2413 2 30 32 2413 73
ROW 2413 3 4 8 2413 268
ROW 2413 4 0 4 2413 483
ROW 2413 5 174 255 2413 9
ROW 2413 6 16 24 2413 96
ROW 2413 7 4 24 2413 97
ROW 2414 0 0 16 2414 142
ROW 2414 1 18 32 2414 73
ROW 2414 2 31 32 2414 73
ROW 2414 3 5 8 2414 268
ROW 2414 4 1 4 2414 483
ROW 2414 5 175 255 2414 9
ROW 2414 6 17 24 2414 96
ROW 2414 7 5 24 2414 97
ROW 2415 0 1 16 2415 142
ROW 2415 1 19 32 2415 73
ROW 2415 2 32 32 2415 74
ROW 2415 3 6 8 2415 268
ROW 2415 4 2 4 2415 483
ROW 2415 5 176 255 2415 9
ROW 2415 6 18 24 2415 96
ROW 2415 7 6 24 2415 97
ROW 2416 0 2 16 2416 142
ROW 2416 1 20 32 2416 73
ROW 2416 2 0 32 2416 74
ROW 2416 3 7 8 2416 268
ROW 2416 4 3 4 2416 483
ROW 2416 5 177 255 2416 9
ROW 2416 6 19 24 2416 96
ROW 2416 7 7 24 2416 97
ROW 2417 0 3 16 2417 142
ROW 2417 1 21 32 2417 73
ROW 2417 2 1 32 2417 74
ROW 2417 3 8 8 2417 269
ROW 2417 4 4 4 2417 484
ROW 2417 5 178 255 2417 9
ROW 2417 6 20 24 2417 96
ROW 2417 7 8 24 2417 97
ROW 2418 0 4 16 2418 142
ROW 2418 1 22 32 2418 73
ROW 2418 2 2 32 2418 74
ROW 2418 3 0 8 2418 269
ROW 2418 4 0 4 2418 484
ROW 2418 5 179 255 2418 9
ROW 2418 6 21 24 2418 96
ROW 2418 7 9 24 2418 97
ROW 2419 0 5 16 2419 142
ROW 2419 1 23 32 2419 73
ROW 2419 2 3 32 2419 74
ROW 2419 3 1 8 2419 269
ROW 2419 4 1 4 2419 484
ROW 2419 5 180 255 2419 9
ROW 2419 6 22 24 2419 96
ROW 2419 7 10 24 2419 97
ROW 2420 0 6 16 2420 142
ROW 2420 1 24 32 2420 73
ROW 2420 2 4 32 2420 74
ROW 2420 3 2 8 2420 269
ROW 2420 4 2 4 2420 484
ROW 2420 5 181 255 2420 9
ROW 2420 6 23 24 2420 96
ROW 2420 7 11 24 2420 97
ROW 2421 0 7 16 2421 142
ROW 2421 1 25 32 2421 73
ROW 2421 2 5 32 2421 74
ROW 2421 3 3 8 2421 269
ROW 2421 4 3 4 2421 484
ROW 2421 5 182 255 2421 9
ROW 2421 6 24 24 2421 97
ROW 2421 7 12 24 2421 97
ROW 2422 0 8 16 2422 142
ROW 2422 1 26 32 2422 73
ROW 2422 2 6 32 2422 74
ROW 2422 3 4 8 2422 269
ROW 2422 4 4 4 2422 485
ROW 2422 5 183 255 2422 9
ROW 2422 6 0 24 2422 97
ROW 2422 7 13 24 2422 97
ROW 2423 0 9 16 2423 142
ROW 2423 1 27 32 2423 73
ROW 2423 2 7 32 2423 74
ROW 2423 3 5 8 2423 269
ROW 2423 4 0 4 2423 485
ROW 2423 5 184 255 2423 9
ROW 2423 6 1 24 2423 97
ROW 2423 7 14 24 2423 97
ROW 2424 0 10 16 2424 142
ROW 2424 1 28 32 2424 73
ROW 2424 2 8 32 2424 74
ROW 2424 3 6 8 2424 269
ROW 2424 4 1 4 2424 485
ROW 2424 5 185 255 2424 9
ROW 2424 6 2 24 2424 97
ROW 2424 7 15 24 2424 97
ROW 2425 0 11 16 2425 142
ROW 2425 1 29 32 2425 73
ROW 2425 2 9 32 2425 74
ROW 2425 3 7 8 2425 269
ROW 2425 4 2 4 2425 485
ROW 2425 5 186 255 2425 9
ROW 2425 6 3 24 2425 97
ROW 2425 7 16 24 2425 97
ROW 2426 0 12 16 2426 142
ROW 2426 1 30 32 2426 73
ROW 2426 2 10 32 2426 74
ROW 2426 3 8 8 2426 270
ROW 2426 4 3 4 2426 485
ROW 2426 5 187 255 2426 9
ROW 2426 6 4 24 2426 97
ROW 2426 7 17 24 2426 97
ROW 2427 0 13 16 2427 142
ROW 2427 1 31 32 2427 73
ROW 2427 2 11 32 2427 74
ROW 2427 3 0 8 2427 270
ROW 2427 4 4 4 2427 486
ROW 2427 5 188 255 2427 9
ROW 2427 6 5 24 2427 97
ROW 2427 7 18 24 2427 97
ROW 2428 0 14 16 2428 142
ROW 2428 1 32 32 2428 74
ROW 2428 2 12 32 2428 74
ROW 2428 3 1 8 2428 270
ROW 2428 4 0 4 2428 486
ROW 2428 5 189 255 2428 9
ROW 2428 6 6 24 2428 97
ROW 2428 7 19 24 2428 97
ROW 2429 0 15 16 2429 142
ROW 2429 1 0 32 2429 74
ROW 2429 2 13 32 2429 74
ROW 2429 3 2 8 2429 270
ROW 2429 4 1 4 2429 486
ROW 2429 5 190 255 2429 9
ROW 2429 6 7 24 2429 97
ROW 2429 7 20 24 2429 97
ROW 2430 0 16 16 2430 143
ROW 2430 1 1 32 2430 74
ROW 2430 2 14 32 2430 74
ROW 2430 3 3 8 2430 270
ROW 2430 4 2 4 2430 486
ROW 2430 5 191 255 2430 9
ROW 2430 6 8 24 2430 97
ROW 2430 7 21 24 2430 97
ROW 2431 0 0 16 2431 143
ROW 2431 1 2 32 2431 74
ROW 2431 2 15 32 2431 74
ROW 2431 3 4 8 2431 270
ROW 2431 4 3 4 2431 486
ROW 2431 5 192 255 2431 9
ROW 2431 6 9 24 2431 97
ROW 2431 7 22 24 2431 97
ROW 2432 0 1 16 2432 143
ROW 2432 1 3 32 2432 74
ROW 2432 2 16 32 2432 74
ROW 2432 3 5 8 2432 270
ROW 2432 4 4 4 2432 487
ROW 2432 5 193 255 2432 9
ROW 2432 6 10 24 2432 97
ROW 2432 7 23 24 2432 97
ROW 2433 0 2 16 2433 143
ROW 2433 1 4 32 2433 74
ROW 2433 2 17 32 2433 74
ROW 2433 3 6 8 2433 270
ROW 2433 4 0 4 2433 487
ROW 2433 5 194 255 2433 9
ROW 2433 6 11 24 2433 97
ROW 2433 7 24 24 2433 98
ROW 2434 0 3 16 2434 143
ROW 2434 1 5 32 2434 74
ROW 2434 2 18 32 2434 74
ROW 2434 3 7 8 2434 270
ROW 2434 4 1 4 2434 487
ROW 2434 5 195 255 2434 9
ROW 2434 6 12 24 2434 97
ROW 2434 7 0 24 2434 98
ROW 2435 0 4 16 2435 143
ROW 2435 1 6 32 2435 74
ROW 2435 2 19 32 2435 74
ROW 2435 3 8 8 2435 271
ROW 2435 4 2 4 2435 487
ROW 2435 5 196 255 2435 9
ROW 2435 6 13 24 2435 97
ROW 2435 7 1 24 2435 98
ROW 2436 0 5 16 2436 143
ROW 2436 1 7 32 2436 74
ROW 2436 2 20 32 2436 74
ROW 2436 3 0 8 2436 271
ROW 2436 4 3 4 2436 487
ROW 2436 5 197 255 2436 9
ROW 2436 6 14 24 2436 97
ROW 2436 7 2 24 2436 98
ROW 2437 0 6 16 2437 143
ROW 2437 1 8 32 2437 74
ROW 2437 2 21 32 2437 74
ROW 2437 3 1 8 2437 271
ROW 2437 4 4 4 2437 488
ROW 2437 5 198 255 2437 9
ROW 2437 6 15 24 2437 97
ROW 2437 7 3 24 2437 98
ROW 2438 0 7 16 2438 143
ROW 2438 1 9 32 2438 74
ROW 2438 2 22 32 2438 74
ROW 2438 3 2 8 2438 271
ROW 2438 4 0 4 2438 488
ROW 2438 5 199 255 2438 9
ROW 2438 6 16 24 2438 97
ROW 2438 7 4 24 2438 98
ROW 2439 0 8 16 2439 143
ROW 2439 1 10 32 2439 74
ROW 2439 2 23 32 2439 74
ROW 2439 3 3 8 2439 271
ROW 2439 4 1 4 2439 488
ROW 2439 5 200 255 2439 9
ROW 2439 6 17 24 2439 97
ROW 2439 7 5 24 2439 98
ROW 2440 0 9 16 2440 143
ROW 2440 1 11 32 2440 74
ROW 2440 2 24 32 2440 74
ROW 2440 3 4 8 2440 271
ROW 2440 4 2 4 2440 488
ROW 2440 5 201 255 2440 9
ROW 2440 6 18 24 2440 97
ROW 2440 7 6 24 2440 98
ROW 2441 0 10 16 2441 143
ROW 2441 1 12 32 2441 74
ROW 2441 2 25 32 2441 74
ROW 2441 3 5 8 2441 271
ROW 2441 4 3 4 2441 488
ROW 2441 5 202 255 2441 9
ROW 2441 6 19 24 2441 97
ROW 2441 7 7 24 2441 98
ROW 2442 0 11 16 2442 143
ROW 2442 1 13 32 2442 74
ROW 2442 2 26 32 2442 74
ROW 2442 3 6 8 2442 271
ROW 2442 4 4 4 2442 489
ROW 2442 5 203 255 2442 9
ROW 2442 6 20 24 2442 97
ROW 2442 7 8 24 2442 98
ROW 2443 0 12 16 2443 143
ROW 2443 1 14 32 2443 74
ROW 2443 2 27 32 2443 74
ROW 2443 3 7 8 2443 271
ROW 2443 4 0 4 2443 489
ROW 2443 5 204 255 2443 9
ROW 2443 6 21 24 2443 97
ROW 2443 7 9 24 2443 98
ROW 2444 0 13 16 2444 143
ROW 2444 1 15 32 2444 74
ROW 2444 2 28 32 2444 74
ROW 2444 3 8 8 2444 272
ROW 2444 4 1 4 2444 489
ROW 2444 5 205 255 2444 9
ROW 2444 6 22 24 2444 97
ROW 2444 7 10 24 2444 98
ROW 2445 0 14 16 2445 143
ROW 2445 1 16 32 2445 74
ROW 2445 2 29 32 2445 74
ROW 2445 3 0 8 2445 272
ROW 2445 4 2 4 2445 489
ROW 2445 5 206 255 2445 9
ROW 2445 6 23 24 2445 97
ROW 2445 7 11 24 2445 98
ROW 2446 0 15 16 2446 143
ROW 2446 1 17 32 2446 74
ROW 2446 2 30 32 2446 74
ROW 2446 3 1 8 2446 272
ROW 2446 4 3 4 2446 489
ROW 2446 5 207 255 2446 9
ROW 2446 6 24 24 2446 98
ROW 2446 7 12 24 2446 98
ROW 2447 0 16 16 2447 144
ROW 2447 1 18 32 2447 74
ROW 2447 2 31 32 2447 74
ROW 2447 3 2 8 2447 272
ROW 2447 4 4 4 2447 490
ROW 2447 5 208 255 2447 9
ROW 2447 6 0 24 2447 98
ROW 2447 7 13 24 2447 98
ROW 2448 0 0 16 2448 144
ROW 2448 1 19 32 2448 74
ROW 2448 2 32 32 2448 75
ROW 2448 3 3 8 2448 272
ROW 2448 4 0 4 2448 490
ROW 2448 5 209 255 2448 9
ROW 2448 6 1 24 2448 98
ROW 2448 7 14 24 2448 98
ROW 2449 0 1 16 2449 144
ROW 2449 1 20 32 2449 74
ROW 2449 2 0 32 2449 75
ROW 2449 3 4 8 2449 272
ROW 2449 4 1 4 2449 490
ROW 2449 5 210 255 2449 9
ROW 2449 6 2 24 2449 98
ROW 2449 7 15 24 2449 98
ROW 2450 0 2 16 2450 144
ROW 2450 1 21 32 2450 74
ROW 2450 2 1 32 2450 75
ROW 2450 3 5 8 2450 272
ROW 2450 4 2 4 2450 490
ROW 2450 5 211 255 2450 9
ROW 2450 6 3 24 2450 98
ROW 2450 7 16 24 2450 98
ROW 2451 0 3 16 2451 144
ROW 2451 1 22 32 2451 74
ROW 2451 2 2 32 2451 75
ROW 2451 3 6 8 2451 272
ROW 2451 4 3 4 2451 490
ROW 2451 5 212 255 2451 9
ROW 2451 6 4 24 2451 98
ROW 2451 7 17 24 2451 98
ROW 2452 0 4 16 2452 144
ROW 2452 1 23 32 2452 74
ROW 2452 2 3 32 2452 75
ROW 2452 3 7 8 2452 272
ROW 2452 4 4 4 2452 491
ROW 2452 5 213 255 2452 9
ROW 2452 6 5 24 2452 98
ROW 2452 7 18 24 2452 98
ROW 2453 0 5 16 2453 144
ROW 2453 1 24 32 2453 74
ROW 2453 2 4 32 2453 75
ROW 2453 3 8 8 2453 273
ROW 2453 4 0 4 2453 491
ROW 2453 5 214 255 2453 9
ROW 2453 6 6 24 2453 98
ROW 2453 7 19 24 2453 98
ROW 2454 0 6 16 2454 144
ROW 2454 1 25 32 2454 74
ROW 2454 2 5 32 2454 75
ROW 2454 3 0 8 2454 273
ROW 2454 4 1 4 2454 491
ROW 2454 5 215 255 2454 9
ROW 2454 6 7 24 2454 98
ROW 2454 7 20 24 2454 98
ROW 2455 0 7 16 2455 144
ROW 2455 1 26 32 2455 74
ROW 2455 2 6 32 2455 75
ROW 2455 3 1 8 2455 273
ROW 2455 4 2 4 2455 491
ROW 2455 5 216 255 2455 9
ROW 2455 6 8 24 2455 98
ROW 2455 7 21 24 2455 98
ROW 2456 0 8 16 2456 144
ROW 2456 1 27 32 2456 74
ROW 2456 2 7 32 2456 75
ROW 2456 3 2 8 2456 273
ROW 2456 4 3 4 2456 491
ROW 2456 5 217 255 2456 9
ROW 2456 6 9 24 2456 98
ROW 2456 7 22 24 2456 98
ROW 2457 0 9 16 2457 144
ROW 2457 1 28 32 2457 74
ROW 2457 2 8 32 2457 75
ROW 2457 3 3 8 2457 273
ROW 2457 4 4 4 2457 492
ROW 2457 5 218 255 2457 9
ROW 2457 6 10 24 2457 98
ROW 2457 7 23 24 2457 98
ROW 2458 0 10 16 2458 144
ROW 2458 1 29 32 2458 74
ROW 2458 2 9 32 2458 75
ROW 2458 3 4 8 2458 273
ROW 2458 4 0 4 2458 492
ROW 2458 5 219 255 2458 9
ROW 2458 6 11 24 2458 98
ROW 2458 7 24 24 2458 99
ROW 2459 0 11 16 2459 144
ROW 2459 1 30 32 2459 74
ROW 2459 2 10 32 2459 75
ROW 2459 3 5 8 2459 273
ROW 2459 4 1 4 2459 492
ROW 2459 5 220 255 2459 9
ROW 2459 6 12 24 2459 98
ROW 2459 7 0 24 2459 99
ROW 2460 0 12 16 2460 144
ROW 2460 1 31 32 2460 74
ROW 2460 2 11 32 2460 75
ROW 2460 3 6 8 2460 273
ROW 2460 4 2 4 2460 492
ROW 2460 5 221 255 2460 9
ROW 2460 6 13 24 2460 98
ROW 2460 7 1 24 2460 99
ROW 2461 0 13 16 2461 144
ROW 2461 1 32 32 2461 75
ROW 2461 2 12 32 2461 75
ROW 2461 3 7 8 2461 273
ROW 2461 4 3 4 2461 492
ROW 2461 5 222 255 2461 9
ROW 2461 6 14 24 2461 98
ROW 2461 7 2 24 2461 99
ROW 2462 0 14 16 2462 144
ROW 2462 1 0 32 2462 75
ROW 2462 2 13 32 2462 75
ROW 2462 3 8 8 2462 274
ROW 2462 4 4 4 2462 493
ROW 2462 5 223 255 2462 9
ROW 2462 6 15 24 2462 98
ROW 2462 7 3 24 2462 99
ROW 2463 0 15 16 2463 144
ROW 2463 1 1 32 2463 75
ROW 2463 2 14 32 2463 75
ROW 2463 3 0 8 2463 274
ROW 2463 4 0 4 2463 493
ROW 2463 5 224 255 2463 9
ROW 2463 6 16 24 2463 98
ROW 2463 7 4 24 2463 99
ROW 2464 0 16 16 2464 145
ROW 2464 1 2 32 2464 75
ROW 2464 2 15 32 2464 75
ROW 2464 3 1 8 2464 274
ROW 2464 4 1 4 2464 493
ROW 2464 5 225 255 2464 9
ROW 2464 6 17 24 2464 98
ROW 2464 7 5 24 2464 99
ROW 2465 0 0 16 2465 145
ROW 2465 1 3 32 2465 75
ROW 2465 2 16 32 2465 75
ROW 2465 3 2 8 2465 274
ROW 2465 4 2 4 2465 493
ROW 2465 5 226 255 2465 9
ROW 2465 6 18 24 2465 98
ROW 2465 7 6 24 2465 99
ROW 2466 0 1 16 2466 145
ROW 2466 1 4 32 2466 75
ROW 2466 2 17 32 2466 75
ROW 2466 3 3 8 2466 274
ROW 2466 4 3 4 2466 493
ROW 2466 5 227 255 2466 9
ROW 2466 6 19 24 2466 98
ROW 2466 7 7 24 2466 99
ROW 2467 0 2 16 2467 145
ROW 2467 1 5 32 2467 75
ROW 2467 2 18 32 2467 75
ROW 2467 3 4 8 2467 274
ROW 2467 4 4 4 2467 494
ROW 2467 5 228 255 2467 9
ROW 2467 6 20 24 2467 98
ROW 2467 7 8 24 2467 99
ROW 2468 0 3 16 2468 145
ROW 2468 1 6 32 2468 75
ROW 2468 2 19 32 2468 75
ROW 2468 3 5 8 2468 274
ROW 2468 4 0 4 2468 494
ROW 2468 5 229 255 2468 9
ROW 2468 6 21 24 2468 98
ROW 2468 7 9 24 2468 99
ROW 2469 0 4 16 2469 145
ROW 2469 1 7 32 2469 75
ROW 2469 2 20 32 2469 75
ROW 2469 3 6 8 2469 274
ROW 2469 4 1 4 2469 494
ROW 2469 5 230 255 2469 9
ROW 2469 6 22 24 2469 98
ROW 2469 7 10 24 2469 99
ROW 2470 0 5 16 2470 145
ROW 2470 1 8 32 2470 75
ROW 2470 2 21 32 2470 75
ROW 2470 3 7 8 2470 274
ROW 2470 4 2 4 2470 494
ROW 2470 5 231 255 2470 9
ROW 2470 6 23 24 2470 98
ROW 2470 7 11 24 2470 99
ROW 2471 0 6 16 2471 145
ROW 2471 1 9 32 2471 75
ROW 2471 2 22 32 2471 75
ROW 2471 3 8 8 2471 275
ROW 2471 4 3 4 2471 494
ROW 2471 5 232 255 2471 9
ROW 2471 6 24 24 2471 99
ROW 2471 7 12 24 2471 99
ROW 2472 0 7 16 2472 145
ROW 2472 1 10 32 2472 75
ROW 2472 2 23 32 2472 75
ROW 2472 3 0 8 2472 275
ROW 2472 4 4 4 2472 495
ROW 2472 5 233 255 2472 9
ROW 2472 6 0 24 2472 99
ROW 2472 7 13 24 2472 99
ROW 2473 0 8 16 2473 145
ROW 2473 1 11 32 2473 75
ROW 2473 2 24 32 2473 75
ROW 2473 3 1 8 2473 275
ROW 2473 4 0 4 2473 495
ROW 2473 5 234 255 2473 9
ROW 2473 6 1 24 2473 99
ROW 2473 7 14 24 2473 99
ROW 2474 0 9 16 2474 145
ROW 2474 1 12 32 2474 75
ROW 2474 2 25 32 2474 75
ROW 2474 3 2 8 2474 275
ROW 2474 4 1 4 2474 495
ROW 2474 5 235 255 2474 9
ROW 2474 6 2 24 2474 99
ROW 2474 7 15 24 2474 99
ROW 2475 0 10 16 2475 145
ROW 2475 1 13 32 2475 75
ROW 2475 2 26 32 2475 75
ROW 2475 3 3 8 2475 275
ROW 2475 4 2 4 2475 495
ROW 2475 5 236 255 2475 9
ROW 2475 6 3 24 2475 99
ROW 2475 7 16 24 2475 99
ROW 2476 0 11 16 2476 145
ROW 2476 1 14 32 2476 75
ROW 2476 2 27 32 2476 75
ROW 2476 3 4 8 2476 275
ROW 2476 4 3 4 2476 495
ROW 2476 5 237 255 2476 9
ROW 2476 6 4 24 2476 99
ROW 2476 7 17 24 2476 99
ROW 2477 0 12 16 2477 145
ROW 2477 1 15 32 2477 75
ROW 2477 2 28 32 2477 75
ROW 2477 3 5 8 2477 275
ROW 2477 4 4 4 2477 496
ROW 2477 5 238 255 2477 9
ROW 2477 6 5 24 2477 99
ROW 2477 7 18 24 2477 99
ROW 2478 0 13 16 2478 145
ROW 2478 1 16 32 2478 75
ROW 2478 2 29 32 2478 75
ROW 2478 3 6 8 2478 275
ROW 2478 4 0 4 2478 496
ROW 2478 5 239 255 2478 9
ROW 2478 6 6 24 2478 99
ROW 2478 7 19 24 2478 99
ROW 2479 0 14 16 2479 145
ROW 2479 1 17 32 2479 75
ROW 2479 2 30 32 2479 75
ROW 2479 3 7 8 2479 275
ROW 2479 4 1 4 2479 496
ROW 2479 5 240 255 2479 9
ROW 2479 6 7 24 2479 99
ROW 2479 7 20 24 2479 99
ROW 2480 0 15 16 2480 145
ROW 2480 1 18 32 2480 75
ROW 2480 2 31 32 2480 75
ROW 2480 3 8 8 2480 276
ROW 2480 4 2 4 2480 496
ROW 2480 5 241 255 2480 9
ROW 2480 6 8 24 2480 99
ROW 2480 7 21 24 2480 99
ROW 2481 0 16 16 2481 146
ROW 2481 1 19 32 2481 75
ROW 2481 2 32 32 2481 76
ROW 2481 3 0 8 2481 276
ROW 2481 4 3 4 2481 496
ROW 2481 5 242 255 2481 9
ROW 2481 6 9 24 2481 99
ROW 2481 7 22 24 2481 99
ROW 2482 0 0 16 2482 146
ROW 2482 1 20 32 2482 75
ROW 2482 2 0 32 2482 76
ROW 2482 3 1 8 2482 276
ROW 2482 4 4 4 2482 497
ROW 2482 5 243 255 2482 9
ROW 2482 6 10 24 2482 99
ROW 2482 7 23 24 2482 99
ROW 2483 0 1 16 2483 146
ROW 2483 1 21 32 2483 75
ROW 2483 2 1 32 2483 76
ROW 2483 3 2 8 2483 276
ROW 2483 4 0 4 2483 497
ROW 2483 5 244 255 2483 9
ROW 2483 6 11 24 2483 99
ROW 2483 7 24 24 2483 100
ROW 2484 0 2 16 2484 146
ROW 2484 1 22 32 2484 75
ROW 2484 2 2 32 2484 76
ROW 2484 3 3 8 2484 276
ROW 2484 4 1 4 2484 497
ROW 2484 5 245 255 2484 9
ROW 2484 6 12 24 2484 99
ROW 2484 7 0 24 2484 100
ROW 2485 0 3 16 2485 146
ROW 2485 1 23 32 2485 75
ROW 2485 2 3 32 2485 76
ROW 2485 3 4 8 2485 276
ROW 2485 4 2 4 2485 497
ROW 2485 5 246 255 2485 9
ROW 2485 6 13 24 2485 99
ROW 2485 7 1 24 2485 100
ROW 2486 0 4 16 2486 146
ROW 2486 1 24 32 2486 75
ROW 2486 2 4 32 2486 76
ROW 2486 3 5 8 2486 276
ROW 2486 4 3 4 2486 497
ROW 2486 5 247 255 2486 9
ROW 2486 6 14 24 2486 99
ROW 2486 7 2 24 2486 100
ROW 2487 0 5 16 2487 146
ROW 2487 1 25 32 2487 75
ROW 2487 2 5 32 2487 76
ROW 2487 3 6 8 2487 276
ROW 2487 4 4 4 2487 498
ROW 2487 5 248 255 2487 9
ROW 2487 6 15 24 2487 99
ROW 2487 7 3 24 2487 100
ROW 2488 0 6 16 2488 146
ROW 2488 1 26 32 2488 75
ROW 2488 2 6 32 2488 76
ROW 2488 3 7 8 2488 276
ROW 2488 4 0 4 2488 498
ROW 2488 5 249 255 2488 9
ROW 2488 6 16 24 2488 99
ROW 2488 7 4 24 2488 100
ROW 2489 0 7 16 2489 146
ROW 2489 1 27 32 2489 75
ROW 2489 2 7 32 2489 76
ROW 2489 3 8 8 2489 277
ROW 2489 4 1 4 2489 498
ROW 2489 5 250 255 2489 9
ROW 2489 6 17 24 2489 99
ROW 2489 7 5 24 2489 100
ROW 2490 0 8 16 2490 146
ROW 2490 1 28 32 2490 75
ROW 2490 2 8 32 2490 76
ROW 2490 3 0 8 2490 277
ROW 2490 4 2 4 2490 498
ROW 2490 5 251 255 2490 9
ROW 2490 6 18 24 2490 99
ROW 2490 7 6 24 2490 100
ROW 2491 0 9 16 2491 146
ROW 2491 1 29 32 2491 75
ROW 2491 2 9 32 2491 76
ROW 2491 3 1 8 2491 277
ROW 2491 4 3 4 2491 498
ROW 2491 5 252 255 2491 9
ROW 2491 6 19 24 2491 99
ROW 2491 7 7 24 2491 100
ROW 2492 0 10 16 2492 146
ROW 2492 1 30 32 2492 75
ROW 2492 2 10 32 2492 76
ROW 2492 3 2 8 2492 277
ROW 2492 4 4 4 2492 499
ROW 2492 5 253 255 2492 9
ROW 2492 6 20 24 2492 99
ROW 2492 7 8 24 2492 100
ROW 2493 0 11 16 2493 146
ROW 2493 1 31 32 2493 75
ROW 2493 2 11 32 2493 76
ROW 2493 3 3 8 2493 277
ROW 2493 4 0 4 2493 499
ROW 2493 5 254 255 2493 9
ROW 2493 6 21 24 2493 99
ROW 2493 7 9 24 2493 100
ROW 2494 0 12 16 2494 146
ROW 2494 1 32 32 2494 76
ROW 2494 2 12 32 2494 76
ROW 2494 3 4 8 2494 277
ROW 2494 4 1 4 2494 499
ROW 2494 5 255 255 2494 10
ROW 2494 6 22 24 2494 99
ROW 2494 7 10 24 2494 100
ROW 2495 0 13 16 2495 146
ROW 2495 1 0 32 2495 76
ROW 2495 2 13 32 2495 76
ROW 2495 3 5 8 2495 277
ROW 2495 4 2 4 2495 499
ROW 2495 5 0 255 2495 10
ROW 2495 6 23 24 2495 99
ROW 2495 7 11 24 2495 100
ROW 2496 0 14 16 2496 146
ROW 2496 1 1 32 2496 76
ROW 2496 2 14 32 2496 76
ROW 2496 3 6 8 2496 277
ROW 2496 4 3 4 2496 499
ROW 2496 5 1 255 2496 10
ROW 2496 6 24 24 2496 100
ROW 2496 7 12 24 2496 100
ROW 2497 0 15 16 2497 146
ROW 2497 1 2 32 2497 76
ROW 2497 2 15 32 2497 76
ROW 2497 3 7 8 2497 277
ROW 2497 4 4 4 2497 500
ROW 2497 5 2 255 2497 10
ROW 2497 6 0 24 2497 100
ROW 2497 7 13 24 2497 100
ROW 2498 0 16 16 2498 147
ROW 2498 1 3 32 2498 76
ROW 2498 2 16 32 2498 76
ROW 2498 3 8 8 2498 278
ROW 2498 4 0 4 2498 500
ROW 2498 5 3 255 2498 10
ROW 2498 6 1 24 2498 100
ROW 2498 7 14 24 2498 100
ROW 2499 0 0 16 2499 147
ROW 2499 1 4 32 2499 76
ROW 2499 2 17 32 2499 76
ROW 2499 3 0 8 2499 278
ROW 2499 4 1 4 2499 500
ROW 2499 5 4 255 2499 10
ROW 2499 6 2 24 2499 100
ROW 2499 7 15 24 2499 100
ROW 2500 0 1 16 2500 147
ROW 2500 1 5 32 2500 76
ROW 2500 2 18 32 2500 76
ROW 2500 3 1 8 2500 278
ROW 2500 4 2 4 2500 500
ROW 2500 5 5 255 2500 10
ROW 2500 6 3 24 2500 100
ROW 2500 7 16 24 2500 100
ROW 2501 0 2 16 2501 147
ROW 2501 1 6 32 2501 76
ROW 2501 2 19 32 2501 76
ROW 2501 3 2 8 2501 278
ROW 2501 4 3 4 2501 500
ROW 2501 5 6 255 2501 10
ROW 2501 6 4 24 2501 100
ROW 2501 7 17 24 2501 100
ROW 2502 0 3 16 2502 147
ROW 2502 1 7 32 2502 76
ROW 2502 2 20 32 2502 76
ROW 2502 3 3 8 2502 278
ROW 2502 4 4 4 2502 501
ROW 2502 5 7 255 2502 10
ROW 2502 6 5 24 2502 100
ROW 2502 7 18 24 2502 100
ROW 2503 0 4 16 2503 147
ROW 2503 1 8 32 2503 76
ROW 2503 2 21 32 2503 76
ROW 2503 3 4 8 2503 278
ROW 2503 4 0 4 2503 501
ROW 2503 5 8 255 2503 10
ROW 2503 6 6 24 2503 100
ROW 2503 7 19 24 2503 100
ROW 2504 0 5 16 2504 147
ROW 2504 1 9 32 2504 76
ROW 2504 2 22 32 2504 76
ROW 2504 3 5 8 2504 278
ROW 2504 4 1 4 2504 501
ROW 2504 5 9 255 2504 10
ROW 2504 6 7 24 2504 100
ROW 2504 7 20 24 2504 100
ROW 2505 0 6 16 2505 147
ROW 2505 1 10 32 2505 76
ROW 2505 2 23 32 2505 76
ROW 2505 3 6 8 2505 278
ROW 2505 4 2 4 2505 501
ROW 2505 5 10 255 2505 10
ROW 2505 6 8 24 2505 100
ROW 2505 7 21 24 2505 100
ROW 2506 0 7 16 2506 147
ROW 2506 1 11 32 2506 76
ROW 2506 2 24 32 2506 76
ROW 2506 3 7 8 2506 278
ROW 2506 4 3 4 2506 501
ROW 2506 5 11 255 2506 10
ROW 2506 6 9 24 2506 100
ROW 2506 7 22 24 2506 100
ROW 2507 0 8 16 2507 147
ROW 2507 1 12 32 2507 76
ROW 2507 2 25 32 2507 76
ROW 2507 3 8 8 2507 279
ROW 2507 4 4 4 2507 502
ROW 2507 5 12 255 2507 10
ROW 2507 6 10 24 2507 100
ROW 2507 7 23 24 2507 100
ROW 2508 0 9 16 2508 147
ROW 2508 1 13 32 2508 76
ROW 2508 2 26 32 2508 76
ROW 2508 3 0 8 2508 279
ROW 2508 4 0 4 2508 502
ROW 2508 5 13 255 2508 10
ROW 2508 6 11 24 2508 100
ROW 2508 7 24 24 2508 101
ROW 2509 0 10 16 2509 147
ROW 2509 1 14 32 2509 76
ROW 2509 2 27 32 2509 76
ROW 2509 3 1 8 2509 279
ROW 2509 4 1 4 2509 502
ROW 2509 5 14 255 2509 10
ROW 2509 6 12 24 2509 100
ROW 2509 7 0 24 2509 101
ROW 2510 0 11 16 2510 147
ROW 2510 1 15 32 2510 76
ROW 2510 2 28 32 2510 76
ROW 2510 3 2 8 2510 279
ROW 2510 4 2 4 2510 502
ROW 2510 5 15 255 2510 10
ROW 2510 6 13 24 2510 100
ROW 2510 7 1 24 2510 101
ROW 2511 0 12 16 2511 147
ROW 2511 1 16 32 2511 76
ROW 2511 2 29 32 2511 76
ROW 2511 3 3 8 2511 279
ROW 2511 4 3 4 2511 502
ROW 2511 5 16 255 2511 10
ROW 2511 6 14 24 2511 100
ROW 2511 7 2 24 2511 101
ROW 2512 0 13 16 2512 147
ROW 2512 1 17 32 2512 76
ROW 2512 2 30 32 2512 76
ROW 2512 3 4 8 2512 279
ROW 2512 4 4 4 2512 503
ROW 2512 5 17 255 2512 10
ROW 2512 6 15 24 2512 100
ROW 2512 7 3 24 2512 101
ROW 2513 0 14 16 2513 147
ROW 2513 1 18 32 2513 76
ROW 2513 2 31 32 2513 76
ROW 2513 3 5 8 2513 279
ROW 2513 4 0 4 2513 503
ROW 2513 5 18 255 2513 10
ROW 2513 6 16 24 2513 100
ROW 2513 7 4 24 2513 101
ROW 2514 0 15 16 2514 147
ROW 2514 1 19 32 2514 76
ROW 2514 2 32 32 2514 77
ROW 2514 3 6 8 2514 279
ROW 2514 4 1 4 2514 503
ROW 2514 5 19 255 2514 10
ROW 2514 6 17 24 2514 100
ROW 2514 7 5 24 2514 101
ROW 2515 0 16 16 2515 148
ROW 2515 1 20 32 2515 76
ROW 2515 2 0 32 2515 77
ROW 2515 3 7 8 2515 279
ROW 2515 4 2 4 2515 503
ROW 2515 5 20 255 2515 10
ROW 2515 6 18 24 2515 100
ROW 2515 7 6 24 2515 101
ROW 2516 0 0 16 2516 148
ROW 2516 1 21 32 2516 76
ROW 2516 2 1 32 2516 77
ROW 2516 3 8 8 2516 280
ROW 2516 4 3 4 2516 503
ROW 2516 5 21 255 2516 10
ROW 2516 6 19 24 2516 100
ROW 2516 7 7 24 2516 101
ROW 2517 0 1 16 2517 148
ROW 2517 1 22 32 2517 76
ROW 2517 2 2 32 2517 77
ROW 2517 3 0 8 2517 280
ROW 2517 4 4 4 2517 504
ROW 2517 5 22 255 2517 10
ROW 2517 6 20 24 2517 100
ROW 2517 7 8 24 2517 101
ROW 2518 0 2 16 2518 148
ROW 2518 1 23 32 2518 76
ROW 2518 2 3 32 2518 77
ROW 2518 3 1 8 2518 280
ROW 2518 4 0 4 2518 504
ROW 2518 5 23 255 2518 10
ROW 2518 6 21 24 2518 100
ROW 2518 7 9 24 2518 101
ROW 2519 0 3 16 2519 148
ROW 2519 1 24 32 2519 76
ROW 2519 2 4 32 2519 77
ROW 2519 3 2 8 2519 280
ROW 2519 4 1 4 2519 504
ROW 2519 5 24 255 2519 10
ROW 2519 6 22 24 2519 100
ROW 2519 7 10 24 2519 101
ROW 2520 0 4 16 2520 148
ROW 2520 1 25 32 2520 76
ROW 2520 2 5 32 2520 77
ROW 2520 3 3 8 2520 280
ROW 2520 4 2 4 2520 504
ROW 2520 5 25 255 2520 10
ROW 2520 6 23 24 2520 100
ROW 2520 7 11 24 2520 101
ROW 2521 0 5 16 2521 148
ROW 2521 1 26 32 2521 76
ROW 2521 2 6 32 2521 77
ROW 2521 3 4 8 2521 280
ROW 2521 4 3 4 2521 504
ROW 2521 5 26 255 2521 10
ROW 2521 6 24 24 2521 101
ROW 2521 7 12 24 2521 101
ROW 2522 0 6 16 2522 148
ROW 2522 1 27 32 2522 76
ROW 2522 2 7 32 2522 77
ROW 2522 3 5 8 2522 280
ROW 2522 4 4 4 2522 505
ROW 2522 5 27 255 2522 10
ROW 2522 6 0 24 2522 101
ROW 2522 7 13 24 2522 101
ROW 2523 0 7 16 2523 148
ROW 2523 1 28 32 2523 76
ROW 2523 2 8 32 2523 77
ROW 2523 3 6 8 2523 280
ROW 2523 4 0 4 2523 505
ROW 2523 5 28 255 2523 10
ROW 2523 6 1 24 2523 101
ROW 2523 7 14 24 2523 101
ROW 2524 0 8 16 2524 148
ROW 2524 1 29 32 2524 76
ROW 2524 2 9 32 2524 77
ROW 2524 3 7 8 2524 280
ROW 2524 4 1 4 2524 505
ROW 2524 5 29 255 2524 10
ROW 2524 6 2 24 2524 101
ROW 2524 7 15 24 2524 101
ROW 2525 0 9 16 2525 148
ROW 2525 1 30 32 2525 76
ROW 2525 2 10 32 2525 77
ROW 2525 3 8 8 2525 281
ROW 2525 4 2 4 2525 505
ROW 2525 5 30 255 2525 10
ROW 2525 6 3 24 2525 101
ROW 2525 7 16 24 2525 101
ROW 2526 0 10 16 2526 148
ROW 2526 1 31 32 2526 76
ROW 2526 2 11 32 2526 77
ROW 2526 3 0 8 2526 281
ROW 2526 4 3 4 2526 505
ROW 2526 5 31 255 2526 10
ROW 2526 6 4 24 2526 101
ROW 2526 7 17 24 2526 101
ROW 2527 0 11 16 2527 148
ROW 2527 1 32 32 2527 77
ROW 2527 2 12 32 2527 77
ROW 2527 3 1 8 2527 281
ROW 2527 4 4 4 2527 506
ROW 2527 5 32 255 2527 10
ROW 2527 6 5 24 2527 101
ROW 2527 7 18 24 2527 101
ROW 2528 0 12 16 2528 148
ROW 2528 1 0 32 2528 77
ROW 2528 2 13 32 2528 77
ROW 2528 3 2 8 2528 281
ROW 2528 4 0 4 2528 506
ROW 2528 5 33 255 2528 10
ROW 2528 6 6 24 2528 101
ROW 2528 7 19 24 2528 101
ROW 2529 0 13 16 2529 148
ROW 2529 1 1 32 2529 77
ROW 2529 2 14 32 2529 77
ROW 2529 3 3 8 2529 281
ROW 2529 4 1 4 2529 506
ROW 2529 5 34 255 2529 10
ROW 2529 6 7 24 2529 101
ROW 2529 7 20 24 2529 101
ROW 2530 0 14 16 2530 148
ROW 2530 1 2 32 2530 77
ROW 2530 2 15 32 2530 77
ROW 2530 3 4 8 2530 281
ROW 2530 4 2 4 2530 506
ROW 2530 5 35 255 2530 10
ROW 2530 6 8 24 2530 101
ROW 2530 7 21 24 2530 101
ROW 2531 0 15 16 2531 148
ROW 2531 1 3 32 2531 77
ROW 2531 2 16 32 2531 77
ROW 2531 3 5 8 2531 281
ROW 2531 4 3 4 2531 506
ROW 2531 5 36 255 2531 10
ROW 2531 6 9 24 2531 101
ROW 2531 7 22 24 2531 101
ROW 2532 0 16 16 2532 149
ROW 2532 1 4 32 2532 77
ROW 2532 2 17 32 2532 77
ROW 2532 3 6 8 2532 281
ROW 2532 4 4 4 2532 507
ROW 2532 5 37 255 2532 10
ROW 2532 6 10 24 2532 101
ROW 2532 7 23 24 2532 101
ROW 2533 0 0 16 2533 149
ROW 2533 1 5 32 2533 77
ROW 2533 2 18 32 2533 77
ROW 2533 3 7 8 2533 281
ROW 2533 4 0 4 2533 507
ROW 2533 5 38 255 2533 10
ROW 2533 6 11 24 2533 101
ROW 2533 7 24 24 2533 102
ROW 2534 0 1 16 2534 149
ROW 2534 1 6 32 2534 77
ROW 2534 2 19 32 2534 77
ROW 2534 3 8 8 2534 282
ROW 2534 4 1 4 2534 507
ROW 2534 5 39 255 2534 10
ROW 2534 6 12 24 2534 101
ROW 2534 7 0 24 2534 102
ROW 2535 0 2 16 2535 149
ROW 2535 1 7 32 2535 77
ROW 2535 2 20 32 2535 77
ROW 2535 3 0 8 2535 282
ROW 2535 4 2 4 2535 507
ROW 2535 5 40 255 2535 10
ROW 2535 6 13 24 2535 101
ROW 2535 7 1 24 2535 102
ROW 2536 0 3 16 2536 149
ROW 2536 1 8 32 2536 77
ROW 2536 2 21 32 2536 77
ROW 2536 3 1 8 2536 282
ROW 2536 4 3 4 2536 507
ROW 2536 5 41 255 2536 10
ROW 2536 6 14 24 2536 101
ROW 2536 7 2 24 2536 102
ROW 2537 0 4 16 2537 149
ROW 2537 1 9 32 2537 77
ROW 2537 2 22 32 2537 77
ROW 2537 3 2 8 2537 282
ROW 2537 4 4 4 2537 508
ROW 2537 5 42 255 2537 10
ROW 2537 6 15 24 2537 101
ROW 2537 7 3 24 2537 102
ROW 2538 0 5 16 2538 149
ROW 2538 1 10 32 2538 77
ROW 2538 2 23 32 2538 77
ROW 2538 3 3 8 2538 282
ROW 2538 4 0 4 2538 508
ROW 2538 5 43 255 2538 10
ROW 2538 6 16 24 2538 101
ROW 2538 7 4 24 2538 102
ROW 2539 0 6 16 2539 149
ROW 2539 1 11 32 2539 77
ROW 2539 2 24 32 2539 77
ROW 2539 3 4 8 2539 282
ROW 2539 4 1 4 2539 508
ROW 2539 5 44 255 2539 10
ROW 2539 6 17 24 2539 101
ROW 2539 7 5 24 2539 102
ROW 2540 0 7 16 2540 149
ROW 2540 1 12 32 2540 77
ROW 2540 2 25 32 2540 77
ROW 2540 3 5 8 2540 282
ROW 2540 4 2 4 2540 508
ROW 2540 5 45 255 2540 10
ROW 2540 6 18 24 2540 101
ROW 2540 7 6 24 2540 102
ROW 2541 0 8 16 2541 149
ROW 2541 1 13 32 2541 77
ROW 2541 2 26 32 2541 77
ROW 2541 3 6 8 2541 282
ROW 2541 4 3 4 2541 508
ROW 2541 5 46 255 2541 10
ROW 2541 6 19 24 2541 101
ROW 2541 7 7 24 2541 102
ROW 2542 0 9 16 2542 149
ROW 2542 1 14 32 2542 77
ROW 2542 2 27 32 2542 77
ROW 2542 3 7 8 2542 282
ROW 2542 4 4 4 2542 509
ROW 2542 5 47 255 2542 10
ROW 2542 6 20 24 2542 101
ROW 2542 7 8 24 2542 102
ROW 2543 0 10 16 2543 149
ROW 2543 1 15 32 2543 77
ROW 2543 2 28 32 2543 77
ROW 2543 3 8 8 2543 283
ROW 2543 4 0 4 2543 509
ROW 2543 5 48 255 2543 10
ROW 2543 6 21 24 2543 101
ROW 2543 7 9 24 2543 102
ROW 2544 0 11 16 2544 149
ROW 2544 1 16 32 2544 77
ROW 2544 2 29 32 2544 77
ROW 2544 3 0 8 2544 283
ROW 2544 4 1 4 2544 509
ROW 2544 5 49 255 2544 10
ROW 2544 6 22 24 2544 101
ROW 2544 7 10 24 2544 102
ROW 2545 0 12 16 2545 149
ROW 2545 1 17 32 2545 77
ROW 2545 2 30 32 2545 77
ROW 2545 3 1 8 2545 283
ROW 2545 4 2 4 2545 509
ROW 2545 5 50 255 2545 10
ROW 2545 6 23 24 2545 101
ROW 2545 7 11 24 2545 102
ROW 2546 0 13 16 2546 149
ROW 2546 1 18 32 2546 77
ROW 2546 2 31 32 2546 77
ROW 2546 3 2 8 2546 283
ROW 2546 4 3 4 2546 509
ROW 2546 5 51 255 2546 10
ROW 2546 6 24 24 2546 102
ROW 2546 7 12 24 2546 102
ROW 2547 0 14 16 2547 149
ROW 2547 1 19 32 2547 77
ROW 2547 2 32 32 2547 78
ROW 2547 3 3 8 2547 283
ROW 2547 4 4 4 2547 510
ROW 2547 5 52 255 2547 10
ROW 2547 6 0 24 2547 102
ROW 2547 7 13 24 2547 102
ROW 2548 0 15 16 2548 149
ROW 2548 1 20 32 2548 77
ROW 2548 2 0 32 2548 78
ROW 2548 3 4 8 2548 283
ROW 2548 4 0 4 2548 510
ROW 2548 5 53 255 2548 10
ROW 2548 6 1 24 2548 102
ROW 2548 7 14 24 2548 102
ROW 2549 0 16 16 2549 150
ROW 2549 1 21 32 2549 77
ROW 2549 2 1 32 2549 78
ROW 2549 3 5 8 2549 283
ROW 2549 4 1 4 2549 510
ROW 2549 5 54 255 2549 10
ROW 2549 6 2 24 2549 102
ROW 2549 7 15 24 2549 102
ROW 2550 0 0 16 2550 150
ROW 2550 1 22 32 2550 77
ROW 2550 2 2 32 2550 78
ROW 2550 3 6 8 2550 283
ROW 2550 4 2 4 2550 510
ROW 2550 5 55 255 2550 10
ROW 2550 6 3 24 2550 102
ROW 2550 7 16 24 2550 102
ROW 2551 0 1 16 2551 150
ROW 2551 1 23 32 2551 77
ROW 2551 2 3 32 2551 78
ROW 2551 3 7 8 2551 283
ROW 2551 4 3 4 2551 510
ROW 2551 5 56 255 2551 10
ROW 2551 6 4 24 2551 102
ROW 2551 7 17 24 2551 102
ROW 2552 0 2 16 2552 150
ROW 2552 1 24 32 2552 77
ROW 2552 2 4 32 2552 78
ROW 2552 3 8 8 2552 284
ROW 2552 4 4 4 2552 511
ROW 2552 5 57 255 2552 10
ROW 2552 6 5 24 2552 102
ROW 2552 7 18 24 2552 102
ROW 2553 0 3 16 2553 150
ROW 2553 1 25 32 2553 77
ROW 2553 2 5 32 2553 78
ROW 2553 3 0 8 2553 284
ROW 2553 4 0 4 2553 511
ROW 2553 5 58 255 2553 10
ROW 2553 6 6 24 2553 102
ROW 2553 7 19 24 2553 102
ROW 2554 0 4 16 2554 150
ROW 2554 1 26 32 2554 77
ROW 2554 2 6 32 2554 78
ROW 2554 3 1 8 2554 284
ROW 2554 4 1 4 2554 511
ROW 2554 5 59 255 2554 10
ROW 2554 6 7 24 2554 102
ROW 2554 7 20 24 2554 102
ROW 2555 0 5 16 2555 150
ROW 2555 1 27 32 2555 77
ROW 2555 2 7 32 2555 78
ROW 2555 3 2 8 2555 284
ROW 2555 4 2 4 2555 511
ROW 2555 5 60 255 2555 10
ROW 2555 6 8 24 2555 102
ROW 2555 7 21 24 2555 102
ROW 2556 0 6 16 2556 150
ROW 2556 1 28 32 2556 77
ROW 2556 2 8 32 2556 78
ROW 2556 3 3 8 2556 284
ROW 2556 4 3 4 2556 511
ROW 2556 5 61 255 2556 10
ROW 2556 6 9 24 2556 102
ROW 2556 7 22 24 2556 102
ROW 2557 0 7 16 2557 150
ROW 2557 1 29 32 2557 77
ROW 2557 2 9 32 2557 78
ROW 2557 3 4 8 2557 284
ROW 2557 4 4 4 2557 512
ROW 2557 5 62 255 2557 10
ROW 2557 6 10 24 2557 102
ROW 2557 7 23 24 2557 102
ROW 2558 0 8 16 2558 150
ROW 2558 1 30 32 2558 77
ROW 2558 2 10 32 2558 78
ROW 2558 3 5 8 2558 284
ROW 2558 4 0 4 2558 512
ROW 2558 5 63 255 2558 10
ROW 2558 6 11 24 2558 102
ROW 2558 7 24 24 2558 103
ROW 2559 0 9 16 2559 150
ROW 2559 1 31 32 2559 77
ROW 2559 2 11 32 2559 78
ROW 2559 3 6 8 2559 284
ROW 2559 4 1 4 2559 512
ROW 2559 5 64 255 2559 10
ROW 2559 6 12 24 2559 102
ROW 2559 7 0 24 2559 103
ROW 2560 0 10 16 2560 150
ROW 2560 1 32 32 2560 78
ROW 2560 2 12 32 2560 78
ROW 2560 3 7 8 2560 284
ROW 2560 4 2 4 2560 512
ROW 2560 5 65 255 2560 10
ROW 2560 6 13 24 2560 102
ROW 2560 7 1 24 2560 103
ROW 2561 0 11 16 2561 150
ROW 2561 1 0 32 2561 78
ROW 2561 2 13 32 2561 78
ROW 2561 3 8 8 2561 285
ROW 2561 4 3 4 2561 512
ROW 2561 5 66 255 2561 10
ROW 2561 6 14 24 2561 102
ROW 2561 7 2 24 2561 103
ROW 2562 0 12 16 2562 150
ROW 2562 1 1 32 2562 78
ROW 2562 2 14 32 2562 78
ROW 2562 3 0 8 2562 285
ROW 2562 4 4 4 2562 513
ROW 2562 5 67 255 2562 10
ROW 2562 6 15 24 2562 102
ROW 2562 7 3 24 2562 103
ROW 2563 0 13 16 2563 150
ROW 2563 1 2 32 2563 78
ROW 2563 2 15 32 2563 78
ROW 2563 3 1 8 2563 285
ROW 2563 4 0 4 2563 513
ROW 2563 5 68 255 2563 10
ROW 2563 6 16 24 2563 102
ROW 2563 7 4 24 2563 103
ROW 2564 0 14 16 2564 150
ROW 2564 1 3 32 2564 78
ROW 2564 2 16 32 2564 78
ROW 2564 3 2 8 2564 285
ROW 2564 4 1 4 2564 513
ROW 2564 5 69 255 2564 10
ROW 2564 6 17 24 2564 102
ROW 2564 7 5 24 2564 103
ROW 2565 0 15 16 2565 150
ROW 2565 1 4 32 2565 78
ROW 2565 2 17 32 2565 78
ROW 2565 3 3 8 2565 285
ROW 2565 4 2 4 2565 513
ROW 2565 5 70 255 2565 10
ROW 2565 6 18 24 2565 102
ROW 2565 7 6 24 2565 103
ROW 2566 0 16 16 2566 151
ROW 2566 1 5 32 2566 78
ROW 2566 2 18 32 2566 78
ROW 2566 3 4 8 2566 285
ROW 2566 4 3 4 2566 513
ROW 2566 5 71 255 2566 10
ROW 2566 6 19 24 2566 102
ROW 2566 7 7 24 2566 103
ROW 2567 0 0 16 2567 151
ROW 2567 1 6 32 2567 78
ROW 2567 2 19 32 2567 78
ROW 2567 3 5 8 2567 285
ROW 2567 4 4 4 2567 514
ROW 2567 5 72 255 2567 10
ROW 2567 6 20 24 2567 102
ROW 2567 7 8 24 2567 103
ROW 2568 0 1 16 2568 151
ROW 2568 1 7 32 2568 78
ROW 2568 2 20 32 2568 78
ROW 2568 3 6 8 2568 285
ROW 2568 4 0 4 2568 514
ROW 2568 5 73 255 2568 10
ROW 2568 6 21 24 2568 102
ROW 2568 7 9 24 2568 103
ROW 2569 0 2 16 2569 151
ROW 2569 1 8 32 2569 78
ROW 2569 2 21 32 2569 78
ROW 2569 3 7 8 2569 285
ROW 2569 4 1 4 2569 514
ROW 2569 5 74 255 2569 10
ROW 2569 6 22 24 2569 102
ROW 2569 7 10 24 2569 103
ROW 2570 0 3 16 2570 151
ROW 2570 1 9 32 2570 78
ROW 2570 2 22 32 2570 78
ROW 2570 3 8 8 2570 286
ROW 2570 4 2 4 2570 514
ROW 2570 5 75 255 2570 10
ROW 2570 6 23 24 2570 102
ROW 2570 7 11 24 2570 103
ROW 2571 0 4 16 2571 151
ROW 2571 1 10 32 2571 78
ROW 2571 2 23 32 2571 78
ROW 2571 3 0 8 2571 286
ROW 2571 4 3 4 2571 514
ROW 2571 5 76 255 2571 10
ROW 2571 6 24 24 2571 103
ROW 2571 7 12 24 2571 103
ROW 2572 0 5 16 2572 151
ROW 2572 1 11 32 2572 78
ROW 2572 2 24 32 2572 78
ROW 2572 3 1 8 2572 286
ROW 2572 4 4 4 2572 515
ROW 2572 5 77 255 2572 10
ROW 2572 6 0 24 2572 103
ROW 2572 7 13 24 2572 103
ROW 2573 0 6 16 2573 151
ROW 2573 1 12 32 2573 78
ROW 2573 2 25 32 2573 78
ROW 2573 3 2 8 2573 286
ROW 2573 4 0 4 2573 515
ROW 2573 5 78 255 2573 10
ROW 2573 6 1 24 2573 103
ROW 2573 7 14 24 2573 103
ROW 2574 0 7 16 2574 151
ROW 2574 1 13 32 2574 78
ROW 2574 2 26 32 2574 78
ROW 2574 3 3 8 2574 286
ROW 2574 4 1 4 2574 515
ROW 2574 5 79 255 2574 10
ROW 2574 6 2 24 2574 103
ROW 2574 7 15 24 2574 103
ROW 2575 0 8 16 2575 151
ROW 2575 1 14 32 2575 78
ROW 2575 2 27 32 2575 78
ROW 2575 3 4 8 2575 286
ROW 2575 4 2 4 2575 515
ROW 2575 5 80 255 2575 10
ROW 2575 6 3 24 2575 103
ROW 2575 7 16 24 2575 103
ROW 2576 0 9 16 2576 151
ROW 2576 1 15 32 2576 78
ROW 2576 2 28 32 2576 78
ROW 2576 3 5 8 2576 286
ROW 2576 4 3 4 2576 515
ROW 2576 5 81 255 2576 10
ROW 2576 6 4 24 2576 103
ROW 2576 7 17 24 2576 103
ROW 2577 0 10 16 2577 151
ROW 2577 1 16 32 2577 78
ROW 2577 2 29 32 2577 78
ROW 2577 3 6 8 2577 286
ROW 2577 4 4 4 2577 516
ROW 2577 5 82 255 2577 10
ROW 2577 6 5 24 2577 103
ROW 2577 7 18 24 2577 103
ROW 2578 0 11 16 2578 151
ROW 2578 1 17 32 2578 78
ROW 2578 2 30 32 2578 78
ROW 2578 3 7 8 2578 286
ROW 2578 4 0 4 2578 516
ROW 2578 5 83 255 2578 10
ROW 2578 6 6 24 2578 103
ROW 2578 7 19 24 2578 103
ROW 2579 0 12 16 2579 151
ROW 2579 1 18 32 2579 78
ROW 2579 2 31 32 2579 78
ROW 2579 3 8 8 2579 287
ROW 2579 4 1 4 2579 516
ROW 2579 5 84 255 2579 10
ROW 2579 6 7 24 2579 103
ROW 2579 7 20 24 2579 103
ROW 2580 0 13 16 2580 151
ROW 2580 1 19 32 2580 78
ROW 2580 2 32 32 2580 79
ROW 2580 3 0 8 2580 287
ROW 2580 4 2 4 2580 516
ROW 2580 5 85 255 2580 10
ROW 2580 6 8 24 2580 103
ROW 2580 7 21 24 2580 103
ROW 2581 0 14 16 2581 151
ROW 2581 1 20 32 2581 78
ROW 2581 2 0 32 2581 79
ROW 2581 3 1 8 2581 287
ROW 2581 4 3 4 2581 516
ROW 2581 5 86 255 2581 10
ROW 2581 6 9 24 2581 103
ROW 2581 7 22 24 2581 103
ROW 2582 0 15 16 2582 151
ROW 2582 1 21 32 2582 78
ROW 2582 2 1 32 2582 79
ROW 2582 3 2 8 2582 287
ROW 2582 4 4 4 2582 517
ROW 2582 5 87 255 2582 10
ROW 2582 6 10 24 2582 103
ROW 2582 7 23 24 2582 103
ROW 2583 0 16 16 2583 152
ROW 2583 1 22 32 2583 78
ROW 2583 2 2 32 2583 79
ROW 2583 3 3 8 2583 287
ROW 2583 4 0 4 2583 517
ROW 2583 5 88 255 2583 10
ROW 2583 6 11 24 2583 103
ROW 2583 7 24 24 2583 104
ROW 2584 0 0 16 2584 152
ROW 2584 1 23 32 2584 78
ROW 2584 2 3 32 2584 79
ROW 2584 3 4 8 2584 287
ROW 2584 4 1 4 2584 517
ROW 2584 5 89 255 2584 10
ROW 2584 6 12 24 2584 103
ROW 2584 7 0 24 2584 104
ROW 2585 0 1 16 2585 152
ROW 2585 1 24 32 2585 78
ROW 2585 2 4 32 2585 79
ROW 2585 3 5 8 2585 287
ROW 2585 4 2 4 2585 517
ROW 2585 5 90 255 2585 10
ROW 2585 6 13 24 2585 103
ROW 2585 7 1 24 2585 104
ROW 2586 0 2 16 2586 152
ROW 2586 1 25 32 2586 78
ROW 2586 2 5 32 2586 79
ROW 2586 3 6 8 2586 287
ROW 2586 4 3 4 2586 517
ROW 2586 5 91 255 2586 10
ROW 2586 6 14 24 2586 103
ROW 2586 7 2 24 2586 104
ROW 2587 0 3 16 2587 152
ROW 2587 1 26 32 2587 78
ROW 2587 2 6 32 2587 79
ROW 2587 3 7 8 2587 287
ROW 2587 4 4 4 2587 518
ROW 2587 5 92 255 2587 10
ROW 2587 6 15 24 2587 103
ROW 2587 7 3 24 2587 104
ROW 2588 0 4 16 2588 152
ROW 2588 1 27 32 2588 78
ROW 2588 2 7 32 2588 79
ROW 2588 3 8 8 2588 288
ROW 2588 4 0 4 2588 518
ROW 2588 5 93 255 2588 10
ROW 2588 6 16 24 2588 103
ROW 2588 7 4 24 2588 104
ROW 2589 0 5 16 2589 152
ROW 2589 1 28 32 2589 78
ROW 2589 2 8 32 2589 79
ROW 2589 3 0 8 2589 288
ROW 2589 4 1 4 2589 518
ROW 2589 5 94 255 2589 10
ROW 2589 6 17 24 2589 103
ROW 2589 7 5 24 2589 104
ROW 2590 0 6 16 2590 152
ROW 2590 1 29 32 2590 78
ROW 2590 2 9 32 2590 79
ROW 2590 3 1 8 2590 288
ROW 2590 4 2 4 2590 518
ROW 2590 5 95 255 2590 10
ROW 2590 6 18 24 2590 103
ROW 2590 7 6 24 2590 104
ROW 2591 0 7 16 2591 152
ROW 2591 1 30 32 2591 78
ROW 2591 2 10 32 2591 79
ROW 2591 3 2 8 2591 288
ROW 2591 4 3 4 2591 518
ROW 2591 5 96 255 2591 10
ROW 2591 6 19 24 2591 103
ROW 2591 7 7 24 2591 104
ROW 2592 0 8 16 2592 152
ROW 2592 1 31 32 2592 78
ROW 2592 2 11 32 2592 79
ROW 2592 3 3 8 2592 288
ROW 2592 4 4 4 2592 519
ROW 2592 5 97 255 2592 10
ROW 2592 6 20 24 2592 103
ROW 2592 7 8 24 2592 104
ROW 2593 0 9 16 2593 152
ROW 2593 1 32 32 2593 79
ROW 2593 2 12 32 2593 79
ROW 2593 3 4 8 2593 288
ROW 2593 4 0 4 2593 519
ROW 2593 5 98 255 2593 10
ROW 2593 6 21 24 2593 103
ROW 2593 7 9 24 2593 104
ROW 2594 0 10 16 2594 152
ROW 2594 1 0 32 2594 79
ROW 2594 2 13 32 2594 79
ROW 2594 3 5 8 2594 288
ROW 2594 4 1 4 2594 519
ROW 2594 5 99 255 2594 10
ROW 2594 6 22 24 2594 103
ROW 2594 7 10 24 2594 104
ROW 2595 0 11 16 2595 152
ROW 2595 1 1 32 2595 79
ROW 2595 2 14 32 2595 79
ROW 2595 3 6 8 2595 288
ROW 2595 4 2 4 2595 519
ROW 2595 5 100 255 2595 10
ROW 2595 6 23 24 2595 103
ROW 2595 7 11 24 2595 104
ROW 2596 0 12 16 2596 152
ROW 2596 1 2 32 2596 79
ROW 2596 2 15 32 2596 79
ROW 2596 3 7 8 2596 288
ROW 2596 4 3 4 2596 519
ROW 2596 5 101 255 2596 10
ROW 2596 6 24 24 2596 104
ROW 2596 7 12 24 2596 104
ROW 2597 0 13 16 2597 152
ROW 2597 1 3 32 2597 79
ROW 2597 2 16 32 2597 79
ROW 2597 3 8 8 2597 289
ROW 2597 4 4 4 2597 520
ROW 2597 5 102 255 2597 10
ROW 2597 6 0 24 2597 104
ROW 2597 7 13 24 2597 104
ROW 2598 0 14 16 2598 152
ROW 2598 1 4 32 2598 79
ROW 2598 2 17 32 2598 79
ROW 2598 3 0 8 2598 289
ROW 2598 4 0 4 2598 520
ROW 2598 5 103 255 2598 10
ROW 2598 6 1 24 2598 104
ROW 2598 7 14 24 2598 104
ROW 2599 0 15 16 2599 152
ROW 2599 1 5 32 2599 79
ROW 2599 2 18 32 2599 79
ROW 2599 3 1 8 2599 289
ROW 2599 4 1 4 2599 520
ROW 2599 5 104 255 2599 10
ROW 2599 6 2 24 2599 104
ROW 2599 7 15 24 2599 104
ROW 2600 0 16 16 2600 153
ROW 2600 1 6 32 2600 79
ROW 2600 2 19 32 2600 79
ROW 2600 3 2 8 2600 289
ROW 2600 4 2 4 2600 520
ROW 2600 5 105 255 2600 10
ROW 2600 6 3 24 2600 104
ROW 2600 7 16 24 2600 104
ROW 2601 0 0 16 2601 153
ROW 2601 1 7 32 2601 79
ROW 2601 2 20 32 2601 79
ROW 2601 3 3 8 2601 289
ROW 2601 4 3 4 2601 520
ROW 2601 5 106 255 2601 10
ROW 2601 6 4 24 2601 104
ROW 2601 7 17 24 2601 104
ROW 2602 0 1 16 2602 153
ROW 2602 1 8 32 2602 79
ROW 2602 2 21 32 2602 79
ROW 2602 3 4 8 2602 289
ROW 2602 4 4 4 2602 521
ROW 2602 5 107 255 2602 10
ROW 2602 6 5 24 2602 104
ROW 2602 7 18 24 2602 104
ROW 2603 0 2 16 2603 153
ROW 2603 1 9 32 2603 79
ROW 2603 2 22 32 2603 79
ROW 2603 3 5 8 2603 289
ROW 2603 4 0 4 2603 521
ROW 2603 5 108 255 2603 10
ROW 2603 6 6 24 2603 104
ROW 2603 7 19 24 2603 104
ROW 2604 0 3 16 2604 153
ROW 2604 1 10 32 2604 79
ROW 2604 2 23 32 2604 79
ROW 2604 3 6 8 2604 289
ROW 2604 4 1 4 2604 521
ROW 2604 5 109 255 2604 10
ROW 2604 6 7 24 2604 104
ROW 2604 7 20 24 2604 104
ROW 2605 0 4 16 2605 153
ROW 2605 1 11 32 2605 79
ROW 2605 2 24 32 2605 79
ROW 2605 3 7 8 2605 289
ROW 2605 4 2 4 2605 521
ROW 2605 5 110 255 2605 10
ROW 2605 6 8 24 2605 104
ROW 2605 7 21 24 2605 104
ROW 2606 0 5 16 2606 153
ROW 2606 1 12 32 2606 79
ROW 2606 2 25 32 2606 79
ROW 2606 3 8 8 2606 290
ROW 2606 4 3 4 2606 521
ROW 2606 5 111 255 2606 10
ROW 2606 6 9 24 2606 104
ROW 2606 7 22 24 2606 104
ROW 2607 0 6 16 2607 153
ROW 2607 1 13 32 2607 79
ROW 2607 2 26 32 2607 79
ROW 2607 3 0 8 2607 290
ROW 2607 4 4 4 2607 522
ROW 2607 5 112 255 2607 10
ROW 2607 6 10 24 2607 104
ROW 2607 7 23 24 2607 104
ROW 2608 0 7 16 2608 153
ROW 2608 1 14 32 2608 79
ROW 2608 2 27 32 2608 79
ROW 2608 3 1 8 2608 290
ROW 2608 4 0 4 2608 522
ROW 2608 5 113 255 2608 10
ROW 2608 6 11 24 2608 104
ROW 2608 7 24 24 2608 105
ROW 2609 0 8 16 2609 153
ROW 2609 1 15 32 2609 79
ROW 2609 2 28 32 2609 79
ROW 2609 3 2 8 2609 290
ROW 2609 4 1 4 2609 522
ROW 2609 5 114 255 2609 10
ROW 2609 6 12 24 2609 104
ROW 2609 7 0 24 2609 105
ROW 2610 0 9 16 2610 153
ROW 2610 1 16 32 2610 79
ROW 2610 2 29 32 2610 79
ROW 2610 3 3 8 2610 290
ROW 2610 4 2 4 2610 522
ROW 2610 5 115 255 2610 10
ROW 2610 6 13 24 2610 104
ROW 2610 7 1 24 2610 105
ROW 2611 0 10 16 2611 153
ROW 2611 1 17 32 2611 79
ROW 2611 2 30 32 2611 79
ROW 2611 3 4 8 2611 290
ROW 2611 4 3 4 2611 522
ROW 2611 5 116 255 2611 10
ROW 2611 6 14 24 2611 104
ROW 2611 7 2 24 2611 105
ROW 2612 0 11 16 2612 153
ROW 2612 1 18 32 2612 79
ROW 2612 2 31 32 2612 79
ROW 2612 3 5 8 2612 290
ROW 2612 4 4 4 2612 523
ROW 2612 5 117 255 2612 10
ROW 2612 6 15 24 2612 104
ROW 2612 7 3 24 2612 105
ROW 2613 0 12 16 2613 153
ROW 2613 1 19 32 2613 79
ROW 2613 2 32 32 2613 80
ROW 2613 3 6 8 2613 290
ROW 2613 4 0 4 2613 523
ROW 2613 5 118 255 2613 10
ROW 2613 6 16 24 2613 104
ROW 2613 7 4 24 2613 105
ROW 2614 0 13 16 2614 153
ROW 2614 1 20 32 2614 79
ROW 2614 2 0 32 2614 80
ROW 2614 3 7 8 2614 290
ROW 2614 4 1 4 2614 523
ROW 2614 5 119 255 2614 10
ROW 2614 6 17 24 2614 104
ROW 2614 7 5 24 2614 105
ROW 2615 0 14 16 2615 153
ROW 2615 1 21 32 2615 79
ROW 2615 2 1 32 2615 80
ROW 2615 3 8 8 2615 291
ROW 2615 4 2 4 2615 523
ROW 2615 5 120 255 2615 10
ROW 2615 6 18 24 2615 104
ROW 2615 7 6 24 2615 105
ROW 2616 0 15 16 2616 153
ROW 2616 1 22 32 2616 79
ROW 2616 2 2 32 2616 80
ROW 2616 3 0 8 2616 291
ROW 2616 4 3 4 2616 523
ROW 2616 5 121 255 2616 10
ROW 2616 6 19 24 2616 104
ROW 2616 7 7 24 2616 105
ROW 2617 0 16 16 2617 154
ROW 2617 1 23 32 2617 79
ROW 2617 2 3 32 2617 80
ROW 2617 3 1 8 2617 291
ROW 2617 4 4 4 2617 524
ROW 2617 5 122 255 2617 10
ROW 2617 6 20 24 2617 104
ROW 2617 7 8 24 2617 105
ROW 2618 0 0 16 2618 154
ROW 2618 1 24 32 2618 79
ROW 2618 2 4 32 2618 80
ROW 2618 3 2 8 2618 291
ROW 2618 4 0 4 2618 524
ROW 2618 5 123 255 2618 10
ROW 2618 6 21 24 2618 104
ROW 2618 7 9 24 2618 105
ROW 2619 0 1 16 2619 154
ROW 2619 1 25 32 2619 79
ROW 2619 2 5 32 2619 80
ROW 2619 3 3 8 2619 291
ROW 2619 4 1 4 2619 524
ROW 2619 5 124 255 2619 10
ROW 2619 6 22 24 2619 104
ROW 2619 7 10 24 2619 105
ROW 2620 0 2 16 2620 154
ROW 2620 1 26 32 2620 79
ROW 2620 2 6 32 2620 80
ROW 2620 3 4 8 2620 291
ROW 2620 4 2 4 2620 524
ROW 2620 5 125 255 2620 10
ROW 2620 6 23 24 2620 104
ROW 2620 7 11 24 2620 105
ROW 2621 0 3 16 2621 154
ROW 2621 1 27 32 2621 79
ROW 2621 2 7 32 2621 80
ROW 2621 3 5 8 2621 291
ROW 2621 4 3 4 2621 524
ROW 2621 5 126 255 2621 10
ROW 2621 6 24 24 2621 105
ROW 2621 7 12 24 2621 105
ROW 2622 0 4 16 2622 154
ROW 2622 1 28 32 2622 79
ROW 2622 2 8 32 2622 80
ROW 2622 3 6 8 2622 291
ROW 2622 4 4 4 2622 525
ROW 2622 5 127 255 2622 10
ROW 2622 6 0 24 2622 105
ROW 2622 7 13 24 2622 105
ROW 2623 0 5 16 2623 154
ROW 2623 1 29 32 2623 79
ROW 2623 2 9 32 2623 80
ROW 2623 3 7 8 2623 291
ROW 2623 4 0 4 2623 525
ROW 2623 5 128 255 2623 10
ROW 2623 6 1 24 2623 105
ROW 2623 7 14 24 2623 105
ROW 2624 0 6 16 2624 154
ROW 2624 1 30 32 2624 79
ROW 2624 2 10 32 2624 80
ROW 2624 3 8 8 2624 292
ROW 2624 4 1 4 2624 525
ROW 2624 5 129 255 2624 10
ROW 2624 6 2 24 2624 105
ROW 2624 7 15 24 2624 105
ROW 2625 0 7 16 2625 154
ROW 2625 1 31 32 2625 79
ROW 2625 2 11 32 2625 80
ROW 2625 3 0 8 2625 292
ROW 2625 4 2 4 2625 525
ROW 2625 5 130 255 2625 10
ROW 2625 6 3 24 2625 105
ROW 2625 7 16 24 2625 105
ROW 2626 0 8 16 2626 154
ROW 2626 1 32 32 2626 80
ROW 2626 2 12 32 2626 80
ROW 2626 3 1 8 2626 292
ROW 2626 4 3 4 2626 525
ROW 2626 5 131 255 2626 10
ROW 2626 6 4 24 2626 105
ROW 2626 7 17 24 2626 105
ROW 2627 0 9 16 2627 154
ROW 2627 1 0 32 2627 80
ROW 2627 2 13 32 2627 80
ROW 2627 3 2 8 2627 292
ROW 2627 4 4 4 2627 526
ROW 2627 5 132 255 2627 10
ROW 2627 6 5 24 2627 105
ROW 2627 7 18 24 2627 105
ROW 2628 0 10 16 2628 154
ROW 2628 1 1 32 2628 80
ROW 2628 2 14 32 2628 80
ROW 2628 3 3 8 2628 292
ROW 2628 4 0 4 2628 526
ROW 2628 5 133 255 2628 10
ROW 2628 6 6 24 2628 105
ROW 2628 7 19 24 2628 105
ROW 2629 0 11 16 2629 154
ROW 2629 1 2 32 2629 80
ROW 2629 2 15 32 2629 80
ROW 2629 3 4 8 2629 292
ROW 2629 4 1 4 2629 526
ROW 2629 5 134 255 2629 10
ROW 2629 6 7 24 2629 105
ROW 2629 7 20 24 2629 105
ROW 2630 0 12 16 2630 154
ROW 2630 1 3 32 2630 80
ROW 2630 2 16 32 2630 80
ROW 2630 3 5 8 2630 292
ROW 2630 4 2 4 2630 526
ROW 2630 5 135 255 2630 10
ROW 2630 6 8 24 2630 105
ROW 2630 7 21 24 2630 105
ROW 2631 0 13 16 2631 154
ROW 2631 1 4 32 2631 80
ROW 2631 2 17 32 2631 80
ROW 2631 3 6 8 2631 292
ROW 2631 4 3 4 2631 526
ROW 2631 5 136 255 2631 10
ROW 2631 6 9 24 2631 105
ROW 2631 7 22 24 2631 105
ROW 2632 0 14 16 2632 154
ROW 2632 1 5 32 2632 80
ROW 2632 2 18 32 2632 80
ROW 2632 3 7 8 2632 292
ROW 2632 4 4 4 2632 527
ROW 2632 5 137 255 2632 10
ROW 2632 6 10 24 2632 105
ROW 2632 7 23 24 2632 105
ROW 2633 0 15 16 2633 154
ROW 2633 1 6 32 2633 80
ROW 2633 2 19 32 2633 80
ROW 2633 3 8 8 2633 293
ROW 2633 4 0 4 2633 527
ROW 2633 5 138 255 2633 10
ROW 2633 6 11 24 2633 105
ROW 2633 7 24 24 2633 106
ROW 2634 0 16 16 2634 155
ROW 2634 1 7 32 2634 80
ROW 2634 2 20 32 2634 80
ROW 2634 3 0 8 2634 293
ROW 2634 4 1 4 2634 527
ROW 2634 5 139 255 2634 10
ROW 2634 6 12 24 2634 105
ROW 2634 7 0 24 2634 106
ROW 2635 0 0 16 2635 155
ROW 2635 1 8 32 2635 80
ROW 2635 2 21 32 2635 80
ROW 2635 3 1 8 2635 293
ROW 2635 4 2 4 2635 527
ROW 2635 5 140 255 2635 10
ROW 2635 6 13 24 2635 105
ROW 2635 7 1 24 2635 106
ROW 2636 0 1 16 2636 155
ROW 2636 1 9 32 2636 80
ROW 2636 2 22 32 2636 80
ROW 2636 3 2 8 2636 293
ROW 2636 4 3 4 2636 527
ROW 2636 5 141 255 2636 10
ROW 2636 6 14 24 2636 105
ROW 2636 7 2 24 2636 106
ROW 2637 0 2 16 2637 155
ROW 2637 1 10 32 2637 80
ROW 2637 2 23 32 2637 80
ROW 2637 3 3 8 2637 293
ROW 2637 4 4 4 2637 528
ROW 2637 5 142 255 2637 10
ROW 2637 6 15 24 2637 105
ROW 2637 7 3 24 2637 106
ROW 2638 0 3 16 2638 155
ROW 2638 1 11 32 2638 80
ROW 2638 2 24 32 2638 80
ROW 2638 3 4 8 2638 293
ROW 2638 4 0 4 2638 528
ROW 2638 5 143 255 2638 10
ROW 2638 6 16 24 2638 105
ROW 2638 7 4 24 2638 106
ROW 2639 0 4 16 2639 155
ROW 2639 1 12 32 2639 80
ROW 2639 2 25 32 2639 80
ROW 2639 3 5 8 2639 293
ROW 2639 4 1 4 2639 528
ROW 2639 5 144 255 2639 10
ROW 2639 6 17 24 2639 105
ROW 2639 7 5 24 2639 106
ROW 2640 0 5 16 2640 155
ROW 2640 1 13 32 2640 80
ROW 2640 2 26 32 2640 80
ROW 2640 3 6 8 2640 293
ROW 2640 4 2 4 2640 528
ROW 2640 5 145 255 2640 10
ROW 2640 6 18 24 2640 105
ROW 2640 7 6 24 2640 106
ROW 2641 0 6 16 2641 155
ROW 2641 1 14 32 2641 80
ROW 2641 2 27 32 2641 80
ROW 2641 3 7 8 2641 293
ROW 2641 4 3 4 2641 528
ROW 2641 5 146 255 2641 10
ROW 2641 6 19 24 2641 105
ROW 2641 7 7 24 2641 106
ROW 2642 0 7 16 2642 155
ROW 2642 1 15 32 2642 80
ROW 2642 2 28 32 2642 80
ROW 2642 3 8 8 2642 294
ROW 2642 4 4 4 2642 529
ROW 2642 5 147 255 2642 10
ROW 2642 6 20 24 2642 105
ROW 2642 7 8 24 2642 106
ROW 2643 0 8 16 2643 155
ROW 2643 1 16 32 2643 80
ROW 2643 2 29 32 2643 80
ROW 2643 3 0 8 2643 294
ROW 2643 4 0 4 2643 529
ROW 2643 5 148 255 2643 10
ROW 2643 6 21 24 2643 105
ROW 2643 7 9 24 2643 106
ROW 2644 0 9 16 2644 155
ROW 2644 1 17 32 2644 80
ROW 2644 2 30 32 2644 80
ROW 2644 3 1 8 2644 294
ROW 2644 4 1 4 2644 529
ROW 2644 5 149 255 2644 10
ROW 2644 6 22 24 2644 105
ROW 2644 7 10 24 2644 106
ROW 2645 0 10 16 2645 155
ROW 2645 1 18 32 2645 80
ROW 2645 2 31 32 2645 80
ROW 2645 3 2 8 2645 294
ROW 2645 4 2 4 2645 529
ROW 2645 5 150 255 2645 10
ROW 2645 6 23 24 2645 105
ROW 2645 7 11 24 2645 106
ROW 2646 0 11 16 2646 155
ROW 2646 1 19 32 2646 80
ROW 2646 2 32 32 2646 81
ROW 2646 3 3 8 2646 294
ROW 2646 4 3 4 2646 529
ROW 2646 5 151 255 2646 10
ROW 2646 6 24 24 2646 106
ROW 2646 7 12 24 2646 106
ROW 2647 0 12 16 2647 155
ROW 2647 1 20 32 2647 80
ROW 2647 2 0 32 2647 81
ROW 2647 3 4 8 2647 294
ROW 2647 4 4 4 2647 530
ROW 2647 5 152 255 2647 10
ROW 2647 6 0 24 2647 106
ROW 2647 7 13 24 2647 106
ROW 2648 0 13 16 2648 155
ROW 2648 1 21 32 2648 80
ROW 2648 2 1 32 2648 81
ROW 2648 3 5 8 2648 294
ROW 2648 4 0 4 2648 530
ROW 2648 5 153 255 2648 10
ROW 2648 6 1 24 2648 106
ROW 2648 7 14 24 2648 106
ROW 2649 0 14 16 2649 155
ROW 2649 1 22 32 2649 80
ROW 2649 2 2 32 2649 81
ROW 2649 3 6 8 2649 294
ROW 2649 4 1 4 2649 530
ROW 2649 5 154 255 2649 10
ROW 2649 6 2 24 2649 106
ROW 2649 7 15 24 2649 106
ROW 2650 0 15 16 2650 155
ROW 2650 1 23 32 2650 80
ROW 2650 2 3 32 2650 81
ROW 2650 3 7 8 2650 294
ROW 2650 4 2 4 2650 530
ROW 2650 5 155 255 2650 10
ROW 2650 6 3 24 2650 106
ROW 2650 7 16 24 2650 106
ROW 2651 0 16 16 2651 156
ROW 2651 1 24 32 2651 80
ROW 2651 2 4 32 2651 81
ROW 2651 3 8 8 2651 295
ROW 2651 4 3 4 2651 530
ROW 2651 5 156 255 2651 10
ROW 2651 6 4 24 2651 106
ROW 2651 7 17 24 2651 106
ROW 2652 0 0 16 2652 156
ROW 2652 1 25 32 2652 80
ROW 2652 2 5 32 2652 81
ROW 2652 3 0 8 2652 295
ROW 2652 4 4 4 2652 531
ROW 2652 5 157 255 2652 10
ROW 2652 6 5 24 2652 106
ROW 2652 7 18 24 2652 106
ROW 2653 0 1 16 2653 156
ROW 2653 1 26 32 2653 80
ROW 2653 2 6 32 2653 81
ROW 2653 3 1 8 2653 295
ROW 2653 4 0 4 2653 531
ROW 2653 5 158 255 2653 10
ROW 2653 6 6 24 2653 106
ROW 2653 7 19 24 2653 106
ROW 2654 0 2 16 2654 156
ROW 2654 1 27 32 2654 80
ROW 2654 2 7 32 2654 81
ROW 2654 3 2 8 2654 295
ROW 2654 4 1 4 2654 531
ROW 2654 5 159 255 2654 10
ROW 2654 6 7 24 2654 106
ROW 2654 7 20 24 2654 106
ROW 2655 0 3 16 2655 156
ROW 2655 1 28 32 2655 80
ROW 2655 2 8 32 2655 81
ROW 2655 3 3 8 2655 295
ROW 2655 4 2 4 2655 531
ROW 2655 5 160 255 2655 10
ROW 2655 6 8 24 2655 106
ROW 2655 7 21 24 2655 106
ROW 2656 0 4 16 2656 156
ROW 2656 1 29 32 2656 80
ROW 2656 2 9 32 2656 81
ROW 2656 3 4 8 2656 295
ROW 2656 4 3 4 2656 531
ROW 2656 5 161 255 2656 10
ROW 2656 6 9 24 2656 106
ROW 2656 7 22 24 2656 106
ROW 2657 0 5 16 2657 156
ROW 2657 1 30 32 2657 80
ROW 2657 2 10 32 2657 81
ROW 2657 3 5 8 2657 295
ROW 2657 4 4 4 2657 532
ROW 2657 5 162 255 2657 10
ROW 2657 6 10 24 2657 106
ROW 2657 7 23 24 2657 106
ROW 2658 0 6 16 2658 156
ROW 2658 1 31 32 2658 80
ROW 2658 2 11 32 2658 81
ROW 2658 3 6 8 2658 295
ROW 2658 4 0 4 2658 532
ROW 2658 5 163 255 2658 10
ROW 2658 6 11 24 2658 106
ROW 2658 7 24 24 2658 107
ROW 2659 0 7 16 2659 156
ROW 2659 1 32 32 2659 81
ROW 2659 2 12 32 2659 81
ROW 2659 3 7 8 2659 295
ROW 2659 4 1 4 2659 532
ROW 2659 5 164 255 2659 10
ROW 2659 6 12 24 2659 106
ROW 2659 7 0 24 2659 107
ROW 2660 0 8 16 2660 156
ROW 2660 1 0 32 2660 81
ROW 2660 2 13 32 2660 81
ROW 2660 3 8 8 2660 296
ROW 2660 4 2 4 2660 532
ROW 2660 5 165 255 2660 10
ROW 2660 6 13 24 2660 106
ROW 2660 7 1 24 2660 107
ROW 2661 0 9 16 2661 156
ROW 2661 1 1 32 2661 81
ROW 2661 2 14 32 2661 81
ROW 2661 3 0 8 2661 296
ROW 2661 4 3 4 2661 532
ROW 2661 5 166 255 2661 10
ROW 2661 6 14 24 2661 106
ROW 2661 7 2 24 2661 107
ROW 2662 0 10 16 2662 156
ROW 2662 1 2 32 2662 81
ROW 2662 2 15 32 2662 81
ROW 2662 3 1 8 2662 296
ROW 2662 4 4 4 2662 533
ROW 2662 5 167 255 2662 10
ROW 2662 6 15 24 2662 106
ROW 2662 7 3 24 2662 107
ROW 2663 0 11 16 2663 156
ROW 2663 1 3 32 2663 81
ROW 2663 2 16 32 2663 81
ROW 2663 3 2 8 2663 296
ROW 2663 4 0 4 2663 533
ROW 2663 5 168 255 2663 10
ROW 2663 6 16 24 2663 106
ROW 2663 7 4 24 2663 107
ROW 2664 0 12 16 2664 156
ROW 2664 1 4 32 2664 81
ROW 2664 2 17 32 2664 81
ROW 2664 3 3 8 2664 296
ROW 2664 4 1 4 2664 533
ROW 2664 5 169 255 2664 10
ROW 2664 6 17 24 2664 106
ROW 2664 7 5 24 2664 107
ROW 2665 0 13 16 2665 156
ROW 2665 1 5 32 2665 81
ROW 2665 2 18 32 2665 81
ROW 2665 3 4 8 2665 296
ROW 2665 4 2 4 2665 533
ROW 2665 5 170 255 2665 10
ROW 2665 6 18 24 2665 106
ROW 2665 7 6 24 2665 107
ROW 2666 0 14 16 2666 156
ROW 2666 1 6 32 2666 81
ROW 2666 2 19 32 2666 81
ROW 2666 3 5 8 2666 296
ROW 2666 4 3 4 2666 533
ROW 2666 5 171 255 2666 10
ROW 2666 6 19 24 2666 106
ROW 2666 7 7 24 2666 107
ROW 2667 0 15 16 2667 156
ROW 2667 1 7 32 2667 81
ROW 2667 2 20 32 2667 81
ROW 2667 3 6 8 2667 296
ROW 2667 4 4 4 2667 534
ROW 2667 5 172 255 2667 10
ROW 2667 6 20 24 2667 106
ROW 2667 7 8 24 2667 107
ROW 2668 0 16 16 2668 157
ROW 2668 1 8 32 2668 81
ROW 2668 2 21 32 2668 81
ROW 2668 3 7 8 2668 296
ROW 2668 4 0 4 2668 534
ROW 2668 5 173 255 2668 10
ROW 2668 6 21 24 2668 106
ROW 2668 7 9 24 2668 107
ROW 2669 0 0 16 2669 157
ROW 2669 1 9 32 2669 81
ROW 2669 2 22 32 2669 81
ROW 2669 3 8 8 2669 297
ROW 2669 4 1 4 2669 534
ROW 2669 5 174 255 2669 10
ROW 2669 6 22 24 2669 106
ROW 2669 7 10 24 2669 107
ROW 2670 0 1 16 2670 157
ROW 2670 1 10 32 2670 81
ROW 2670 2 23 32 2670 81
ROW 2670 3 0 8 2670 297
ROW 2670 4 2 4 2670 534
ROW 2670 5 175 255 2670 10
ROW 2670 6 23 24 2670 106
ROW 2670 7 11 24 2670 107
ROW 2671 0 2 16 2671 157
ROW 2671 1 11 32 2671 81
ROW 2671 2 24 32 2671 81
ROW 2671 3 1 8 2671 297
ROW 2671 4 3 4 2671 534
ROW 2671 5 176 255 2671 10
ROW 2671 6 24 24 2671 107
ROW 2671 7 12 24 2671 107
ROW 2672 0 3 16 2672 157
ROW 2672 1 12 32 2672 81
ROW 2672 2 25 32 2672 81
ROW 2672 3 2 8 2672 297
ROW 2672 4 4 4 2672 535
ROW 2672 5 177 255 2672 10
ROW 2672 6 0 24 2672 107
ROW 2672 7 13 24 2672 107
ROW 2673 0 4 16 2673 157
ROW 2673 1 13 32 2673 81
ROW 2673 2 26 32 2673 81
ROW 2673 3 3 8 2673 297
ROW 2673 4 0 4 2673 535
ROW 2673 5 178 255 2673 10
ROW 2673 6 1 24 2673 107
ROW 2673 7 14 24 2673 107
ROW 2674 0 5 16 2674 157
ROW 2674 1 14 32 2674 81
ROW 2674 2 27 32 2674 81
ROW 2674 3 4 8 2674 297
ROW 2674 4 1 4 2674 535
ROW 2674 5 179 255 2674 10
ROW 2674 6 2 24 2674 107
ROW 2674 7 15 24 2674 107
ROW 2675 0 6 16 2675 157
ROW 2675 1 15 32 2675 81
ROW 2675 2 28 32 2675 81
ROW 2675 3 5 8 2675 297
ROW 2675 4 2 4 2675 535
ROW 2675 5 180 255 2675 10
ROW 2675 6 3 24 2675 107
ROW 2675 7 16 24 2675 107
ROW 2676 0 7 16 2676 157
ROW 2676 1 16 32 2676 81
ROW 2676 2 29 32 2676 81
ROW 2676 3 6 8 2676 297
ROW 2676 4 3 4 2676 535
ROW 2676 5 181 255 2676 10
ROW 2676 6 4 24 2676 107
ROW 2676 7 17 24 2676 107
ROW 2677 0 8 16 2677 157
ROW 2677 1 17 32 2677 81
ROW 2677 2 30 32 2677 81
ROW 2677 3 7 8 2677 297
ROW 2677 4 4 4 2677 536
ROW 2677 5 182 255 2677 10
ROW 2677 6 5 24 2677 107
ROW 2677 7 18 24 2677 107
ROW 2678 0 9 16 2678 157
ROW 2678 1 18 32 2678 81
ROW 2678 2 31 32 2678 81
ROW 2678 3 8 8 2678 298
ROW 2678 4 0 4 2678 536
ROW 2678 5 183 255 2678 10
ROW 2678 6 6 24 2678 107
ROW 2678 7 19 24 2678 107
ROW 2679 0 10 16 2679 157
ROW 2679 1 19 32 2679 81
ROW 2679 2 32 32 2679 82
ROW 2679 3 0 8 2679 298
ROW 2679 4 1 4 2679 536
ROW 2679 5 184 255 2679 10
ROW 2679 6 7 24 2679 107
ROW 2679 7 20 24 2679 107
ROW 2680 0 11 16 2680 157
ROW 2680 1 20 32 2680 81
ROW 2680 2 0 32 2680 82
ROW 2680 3 1 8 2680 298
ROW 2680 4 2 4 2680 536
ROW 2680 5 185 255 2680 10
ROW 2680 6 8 24 2680 107
ROW 2680 7 21 24 2680 107
ROW 2681 0 12 16 2681 157
ROW 2681 1 21 32 2681 81
ROW 2681 2 1 32 2681 82
ROW 2681 3 2 8 2681 298
ROW 2681 4 3 4 2681 536
ROW 2681 5 186 255 2681 10
ROW 2681 6 9 24 2681 107
ROW 2681 7 22 24 2681 107
ROW 2682 0 13 16 2682 157
ROW 2682 1 22 32 2682 81
ROW 2682 2 2 32 2682 82
ROW 2682 3 3 8 2682 298
ROW 2682 4 4 4 2682 537
ROW 2682 5 187 255 2682 10
ROW 2682 6 10 24 2682 107
ROW 2682 7 23 24 2682 107
ROW 2683 0 14 16 2683 157
ROW 2683 1 23 32 2683 81
ROW 2683 2 3 32 2683 82
ROW 2683 3 4 8 2683 298
ROW 2683 4 0 4 2683 537
ROW 2683 5 188 255 2683 10
ROW 2683 6 11 24 2683 107
ROW 2683 7 24 24 2683 108
ROW 2684 0 15 16 2684 157
ROW 2684 1 24 32 2684 81
ROW 2684 2 4 32 2684 82
ROW 2684 3 5 8 2684 298
ROW 2684 4 1 4 2684 537
ROW 2684 5 189 255 2684 10
ROW 2684 6 12 24 2684 107
ROW 2684 7 0 24 2684 108
ROW 2685 0 16 16 2685 158
ROW 2685 1 25 32 2685 81
ROW 2685 2 5 32 2685 82
ROW 2685 3 6 8 2685 298
ROW 2685 4 2 4 2685 537
ROW 2685 5 190 255 2685 10
ROW 2685 6 13 24 2685 107
ROW 2685 7 1 24 2685 108
ROW 2686 0 0 16 2686 158
ROW 2686 1 26 32 2686 81
ROW 2686 2 6 32 2686 82
ROW 2686 3 7 8 2686 298
ROW 2686 4 3 4 2686 537
ROW 2686 5 191 255 2686 10
ROW 2686 6 14 24 2686 107
ROW 2686 7 2 24 2686 108
ROW 2687 0 1 16 2687 158
ROW 2687 1 27 32 2687 81
ROW 2687 2 7 32 2687 82
ROW 2687 3 8 8 2687 299
ROW 2687 4 4 4 2687 538
ROW 2687 5 192 255 2687 10
ROW 2687 6 15 24 2687 107
ROW 2687 7 3 24 2687 108
ROW 2688 0 2 16 2688 158
ROW 2688 1 28 32 2688 81
ROW 2688 2 8 32 2688 82
ROW 2688 3 0 8 2688 299
ROW 2688 4 0 4 2688 538
ROW 2688 5 193 255 2688 10
ROW 2688 6 16 24 2688 107
ROW 2688 7 4 24 2688 108
ROW 2689 0 3 16 2689 158
ROW 2689 1 29 32 2689 81
ROW 2689 2 9 32 2689 82
ROW 2689 3 1 8 2689 299
ROW 2689 4 1 4 2689 538
ROW 2689 5 194 255 2689 10
ROW 2689 6 17 24 2689 107
ROW 2689 7 5 24 2689 108
ROW 2690 0 4 16 2690 158
ROW 2690 1 30 32 2690 81
ROW 2690 2 10 32 2690 82
ROW 2690 3 2 8 2690 299
ROW 2690 4 2 4 2690 538
ROW 2690 5 195 255 2690 10
ROW 2690 6 18 24 2690 107
ROW 2690 7 6 24 2690 108
ROW 2691 0 5 16 2691 158
ROW 2691 1 31 32 2691 81
ROW 2691 2 11 32 2691 82
ROW 2691 3 3 8 2691 299
ROW 2691 4 3 4 2691 538
ROW 2691 5 196 255 2691 10
ROW 2691 6 19 24 2691 107
ROW 2691 7 7 24 2691 108
ROW 2692 0 6 16 2692 158
ROW 2692 1 32 32 2692 82
ROW 2692 2 12 32 2692 82
ROW 2692 3 4 8 2692 299
ROW 2692 4 4 4 2692 539
ROW 2692 5 197 255 2692 10
ROW 2692 6 20 24 2692 107
ROW 2692 7 8 24 2692 108
ROW 2693 0 7 16 2693 158
ROW 2693 1 0 32 2693 82
ROW 2693 2 13 32 2693 82
ROW 2693 3 5 8 2693 299
ROW 2693 4 0 4 2693 539
ROW 2693 5 198 255 2693 10
ROW 2693 6 21 24 2693 107
ROW 2693 7 9 24 2693 108
ROW 2694 0 8 16 2694 158
ROW 2694 1 1 32 2694 82
ROW 2694 2 14 32 2694 82
ROW 2694 3 6 8 2694 299
ROW 2694 4 1 4 2694 539
ROW 2694 5 199 255 2694 10
ROW 2694 6 22 24 2694 107
ROW 2694 7 10 24 2694 108
ROW 2695 0 9 16 2695 158
ROW 2695 1 2 32 2695 82
ROW 2695 2 15 32 2695 82
ROW 2695 3 7 8 2695 299
ROW 2695 4 2 4 2695 539
ROW 2695 5 200 255 2695 10
ROW 2695 6 23 24 2695 107
ROW 2695 7 11 24 2695 108
ROW 2696 0 10 16 2696 158
ROW 2696 1 3 32 2696 82
ROW 2696 2 16 32 2696 82
ROW 2696 3 8 8 2696 300
ROW 2696 4 3 4 2696 539
ROW 2696 5 201 255 2696 10
ROW 2696 6 24 24 2696 108
ROW 2696 7 12 24 2696 108
ROW 2697 0 11 16 2697 158
ROW 2697 1 4 32 2697 82
ROW 2697 2 17 32 2697 82
ROW 2697 3 0 8 2697 300
ROW 2697 4 4 4 2697 540
ROW 2697 5 202 255 2697 10
ROW 2697 6 0 24 2697 108
ROW 2697 7 13 24 2697 108
ROW 2698 0 12 16 2698 158
ROW 2698 1 5 32 2698 82
ROW 2698 2 18 32 2698 82
ROW 2698 3 1 8 2698 300
ROW 2698 4 0 4 2698 540
ROW 2698 5 203 255 2698 10
ROW 2698 6 1 24 2698 108
ROW 2698 7 14 24 2698 108
ROW 2699 0 13 16 2699 158
ROW 2699 1 6 32 2699 82
ROW 2699 2 19 32 2699 82
ROW 2699 3 2 8 2699 300
ROW 2699 4 1 4 2699 540
ROW 2699 5 204 255 2699 10
ROW 2699 6 2 24 2699 108
ROW 2699 7 15 24 2699 108
ROW 2700 0 14 16 2700 158
ROW 2700 1 7 32 2700 82
ROW 2700 2 20 32 2700 82
ROW 2700 3 3 8 2700 300
ROW 2700 4 2 4 2700 540
ROW 2700 5 205 255 2700 10
ROW 2700 6 3 24 2700 108
ROW 2700 7 16 24 2700 108
ROW 2701 0 15 16 2701 158
ROW 2701 1 8 32 2701 82
ROW 2701 2 21 32 2701 82
ROW 2701 3 4 8 2701 300
ROW 2701 4 3 4 2701 540
ROW 2701 5 206 255 2701 10
ROW 2701 6 4 24 2701 108
ROW 2701 7 17 24 2701 108
ROW 2702 0 16 16 2702 159
ROW 2702 1 9 32 2702 82
ROW 2702 2 22 32 2702 82
ROW 2702 3 5 8 2702 300
ROW 2702 4 4 4 2702 541
ROW 2702 5 207 255 2702 10
ROW 2702 6 5 24 2702 108
ROW 2702 7 18 24 2702 108
ROW 2703 0 0 16 2703 159
ROW 2703 1 10 32 2703 82
ROW 2703 2 23 32 2703 82
ROW 2703 3 6 8 2703 300
ROW 2703 4 0 4 2703 541
ROW 2703 5 208 255 2703 10
ROW 2703 6 6 24 2703 108
ROW 2703 7 19 24 2703 108
ROW 2704 0 1 16 2704 159
ROW 2704 1 11 32 2704 82
ROW 2704 2 24 32 2704 82
ROW 2704 3 7 8 2704 300
ROW 2704 4 1 4 2704 541
ROW 2704 5 209 255 2704 10
ROW 2704 6 7 24 2704 108
ROW 2704 7 20 24 2704 108
ROW 2705 0 2 16 2705 159
ROW 2705 1 12 32 2705 82
ROW 2705 2 25 32 2705 82
ROW 2705 3 8 8 2705 301
ROW 2705 4 2 4 2705 541
ROW 2705 5 210 255 2705 10
ROW 2705 6 8 24 2705 108
ROW 2705 7 21 24 2705 108
ROW 2706 0 3 16 2706 159
ROW 2706 1 13 32 2706 82
ROW 2706 2 26 32 2706 82
ROW 2706 3 0 8 2706 301
ROW 2706 4 3 4 2706 541
ROW 2706 5 211 255 2706 10
ROW 2706 6 9 24 2706 108
ROW 2706 7 22 24 2706 108
ROW 2707 0 4 16 2707 159
ROW 2707 1 14 32 2707 82
ROW 2707 2 27 32 2707 82
ROW 2707 3 1 8 2707 301
ROW 2707 4 4 4 2707 542
ROW 2707 5 212 255 2707 10
ROW 2707 6 10 24 2707 108
ROW 2707 7 23 24 2707 108
ROW 2708 0 5 16 2708 159
ROW 2708 1 15 32 2708 82
ROW 2708 2 28 32 2708 82
ROW 2708 3 2 8 2708 301
ROW 2708 4 0 4 2708 542
ROW 2708 5 213 255 2708 10
ROW 2708 6 11 24 2708 108
ROW 2708 7 24 24 2708 109
ROW 2709 0 6 16 2709 159
ROW 2709 1 16 32 2709 82
ROW 2709 2 29 32 2709 82
ROW 2709 3 3 8 2709 301
ROW 2709 4 1 4 2709 542
ROW 2709 5 214 255 2709 10
ROW 2709 6 12 24 2709 108
ROW 2709 7 0 24 2709 109
ROW 2710 0 7 16 2710 159
ROW 2710 1 17 32 2710 82
ROW 2710 2 30 32 2710 82
ROW 2710 3 4 8 2710 301
ROW 2710 4 2 4 2710 542
ROW 2710 5 215 255 2710 10
ROW 2710 6 13 24 2710 108
ROW 2710 7 1 24 2710 109
ROW 2711 0 8 16 2711 159
ROW 2711 1 18 32 2711 82
ROW 2711 2 31 32 2711 82
ROW 2711 3 5 8 2711 301
ROW 2711 4 3 4 2711 542
ROW 2711 5 216 255 2711 10
ROW 2711 6 14 24 2711 108
ROW 2711 7 2 24 2711 109
ROW 2712 0 9 16 2712 159
ROW 2712 1 19 32 2712 82
ROW 2712 2 32 32 2712 83
ROW 2712 3 6 8 2712 301
ROW 2712 4 4 4 2712 543
ROW 2712 5 217 255 2712 10
ROW 2712 6 15 24 2712 108
ROW 2712 7 3 24 2712 109
ROW 2713 0 10 16 2713 159
ROW 2713 1 20 32 2713 82
ROW 2713 2 0 32 2713 83
ROW 2713 3 7 8 2713 301
ROW 2713 4 0 4 2713 543
ROW 2713 5 218 255 2713 10
ROW 2713 6 16 24 2713 108
ROW 2713 7 4 24 2713 109
ROW 2714 0 11 16 2714 159
ROW 2714 1 21 32 2714 82
ROW 2714 2 1 32 2714 83
ROW 2714 3 8 8 2714 302
ROW 2714 4 1 4 2714 543
ROW 2714 5 219 255 2714 10
ROW 2714 6 17 24 2714 108
ROW 2714 7 5 24 2714 109
ROW 2715 0 12 16 2715 159
ROW 2715 1 22 32 2715 82
ROW 2715 2 2 32 2715 83
ROW 2715 3 0 8 2715 302
ROW 2715 4 2 4 2715 543
ROW 2715 5 220 255 2715 10
ROW 2715 6 18 24 2715 108
ROW 2715 7 6 24 2715 109
ROW 2716 0 13 16 2716 159
ROW 2716 1 23 32 2716 82
ROW 2716 2 3 32 2716 83
ROW 2716 3 1 8 2716 302
ROW 2716 4 3 4 2716 543
ROW 2716 5 221 255 2716 10
ROW 2716 6 19 24 2716 108
ROW 2716 7 7 24 2716 109
ROW 2717 0 14 16 2717 159
ROW 2717 1 24 32 2717 82
ROW 2717 2 4 32 2717 83
ROW 2717 3 2 8 2717 302
ROW 2717 4 4 4 2717 544
ROW 2717 5 222 255 2717 10
ROW 2717 6 20 24 2717 108
ROW 2717 7 8 24 2717 109
ROW 2718 0 15 16 2718 159
ROW 2718 1 25 32 2718 82
ROW 2718 2 5 32 2718 83
ROW 2718 3 3 8 2718 302
ROW 2718 4 0 4 2718 544
ROW 2718 5 223 255 2718 10
ROW 2718 6 21 24 2718 108
ROW 2718 7 9 24 2718 109
ROW 2719 0 16 16 2719 160
ROW 2719 1 26 32 2719 82
ROW 2719 2 6 32 2719 83
ROW 2719 3 4 8 2719 302
ROW 2719 4 1 4 2719 544
ROW 2719 5 224 255 2719 10
ROW 2719 6 22 24 2719 108
ROW 2719 7 10 24 2719 109
ROW 2720 0 0 16 2720 160
ROW 2720 1 27 32 2720 82
ROW 2720 2 7 32 2720 83
ROW 2720 3 5 8 2720 302
ROW 2720 4 2 4 2720 544
ROW 2720 5 225 255 2720 10
ROW 2720 6 23 24 2720 108
ROW 2720 7 11 24 2720 109
ROW 2721 0 1 16 2721 160
ROW 2721 1 28 32 2721 82
ROW 2721 2 8 32 2721 83
ROW 2721 3 6 8 2721 302
ROW 2721 4 3 4 2721 544
ROW 2721 5 226 255 2721 10
ROW 2721 6 24 24 2721 109
ROW 2721 7 12 24 2721 109
ROW 2722 0 2 16 2722 160
ROW 2722 1 29 32 2722 82
ROW 2722 2 9 32 2722 83
ROW 2722 3 7 8 2722 302
ROW 2722 4 4 4 2722 545
ROW 2722 5 227 255 2722 10
ROW 2722 6 0 24 2722 109
ROW 2722 7 13 24 2722 109
ROW 2723 0 3 16 2723 160
ROW 2723 1 30 32 2723 82
ROW 2723 2 10 32 2723 83
ROW 2723 3 8 8 2723 303
ROW 2723 4 0 4 2723 545
ROW 2723 5 228 255 2723 10
ROW 2723 6 1 24 2723 109
ROW 2723 7 14 24 2723 109
ROW 2724 0 4 16 2724 160
ROW 2724 1 31 32 2724 82
ROW 2724 2 11 32 2724 83
ROW 2724 3 0 8 2724 303
ROW 2724 4 1 4 2724 545
ROW 2724 5 229 255 2724 10
ROW 2724 6 2 24 2724 109
ROW 2724 7 15 24 2724 109
ROW 2725 0 5 16 2725 160
ROW 2725 1 32 32 2725 83
ROW 2725 2 12 32 2725 83
ROW 2725 3 1 8 2725 303
ROW 2725 4 2 4 2725 545
ROW 2725 5 230 255 2725 10
ROW 2725 6 3 24 2725 109
ROW 2725 7 16 24 2725 109
ROW 2726 0 6 16 2726 160
ROW 2726 1 0 32 2726 83
ROW 2726 2 13 32 2726 83
ROW 2726 3 2 8 2726 303
ROW 2726 4 3 4 2726 545
ROW 2726 5 231 255 2726 10
ROW 2726 6 4 24 2726 109
ROW 2726 7 17 24 2726 109
ROW 2727 0 7 16 2727 160
ROW 2727 1 1 32 2727 83
ROW 2727 2 14 32 2727 83
ROW 2727 3 3 8 2727 303
ROW 2727 4 4 4 2727 546
ROW 2727 5 232 255 2727 10
ROW 2727 6 5 24 2727 109
ROW 2727 7 18 24 2727 109
ROW 2728 0 8 16 2728 160
ROW 2728 1 2 32 2728 83
ROW 2728 2 15 32 2728 83
ROW 2728 3 4 8 2728 303
ROW 2728 4 0 4 2728 546
ROW 2728 5 233 255 2728 10
ROW 2728 6 6 24 2728 109
ROW 2728 7 19 24 2728 109
ROW 2729 0 9 16 2729 160
ROW 2729 1 3 32 2729 83
ROW 2729 2 16 32 2729 83
ROW 2729 3 5 8 2729 303
ROW 2729 4 1 4 2729 546
ROW 2729 5 234 255 2729 10
ROW 2729 6 7 24 2729 109
ROW 2729 7 20 24 2729 109
ROW 2730 0 10 16 2730 160
ROW 2730 1 4 32 2730 83
ROW 2730 2 17 32 2730 83
ROW 2730 3 6 8 2730 303
ROW 2730 4 2 4 2730 546
ROW 2730 5 235 255 2730 10
ROW 2730 6 8 24 2730 109
ROW 2730 7 21 24 2730 109
ROW 2731 0 11 16 2731 160
ROW 2731 1 5 32 2731 83
ROW 2731 2 18 32 2731 83
ROW 2731 3 7 8 2731 303
ROW 2731 4 3 4 2731 546
ROW 2731 5 236 255 2731 10
ROW 2731 6 9 24 2731 109
ROW 2731 7 22 24 2731 109
ROW 2732 0 12 16 2732 160
ROW 2732 1 6 32 2732 83
ROW 2732 2 19 32 2732 83
ROW 2732 3 8 8 2732 304
ROW 2732 4 4 4 2732 547
ROW 2732 5 237 255 2732 10
ROW 2732 6 10 24 2732 109
ROW 2732 7 23 24 2732 109
ROW 2733 0 13 16 2733 160
ROW 2733 1 7 32 2733 83
ROW 2733 2 20 32 2733 83
ROW 2733 3 0 8 2733 304
ROW 2733 4 0 4 2733 547
ROW 2733 5 238 255 2733 10
ROW 2733 6 11 24 2733 109
ROW 2733 7 24 24 2733 110
ROW 2734 0 14 16 2734 160
ROW 2734 1 8 32 2734 83
ROW 2734 2 21 32 2734 83
ROW 2734 3 1 8 2734 304
ROW 2734 4 1 4 2734 547
ROW 2734 5 239 255 2734 10
ROW 2734 6 12 24 2734 109
ROW 2734 7 0 24 2734 110
ROW 2735 0 15 16 2735 160
ROW 2735 1 9 32 2735 83
ROW 2735 2 22 32 2735 83
ROW 2735 3 2 8 2735 304
ROW 2735 4 2 4 2735 547
ROW 2735 5 240 255 2735 10
ROW 2735 6 13 24 2735 109
ROW 2735 7 1 24 2735 110
ROW 2736 0 16 16 2736 161
ROW 2736 1 10 32 2736 83
ROW 2736 2 23 32 2736 83
ROW 2736 3 3 8 2736 304
ROW 2736 4 3 4 2736 547
ROW 2736 5 241 255 2736 10
ROW 2736 6 14 24 2736 109
ROW 2736 7 2 24 2736 110
ROW 2737 0 0 16 2737 161
ROW 2737 1 11 32 2737 83
ROW 2737 2 24 32 2737 83
ROW 2737 3 4 8 2737 304
ROW 2737 4 4 4 2737 548
ROW 2737 5 242 255 2737 10
ROW 2737 6 15 24 2737 109
ROW 2737 7 3 24 2737 110
ROW 2738 0 1 16 2738 161
ROW 2738 1 12 32 2738 83
ROW 2738 2 25 32 2738 83
ROW 2738 3 5 8 2738 304
ROW 2738 4 0 4 2738 548
ROW 2738 5 243 255 2738 10
ROW 2738 6 16 24 2738 109
ROW 2738 7 4 24 2738 110
ROW 2739 0 2 16 2739 161
ROW 2739 1 13 32 2739 83
ROW 2739 2 26 32 2739 83
ROW 2739 3 6 8 2739 304
ROW 2739 4 1 4 2739 548
ROW 2739 5 244 255 2739 10
ROW 2739 6 17 24 2739 109
ROW 2739 7 5 24 2739 110
ROW 2740 0 3 16 2740 161
ROW 2740 1 14 32 2740 83
ROW 2740 2 27 32 2740 83
ROW 2740 3 7 8 2740 304
ROW 2740 4 2 4 2740 548
ROW 2740 5 245 255 2740 10
ROW 2740 6 18 24 2740 109
ROW 2740 7 6 24 2740 110
ROW 2741 0 4 16 2741 161
ROW 2741 1 15 32 2741 83
ROW 2741 2 28 32 2741 83
ROW 2741 3 8 8 2741 305
ROW 2741 4 3 4 2741 548
ROW 2741 5 246 255 2741 10
ROW 2741 6 19 24 2741 109
ROW 2741 7 7 24 2741 110
ROW 2742 0 5 16 2742 161
ROW 2742 1 16 32 2742 83
ROW 2742 2 29 32 2742 83
ROW 2742 3 0 8 2742 305
ROW 2742 4 4 4 2742 549
ROW 2742 5 247 255 2742 10
ROW 2742 6 20 24 2742 109
ROW 2742 7 8 24 2742 110
ROW 2743 0 6 16 2743 161
ROW 2743 1 17 32 2743 83
ROW 2743 2 30 32 2743 83
ROW 2743 3 1 8 2743 305
ROW 2743 4 0 4 2743 549
ROW 2743 5 248 255 2743 10
ROW 2743 6 21 24 2743 109
ROW 2743 7 9 24 2743 110
ROW 2744 0 7 16 2744 161
ROW 2744 1 18 32 2744 83
ROW 2744 2 31 32 2744 83
ROW 2744 3 2 8 2744 305
ROW 2744 4 1 4 2744 549
ROW 2744 5 249 255 2744 10
ROW 2744 6 22 24 2744 109
ROW 2744 7 10 24 2744 110
ROW 2745 0 8 16 2745 161
ROW 2745 1 19 32 2745 83
ROW 2745 2 32 32 2745 84
ROW 2745 3 3 8 2745 305
ROW 2745 4 2 4 2745 549
ROW 2745 5 250 255 2745 10
ROW 2745 6 23 24 2745 109
ROW 2745 7 11 24 2745 110
ROW 2746 0 9 16 2746 161
ROW 2746 1 20 32 2746 83
ROW 2746 2 0 32 2746 84
ROW 2746 3 4 8 2746 305
ROW 2746 4 3 4 2746 549
ROW 2746 5 251 255 2746 10
ROW 2746 6 24 24 2746 110
ROW 2746 7 12 24 2746 110
ROW 2747 0 10 16 2747 161
ROW 2747 1 21 32 2747 83
ROW 2747 2 1 32 2747 84
ROW 2747 3 5 8 2747 305
ROW 2747 4 4 4 2747 550
ROW 2747 5 252 255 2747 10
ROW 2747 6 0 24 2747 110
ROW 2747 7 13 24 2747 110
ROW 2748 0 11 16 2748 161
ROW 2748 1 22 32 2748 83
ROW 2748 2 2 32 2748 84
ROW 2748 3 6 8 2748 305
ROW 2748 4 0 4 2748 550
ROW 2748 5 253 255 2748 10
ROW 2748 6 1 24 2748 110
ROW 2748 7 14 24 2748 110
ROW 2749 0 12 16 2749 161
ROW 2749 1 23 32 2749 83
ROW 2749 2 3 32 2749 84
ROW 2749 3 7 8 2749 305
ROW 2749 4 1 4 2749 550
ROW 2749 5 254 255 2749 10
ROW 2749 6 2 24 2749 110
ROW 2749 7 15 24 2749 110
ROW 2750 0 13 16 2750 161
ROW 2750 1 24 32 2750 83
ROW 2750 2 4 32 2750 84
ROW 2750 3 8 8 2750 306
ROW 2750 4 2 4 2750 550
ROW 2750 5 255 255 2750 11
ROW 2750 6 3 24 2750 110
ROW 2750 7 16 24 2750 110
ROW 2751 0 14 16 2751 161
ROW 2751 1 25 32 2751 83
ROW 2751 2 5 32 2751 84
ROW 2751 3 0 8 2751 306
ROW 2751 4 3 4 2751 550
ROW 2751 5 0 255 2751 11
ROW 2751 6 4 24 2751 110
ROW 2751 7 17 24 2751 110
ROW 2752 0 15 16 2752 161
ROW 2752 1 26 32 2752 83
ROW 2752 2 6 32 2752 84
ROW 2752 3 1 8 2752 306
ROW 2752 4 4 4 2752 551
ROW 2752 5 1 255 2752 11
ROW 2752 6 5 24 2752 110
ROW 2752 7 18 24 2752 110
ROW 2753 0 16 16 2753 162
ROW 2753 1 27 32 2753 83
ROW 2753 2 7 32 2753 84
ROW 2753 3 2 8 2753 306
ROW 2753 4 0 4 2753 551
ROW 2753 5 2 255 2753 11
ROW 2753 6 6 24 2753 110
ROW 2753 7 19 24 2753 110
ROW 2754 0 0 16 2754 162
ROW 2754 1 28 32 2754 83
ROW 2754 2 8 32 2754 84
ROW 2754 3 3 8 2754 306
ROW 2754 4 1 4 2754 551
ROW 2754 5 3 255 2754 11
ROW 2754 6 7 24 2754 110
ROW 2754 7 20 24 2754 110
ROW 2755 0 1 16 2755 162
ROW 2755 1 29 32 2755 83
ROW 2755 2 9 32 2755 84
ROW 2755 3 4 8 2755 306
ROW 2755 4 2 4 2755 551
ROW 2755 5 4 255 2755 11
ROW 2755 6 8 24 2755 110
ROW 2755 7 21 24 2755 110
ROW 2756 0 2 16 2756 162
ROW 2756 1 30 32 2756 83
ROW 2756 2 10 32 2756 84
ROW 2756 3 5 8 2756 306
ROW 2756 4 3 4 2756 551
ROW 2756 5 5 255 2756 11
ROW 2756 6 9 24 2756 110
ROW 2756 7 22 24 2756 110
ROW 2757 0 3 16 2757 162
ROW 2757 1 31 32 2757 83
ROW 2757 2 11 32 2757 84
ROW 2757 3 6 8 2757 306
ROW 2757 4 4 4 2757 552
ROW 2757 5 6 255 2757 11
ROW 2757 6 10 24 2757 110
ROW 2757 7 23 24 2757 110
ROW 2758 0 4 16 2758 162
ROW 2758 1 32 32 2758 84
ROW 2758 2 12 32 2758 84
ROW 2758 3 7 8 2758 306
ROW 2758 4 0 4 2758 552
ROW 2758 5 7 255 2758 11
ROW 2758 6 11 24 2758 110
ROW 2758 7 24 24 2758 111
ROW 2759 0 5 16 2759 162
ROW 2759 1 0 32 2759 84
ROW 2759 2 13 32 2759 84
ROW 2759 3 8 8 2759 307
ROW 2759 4 1 4 2759 552
ROW 2759 5 8 255 2759 11
ROW 2759 6 12 24 2759 110
ROW 2759 7 0 24 2759 111
ROW 2760 0 6 16 2760 162
ROW 2760 1 1 32 2760 84
ROW 2760 2 14 32 2760 84
ROW 2760 3 0 8 2760 307
ROW 2760 4 2 4 2760 552
ROW 2760 5 9 255 2760 11
ROW 2760 6 13 24 2760 110
ROW 2760 7 1 24 2760 111
ROW 2761 0 7 16 2761 162
ROW 2761 1 2 32 2761 84
ROW 2761 2 15 32 2761 84
ROW 2761 3 1 8 2761 307
ROW 2761 4 3 4 2761 552
ROW 2761 5 10 255 2761 11
ROW 2761 6 14 24 2761 110
ROW 2761 7 2 24 2761 111
ROW 2762 0 8 16 2762 162
ROW 2762 1 3 32 2762 84
ROW 2762 2 16 32 2762 84
ROW 2762 3 2 8 2762 307
ROW 2762 4 4 4 2762 553
ROW 2762 5 11 255 2762 11
ROW 2762 6 15 24 2762 110
ROW 2762 7 3 24 2762 111
ROW 2763 0 9 16 2763 162
ROW 2763 1 4 32 2763 84
ROW 2763 2 17 32 2763 84
ROW 2763 3 3 8 2763 307
ROW 2763 4 0 4 2763 553
ROW 2763 5 12 255 2763 11
ROW 2763 6 16 24 2763 110
ROW 2763 7 4 24 2763 111
ROW 2764 0 10 16 2764 162
ROW 2764 1 5 32 2764 84
ROW 2764 2 18 32 2764 84
ROW 2764 3 4 8 2764 307
ROW 2764 4 1 4 2764 553
ROW 2764 5 13 255 2764 11
ROW 2764 6 17 24 2764 110
ROW 2764 7 5 24 2764 111
ROW 2765 0 11 16 2765 162
ROW 2765 1 6 32 2765 84
ROW 2765 2 19 32 2765 84
ROW 2765 3 5 8 2765 307
ROW 2765 4 2 4 2765 553
ROW 2765 5 14 255 2765 11
ROW 2765 6 18 24 2765 110
ROW 2765 7 6 24 2765 111
ROW 2766 0 12 16 2766 162
ROW 2766 1 7 32 2766 84
ROW 2766 2 20 32 2766 84
ROW 2766 3 6 8 2766 307
ROW 2766 4 3 4 2766 553
ROW 2766 5 15 255 2766 11
ROW 2766 6 19 24 2766 110
ROW 2766 7 7 24 2766 111
ROW 2767 0 13 16 2767 162
ROW 2767 1 8 32 2767 84
ROW 2767 2 21 32 2767 84
ROW 2767 3 7 8 2767 307
ROW 2767 4 4 4 2767 554
ROW 2767 5 16 255 2767 11
ROW 2767 6 20 24 2767 110
ROW 2767 7 8 24 2767 111
ROW 2768 0 14 16 2768 162
ROW 2768 1 9 32 2768 84
ROW 2768 2 22 32 2768 84
ROW 2768 3 8 8 2768 308
ROW 2768 4 0 4 2768 554
ROW 2768 5 17 255 2768 11
ROW 2768 6 21 24 2768 110
ROW 2768 7 9 24 2768 111
ROW 2769 0 15 16 2769 162
ROW 2769 1 10 32 2769 84
ROW 2769 2 23 32 2769 84
ROW 2769 3 0 8 2769 308
ROW 2769 4 1 4 2769 554
ROW 2769 5 18 255 2769 11
ROW 2769 6 22 24 2769 110
ROW 2769 7 10 24 2769 111
ROW 2770 0 16 16 2770 163
ROW 2770 1 11 32 2770 84
ROW 2770 2 24 32 2770 84
ROW 2770 3 1 8 2770 308
ROW 2770 4 2 4 2770 554
ROW 2770 5 19 255 2770 11
ROW 2770 6 23 24 2770 110
ROW 2770 7 11 24 2770 111
ROW 2771 0 0 16 2771 163
ROW 2771 1 12 32 2771 84
ROW 2771 2 25 32 2771 84
ROW 2771 3 2 8 2771 308
ROW 2771 4 3 4 2771 554
ROW 2771 5 20 255 2771 11
ROW 2771 6 24 24 2771 111
ROW 2771 7 12 24 2771 111
ROW 2772 0 1 16 2772 163
ROW 2772 1 13 32 2772 84
ROW 2772 2 26 32 2772 84
ROW 2772 3 3 8 2772 308
ROW 2772 4 4 4 2772 555
ROW 2772 5 21 255 2772 11
ROW 2772 6 0 24 2772 111
ROW 2772 7 13 24 2772 111
ROW 2773 0 2 16 2773 163
ROW 2773 1 14 32 2773 84
ROW 2773 2 27 32 2773 84
ROW 2773 3 4 8 2773 308
ROW 2773 4 0 4 2773 555
ROW 2773 5 22 255 2773 11
ROW 2773 6 1 24 2773 111
ROW 2773 7 14 24 2773 111
ROW 2774 0 3 16 2774 163
ROW 2774 1 15 32 2774 84
ROW 2774 2 28 32 2774 84
ROW 2774 3 5 8 2774 308
ROW 2774 4 1 4 2774 555
ROW 2774 5 23 255 2774 11
ROW 2774 6 2 24 2774 111
ROW 2774 7 15 24 2774 111
ROW 2775 0 4 16 2775 163
ROW 2775 1 16 32 2775 84
ROW 2775 2 29 32 2775 84
ROW 2775 3 6 8 2775 308
ROW 2775 4 2 4 2775 555
ROW 2775 5 24 255 2775 11
ROW 2775 6 3 24 2775 111
ROW 2775 7 16 24 2775 111
ROW 2776 0 5 16 2776 163
ROW 2776 1 17 32 2776 84
ROW 2776 2 30 32 2776 84
ROW 2776 3 7 8 2776 308
ROW 2776 4 3 4 2776 555
ROW 2776 5 25 255 2776 11
ROW 2776 6 4 24 2776 111
ROW 2776 7 17 24 2776 111
ROW 2777 0 6 16 2777 163
ROW 2777 1 18 32 2777 84
ROW 2777 2 31 32 2777 84
ROW 2777 3 8 8 2777 309
ROW 2777 4 4 4 2777 556
ROW 2777 5 26 255 2777 11
ROW 2777 6 5 24 2777 111
ROW 2777 7 18 24 2777 111
ROW 2778 0 7 16 2778 163
ROW 2778 1 19 32 2778 84
ROW 2778 2 32 32 2778 85
ROW 2778 3 0 8 2778 309
ROW 2778 4 0 4 2778 556
ROW 2778 5 27 255 2778 11
ROW 2778 6 6 24 2778 111
ROW 2778 7 19 24 2778 111
ROW 2779 0 8 16 2779 163
ROW 2779 1 20 32 2779 84
ROW 2779 2 0 32 2779 85
ROW 2779 3 1 8 2779 309
ROW 2779 4 1 4 2779 556
ROW 2779 5 28 255 2779 11
ROW 2779 6 7 24 2779 111
ROW 2779 7 20 24 2779 111
ROW 2780 0 9 16 2780 163
ROW 2780 1 21 32 2780 84
ROW 2780 2 1 32 2780 85
ROW 2780 3 2 8 2780 309
ROW 2780 4 2 4 2780 556
ROW 2780 5 29 255 2780 11
ROW 2780 6 8 24 2780 111
ROW 2780 7 21 24 2780 111
ROW 2781 0 10 16 2781 163
ROW 2781 1 22 32 2781 84
ROW 2781 2 2 32 2781 85
ROW 2781 3 3 8 2781 309
ROW 2781 4 3 4 2781 556
ROW 2781 5 30 255 2781 11
ROW 2781 6 9 24 2781 111
ROW 2781 7 22 24 2781 111
ROW 2782 0 11 16 2782 163
ROW 2782 1 23 32 2782 84
ROW 2782 2 3 32 2782 85
ROW 2782 3 4 8 2782 309
ROW 2782 4 4 4 2782 557
ROW 2782 5 31 255 2782 11
ROW 2782 6 10 24 2782 111
ROW 2782 7 23 24 2782 111
ROW 2783 0 12 16 2783 163
ROW 2783 1 24 32 2783 84
ROW 2783 2 4 32 2783 85
ROW 2783 3 5 8 2783 309
ROW 2783 4 0 4 2783 557
ROW 2783 5 32 255 2783 11
ROW 2783 6 11 24 2783 111
ROW 2783 7 24 24 2783 112
ROW 2784 0 13 16 2784 163
ROW 2784 1 25 32 2784 84
ROW 2784 2 5 32 2784 85
ROW 2784 3 6 8 2784 309
ROW 2784 4 1 4 2784 557
ROW 2784 5 33 255 2784 11
ROW 2784 6 12 24 2784 111
ROW 2784 7 0 24 2784 112
ROW 2785 0 14 16 2785 163
ROW 2785 1 26 32 2785 84
ROW 2785 2 6 32 2785 85
ROW 2785 3 7 8 2785 309
ROW 2785 4 2 4 2785 557
ROW 2785 5 34 255 2785 11
ROW 2785 6 13 24 2785 111
ROW 2785 7 1 24 2785 112
ROW 2786 0 15 16 2786 163
ROW 2786 1 27 32 2786 84
ROW 2786 2 7 32 2786 85
ROW 2786 3 8 8 2786 310
ROW 2786 4 3 4 2786 557
ROW 2786 5 35 255 2786 11
ROW 2786 6 14 24 2786 111
ROW 2786 7 2 24 2786 112
ROW 2787 0 16 16 2787 164
ROW 2787 1 28 32 2787 84
ROW 2787 2 8 32 2787 85
ROW 2787 3 0 8 2787 310
ROW 2787 4 4 4 2787 558
ROW 2787 5 36 255 2787 11
ROW 2787 6 15 24 2787 111
ROW 2787 7 3 24 2787 112
ROW 2788 0 0 16 2788 164
ROW 2788 1 29 32 2788 84
ROW 2788 2 9 32 2788 85
ROW 2788 3 1 8 2788 310
ROW 2788 4 0 4 2788 558
ROW 2788 5 37 255 2788 11
ROW 2788 6 16 24 2788 111
ROW 2788 7 4 24 2788 112
ROW 2789 0 1 16 2789 164
ROW 2789 1 30 32 2789 84
ROW 2789 2 10 32 2789 85
ROW 2789 3 2 8 2789 310
ROW 2789 4 1 4 2789 558
ROW 2789 5 38 255 2789 11
ROW 2789 6 17 24 2789 111
ROW 2789 7 5 24 2789 112
ROW 2790 0 2 16 2790 164
ROW 2790 1 31 32 2790 84
ROW 2790 2 11 32 2790 85
ROW 2790 3 3 8 2790 310
ROW 2790 4 2 4 2790 558
ROW 2790 5 39 255 2790 11
ROW 2790 6 18 24 2790 111
ROW 2790 7 6 24 2790 112
ROW 2791 0 3 16 2791 164
ROW 2791 1 32 32 2791 85
ROW 2791 2 12 32 2791 85
ROW 2791 3 4 8 2791 310
ROW 2791 4 3 4 2791 558
ROW 2791 5 40 255 2791 11
ROW 2791 6 19 24 2791 111
ROW 2791 7 7 24 2791 112
ROW 2792 0 4 16 2792 164
ROW 2792 1 0 32 2792 85
ROW 2792 2 13 32 2792 85
ROW 2792 3 5 8 2792 310
ROW 2792 4 4 4 2792 559
ROW 2792 5 41 255 2792 11
ROW 2792 6 20 24 2792 111
ROW 2792 7 8 24 2792 112
ROW 2793 0 5 16 2793 164
ROW 2793 1 1 32 2793 85
ROW 2793 2 14 32 2793 85
ROW 2793 3 6 8 2793 310
ROW 2793 4 0 4 2793 559
ROW 2793 5 42 255 2793 11
ROW 2793 6 21 24 2793 111
ROW 2793 7 9 24 2793 112
ROW 2794 0 6 16 2794 164
ROW 2794 1 2 32 2794 85
ROW 2794 2 15 32 2794 85
ROW 2794 3 7 8 2794 310
ROW 2794 4 1 4 2794 559
ROW 2794 5 43 255 2794 11
ROW 2794 6 22 24 2794 111
ROW 2794 7 10 24 2794 112
ROW 2795 0 7 16 2795 164
ROW 2795 1 3 32 2795 85
ROW 2795 2 16 32 2795 85
ROW 2795 3 8 8 2795 311
ROW 2795 4 2 4 2795 559
ROW 2795 5 44 255 2795 11
ROW 2795 6 23 24 2795 111
ROW 2795 7 11 24 2795 112
ROW 2796 0 8 16 2796 164
ROW 2796 1 4 32 2796 85
ROW 2796 2 17 32 2796 85
ROW 2796 3 0 8 2796 311
ROW 2796 4 3 4 2796 559
ROW 2796 5 45 255 2796 11
ROW 2796 6 24 24 2796 112
ROW 2796 7 12 24 2796 112
ROW 2797 0 9 16 2797 164
ROW 2797 1 5 32 2797 85
ROW 2797 2 18 32 2797 85
ROW 2797 3 1 8 2797 311
ROW 2797 4 4 4 2797 560
ROW 2797 5 46 255 2797 11
ROW 2797 6 0 24 2797 112
ROW 2797 7 13 24 2797 112
ROW 2798 0 10 16 2798 164
ROW 2798 1 6 32 2798 85
ROW 2798 2 19 32 2798 85
ROW 2798 3 2 8 2798 311
ROW 2798 4 0 4 2798 560
ROW 2798 5 47 255 2798 11
ROW 2798 6 1 24 2798 112
ROW 2798 7 14 24 2798 112
ROW 2799 0 11 16 2799 164
ROW 2799 1 7 32 2799 85
ROW 2799 2 20 32 2799 85
ROW 2799 3 3 8 2799 311
ROW 2799 4 1 4 2799 560
ROW 2799 5 48 255 2799 11
ROW 2799 6 2 24 2799 112
ROW 2799 7 15 24 2799 112
ROW 2800 0 12 16 2800 164
ROW 2800 1 8 32 2800 85
ROW 2800 2 21 32 2800 85
ROW 2800 3 4 8 2800 311
ROW 2800 4 2 4 2800 560
ROW 2800 5 49 255 2800 11
ROW 2800 6 3 24 2800 112
ROW 2800 7 16 24 2800 112
ROW 2801 0 13 16 2801 164
ROW 2801 1 9 32 2801 85
ROW 2801 2 22 32 2801 85
ROW 2801 3 5 8 2801 311
ROW 2801 4 3 4 2801 560
ROW 2801 5 50 255 2801 11
ROW 2801 6 4 24 2801 112
ROW 2801 7 17 24 2801 112
ROW 2802 0 14 16 2802 164
ROW 2802 1 10 32 2802 85
ROW 2802 2 23 32 2802 85
ROW 2802 3 6 8 2802 311
ROW 2802 4 4 4 2802 561
ROW 2802 5 51 255 2802 11
ROW 2802 6 5 24 2802 112
ROW 2802 7 18 24 2802 112
ROW 2803 0 15 16 2803 164
ROW 2803 1 11 32 2803 85
ROW 2803 2 24 32 2803 85
ROW 2803 3 7 8 2803 311
ROW 2803 4 0 4 2803 561
ROW 2803 5 52 255 2803 11
ROW 2803 6 6 24 2803 112
ROW 2803 7 19 24 2803 112
ROW 2804 0 16 16 2804 165
ROW 2804 1 12 32 2804 85
ROW 2804 2 25 32 2804 85
ROW 2804 3 8 8 2804 312
ROW 2804 4 1 4 2804 561
ROW 2804 5 53 255 2804 11
ROW 2804 6 7 24 2804 112
ROW 2804 7 20 24 2804 112
ROW 2805 0 0 16 2805 165
ROW 2805 1 13 32 2805 85
ROW 2805 2 26 32 2805 85
ROW 2805 3 0 8 2805 312
ROW 2805 4 2 4 2805 561
ROW 2805 5 54 255 2805 11
ROW 2805 6 8 24 2805 112
ROW 2805 7 21 24 2805 112
ROW 2806 0 1 16 2806 165
ROW 2806 1 14 32 2806 85
ROW 2806 2 27 32 2806 85
ROW 2806 3 1 8 2806 312
ROW 2806 4 3 4 2806 561
ROW 2806 5 55 255 2806 11
ROW 2806 6 9 24 2806 112
ROW 2806 7 22 24 2806 112
ROW 2807 0 2 16 2807 165
ROW 2807 1 15 32 2807 85
ROW 2807 2 28 32 2807 85
ROW 2807 3 2 8 2807 312
ROW 2807 4 4 4 2807 562
ROW 2807 5 56 255 2807 11
ROW 2807 6 10 24 2807 112
ROW 2807 7 23 24 2807 112
ROW 2808 0 3 16 2808 165
ROW 2808 1 16 32 2808 85
ROW 2808 2 29 32 2808 85
ROW 2808 3 3 8 2808 312
ROW 2808 4 0 4 2808 562
ROW 2808 5 57 255 2808 11
ROW 2808 6 11 24 2808 112
ROW 2808 7 24 24 2808 113
ROW 2809 0 4 16 2809 165
ROW 2809 1 17 32 2809 85
ROW 2809 2 30 32 2809 85
ROW 2809 3 4 8 2809 312
ROW 2809 4 1 4 2809 562
ROW 2809 5 58 255 2809 11
ROW 2809 6 12 24 2809 112
ROW 2809 7 0 24 2809 113
ROW 2810 0 5 16 2810 165
ROW 2810 1 18 32 2810 85
ROW 2810 2 31 32 2810 85
ROW 2810 3 5 8 2810 312
ROW 2810 4 2 4 2810 562
ROW 2810 5 59 255 2810 11
ROW 2810 6 13 24 2810 112
ROW 2810 7 1 24 2810 113
ROW 2811 0 6 16 2811 165
ROW 2811 1 19 32 2811 85
ROW 2811 2 32 32 2811 86
ROW 2811 3 6 8 2811 312
ROW 2811 4 3 4 2811 562
ROW 2811 5 60 255 2811 11
ROW 2811 6 14 24 2811 112
ROW 2811 7 2 24 2811 113
ROW 2812 0 7 16 2812 165
ROW 2812 1 20 32 2812 85
ROW 2812 2 0 32 2812 86
ROW 2812 3 7 8 2812 312
ROW 2812 4 4 4 2812 563
ROW 2812 5 61 255 2812 11
ROW 2812 6 15 24 2812 112
ROW 2812 7 3 24 2812 113
ROW 2813 0 8 16 2813 165
ROW 2813 1 21 32 2813 85
ROW 2813 2 1 32 2813 86
ROW 2813 3 8 8 2813 313
ROW 2813 4 0 4 2813 563
ROW 2813 5 62 255 2813 11
ROW 2813 6 16 24 2813 112
ROW 2813 7 4 24 2813 113
ROW 2814 0 9 16 2814 165
ROW 2814 1 22 32 2814 85
ROW 2814 2 2 32 2814 86
ROW 2814 3 0 8 2814 313
ROW 2814 4 1 4 2814 563
ROW 2814 5 63 255 2814 11
ROW 2814 6 17 24 2814 112
ROW 2814 7 5 24 2814 113
ROW 2815 0 10 16 2815 165
ROW 2815 1 23 32 2815 85
ROW 2815 2 3 32 2815 86
ROW 2815 3 1 8 2815 313
ROW 2815 4 2 4 2815 563
ROW 2815 5 64 255 2815 11
ROW 2815 6 18 24 2815 112
ROW 2815 7 6 24 2815 113
ROW 2816 0 11 16 2816 165
ROW 2816 1 24 32 2816 85
ROW 2816 2 4 32 2816 86
ROW 2816 3 2 8 2816 313
ROW 2816 4 3 4 2816 563
ROW 2816 5 65 255 2816 11
ROW 2816 6 19 24 2816 112
ROW 2816 7 7 24 2816 113
ROW 2817 0 12 16 2817 165
ROW 2817 1 25 32 2817 85
ROW 2817 2 5 32 2817 86
ROW 2817 3 3 8 2817 313
ROW 2817 4 4 4 2817 564
ROW 2817 5 66 255 2817 11
ROW 2817 6 20 24 2817 112
ROW 2817 7 8 24 2817 113
ROW 2818 0 13 16 2818 165
ROW 2818 1 26 32 2818 85
ROW 2818 2 6 32 2818 86
ROW 2818 3 4 8 2818 313
ROW 2818 4 0 4 2818 564
ROW 2818 5 67 255 2818 11
ROW 2818 6 21 24 2818 112
ROW 2818 7 9 24 2818 113
ROW 2819 0 14 16 2819 165
ROW 2819 1 27 32 2819 85
ROW 2819 2 7 32 2819 86
ROW 2819 3 5 8 2819 313
ROW 2819 4 1 4 2819 564
ROW 2819 5 68 255 2819 11
ROW 2819 6 22 24 2819 112
ROW 2819 7 10 24 2819 113
ROW 2820 0 15 16 2820 165
ROW 2820 1 28 32 2820 85
ROW 2820 2 8 32 2820 86
ROW 2820 3 6 8 2820 313
ROW 2820 4 2 4 2820 564
ROW 2820 5 69 255 2820 11
ROW 2820 6 23 24 2820 112
ROW 2820 7 11 24 2820 113
ROW 2821 0 16 16 2821 166
ROW 2821 1 29 32 2821 85
ROW 2821 2 9 32 2821 86
ROW 2821 3 7 8 2821 313
ROW 2821 4 3 4 2821 564
ROW 2821 5 70 255 2821 11
ROW 2821 6 24 24 2821 113
ROW 2821 7 12 24 2821 113
ROW 2822 0 0 16 2822 166
ROW 2822 1 30 32 2822 85
ROW 2822 2 10 32 2822 86
ROW 2822 3 8 8 2822 314
ROW 2822 4 4 4 2822 565
ROW 2822 5 71 255 2822 11
ROW 2822 6 0 24 2822 113
ROW 2822 7 13 24 2822 113
ROW 2823 0 1 16 2823 166
ROW 2823 1 31 32 2823 85
ROW 2823 2 11 32 2823 86
ROW 2823 3 0 8 2823 314
ROW 2823 4 0 4 2823 565
ROW 2823 5 72 255 2823 11
ROW 2823 6 1 24 2823 113
ROW 2823 7 14 24 2823 113
ROW 2824 0 2 16 2824 166
ROW 2824 1 32 32 2824 86
ROW 2824 2 12 32 2824 86
ROW 2824 3 1 8 2824 314
ROW 2824 4 1 4 2824 565
ROW 2824 5 73 255 2824 11
ROW 2824 6 2 24 2824 113
ROW 2824 7 15 24 2824 113
ROW 2825 0 3 16 2825 166
ROW 2825 1 0 32 2825 86
ROW 2825 2 13 32 2825 86
ROW 2825 3 2 8 2825 314
ROW 2825 4 2 4 2825 565
ROW 2825 5 74 255 2825 11
ROW 2825 6 3 24 2825 113
ROW 2825 7 16 24 2825 113
ROW 2826 0 4 16 2826 166
ROW 2826 1 1 32 2826 86
ROW 2826 2 14 32 2826 86
ROW 2826 3 3 8 2826 314
ROW 2826 4 3 4 2826 565
ROW 2826 5 75 255 2826 11
ROW 2826 6 4 24 2826 113
ROW 2826 7 17 24 2826 113
ROW 2827 0 5 16 2827 166
ROW 2827 1 2 32 2827 86
ROW 2827 2 15 32 2827 86
ROW 2827 3 4 8 2827 314
ROW 2827 4 4 4 2827 566
ROW 2827 5 76 255 2827 11
ROW 2827 6 5 24 2827 113
ROW 2827 7 18 24 2827 113
ROW 2828 0 6 16 2828 166
ROW 2828 1 3 32 2828 86
ROW 2828 2 16 32 2828 86
ROW 2828 3 5 8 2828 314
ROW 2828 4 0 4 2828 566
ROW 2828 5 77 255 2828 11
ROW 2828 6 6 24 2828 113
ROW 2828 7 19 24 2828 113
ROW 2829 0 7 16 2829 166
ROW 2829 1 4 32 2829 86
ROW 2829 2 17 32 2829 86
ROW 2829 3 6 8 2829 314
ROW 2829 4 1 4 2829 566
ROW 2829 5 78 255 2829 11
ROW 2829 6 7 24 2829 113
ROW 2829 7 20 24 2829 113
ROW 2830 0 8 16 2830 166
ROW 2830 1 5 32 2830 86
ROW 2830 2 18 32 2830 86
ROW 2830 3 7 8 2830 314
ROW 2830 4 2 4 2830 566
ROW 2830 5 79 255 2830 11
ROW 2830 6 8 24 2830 113
ROW 2830 7 21 24 2830 113
ROW 2831 0 9 16 2831 166
ROW 2831 1 6 32 2831 86
ROW 2831 2 19 32 2831 86
ROW 2831 3 8 8 2831 315
ROW 2831 4 3 4 2831 566
ROW 2831 5 80 255 2831 11
ROW 2831 6 9 24 2831 113
ROW 2831 7 22 24 2831 113
ROW 2832 0 10 16 2832 166
ROW 2832 1 7 32 2832 86
ROW 2832 2 20 32 2832 86
ROW 2832 3 0 8 2832 315
ROW 2832 4 4 4 2832 567
ROW 2832 5 81 255 2832 11
ROW 2832 6 10 24 2832 113
ROW 2832 7 23 24 2832 113
ROW 2833 0 11 16 2833 166
ROW 2833 1 8 32 2833 86
ROW 2833 2 21 32 2833 86
ROW 2833 3 1 8 2833 315
ROW 2833 4 0 4 2833 567
ROW 2833 5 82 255 2833 11
ROW 2833 6 11 24 2833 113
ROW 2833 7 24 24 2833 114
ROW 2834 0 12 16 2834 166
ROW 2834 1 9 32 2834 86
ROW 2834 2 22 32 2834 86
ROW 2834 3 2 8 2834 315
ROW 2834 4 1 4 2834 567
ROW 2834 5 83 255 2834 11
ROW 2834 6 12 24 2834 113
ROW 2834 7 0 24 2834 114
ROW 2835 0 13 16 2835 166
ROW 2835 1 10 32 2835 86
ROW 2835 2 23 32 2835 86
ROW 2835 3 3 8 2835 315
ROW 2835 4 2 4 2835 567
ROW 2835 5 84 255 2835 11
ROW 2835 6 13 24 2835 113
ROW 2835 7 1 24 2835 114
ROW 2836 0 14 16 2836 166
ROW 2836 1 11 32 2836 86
ROW 2836 2 24 32 2836 86
ROW 2836 3 4 8 2836 315
ROW 2836 4 3 4 2836 567
ROW 2836 5 85 255 2836 11
ROW 2836 6 14 24 2836 113
ROW 2836 7 2 24 2836 114
ROW 2837 0 15 16 2837 166
ROW 2837 1 12 32 2837 86
ROW 2837 2 25 32 2837 86
ROW 2837 3 5 8 2837 315
ROW 2837 4 4 4 2837 568
ROW 2837 5 86 255 2837 11
ROW 2837 6 15 24 2837 113
ROW 2837 7 3 24 2837 114
ROW 2838 0 16 16 2838 167
ROW 2838 1 13 32 2838 86
ROW 2838 2 26 32 2838 86
ROW 2838 3 6 8 2838 315
ROW 2838 4 0 4 2838 568
ROW 2838 5 87 255 2838 11
ROW 2838 6 16 24 2838 113
ROW 2838 7 4 24 2838 114
ROW 2839 0 0 16 2839 167
ROW 2839 1 14 32 2839 86
ROW 2839 2 27 32 2839 86
ROW 2839 3 7 8 2839 315
ROW 2839 4 1 4 2839 568
ROW 2839 5 88 255 2839 11
ROW 2839 6 17 24 2839 113
ROW 2839 7 5 24 2839 114
ROW 2840 0 1 16 2840 167
ROW 2840 1 15 32 2840 86
ROW 2840 2 28 32 2840 86
ROW 2840 3 8 8 2840 316
ROW 2840 4 2 4 2840 568
ROW 2840 5 89 255 2840 11
ROW 2840 6 18 24 2840 113
ROW 2840 7 6 24 2840 114
ROW 2841 0 2 16 2841 167
ROW 2841 1 16 32 2841 86
ROW 2841 2 29 32 2841 86
ROW 2841 3 0 8 2841 316
ROW 2841 4 3 4 2841 568
ROW 2841 5 90 255 2841 11
ROW 2841 6 19 24 2841 113
ROW 2841 7 7 24 2841 114
ROW 2842 0 3 16 2842 167
ROW 2842 1 17 32 2842 86
ROW 2842 2 30 32 2842 86
ROW 2842 3 1 8 2842 316
ROW 2842 4 4 4 2842 569
ROW 2842 5 91 255 2842 11
ROW 2842 6 20 24 2842 113
ROW 2842 7 8 24 2842 114
ROW 2843 0 4 16 2843 167
ROW 2843 1 18 32 2843 86
ROW 2843 2 31 32 2843 86
ROW 2843 3 2 8 2843 316
ROW 2843 4 0 4 2843 569
ROW 2843 5 92 255 2843 11
ROW 2843 6 21 24 2843 113
ROW 2843 7 9 24 2843 114
ROW 2844 0 5 16 2844 167
ROW 2844 1 19 32 2844 86
ROW 2844 2 32 32 2844 87
ROW 2844 3 3 8 2844 316
ROW 2844 4 1 4 2844 569
ROW 2844 5 93 255 2844 11
ROW 2844 6 22 24 2844 113
ROW 2844 7 10 24 2844 114
ROW 2845 0 6 16 2845 167
ROW 2845 1 20 32 2845 86
ROW 2845 2 0 32 2845 87
ROW 2845 3 4 8 2845 316
ROW 2845 4 2 4 2845 569
ROW 2845 5 94 255 2845 11
ROW 2845 6 23 24 2845 113
ROW 2845 7 11 24 2845 114
ROW 2846 0 7 16 2846 167
ROW 2846 1 21 32 2846 86
ROW 2846 2 1 32 2846 87
ROW 2846 3 5 8 2846 316
ROW 2846 4 3 4 2846 569
ROW 2846 5 95 255 2846 11
ROW 2846 6 24 24 2846 114
ROW 2846 7 12 24 2846 114
ROW 2847 0 8 16 2847 167
ROW 2847 1 22 32 2847 86
ROW 2847 2 2 32 2847 87
ROW 2847 3 6 8 2847 316
ROW 2847 4 4 4 2847 570
ROW 2847 5 96 255 2847 11
ROW 2847 6 0 24 2847 114
ROW 2847 7 13 24 2847 114
ROW 2848 0 9 16 2848 167
ROW 2848 1 23 32 2848 86
ROW 2848 2 3 32 2848 87
ROW 2848 3 7 8 2848 316
ROW 2848 4 0 4 2848 570
ROW 2848 5 97 255 2848 11
ROW 2848 6 1 24 2848 114
ROW 2848 7 14 24 2848 114
ROW 2849 0 10 16 2849 167
ROW 2849 1 24 32 2849 86
ROW 2849 2 4 32 2849 87
ROW 2849 3 8 8 2849 317
ROW 2849 4 1 4 2849 570
ROW 2849 5 98 255 2849 11
ROW 2849 6 2 24 2849 114
ROW 2849 7 15 24 2849 114
ROW 2850 0 11 16 2850 167
ROW 2850 1 25 32 2850 86
ROW 2850 2 5 32 2850 87
ROW 2850 3 0 8 2850 317
ROW 2850 4 2 4 2850 570
ROW 2850 5 99 255 2850 11
ROW 2850 6 3 24 2850 114
ROW 2850 7 16 24 2850 114
ROW 2851 0 12 16 2851 167
ROW 2851 1 26 32 2851 86
ROW 2851 2 6 32 2851 87
ROW 2851 3 1 8 2851 317
ROW 2851 4 3 4 2851 570
ROW 2851 5 100 255 2851 11
ROW 2851 6 4 24 2851 114
ROW 2851 7 17 24 2851 114
ROW 2852 0 13 16 2852 167
ROW 2852 1 27 32 2852 86
ROW 2852 2 7 32 2852 87
ROW 2852 3 2 8 2852 317
ROW 2852 4 4 4 2852 571
ROW 2852 5 101 255 2852 11
ROW 2852 6 5 24 2852 114
ROW 2852 7 18 24 2852 114
ROW 2853 0 14 16 2853 167
ROW 2853 1 28 32 2853 86
ROW 2853 2 8 32 2853 87
ROW 2853 3 3 8 2853 317
ROW 2853 4 0 4 2853 571
ROW 2853 5 102 255 2853 11
ROW 2853 6 6 24 2853 114
ROW 2853 7 19 24 2853 114
ROW 2854 0 15 16 2854 167
ROW 2854 1 29 32 2854 86
ROW 2854 2 9 32 2854 87
ROW 2854 3 4 8 2854 317
ROW 2854 4 1 4 2854 571
ROW 2854 5 103 255 2854 11
ROW 2854 6 7 24 2854 114
ROW 2854 7 20 24 2854 114
ROW 2855 0 16 16 2855 168
ROW 2855 1 30 32 2855 86
ROW 2855 2 10 32 2855 87
ROW 2855 3 5 8 2855 317
ROW 2855 4 2 4 2855 571
ROW 2855 5 104 255 2855 11
ROW 2855 6 8 24 2855 114
ROW 2855 7 21 24 2855 114
ROW 2856 0 0 16 2856 168
ROW 2856 1 31 32 2856 86
ROW 2856 2 11 32 2856 87
ROW 2856 3 6 8 2856 317
ROW 2856 4 3 4 2856 571
ROW 2856 5 105 255 2856 11
ROW 2856 6 9 24 2856 114
ROW 2856 7 22 24 2856 114
ROW 2857 0 1 16 2857 168
ROW 2857 1 32 32 2857 87
ROW 2857 2 12 32 2857 87
ROW 2857 3 7 8 2857 317
ROW 2857 4 4 4 2857 572
ROW 2857 5 106 255 2857 11
ROW 2857 6 10 24 2857 114
ROW 2857 7 23 24 2857 114
ROW 2858 0 2 16 2858 168
ROW 2858 1 0 32 2858 87
ROW 2858 2 13 32 2858 87
ROW 2858 3 8 8 2858 318
ROW 2858 4 0 4 2858 572
ROW 2858 5 107 255 2858 11
ROW 2858 6 11 24 2858 114
ROW 2858 7 24 24 2858 115
ROW 2859 0 3 16 2859 168
ROW 2859 1 1 32 2859 87
ROW 2859 2 14 32 2859 87
ROW 2859 3 0 8 2859 318
ROW 2859 4 1 4 2859 572
ROW 2859 5 108 255 2859 11
ROW 2859 6 12 24 2859 114
ROW 2859 7 0 24 2859 115
ROW 2860 0 4 16 2860 168
ROW 2860 1 2 32 2860 87
ROW 2860 2 15 32 2860 87
ROW 2860 3 1 8 2860 318
ROW 2860 4 2 4 2860 572
ROW 2860 5 109 255 2860 11
ROW 2860 6 13 24 2860 114
ROW 2860 7 1 24 2860 115
ROW 2861 0 5 16 2861 168
ROW 2861 1 3 32 2861 87
ROW 2861 2 16 32 2861 87
ROW 2861 3 2 8 2861 318
ROW 2861 4 3 4 2861 572
ROW 2861 5 110 255 2861 11
ROW 2861 6 14 24 2861 114
ROW 2861 7 2 24 2861 115
ROW 2862 0 6 16 2862 168
ROW 2862 1 4 32 2862 87
ROW 2862 2 17 32 2862 87
ROW 2862 3 3 8 2862 318
ROW 2862 4 4 4 2862 573
ROW 2862 5 111 255 2862 11
ROW 2862 6 15 24 2862 114
ROW 2862 7 3 24 2862 115
ROW 2863 0 7 16 2863 168
ROW 2863 1 5 32 2863 87
ROW 2863 2 18 32 2863 87
ROW 2863 3 4 8 2863 318
ROW 2863 4 0 4 2863 573
ROW 2863 5 112 255 2863 11
ROW 2863 6 16 24 2863 114
ROW 2863 7 4 24 2863 115
ROW 2864 0 8 16 2864 168
ROW 2864 1 6 32 2864 87
ROW 2864 2 19 32 2864 87
ROW 2864 3 5 8 2864 318
ROW 2864 4 1 4 2864 573
ROW 2864 5 113 255 2864 11
ROW 2864 6 17 24 2864 114
ROW 2864 7 5 24 2864 115
ROW 2865 0 9 16 2865 168
ROW 2865 1 7 32 2865 87
ROW 2865 2 20 32 2865 87
ROW 2865 3 6 8 2865 318
ROW 2865 4 2 4 2865 573
ROW 2865 5 114 255 2865 11
ROW 2865 6 18 24 2865 114
ROW 2865 7 6 24 2865 115
ROW 2866 0 10 16 2866 168
ROW 2866 1 8 32 2866 87
ROW 2866 2 21 32 2866 87
ROW 2866 3 7 8 2866 318
ROW 2866 4 3 4 2866 573
ROW 2866 5 115 255 2866 11
ROW 2866 6 19 24 2866 114
ROW 2866 7 7 24 2866 115
ROW 2867 0 11 16 2867 168
ROW 2867 1 9 32 2867 87
ROW 2867 2 22 32 2867 87
ROW 2867 3 8 8 2867 319
ROW 2867 4 4 4 2867 574
ROW 2867 5 116 255 2867 11
ROW 2867 6 20 24 2867 114
ROW 2867 7 8 24 2867 115
ROW 2868 0 12 16 2868 168
ROW 2868 1 10 32 2868 87
ROW 2868 2 23 32 2868 87
ROW 2868 3 0 8 2868 319
ROW 2868 4 0 4 2868 574
ROW 2868 5 117 255 2868 11
ROW 2868 6 21 24 2868 114
ROW 2868 7 9 24 2868 115
ROW 2869 0 13 16 2869 168
ROW 2869 1 11 32 2869 87
ROW 2869 2 24 32 2869 87
ROW 2869 3 1 8 2869 319
ROW 2869 4 1 4 2869 574
ROW 2869 5 118 255 2869 11
ROW 2869 6 22 24 2869 114
ROW 2869 7 10 24 2869 115
ROW 2870 0 14 16 2870 168
ROW 2870 1 12 32 2870 87
ROW 2870 2 25 32 2870 87
ROW 2870 3 2 8 2870 319
ROW 2870 4 2 4 2870 574
ROW 2870 5 119 255 2870 11
ROW 2870 6 23 24 2870 114
ROW 2870 7 11 24 2870 115
ROW 2871 0 15 16 2871 168
ROW 2871 1 13 32 2871 87
ROW 2871 2 26 32 2871 87
ROW 2871 3 3 8 2871 319
ROW 2871 4 3 4 2871 574
ROW 2871 5 120 255 2871 11
ROW 2871 6 24 24 2871 115
ROW 2871 7 12 24 2871 115
ROW 2872 0 16 16 2872 169
ROW 2872 1 14 32 2872 87
ROW 2872 2 27 32 2872 87
ROW 2872 3 4 8 2872 319
ROW 2872 4 4 4 2872 575
ROW 2872 5 121 255 2872 11
ROW 2872 6 0 24 2872 115
ROW 2872 7 13 24 2872 115
ROW 2873 0 0 16 2873 169
ROW 2873 1 15 32 2873 87
ROW 2873 2 28 32 2873 87
ROW 2873 3 5 8 2873 319
ROW 2873 4 0 4 2873 575
ROW 2873 5 122 255 2873 11
ROW 2873 6 1 24 2873 115
ROW 2873 7 14 24 2873 115
ROW 2874 0 1 16 2874 169
ROW 2874 1 16 32 2874 87
ROW 2874 2 29 32 2874 87
ROW 2874 3 6 8 2874 319
ROW 2874 4 1 4 2874 575
ROW 2874 5 123 255 2874 11
ROW 2874 6 2 24 2874 115
ROW 2874 7 15 24 2874 115
ROW 2875 0 2 16 2875 169
ROW 2875 1 17 32 2875 87
ROW 2875 2 30 32 2875 87
ROW 2875 3 7 8 2875 319
ROW 2875 4 2 4 2875 575
ROW 2875 5 124 255 2875 11
ROW 2875 6 3 24 2875 115
ROW 2875 7 16 24 2875 115
ROW 2876 0 3 16 2876 169
ROW 2876 1 18 32 2876 87
ROW 2876 2 31 32 2876 87
ROW 2876 3 8 8 2876 320
ROW 2876 4 3 4 2876 575
ROW 2876 5 125 255 2876 11
ROW 2876 6 4 24 2876 115
ROW 2876 7 17 24 2876 115
ROW 2877 0 4 16 2877 169
ROW 2877 1 19 32 2877 87
ROW 2877 2 32 32 2877 88
ROW 2877 3 0 8 2877 320
ROW 2877 4 4 4 2877 576
ROW 2877 5 126 255 2877 11
ROW 2877 6 5 24 2877 115
ROW 2877 7 18 24 2877 115
ROW 2878 0 5 16 2878 169
ROW 2878 1 20 32 2878 87
ROW 2878 2 0 32 2878 88
ROW 2878 3 1 8 2878 320
ROW 2878 4 0 4 2878 576
ROW 2878 5 127 255 2878 11
ROW 2878 6 6 24 2878 115
ROW 2878 7 19 24 2878 115
ROW 2879 0 6 16 2879 169
ROW 2879 1 21 32 2879 87
ROW 2879 2 1 32 2879 88
ROW 2879 3 2 8 2879 320
ROW 2879 4 1 4 2879 576
ROW 2879 5 128 255 2879 11
ROW 2879 6 7 24 2879 115
ROW 2879 7 20 24 2879 115
ROW 2880 0 7 16 2880 169
ROW 2880 1 22 32 2880 87
ROW 2880 2 2 32 2880 88
ROW 2880 3 3 8 2880 320
ROW 2880 4 2 4 2880 576
ROW 2880 5 129 255 2880 11
ROW 2880 6 8 24 2880 115
ROW 2880 7 21 24 2880 115
ROW 2881 0 8 16 2881 169
ROW 2881 1 23 32 2881 87
ROW 2881 2 3 32 2881 88
ROW 2881 3 4 8 2881 320
ROW 2881 4 3 4 2881 576
ROW 2881 5 130 255 2881 11
ROW 2881 6 9 24 2881 115
ROW 2881 7 22 24 2881 115
ROW 2882 0 9 16 2882 169
ROW 2882 1 24 32 2882 87
ROW 2882 2 4 32 2882 88
ROW 2882 3 5 8 2882 320
ROW 2882 4 4 4 2882 577
ROW 2882 5 131 255 2882 11
ROW 2882 6 10 24 2882 115
ROW 2882 7 23 24 2882 115
ROW 2883 0 10 16 2883 169
ROW 2883 1 25 32 2883 87
ROW 2883 2 5 32 2883 88
ROW 2883 3 6 8 2883 320
ROW 2883 4 0 4 2883 577
ROW 2883 5 132 255 2883 11
ROW 2883 6 11 24 2883 115
ROW 2883 7 24 24 2883 116
ROW 2884 0 11 16 2884 169
ROW 2884 1 26 32 2884 87
ROW 2884 2 6 32 2884 88
ROW 2884 3 7 8 2884 320
ROW 2884 4 1 4 2884 577
ROW 2884 5 133 255 2884 11
ROW 2884 6 12 24 2884 115
ROW 2884 7 0 24 2884 116
ROW 2885 0 12 16 2885 169
ROW 2885 1 27 32 2885 87
ROW 2885 2 7 32 2885 88
ROW 2885 3 8 8 2885 321
ROW 2885 4 2 4 2885 577
ROW 2885 5 134 255 2885 11
ROW 2885 6 13 24 2885 115
ROW 2885 7 1 24 2885 116
ROW 2886 0 13 16 2886 169
ROW 2886 1 28 32 2886 87
ROW 2886 2 8 32 2886 88
ROW 2886 3 0 8 2886 321
ROW 2886 4 3 4 2886 577
ROW 2886 5 135 255 2886 11
ROW 2886 6 14 24 2886 115
ROW 2886 7 2 24 2886 116
ROW 2887 0 14 16 2887 169
ROW 2887 1 29 32 2887 87
ROW 2887 2 9 32 2887 88
ROW 2887 3 1 8 2887 321
ROW 2887 4 4 4 2887 578
ROW 2887 5 136 255 2887 11
ROW 2887 6 15 24 2887 115
ROW 2887 7 3 24 2887 116
ROW 2888 0 15 16 2888 169
ROW 2888 1 30 32 2888 87
ROW 2888 2 10 32 2888 88
ROW 2888 3 2 8 2888 321
ROW 2888 4 0 4 2888 578
ROW 2888 5 137 255 2888 11
ROW 2888 6 16 24 2888 115
ROW 2888 7 4 24 2888 116
ROW 2889 0 16 16 2889 170
ROW 2889 1 31 32 2889 87
ROW 2889 2 11 32 2889 88
ROW 2889 3 3 8 2889 321
ROW 2889 4 1 4 2889 578
ROW 2889 5 138 255 2889 11
ROW 2889 6 17 24 2889 115
ROW 2889 7 5 24 2889 116
ROW 2890 0 0 16 2890 170
ROW 2890 1 32 32 2890 88
ROW 2890 2 12 32 2890 88
ROW 2890 3 4 8 2890 321
ROW 2890 4 2 4 2890 578
ROW 2890 5 139 255 2890 11
ROW 2890 6 18 24 2890 115
ROW 2890 7 6 24 2890 116
ROW 2891 0 1 16 2891 170
ROW 2891 1 0 32 2891 88
ROW 2891 2 13 32 2891 88
ROW 2891 3 5 8 2891 321
ROW 2891 4 3 4 2891 578
ROW 2891 5 140 255 2891 11
ROW 2891 6 19 24 2891 115
ROW 2891 7 7 24 2891 116
ROW 2892 0 2 16 2892 170
ROW 2892 1 1 32 2892 88
ROW 2892 2 14 32 2892 88
ROW 2892 3 6 8 2892 321
ROW 2892 4 4 4 2892 579
ROW 2892 5 141 255 2892 11
ROW 2892 6 20 24 2892 115
ROW 2892 7 8 24 2892 116
ROW 2893 0 3 16 2893 170
ROW 2893 1 2 32 2893 88
ROW 2893 2 15 32 2893 88
ROW 2893 3 7 8 2893 321
ROW 2893 4 0 4 2893 579
ROW 2893 5 142 255 2893 11
ROW 2893 6 21 24 2893 115
ROW 2893 7 9 24 2893 116
ROW 2894 0 4 16 2894 170
ROW 2894 1 3 32 2894 88
ROW 2894 2 16 32 2894 88
ROW 2894 3 8 8 2894 322
ROW 2894 4 1 4 2894 579
ROW 2894 5 143 255 2894 11
ROW 2894 6 22 24 2894 115
ROW 2894 7 10 24 2894 116
ROW 2895 0 5 16 2895 170
ROW 2895 1 4 32 2895 88
ROW 2895 2 17 32 2895 88
ROW 2895 3 0 8 2895 322
ROW 2895 4 2 4 2895 579
ROW 2895 5 144 255 2895 11
ROW 2895 6 23 24 2895 115
ROW 2895 7 11 24 2895 116
ROW 2896 0 6 16 2896 170
ROW 2896 1 5 32 2896 88
ROW 2896 2 18 32 2896 88
ROW 2896 3 1 8 2896 322
ROW 2896 4 3 4 2896 579
ROW 2896 5 145 255 2896 11
ROW 2896 6 24 24 2896 116
ROW 2896 7 12 24 2896 116
ROW 2897 0 7 16 2897 170
ROW 2897 1 6 32 2897 88
ROW 2897 2 19 32 2897 88
ROW 2897 3 2 8 2897 322
ROW 2897 4 4 4 2897 580
ROW 2897 5 146 255 2897 11
ROW 2897 6 0 24 2897 116
ROW 2897 7 13 24 2897 116
ROW 2898 0 8 16 2898 170
ROW 2898 1 7 32 2898 88
ROW 2898 2 20 32 2898 88
ROW 2898 3 3 8 2898 322
ROW 2898 4 0 4 2898 580
ROW 2898 5 147 255 2898 11
ROW 2898 6 1 24 2898 116
ROW 2898 7 14 24 2898 116
ROW 2899 0 9 16 2899 170
ROW 2899 1 8 32 2899 88
ROW 2899 2 21 32 2899 88
ROW 2899 3 4 8 2899 322
ROW 2899 4 1 4 2899 580
ROW 2899 5 148 255 2899 11
ROW 2899 6 2 24 2899 116
ROW 2899 7 15 24 2899 116
ROW 2900 0 10 16 2900 170
ROW 2900 1 9 32 2900 88
ROW 2900 2 22 32 2900 88
ROW 2900 3 5 8 2900 322
ROW 2900 4 2 4 2900 580
ROW 2900 5 149 255 2900 11
ROW 2900 6 3 24 2900 116
ROW 2900 7 16 24 2900 116
ROW 2901 0 11 16 2901 170
ROW 2901 1 10 32 2901 88
ROW 2901 2 23 32 2901 88
ROW 2901 3 6 8 2901 322
ROW 2901 4 3 4 2901 580
ROW 2901 5 150 255 2901 11
ROW 2901 6 4 24 2901 116
ROW 2901 7 17 24 2901 116
ROW 2902 0 12 16 2902 170
ROW 2902 1 11 32 2902 88
ROW 2902 2 24 32 2902 88
ROW 2902 3 7 8 2902 322
ROW 2902 4 4 4 2902 581
ROW 2902 5 151 255 2902 11
ROW 2902 6 5 24 2902 116
ROW 2902 7 18 24 2902 116
ROW 2903 0 13 16 2903 170
ROW 2903 1 12 32 2903 88
ROW 2903 2 25 32 2903 88
ROW 2903 3 8 8 2903 323
ROW 2903 4 0 4 2903 581
ROW 2903 5 152 255 2903 11
ROW 2903 6 6 24 2903 116
ROW 2903 7 19 24 2903 116
ROW 2904 0 14 16 2904 170
ROW 2904 1 13 32 2904 88
ROW 2904 2 26 32 2904 88
ROW 2904 3 0 8 2904 323
ROW 2904 4 1 4 2904 581
ROW 2904 5 153 255 2904 11
ROW 2904 6 7 24 2904 116
ROW 2904 7 20 24 2904 116
ROW 2905 0 15 16 2905 170
ROW 2905 1 14 32 2905 88
ROW 2905 2 27 32 2905 88
ROW 2905 3 1 8 2905 323
ROW 2905 4 2 4 2905 581
ROW 2905 5 154 255 2905 11
ROW 2905 6 8 24 2905 116
ROW 2905 7 21 24 2905 116
ROW 2906 0 16 16 2906 171
ROW 2906 1 15 32 2906 88
ROW 2906 2 28 32 2906 88
ROW 2906 3 2 8 2906 323
ROW 2906 4 3 4 2906 581
ROW 2906 5 155 255 2906 11
ROW 2906 6 9 24 2906 116
ROW 2906 7 22 24 2906 116
ROW 2907 0 0 16 2907 171
ROW 2907 1 16 32 2907 88
ROW 2907 2 29 32 2907 88
ROW 2907 3 3 8 2907 323
ROW 2907 4 4 4 2907 582
ROW 2907 5 156 255 2907 11
ROW 2907 6 10 24 2907 116
ROW 2907 7 23 24 2907 116
ROW 2908 0 1 16 2908 171
ROW 2908 1 17 32 2908 88
ROW 2908 2 30 32 2908 88
ROW 2908 3 4 8 2908 323
ROW 2908 4 0 4 2908 582
ROW 2908 5 157 255 2908 11
ROW 2908 6 11 24 2908 116
ROW 2908 7 24 24 2908 117
ROW 2909 0 2 16 2909 171
ROW 2909 1 18 32 2909 88
ROW 2909 2 31 32 2909 88
ROW 2909 3 5 8 2909 323
ROW 2909 4 1 4 2909 582
ROW 2909 5 158 255 2909 11
ROW 2909 6 12 24 2909 116
ROW 2909 7 0 24 2909 117
ROW 2910 0 3 16 2910 171
ROW 2910 1 19 32 2910 88
ROW 2910 2 32 32 2910 89
ROW 2910 3 6 8 2910 323
ROW 2910 4 2 4 2910 582
ROW 2910 5 159 255 2910 11
ROW 2910 6 13 24 2910 116
ROW 2910 7 1 24 2910 117
ROW 2911 0 4 16 2911 171
ROW 2911 1 20 32 2911 88
ROW 2911 2 0 32 2911 89
ROW 2911 3 7 8 2911 323
ROW 2911 4 3 4 2911 582
ROW 2911 5 160 255 2911 11
ROW 2911 6 14 24 2911 116
ROW 2911 7 2 24 2911 117
ROW 2912 0 5 16 2912 171
ROW 2912 1 21 32 2912 88
ROW 2912 2 1 32 2912 89
ROW 2912 3 8 8 2912 324
ROW 2912 4 4 4 2912 583
ROW 2912 5 161 255 2912 11
ROW 2912 6 15 24 2912 116
ROW 2912 7 3 24 2912 117
ROW 2913 0 6 16 2913 171
ROW 2913 1 22 32 2913 88
ROW 2913 2 2 32 2913 89
ROW 2913 3 0 8 2913 324
ROW 2913 4 0 4 2913 583
ROW 2913 5 162 255 2913 11
ROW 2913 6 16 24 2913 116
ROW 2913 7 4 24 2913 117
ROW 2914 0 7 16 2914 171
ROW 2914 1 23 32 2914 88
ROW 2914 2 3 32 2914 89
ROW 2914 3 1 8 2914 324
ROW 2914 4 1 4 2914 583
ROW 2914 5 163 255 2914 11
ROW 2914 6 17 24 2914 116
ROW 2914 7 5 24 2914 117
ROW 2915 0 8 16 2915 171
ROW 2915 1 24 32 2915 88
ROW 2915 2 4 32 2915 89
ROW 2915 3 2 8 2915 324
ROW 2915 4 2 4 2915 583
ROW 2915 5 164 255 2915 11
ROW 2915 6 18 24 2915 116
ROW 2915 7 6 24 2915 117
ROW 2916 0 9 16 2916 171
ROW 2916 1 25 32 2916 88
ROW 2916 2 5 32 2916 89
ROW 2916 3 3 8 2916 324
ROW 2916 4 3 4 2916 583
ROW 2916 5 165 255 2916 11
ROW 2916 6 19 24 2916 116
ROW 2916 7 7 24 2916 117
ROW 2917 0 10 16 2917 171
ROW 2917 1 26 32 2917 88
ROW 2917 2 6 32 2917 89
ROW 2917 3 4 8 2917 324
ROW 2917 4 4 4 2917 584
ROW 2917 5 166 255 2917 11
ROW 2917 6 20 24 2917 116
ROW 2917 7 8 24 2917 117
ROW 2918 0 11 16 2918 171
ROW 2918 1 27 32 2918 88
ROW 2918 2 7 32 2918 89
ROW 2918 3 5 8 2918 324
ROW 2918 4 0 4 2918 584
ROW 2918 5 167 255 2918 11
ROW 2918 6 21 24 2918 116
ROW 2918 7 9 24 2918 117
ROW 2919 0 12 16 2919 171
ROW 2919 1 28 32 2919 88
ROW 2919 2 8 32 2919 89
ROW 2919 3 6 8 2919 324
ROW 2919 4 1 4 2919 584
ROW 2919 5 168 255 2919 11
ROW 2919 6 22 24 2919 116
ROW 2919 7 10 24 2919 117
ROW 2920 0 13 16 2920 171
ROW 2920 1 29 32 2920 88
ROW 2920 2 9 32 2920 89
ROW 2920 3 7 8 2920 324
ROW 2920 4 2 4 2920 584
ROW 2920 5 169 255 2920 11
ROW 2920 6 23 24 2920 116
ROW 2920 7 11 24 2920 117
ROW 2921 0 14 16 2921 171
ROW 2921 1 30 32 2921 88
ROW 2921 2 10 32 2921 89
ROW 2921 3 8 8 2921 325
ROW 2921 4 3 4 2921 584
ROW 2921 5 170 255 2921 11
ROW 2921 6 24 24 2921 117
ROW 2921 7 12 24 2921 117
ROW 2922 0 15 16 2922 171
ROW 2922 1 31 32 2922 88
ROW 2922 2 11 32 2922 89
ROW 2922 3 0 8 2922 325
ROW 2922 4 4 4 2922 585
ROW 2922 5 171 255 2922 11
ROW 2922 6 0 24 2922 117
ROW 2922 7 13 24 2922 117
ROW 2923 0 16 16 2923 172
ROW 2923 1 32 32 2923 89
ROW 2923 2 12 32 2923 89
ROW 2923 3 1 8 2923 325
ROW 2923 4 0 4 2923 585
ROW 2923 5 172 255 2923 11
ROW 2923 6 1 24 2923 117
ROW 2923 7 14 24 2923 117
ROW 2924 0 0 16 2924 172
ROW 2924 1 0 32 2924 89
ROW 2924 2 13 32 2924 89
ROW 2924 3 2 8 2924 325
ROW 2924 4 1 4 2924 585
ROW 2924 5 173 255 2924 11
ROW 2924 6 2 24 2924 117
ROW 2924 7 15 24 2924 117
ROW 2925 0 1 16 2925 172
ROW 2925 1 1 32 2925 89
ROW 2925 2 14 32 2925 89
ROW 2925 3 3 8 2925 325
ROW 2925 4 2 4 2925 585
ROW 2925 5 174 255 2925 11
ROW 2925 6 3 24 2925 117
ROW 2925 7 16 24 2925 117
ROW 2926 0 2 16 2926 172
ROW 2926 1 2 32 2926 89
ROW 2926 2 15 32 2926 89
ROW 2926 3 4 8 2926 325
ROW 2926 4 3 4 2926 585
ROW 2926 5 175 255 2926 11
ROW 2926 6 4 24 2926 117
ROW 2926 7 17 24 2926 117
ROW 2927 0 3 16 2927 172
ROW 2927 1 3 32 2927 89
ROW 2927 2 16 32 2927 89
ROW 2927 3 5 8 2927 325
ROW 2927 4 4 4 2927 586
ROW 2927 5 176 255 2927 11
ROW 2927 6 5 24 2927 117
ROW 2927 7 18 24 2927 117
ROW 2928 0 4 16 2928 172
ROW 2928 1 4 32 2928 89
ROW 2928 2 17 32 2928 89
ROW 2928 3 6 8 2928 325
ROW 2928 4 0 4 2928 586
ROW 2928 5 177 255 2928 11
ROW 2928 6 6 24 2928 117
ROW 2928 7 19 24 2928 117
ROW 2929 0 5 16 2929 172
ROW 2929 1 5 32 2929 89
ROW 2929 2 18 32 2929 89
ROW 2929 3 7 8 2929 325
ROW 2929 4 1 4 2929 586
ROW 2929 5 178 255 2929 11
ROW 2929 6 7 24 2929 117
ROW 2929 7 20 24 2929 117
ROW 2930 0 6 16 2930 172
ROW 2930 1 6 32 2930 89
ROW 2930 2 19 32 2930 89
ROW 2930 3 8 8 2930 326
ROW 2930 4 2 4 2930 586
ROW 2930 5 179 255 2930 11
ROW 2930 6 8 24 2930 117
ROW 2930 7 21 24 2930 117
ROW 2931 0 7 16 2931 172
ROW 2931 1 7 32 2931 89
ROW 2931 2 20 32 2931 89
ROW 2931 3 0 8 2931 326
ROW 2931 4 3 4 2931 586
ROW 2931 5 180 255 2931 11
ROW 2931 6 9 24 2931 117
ROW 2931 7 22 24 2931 117
ROW 2932 0 8 16 2932 172
ROW 2932 1 8 32 2932 89
ROW 2932 2 21 32 2932 89
ROW 2932 3 1 8 2932 326
ROW 2932 4 4 4 2932 587
ROW 2932 5 181 255 2932 11
ROW 2932 6 10 24 2932 117
ROW 2932 7 23 24 2932 117
ROW 2933 0 9 16 2933 172
ROW 2933 1 9 32 2933 89
ROW 2933 2 22 32 2933 89
ROW 2933 3 2 8 2933 326
ROW 2933 4 0 4 2933 587
ROW 2933 5 182 255 2933 11
ROW 2933 6 11 24 2933 117
ROW 2933 7 24 24 2933 118
ROW 2934 0 10 16 2934 172
ROW 2934 1 10 32 2934 89
ROW 2934 2 23 32 2934 89
ROW 2934 3 3 8 2934 326
ROW 2934 4 1 4 2934 587
ROW 2934 5 183 255 2934 11
ROW 2934 6 12 24 2934 117
ROW 2934 7 0 24 2934 118
ROW 2935 0 11 16 2935 172
ROW 2935 1 11 32 2935 89
ROW 2935 2 24 32 2935 89
ROW 2935 3 4 8 2935 326
ROW 2935 4 2 4 2935 587
ROW 2935 5 184 255 2935 11
ROW 2935 6 13 24 2935 117
ROW 2935 7 1 24 2935 118
ROW 2936 0 12 16 2936 172
ROW 2936 1 12 32 2936 89
ROW 2936 2 25 32 2936 89
ROW 2936 3 5 8 2936 326
ROW 2936 4 3 4 2936 587
ROW 2936 5 185 255 2936 11
ROW 2936 6 14 24 2936 117
ROW 2936 7 2 24 2936 118
ROW 2937 0 13 16 2937 172
ROW 2937 1 13 32 2937 89
ROW 2937 2 26 32 2937 89
ROW 2937 3 6 8 2937 326
ROW 2937 4 4 4 2937 588
ROW 2937 5 186 255 2937 11
ROW 2937 6 15 24 2937 117
ROW 2937 7 3 24 2937 118
ROW 2938 0 14 16 2938 172
ROW 2938 1 14 32 2938 89
ROW 2938 2 27 32 2938 89
ROW 2938 3 7 8 2938 326
ROW 2938 4 0 4 2938 588
ROW 2938 5 187 255 2938 11
ROW 2938 6 16 24 2938 117
ROW 2938 7 4 24 2938 118
ROW 2939 0 15 16 2939 172
ROW 2939 1 15 32 2939 89
ROW 2939 2 28 32 2939 89
ROW 2939 3 8 8 2939 327
ROW 2939 4 1 4 2939 588
ROW 2939 5 188 255 2939 11
ROW 2939 6 17 24 2939 117
ROW 2939 7 5 24 2939 118
ROW 2940 0 16 16 2940 173
ROW 2940 1 16 32 2940 89
ROW 2940 2 29 32 2940 89
ROW 2940 3 0 8 2940 327
ROW 2940 4 2 4 2940 588
ROW 2940 5 189 255 2940 11
ROW 2940 6 18 24 2940 117
ROW 2940 7 6 24 2940 118
ROW 2941 0 0 16 2941 173
ROW 2941 1 17 32 2941 89
ROW 2941 2 30 32 2941 89
ROW 2941 3 1 8 2941 327
ROW 2941 4 3 4 2941 588
ROW 2941 5 190 255 2941 11
ROW 2941 6 19 24 2941 117
ROW 2941 7 7 24 2941 118
ROW 2942 0 1 16 2942 173
ROW 2942 1 18 32 2942 89
ROW 2942 2 31 32 2942 89
ROW 2942 3 2 8 2942 327
ROW 2942 4 4 4 2942 589
ROW 2942 5 191 255 2942 11
ROW 2942 6 20 24 2942 117
ROW 2942 7 8 24 2942 118
ROW 2943 0 2 16 2943 173
ROW 2943 1 19 32 2943 89
ROW 2943 2 32 32 2943 90
ROW 2943 3 3 8 2943 327
ROW 2943 4 0 4 2943 589
ROW 2943 5 192 255 2943 11
ROW 2943 6 21 24 2943 117
ROW 2943 7 9 24 2943 118
ROW 2944 0 3 16 2944 173
ROW 2944 1 20 32 2944 89
ROW 2944 2 0 32 2944 90
ROW 2944 3 4 8 2944 327
ROW 2944 4 1 4 2944 589
ROW 2944 5 193 255 2944 11
ROW 2944 6 22 24 2944 117
ROW 2944 7 10 24 2944 118
ROW 2945 0 4 16 2945 173
ROW 2945 1 21 32 2945 89
ROW 2945 2 1 32 2945 90
ROW 2945 3 5 8 2945 327
ROW 2945 4 2 4 2945 589
ROW 2945 5 194 255 2945 11
ROW 2945 6 23 24 2945 117
ROW 2945 7 11 24 2945 118
ROW 2946 0 5 16 2946 173
ROW 2946 1 22 32 2946 89
ROW 2946 2 2 32 2946 90
ROW 2946 3 6 8 2946 327
ROW 2946 4 3 4 2946 589
ROW 2946 5 195 255 2946 11
ROW 2946 6 24 24 2946 118
ROW 2946 7 12 24 2946 118
ROW 2947 0 6 16 2947 173
ROW 2947 1 23 32 2947 89
ROW 2947 2 3 32 2947 90
ROW 2947 3 7 8 2947 327
ROW 2947 4 4 4 2947 590
ROW 2947 5 196 255 2947 11
ROW 2947 6 0 24 2947 118
ROW 2947 7 13 24 2947 118
ROW 2948 0 7 16 2948 173
ROW 2948 1 24 32 2948 89
ROW 2948 2 4 32 2948 90
ROW 2948 3 8 8 2948 328
ROW 2948 4 0 4 2948 590
ROW 2948 5 197 255 2948 11
ROW 2948 6 1 24 2948 118
ROW 2948 7 14 24 2948 118
ROW 2949 0 8 16 2949 173
ROW 2949 1 25 32 2949 89
ROW 2949 2 5 32 2949 90
ROW 2949 3 0 8 2949 328
ROW 2949 4 1 4 2949 590
ROW 2949 5 198 255 2949 11
ROW 2949 6 2 24 2949 118
ROW 2949 7 15 24 2949 118
ROW 2950 0 9 16 2950 173
ROW 2950 1 26 32 2950 89
ROW 2950 2 6 32 2950 90
ROW 2950 3 1 8 2950 328
ROW 2950 4 2 4 2950 590
ROW 2950 5 199 255 2950 11
ROW 2950 6 3 24 2950 118
ROW 2950 7 16 24 2950 118
ROW 2951 0 10 16 2951 173
ROW 2951 1 27 32 2951 89
ROW 2951 2 7 32 2951 90
ROW 2951 3 2 8 2951 328
ROW 2951 4 3 4 2951 590
ROW 2951 5 200 255 2951 11
ROW 2951 6 4 24 2951 118
ROW 2951 7 17 24 2951 118
ROW 2952 0 11 16 2952 173
ROW 2952 1 28 32 2952 89
ROW 2952 2 8 32 2952 90
ROW 2952 3 3 8 2952 328
ROW 2952 4 4 4 2952 591
ROW 2952 5 201 255 2952 11
ROW 2952 6 5 24 2952 118
ROW 2952 7 18 24 2952 118
ROW 2953 0 12 16 2953 173
ROW 2953 1 29 32 2953 89
ROW 2953 2 9 32 2953 90
ROW 2953 3 4 8 2953 328
ROW 2953 4 0 4 2953 591
ROW 2953 5 202 255 2953 11
ROW 2953 6 6 24 2953 118
ROW 2953 7 19 24 2953 118
ROW 2954 0 13 16 2954 173
ROW 2954 1 30 32 2954 89
ROW 2954 2 10 32 2954 90
ROW 2954 3 5 8 2954 328
ROW 2954 4 1 4 2954 591
ROW 2954 5 203 255 2954 11
ROW 2954 6 7 24 2954 118
ROW 2954 7 20 24 2954 118
ROW 2955 0 14 16 2955 173
ROW 2955 1 31 32 2955 89
ROW 2955 2 11 32 2955 90
ROW 2955 3 6 8 2955 328
ROW 2955 4 2 4 2955 591
ROW 2955 5 204 255 2955 11
ROW 2955 6 8 24 2955 118
ROW 2955 7 21 24 2955 118
ROW 2956 0 15 16 2956 173
ROW 2956 1 32 32 2956 90
ROW 2956 2 12 32 2956 90
ROW 2956 3 7 8 2956 328
ROW 2956 4 3 4 2956 591
ROW 2956 5 205 255 2956 11
ROW 2956 6 9 24 2956 118
ROW 2956 7 22 24 2956 118
ROW 2957 0 16 16 2957 174
ROW 2957 1 0 32 2957 90
ROW 2957 2 13 32 2957 90
ROW 2957 3 8 8 2957 329
ROW 2957 4 4 4 2957 592
ROW 2957 5 206 255 2957 11
ROW 2957 6 10 24 2957 118
ROW 2957 7 23 24 2957 118
ROW 2958 0 0 16 2958 174
ROW 2958 1 1 32 2958 90
ROW 2958 2 14 32 2958 90
ROW 2958 3 0 8 2958 329
ROW 2958 4 0 4 2958 592
ROW 2958 5 207 255 2958 11
ROW 2958 6 11 24 2958 118
ROW 2958 7 24 24 2958 119
ROW 2959 0 1 16 2959 174
ROW 2959 1 2 32 2959 90
ROW 2959 2 15 32 2959 90
ROW 2959 3 1 8 2959 329
ROW 2959 4 1 4 2959 592
ROW 2959 5 208 255 2959 11
ROW 2959 6 12 24 2959 118
ROW 2959 7 0 24 2959 119
ROW 2960 0 2 16 2960 174
ROW 2960 1 3 32 2960 90
ROW 2960 2 16 32 2960 90
ROW 2960 3 2 8 2960 329
ROW 2960 4 2 4 2960 592
ROW 2960 5 209 255 2960 11
ROW 2960 6 13 24 2960 118
ROW 2960 7 1 24 2960 119
ROW 2961 0 3 16 2961 174
ROW 2961 1 4 32 2961 90
ROW 2961 2 17 32 2961 90
ROW 2961 3 3 8 2961 329
ROW 2961 4 3 4 2961 592
ROW 2961 5 210 255 2961 11
ROW 2961 6 14 24 2961 118
ROW 2961 7 2 24 2961 119
ROW 2962 0 4 16 2962 174
ROW 2962 1 5 32 2962 90
ROW 2962 2 18 32 2962 90
ROW 2962 3 4 8 2962 329
ROW 2962 4 4 4 2962 593
ROW 2962 5 211 255 2962 11
ROW 2962 6 15 24 2962 118
ROW 2962 7 3 24 2962 119
ROW 2963 0 5 16 2963 174
ROW 2963 1 6 32 2963 90
ROW 2963 2 19 32 2963 90
ROW 2963 3 5 8 2963 329
ROW 2963 4 0 4 2963 593
ROW 2963 5 212 255 2963 11
ROW 2963 6 16 24 2963 118
ROW 2963 7 4 24 2963 119
ROW 2964 0 6 16 2964 174
ROW 2964 1 7 32 2964 90
ROW 2964 2 20 32 2964 90
ROW 2964 3 6 8 2964 329
ROW 2964 4 1 4 2964 593
ROW 2964 5 213 255 2964 11
ROW 2964 6 17 24 2964 118
ROW 2964 7 5 24 2964 119
ROW 2965 0 7 16 2965 174
ROW 2965 1 8 32 2965 90
ROW 2965 2 21 32 2965 90
ROW 2965 3 7 8 2965 329
ROW 2965 4 2 4 2965 593
ROW 2965 5 214 255 2965 11
ROW 2965 6 18 24 2965 118
ROW 2965 7 6 24 2965 119
ROW 2966 0 8 16 2966 174
ROW 2966 1 9 32 2966 90
ROW 2966 2 22 32 2966 90
ROW 2966 3 8 8 2966 330
ROW 2966 4 3 4 2966 593
ROW 2966 5 215 255 2966 11
ROW 2966 6 19 24 2966 118
ROW 2966 7 7 24 2966 119
ROW 2967 0 9 16 2967 174
ROW 2967 1 10 32 2967 90
ROW 2967 2 23 32 2967 90
ROW 2967 3 0 8 2967 330
ROW 2967 4 4 4 2967 594
ROW 2967 5 216 255 2967 11
ROW 2967 6 20 24 2967 118
ROW 2967 7 8 24 2967 119
ROW 2968 0 10 16 2968 174
ROW 2968 1 11 32 2968 90
ROW 2968 2 24 32 2968 90
ROW 2968 3 1 8 2968 330
ROW 2968 4 0 4 2968 594
ROW 2968 5 217 255 2968 11
ROW 2968 6 21 24 2968 118
ROW 2968 7 9 24 2968 119
ROW 2969 0 11 16 2969 174
ROW 2969 1 12 32 2969 90
ROW 2969 2 25 32 2969 90
ROW 2969 3 2 8 2969 330
ROW 2969 4 1 4 2969 594
ROW 2969 5 218 255 2969 11
ROW 2969 6 22 24 2969 118
ROW 2969 7 10 24 2969 119
ROW 2970 0 12 16 2970 174
ROW 2970 1 13 32 2970 90
ROW 2970 2 26 32 2970 90
ROW 2970 3 3 8 2970 330
ROW 2970 4 2 4 2970 594
ROW 2970 5 219 255 2970 11
ROW 2970 6 23 24 2970 118
ROW 2970 7 11 24 2970 119
ROW 2971 0 13 16 2971 174
ROW 2971 1 14 32 2971 90
ROW 2971 2 27 32 2971 90
ROW 2971 3 4 8 2971 330
ROW 2971 4 3 4 2971 594
ROW 2971 5 220 255 2971 11
ROW 2971 6 24 24 2971 119
ROW 2971 7 12 24 2971 119
ROW 2972 0 14 16 2972 174
ROW 2972 1 15 32 2972 90
ROW 2972 2 28 32 2972 90
ROW 2972 3 5 8 2972 330
ROW 2972 4 4 4 2972 595
ROW 2972 5 221 255 2972 11
ROW 2972 6 0 24 2972 119
ROW 2972 7 13 24 2972 119
ROW 2973 0 15 16 2973 174
ROW 2973 1 16 32 2973 90
ROW 2973 2 29 32 2973 90
ROW 2973 3 6 8 2973 330
ROW 2973 4 0 4 2973 595
ROW 2973 5 222 255 2973 11
ROW 2973 6 1 24 2973 119
ROW 2973 7 14 24 2973 119
ROW 2974 0 16 16 2974 175
ROW 2974 1 17 32 2974 90
ROW 2974 2 30 32 2974 90
ROW 2974 3 7 8 2974 330
ROW 2974 4 1 4 2974 595
ROW 2974 5 223 255 2974 11
ROW 2974 6 2 24 2974 119
ROW 2974 7 15 24 2974 119
ROW 2975 0 0 16 2975 175
ROW 2975 1 18 32 2975 90
ROW 2975 2 31 32 2975 90
ROW 2975 3 8 8 2975 331
ROW 2975 4 2 4 2975 595
ROW 2975 5 224 255 2975 11
ROW 2975 6 3 24 2975 119
ROW 2975 7 16 24 2975 119
ROW 2976 0 1 16 2976 175
ROW 2976 1 19 32 2976 90
ROW 2976 2 32 32 2976 91
ROW 2976 3 0 8 2976 331
ROW 2976 4 3 4 2976 595
ROW 2976 5 225 255 2976 11
ROW 2976 6 4 24 2976 119
ROW 2976 7 17 24 2976 119
ROW 2977 0 2 16 2977 175
ROW 2977 1 20 32 2977 90
ROW 2977 2 0 32 2977 91
ROW 2977 3 1 8 2977 331
ROW 2977 4 4 4 2977 596
ROW 2977 5 226 255 2977 11
ROW 2977 6 5 24 2977 119
ROW 2977 7 18 24 2977 119
ROW 2978 0 3 16 2978 175
ROW 2978 1 21 32 2978 90
ROW 2978 2 1 32 2978 91
ROW 2978 3 2 8 2978 331
ROW 2978 4 0 4 2978 596
ROW 2978 5 227 255 2978 11
ROW 2978 6 6 24 2978 119
ROW 2978 7 19 24 2978 119
ROW 2979 0 4 16 2979 175
ROW 2979 1 22 32 2979 90
ROW 2979 2 2 32 2979 91
ROW 2979 3 3 8 2979 331
ROW 2979 4 1 4 2979 596
ROW 2979 5 228 255 2979 11
ROW 2979 6 7 24 2979 119
ROW 2979 7 20 24 2979 119
ROW 2980 0 5 16 2980 175
ROW 2980 1 23 32 2980 90
ROW 2980 2 3 32 2980 91
ROW 2980 3 4 8 2980 331
ROW 2980 4 2 4 2980 596
ROW 2980 5 229 255 2980 11
ROW 2980 6 8 24 2980 119
ROW 2980 7 21 24 2980 119
ROW 2981 0 6 16 2981 175
ROW 2981 1 24 32 2981 90
ROW 2981 2 4 32 2981 91
ROW 2981 3 5 8 2981 331
ROW 2981 4 3 4 2981 596
ROW 2981 5 230 255 2981 11
ROW 2981 6 9 24 2981 119
ROW 2981 7 22 24 2981 119
ROW 2982 0 7 16 2982 175
ROW 2982 1 25 32 2982 90
ROW 2982 2 5 32 2982 91
ROW 2982 3 6 8 2982 331
ROW 2982 4 4 4 2982 597
ROW 2982 5 231 255 2982 11
ROW 2982 6 10 24 2982 119
ROW 2982 7 23 24 2982 119
ROW 2983 0 8 16 2983 175
ROW 2983 1 26 32 2983 90
ROW 2983 2 6 32 2983 91
ROW 2983 3 7 8 2983 331
ROW 2983 4 0 4 2983 597
ROW 2983 5 232 255 2983 11
ROW 2983 6 11 24 2983 119
ROW 2983 7 24 24 2983 120
ROW 2984 0 9 16 2984 175
ROW 2984 1 27 32 2984 90
ROW 2984 2 7 32 2984 91
ROW 2984 3 8 8 2984 332
ROW 2984 4 1 4 2984 597
ROW 2984 5 233 255 2984 11
ROW 2984 6 12 24 2984 119
ROW 2984 7 0 24 2984 120
ROW 2985 0 10 16 2985 175
ROW 2985 1 28 32 2985 90
ROW 2985 2 8 32 2985 91
ROW 2985 3 0 8 2985 332
ROW 2985 4 2 4 2985 597
ROW 2985 5 234 255 2985 11
ROW 2985 6 13 24 2985 119
ROW 2985 7 1 24 2985 120
ROW 2986 0 11 16 2986 175
ROW 2986 1 29 32 2986 90
ROW 2986 2 9 32 2986 91
ROW 2986 3 1 8 2986 332
ROW 2986 4 3 4 2986 597
ROW 2986 5 235 255 2986 11
ROW 2986 6 14 24 2986 119
ROW 2986 7 2 24 2986 120
ROW 2987 0 12 16 2987 175
ROW 2987 1 30 32 2987 90
ROW 2987 2 10 32 2987 91
ROW 2987 3 2 8 2987 332
ROW 2987 4 4 4 2987 598
ROW 2987 5 236 255 2987 11
ROW 2987 6 15 24 2987 119
ROW 2987 7 3 24 2987 120
ROW 2988 0 13 16 2988 175
ROW 2988 1 31 32 2988 90
ROW 2988 2 11 32 2988 91
ROW 2988 3 3 8 2988 332
ROW 2988 4 0 4 2988 598
ROW 2988 5 237 255 2988 11
ROW 2988 6 16 24 2988 119
ROW 2988 7 4 24 2988 120
ROW 2989 0 14 16 2989 175
ROW 2989 1 32 32 2989 91
ROW 2989 2 12 32 2989 91
ROW 2989 3 4 8 2989 332
ROW 2989 4 1 4 2989 598
ROW 2989 5 238 255 2989 11
ROW 2989 6 17 24 2989 119
ROW 2989 7 5 24 2989 120
ROW 2990 0 15 16 2990 175
ROW 2990 1 0 32 2990 91
ROW 2990 2 13 32 2990 91
ROW 2990 3 5 8 2990 332
ROW 2990 4 2 4 2990 598
ROW 2990 5 239 255 2990 11
ROW 2990 6 18 24 2990 119
ROW 2990 7 6 24 2990 120
ROW 2991 0 16 16 2991 176
ROW 2991 1 1 32 2991 91
ROW 2991 2 14 32 2991 91
ROW 2991 3 6 8 2991 332
ROW 2991 4 3 4 2991 598
ROW 2991 5 240 255 2991 11
ROW 2991 6 19 24 2991 119
ROW 2991 7 7 24 2991 120
ROW 2992 0 0 16 2992 176
ROW 2992 1 2 32 2992 91
ROW 2992 2 15 32 2992 91
ROW 2992 3 7 8 2992 332
ROW 2992 4 4 4 2992 599
ROW 2992 5 241 255 2992 11
ROW 2992 6 20 24 2992 119
ROW 2992 7 8 24 2992 120
ROW 2993 0 1 16 2993 176
ROW 2993 1 3 32 2993 91
ROW 2993 2 16 32 2993 91
ROW 2993 3 8 8 2993 333
ROW 2993 4 0 4 2993 599
ROW 2993 5 242 255 2993 11
ROW 2993 6 21 24 2993 119
ROW 2993 7 9 24 2993 120
ROW 2994 0 2 16 2994 176
ROW 2994 1 4 32 2994 91
ROW 2994 2 17 32 2994 91
ROW 2994 3 0 8 2994 333
ROW 2994 4 1 4 2994 599
ROW 2994 5 243 255 2994 11
ROW 2994 6 22 24 2994 119
ROW 2994 7 10 24 2994 120
ROW 2995 0 3 16 2995 176
ROW 2995 1 5 32 2995 91
ROW 2995 2 18 32 2995 91
ROW 2995 3 1 8 2995 333
ROW 2995 4 2 4 2995 599
ROW 2995 5 244 255 2995 11
ROW 2995 6 23 24 2995 119
ROW 2995 7 11 24 2995 120
ROW 2996 0 4 16 2996 176
ROW 2996 1 6 32 2996 91
ROW 2996 2 19 32 2996 91
ROW 2996 3 2 8 2996 333
ROW 2996 4 3 4 2996 599
ROW 2996 5 245 255 2996 11
ROW 2996 6 24 24 2996 120
ROW 2996 7 12 24 2996 120
ROW 2997 0 5 16 2997 176
ROW 2997 1 7 32 2997 91
ROW 2997 2 20 32 2997 91
ROW 2997 3 3 8 2997 333
ROW 2997 4 4 4 2997 600
ROW 2997 5 246 255 2997 11
ROW 2997 6 0 24 2997 120
ROW 2997 7 13 24 2997 120
ROW 2998 0 6 16 2998 176
ROW 2998 1 8 32 2998 91
ROW 2998 2 21 32 2998 91
ROW 2998 3 4 8 2998 333
ROW 2998 4 0 4 2998 600
ROW 2998 5 247 255 2998 11
ROW 2998 6 1 24 2998 120
ROW 2998 7 14 24 2998 120
ROW 2999 0 7 16 2999 176
ROW 2999 1 9 32 2999 91
ROW 2999 2 22 32 2999 91
ROW 2999 3 5 8 2999 333
ROW 2999 4 1 4 2999 600
ROW 2999 5 248 255 2999 11
ROW 2999 6 2 24 2999 120
ROW 2999 7 15 24 2999 120
ROW 3000 0 8 16 3000 176
ROW 3000 1 10 32 3000 91
ROW 3000 2 23 32 3000 91
ROW 3000 3 6 8 3000 333
ROW 3000 4 2 4 3000 600
ROW 3000 5 249 255 3000 11
ROW 3000 6 3 24 3000 120
ROW 3000 7 16 24 3000 120
ROW 3001 0 9 16 3001 176
ROW 3001 1 11 32 3001 91
ROW 3001 2 24 32 3001 91
ROW 3001 3 7 8 3001 333
ROW 3001 4 3 4 3001 600
ROW 3001 5 250 255 3001 11
ROW 3001 6 4 24 3001 120
ROW 3001 7 17 24 3001 120
ROW 3002 0 10 16 3002 176
ROW 3002 1 12 32 3002 91
ROW 3002 2 25 32 3002 91
ROW 3002 3 8 8 3002 334
ROW 3002 4 4 4 3002 601
ROW 3002 5 251 255 3002 11
ROW 3002 6 5 24 3002 120
ROW 3002 7 18 24 3002 120
ROW 3003 0 11 16 3003 176
ROW 3003 1 13 32 3003 91
ROW 3003 2 26 32 3003 91
ROW 3003 3 0 8 3003 334
ROW 3003 4 0 4 3003 601
ROW 3003 5 252 255 3003 11
ROW 3003 6 6 24 3003 120
ROW 3003 7 19 24 3003 120
ROW 3004 0 12 16 3004 176
ROW 3004 1 14 32 3004 91
ROW 3004 2 27 32 3004 91
ROW 3004 3 1 8 3004 334
ROW 3004 4 1 4 3004 601
ROW 3004 5 253 255 3004 11
ROW 3004 6 7 24 3004 120
ROW 3004 7 20 24 3004 120
ROW 3005 0 13 16 3005 176
ROW 3005 1 15 32 3005 91
ROW 3005 2 28 32 3005 91
ROW 3005 3 2 8 3005 334
ROW 3005 4 2 4 3005 601
ROW 3005 5 254 255 3005 11
ROW 3005 6 8 24 3005 120
ROW 3005 7 21 24 3005 120
ROW 3006 0 14 16 3006 176
ROW 3006 1 16 32 3006 91
ROW 3006 2 29 32 3006 91
ROW 3006 3 3 8 3006 334
ROW 3006 4 3 4 3006 601
ROW 3006 5 255 255 3006 12
ROW 3006 6 9 24 3006 120
ROW 3006 7 22 24 3006 120
ROW 3007 0 15 16 3007 176
ROW 3007 1 17 32 3007 91
ROW 3007 2 30 32 3007 91
ROW 3007 3 4 8 3007 334
ROW 3007 4 4 4 3007 602
ROW 3007 5 0 255 3007 12
ROW 3007 6 10 24 3007 120
ROW 3007 7 23 24 3007 120
ROW 3008 0 16 16 3008 177
ROW 3008 1 18 32 3008 91
ROW 3008 2 31 32 3008 91
ROW 3008 3 5 8 3008 334
ROW 3008 4 0 4 3008 602
ROW 3008 5 1 255 3008 12
ROW 3008 6 11 24 3008 120
ROW 3008 7 24 24 3008 121
ROW 3009 0 0 16 3009 177
ROW 3009 1 19 32 3009 91
ROW 3009 2 32 32 3009 92
ROW 3009 3 6 8 3009 334
ROW 3009 4 1 4 3009 602
ROW 3009 5 2 255 3009 12
ROW 3009 6 12 24 3009 120
ROW 3009 7 0 24 3009 121
ROW 3010 0 1 16 3010 177
ROW 3010 1 20 32 3010 91
ROW 3010 2 0 32 3010 92
ROW 3010 3 7 8 3010 334
ROW 3010 4 2 4 3010 602
ROW 3010 5 3 255 3010 12
ROW 3010 6 13 24 3010 120
ROW 3010 7 1 24 3010 121
ROW 3011 0 2 16 3011 177
ROW 3011 1 21 32 3011 91
ROW 3011 2 1 32 3011 92
ROW 3011 3 8 8 3011 335
ROW 3011 4 3 4 3011 602
ROW 3011 5 4 255 3011 12
ROW 3011 6 14 24 3011 120
ROW 3011 7 2 24 3011 121
ROW 3012 0 3 16 3012 177
ROW 3012 1 22 32 3012 91
ROW 3012 2 2 32 3012 92
ROW 3012 3 0 8 3012 335
ROW 3012 4 4 4 3012 603
ROW 3012 5 5 255 3012 12
ROW 3012 6 15 24 3012 120
ROW 3012 7 3 24 3012 121
ROW 3013 0 4 16 3013 177
ROW 3013 1 23 32 3013 91
ROW 3013 2 3 32 3013 92
ROW 3013 3 1 8 3013 335
ROW 3013 4 0 4 3013 603
ROW 3013 5 6 255 3013 12
ROW 3013 6 16 24 3013 120
ROW 3013 7 4 24 3013 121
ROW 3014 0 5 16 3014 177
ROW 3014 1 24 32 3014 91
ROW 3014 2 4 32 3014 92
ROW 3014 3 2 8 3014 335
ROW 3014 4 1 4 3014 603
ROW 3014 5 7 255 3014 12
ROW 3014 6 17 24 3014 120
ROW 3014 7 5 24 3014 121
ROW 3015 0 6 16 3015 177
ROW 3015 1 25 32 3015 91
ROW 3015 2 5 32 3015 92
ROW 3015 3 3 8 3015 335
ROW 3015 4 2 4 3015 603
ROW 3015 5 8 255 3015 12
ROW 3015 6 18 24 3015 120
ROW 3015 7 6 24 3015 121
ROW 3016 0 7 16 3016 177
ROW 3016 1 26 32 3016 91
ROW 3016 2 6 32 3016 92
ROW 3016 3 4 8 3016 335
ROW 3016 4 3 4 3016 603
ROW 3016 5 9 255 3016 12
ROW 3016 6 19 24 3016 120
ROW 3016 7 7 24 3016 121
ROW 3017 0 8 16 3017 177
ROW 3017 1 27 32 3017 91
ROW 3017 2 7 32 3017 92
ROW 3017 3 5 8 3017 335
ROW 3017 4 4 4 3017 604
ROW 3017 5 10 255 3017 12
ROW 3017 6 20 24 3017 120
ROW 3017 7 8 24 3017 121
ROW 3018 0 9 16 3018 177
ROW 3018 1 28 32 3018 91
ROW 3018 2 8 32 3018 92
ROW 3018 3 6 8 3018 335
ROW 3018 4 0 4 3018 604
ROW 3018 5 11 255 3018 12
ROW 3018 6 21 24 3018 120
ROW 3018 7 9 24 3018 121
ROW 3019 0 10 16 3019 177
ROW 3019 1 29 32 3019 91
ROW 3019 2 9 32 3019 92
ROW 3019 3 7 8 3019 335
ROW 3019 4 1 4 3019 604
ROW 3019 5 12 255 3019 12
ROW 3019 6 22 24 3019 120
ROW 3019 7 10 24 3019 121
ROW 3020 0 11 16 3020 177
ROW 3020 1 30 32 3020 91
ROW 3020 2 10 32 3020 92
ROW 3020 3 8 8 3020 336
ROW 3020 4 2 4 3020 604
ROW 3020 5 13 255 3020 12
ROW 3020 6 23 24 3020 120
ROW 3020 7 11 24 3020 121
ROW 3021 0 12 16 3021 177
ROW 3021 1 31 32 3021 91
ROW 3021 2 11 32 3021 92
ROW 3021 3 0 8 3021 336
ROW 3021 4 3 4 3021 604
ROW 3021 5 14 255 3021 12
ROW 3021 6 24 24 3021 121
ROW 3021 7 12 24 3021 121
ROW 3022 0 13 16 3022 177
ROW 3022 1 32 32 3022 92
ROW 3022 2 12 32 3022 92
ROW 3022 3 1 8 3022 336
ROW 3022 4 4 4 3022 605
ROW 3022 5 15 255 3022 12
ROW 3022 6 0 24 3022 121
ROW 3022 7 13 24 3022 121
ROW 3023 0 14 16 3023 177
ROW 3023 1 0 32 3023 92
ROW 3023 2 13 32 3023 92
ROW 3023 3 2 8 3023 336
ROW 3023 4 0 4 3023 605
ROW 3023 5 16 255 3023 12
ROW 3023 6 1 24 3023 121
ROW 3023 7 14 24 3023 121
ROW 3024 0 15 16 3024 177
ROW 3024 1 1 32 3024 92
ROW 3024 2 14 32 3024 92
ROW 3024 3 3 8 3024 336
ROW 3024 4 1 4 3024 605
ROW 3024 5 17 255 3024 12
ROW 3024 6 2 24 3024 121
ROW 3024 7 15 24 3024 121
ROW 3025 0 16 16 3025 178
ROW 3025 1 2 32 3025 92
ROW 3025 2 15 32 3025 92
ROW 3025 3 4 8 3025 336
ROW 3025 4 2 4 3025 605
ROW 3025 5 18 255 3025 12
ROW 3025 6 3 24 3025 121
ROW 3025 7 16 24 3025 121
ROW 3026 0 0 16 3026 178
ROW 3026 1 3 32 3026 92
ROW 3026 2 16 32 3026 92
ROW 3026 3 5 8 3026 336
ROW 3026 4 3 4 3026 605
ROW 3026 5 19 255 3026 12
ROW 3026 6 4 24 3026 121
ROW 3026 7 17 24 3026 121
ROW 3027 0 1 16 3027 178
ROW 3027 1 4 32 3027 92
ROW 3027 2 17 32 3027 92
ROW 3027 3 6 8 3027 336
ROW 3027 4 4 4 3027 606
ROW 3027 5 20 255 3027 12
ROW 3027 6 5 24 3027 121
ROW 3027 7 18 24 3027 121
ROW 3028 0 2 16 3028 178
ROW 3028 1 5 32 3028 92
ROW 3028 2 18 32 3028 92
ROW 3028 3 7 8 3028 336
ROW 3028 4 0 4 3028 606
ROW 3028 5 21 255 3028 12
ROW 3028 6 6 24 3028 121
ROW 3028 7 19 24 3028 121
ROW 3029 0 3 16 3029 178
ROW 3029 1 6 32 3029 92
ROW 3029 2 19 32 3029 92
ROW 3029 3 8 8 3029 337
ROW 3029 4 1 4 3029 606
ROW 3029 5 22 255 3029 12
ROW 3029 6 7 24 3029 121
ROW 3029 7 20 24 3029 121
ROW 3030 0 4 16 3030 178
ROW 3030 1 7 32 3030 92
ROW 3030 2 20 32 3030 92
ROW 3030 3 0 8 3030 337
ROW 3030 4 2 4 3030 606
ROW 3030 5 23 255 3030 12
ROW 3030 6 8 24 3030 121
ROW 3030 7 21 24 3030 121
ROW 3031 0 5 16 3031 178
ROW 3031 1 8 32 3031 92
ROW 3031 2 21 32 3031 92
ROW 3031 3 1 8 3031 337
ROW 3031 4 3 4 3031 606
ROW 3031 5 24 255 3031 12
ROW 3031 6 9 24 3031 121
ROW 3031 7 22 24 3031 121
ROW 3032 0 6 16 3032 178
ROW 3032 1 9 32 3032 92
ROW 3032 2 22 32 3032 92
ROW 3032 3 2 8 3032 337
ROW 3032 4 4 4 3032 607
ROW 3032 5 25 255 3032 12
ROW 3032 6 10 24 3032 121
ROW 3032 7 23 24 3032 121
ROW 3033 0 7 16 3033 178
ROW 3033 1 10 32 3033 92
ROW 3033 2 23 32 3033 92
ROW 3033 3 3 8 3033 337
ROW 3033 4 0 4 3033 607
ROW 3033 5 26 255 3033 12
ROW 3033 6 11 24 3033 121
ROW 3033 7 24 24 3033 122
ROW 3034 0 8 16 3034 178
ROW 3034 1 11 32 3034 92
ROW 3034 2 24 32 3034 92
ROW 3034 3 4 8 3034 337
ROW 3034 4 1 4 3034 607
ROW 3034 5 27 255 3034 12
ROW 3034 6 12 24 3034 121
ROW 3034 7 0 24 3034 122
ROW 3035 0 9 16 3035 178
ROW 3035 1 12 32 3035 92
ROW 3035 2 25 32 3035 92
ROW 3035 3 5 8 3035 337
ROW 3035 4 2 4 3035 607
ROW 3035 5 28 255 3035 12
ROW 3035 6 13 24 3035 121
ROW 3035 7 1 24 3035 122
ROW 3036 0 10 16 3036 178
ROW 3036 1 13 32 3036 92
ROW 3036 2 26 32 3036 92
ROW 3036 3 6 8 3036 337
ROW 3036 4 3 4 3036 607
ROW 3036 5 29 255 3036 12
ROW 3036 6 14 24 3036 121
ROW 3036 7 2 24 3036 122
ROW 3037 0 11 16 3037 178
ROW 3037 1 14 32 3037 92
ROW 3037 2 27 32 3037 92
ROW 3037 3 7 8 3037 337
ROW 3037 4 4 4 3037 608
ROW 3037 5 30 255 3037 12
ROW 3037 6 15 24 3037 121
ROW 3037 7 3 24 3037 122
ROW 3038 0 12 16 3038 178
ROW 3038 1 15 32 3038 92
ROW 3038 2 28 32 3038 92
ROW 3038 3 8 8 3038 338
ROW 3038 4 0 4 3038 608
ROW 3038 5 31 255 3038 12
ROW 3038 6 16 24 3038 121
ROW 3038 7 4 24 3038 122
ROW 3039 0 13 16 3039 178
ROW 3039 1 16 32 3039 92
ROW 3039 2 29 32 3039 92
ROW 3039 3 0 8 3039 338
ROW 3039 4 1 4 3039 608
ROW 3039 5 32 255 3039 12
ROW 3039 6 17 24 3039 121
ROW 3039 7 5 24 3039 122
ROW 3040 0 14 16 3040 178
ROW 3040 1 17 32 3040 92
ROW 3040 2 30 32 3040 92
ROW 3040 3 1 8 3040 338
ROW 3040 4 2 4 3040 608
ROW 3040 5 33 255 3040 12
ROW 3040 6 18 24 3040 121
ROW 3040 7 6 24 3040 122
ROW 3041 0 15 16 3041 178
ROW 3041 1 18 32 3041 92
ROW 3041 2 31 32 3041 92
ROW 3041 3 2 8 3041 338
ROW 3041 4 3 4 3041 608
ROW 3041 5 34 255 3041 12
ROW 3041 6 19 24 3041 121
ROW 3041 7 7 24 3041 122
ROW 3042 0 16 16 3042 179
ROW 3042 1 19 32 3042 92
ROW 3042 2 32 32 3042 93
ROW 3042 3 3 8 3042 338
ROW 3042 4 4 4 3042 609
ROW 3042 5 35 255 3042 12
ROW 3042 6 20 24 3042 121
ROW 3042 7 8 24 3042 122
ROW 3043 0 0 16 3043 179
ROW 3043 1 20 32 3043 92
ROW 3043 2 0 32 3043 93
ROW 3043 3 4 8 3043 338
ROW 3043 4 0 4 3043 609
ROW 3043 5 36 255 3043 12
ROW 3043 6 21 24 3043 121
ROW 3043 7 9 24 3043 122
ROW 3044 0 1 16 3044 179
ROW 3044 1 21 32 3044 92
ROW 3044 2 1 32 3044 93
ROW 3044 3 5 8 3044 338
ROW 3044 4 1 4 3044 609
ROW 3044 5 37 255 3044 12
ROW 3044 6 22 24 3044 121
ROW 3044 7 10 24 3044 122
ROW 3045 0 2 16 3045 179
ROW 3045 1 22 32 3045 92
ROW 3045 2 2 32 3045 93
ROW 3045 3 6 8 3045 338
ROW 3045 4 2 4 3045 609
ROW 3045 5 38 255 3045 12
ROW 3045 6 23 24 3045 121
ROW 3045 7 11 24 3045 122
ROW 3046 0 3 16 3046 179
ROW 3046 1 23 32 3046 92
ROW 3046 2 3 32 3046 93
ROW 3046 3 7 8 3046 338
ROW 3046 4 3 4 3046 609
ROW 3046 5 39 255 3046 12
ROW 3046 6 24 24 3046 122
ROW 3046 7 12 24 3046 122
ROW 3047 0 4 16 3047 179
ROW 3047 1 24 32 3047 92
ROW 3047 2 4 32 3047 93
ROW 3047 3 8 8 3047 339
ROW 3047 4 4 4 3047 610
ROW 3047 5 40 255 3047 12
ROW 3047 6 0 24 3047 122
ROW 3047 7 13 24 3047 122
ROW 3048 0 5 16 3048 179
ROW 3048 1 25 32 3048 92
ROW 3048 2 5 32 3048 93
ROW 3048 3 0 8 3048 339
ROW 3048 4 0 4 3048 610
ROW 3048 5 41 255 3048 12
ROW 3048 6 1 24 3048 122
ROW 3048 7 14 24 3048 122
ROW 3049 0 6 16 3049 179
ROW 3049 1 26 32 3049 92
ROW 3049 2 6 32 3049 93
ROW 3049 3 1 8 3049 339
ROW 3049 4 1 4 3049 610
ROW 3049 5 42 255 3049 12
ROW 3049 6 2 24 3049 122
ROW 3049 7 15 24 3049 122
ROW 3050 0 7 16 3050 179
ROW 3050 1 27 32 3050 92
ROW 3050 2 7 32 3050 93
ROW 3050 3 2 8 3050 339
ROW 3050 4 2 4 3050 610
ROW 3050 5 43 255 3050 12
ROW 3050 6 3 24 3050 122
ROW 3050 7 16 24 3050 122
ROW 3051 0 8 16 3051 179
ROW 3051 1 28 32 3051 92
ROW 3051 2 8 32 3051 93
ROW 3051 3 3 8 3051 339
ROW 3051 4 3 4 3051 610
ROW 3051 5 44 255 3051 12
ROW 3051 6 4 24 3051 122
ROW 3051 7 17 24 3051 122
ROW 3052 0 9 16 3052 179
ROW 3052 1 29 32 3052 92
ROW 3052 2 9 32 3052 93
ROW 3052 3 4 8 3052 339
ROW 3052 4 4 4 3052 611
ROW 3052 5 45 255 3052 12
ROW 3052 6 5 24 3052 122
ROW 3052 7 18 24 3052 122
ROW 3053 0 10 16 3053 179
ROW 3053 1 30 32 3053 92
ROW 3053 2 10 32 3053 93
ROW 3053 3 5 8 3053 339
ROW 3053 4 0 4 3053 611
ROW 3053 5 46 255 3053 12
ROW 3053 6 6 24 3053 122
ROW 3053 7 19 24 3053 122
ROW 3054 0 11 16 3054 179
ROW 3054 1 31 32 3054 92
ROW 3054 2 11 32 3054 93
ROW 3054 3 6 8 3054 339
ROW 3054 4 1 4 3054 611
ROW 3054 5 47 255 3054 12
ROW 3054 6 7 24 3054 122
ROW 3054 7 20 24 3054 122
ROW 3055 0 12 16 3055 179
ROW 3055 1 32 32 3055 93
ROW 3055 2 12 32 3055 93
ROW 3055 3 7 8 3055 339
ROW 3055 4 2 4 3055 611
ROW 3055 5 48 255 3055 12
ROW 3055 6 8 24 3055 122
ROW 3055 7 21 24 3055 122
ROW 3056 0 13 16 3056 179
ROW 3056 1 0 32 3056 93
ROW 3056 2 13 32 3056 93
ROW 3056 3 8 8 3056 340
ROW 3056 4 3 4 3056 611
ROW 3056 5 49 255 3056 12
ROW 3056 6 9 24 3056 122
ROW 3056 7 22 24 3056 122
ROW 3057 0 14 16 3057 179
ROW 3057 1 1 32 3057 93
ROW 3057 2 14 32 3057 93
ROW 3057 3 0 8 3057 340
ROW 3057 4 4 4 3057 612
ROW 3057 5 50 255 3057 12
ROW 3057 6 10 24 3057 122
ROW 3057 7 23 24 3057 122
ROW 3058 0 15 16 3058 179
ROW 3058 1 2 32 3058 93
ROW 3058 2 15 32 3058 93
ROW 3058 3 1 8 3058 340
ROW 3058 4 0 4 3058 612
ROW 3058 5 51 255 3058 12
ROW 3058 6 11 24 3058 122
ROW 3058 7 24 24 3058 123
ROW 3059 0 16 16 3059 180
ROW 3059 1 3 32 3059 93
ROW 3059 2 16 32 3059 93
ROW 3059 3 2 8 3059 340
ROW 3059 4 1 4 3059 612
ROW 3059 5 52 255 3059 12
ROW 3059 6 12 24 3059 122
ROW 3059 7 0 24 3059 123
ROW 3060 0 0 16 3060 180
ROW 3060 1 4 32 3060 93
ROW 3060 2 17 32 3060 93
ROW 3060 3 3 8 3060 340
ROW 3060 4 2 4 3060 612
ROW 3060 5 53 255 3060 12
ROW 3060 6 13 24 3060 122
ROW 3060 7 1 24 3060 123
ROW 3061 0 1 16 3061 180
ROW 3061 1 5 32 3061 93
ROW 3061 2 18 32 3061 93
ROW 3061 3 4 8 3061 340
ROW 3061 4 3 4 3061 612
ROW 3061 5 54 255 3061 12
ROW 3061 6 14 24 3061 122
ROW 3061 7 2 24 3061 123
ROW 3062 0 2 16 3062 180
ROW 3062 1 6 32 3062 93
ROW 3062 2 19 32 3062 93
ROW 3062 3 5 8 3062 340
ROW 3062 4 4 4 3062 613
ROW 3062 5 55 255 3062 12
ROW 3062 6 15 24 3062 122
ROW 3062 7 3 24 3062 123
ROW 3063 0 3 16 3063 180
ROW 3063 1 7 32 3063 93
ROW 3063 2 20 32 3063 93
ROW 3063 3 6 8 3063 340
ROW 3063 4 0 4 3063 613
ROW 3063 5 56 255 3063 12
ROW 3063 6 16 24 3063 122
ROW 3063 7 4 24 3063 123
ROW 3064 0 4 16 3064 180
ROW 3064 1 8 32 3064 93
ROW 3064 2 21 32 3064 93
ROW 3064 3 7 8 3064 340
ROW 3064 4 1 4 3064 613
ROW 3064 5 57 255 3064 12
ROW 3064 6 17 24 3064 122
ROW 3064 7 5 24 3064 123
ROW 3065 0 5 16 3065 180
ROW 3065 1 9 32 3065 93
ROW 3065 2 22 32 3065 93
ROW 3065 3 8 8 3065 341
ROW 3065 4 2 4 3065 613
ROW 3065 5 58 255 3065 12
ROW 3065 6 18 24 3065 122
ROW 3065 7 6 24 3065 123
ROW 3066 0 6 16 3066 180
ROW 3066 1 10 32 3066 93
ROW 3066 2 23 32 3066 93
ROW 3066 3 0 8 3066 341
ROW 3066 4 3 4 3066 613
ROW 3066 5 59 255 3066 12
ROW 3066 6 19 24 3066 122
ROW 3066 7 7 24 3066 123
ROW 3067 0 7 16 3067 180
ROW 3067 1 11 32 3067 93
ROW 3067 2 24 32 3067 93
ROW 3067 3 1 8 3067 341
ROW 3067 4 4 4 3067 614
ROW 3067 5 60 255 3067 12
ROW 3067 6 20 24 3067 122
ROW 3067 7 8 24 3067 123
ROW 3068 0 8 16 3068 180
ROW 3068 1 12 32 3068 93
ROW 3068 2 25 32 3068 93
ROW 3068 3 2 8 3068 341
ROW 3068 4 0 4 3068 614
ROW 3068 5 61 255 3068 12
ROW 3068 6 21 24 3068 122
ROW 3068 7 9 24 3068 123
ROW 3069 0 9 16 3069 180
ROW 3069 1 13 32 3069 93
ROW 3069 2 26 32 3069 93
ROW 3069 3 3 8 3069 341
ROW 3069 4 1 4 3069 614
ROW 3069 5 62 255 3069 12
ROW 3069 6 22 24 3069 122
ROW 3069 7 10 24 3069 123
ROW 3070 0 10 16 3070 180
ROW 3070 1 14 32 3070 93
ROW 3070 2 27 32 3070 93
ROW 3070 3 4 8 3070 341
ROW 3070 4 2 4 3070 614
ROW 3070 5 63 255 3070 12
ROW 3070 6 23 24 3070 122
ROW 3070 7 11 24 3070 123
ROW 3071 0 11 16 3071 180
ROW 3071 1 15 32 3071 93
ROW 3071 2 28 32 3071 93
ROW 3071 3 5 8 3071 341
ROW 3071 4 3 4 3071 614
ROW 3071 5 64 255 3071 12
ROW 3071 6 24 24 3071 123
ROW 3071 7 12 24 3071 123
ROW 3072 0 12 16 3072 180
ROW 3072 1 16 32 3072 93
ROW 3072 2 29 32 3072 93
ROW 3072 3 6 8 3072 341
ROW 3072 4 4 4 3072 615
ROW 3072 5 65 255 3072 12
ROW 3072 6 0 24 3072 123
ROW 3072 7 13 24 3072 123
ROW 3073 0 13 16 3073 180
ROW 3073 1 17 32 3073 93
ROW 3073 2 30 32 3073 93
ROW 3073 3 7 8 3073 341
ROW 3073 4 0 4 3073 615
ROW 3073 5 66 255 3073 12
ROW 3073 6 1 24 3073 123
ROW 3073 7 14 24 3073 123
ROW 3074 0 14 16 3074 180
ROW 3074 1 18 32 3074 93
ROW 3074 2 31 32 3074 93
ROW 3074 3 8 8 3074 342
ROW 3074 4 1 4 3074 615
ROW 3074 5 67 255 3074 12
ROW 3074 6 2 24 3074 123
ROW 3074 7 15 24 3074 123
ROW 3075 0 15 16 3075 180
ROW 3075 1 19 32 3075 93
ROW 3075 2 32 32 3075 94
ROW 3075 3 0 8 3075 342
ROW 3075 4 2 4 3075 615
ROW 3075 5 68 255 3075 12
ROW 3075 6 3 24 3075 123
ROW 3075 7 16 24 3075 123
ROW 3076 0 16 16 3076 181
ROW 3076 1 20 32 3076 93
ROW 3076 2 0 32 3076 94
ROW 3076 3 1 8 3076 342
ROW 3076 4 3 4 3076 615
ROW 3076 5 69 255 3076 12
ROW 3076 6 4 24 3076 123
ROW 3076 7 17 24 3076 123
ROW 3077 0 0 16 3077 181
ROW 3077 1 21 32 3077 93
ROW 3077 2 1 32 3077 94
ROW 3077 3 2 8 3077 342
ROW 3077 4 4 4 3077 616
ROW 3077 5 70 255 3077 12
ROW 3077 6 5 24 3077 123
ROW 3077 7 18 24 3077 123
ROW 3078 0 1 16 3078 181
ROW 3078 1 22 32 3078 93
ROW 3078 2 2 32 3078 94
ROW 3078 3 3 8 3078 342
ROW 3078 4 0 4 3078 616
ROW 3078 5 71 255 3078 12
ROW 3078 6 6 24 3078 123
ROW 3078 7 19 24 3078 123
ROW 3079 0 2 16 3079 181
ROW 3079 1 23 32 3079 93
ROW 3079 2 3 32 3079 94
ROW 3079 3 4 8 3079 342
ROW 3079 4 1 4 3079 616
ROW 3079 5 72 255 3079 12
ROW 3079 6 7 24 3079 123
ROW 3079 7 20 24 3079 123
ROW 3080 0 3 16 3080 181
ROW 3080 1 24 32 3080 93
ROW 3080 2 4 32 3080 94
ROW 3080 3 5 8 3080 342
ROW 3080 4 2 4 3080 616
ROW 3080 5 73 255 3080 12
ROW 3080 6 8 24 3080 123
ROW 3080 7 21 24 3080 123
ROW 3081 0 4 16 3081 181
ROW 3081 1 25 32 3081 93
ROW 3081 2 5 32 3081 94
ROW 3081 3 6 8 3081 342
ROW 3081 4 3 4 3081 616
ROW 3081 5 74 255 3081 12
ROW 3081 6 9 24 3081 123
ROW 3081 7 22 24 3081 123
ROW 3082 0 5 16 3082 181
ROW 3082 1 26 32 3082 93
ROW 3082 2 6 32 3082 94
ROW 3082 3 7 8 3082 342
ROW 3082 4 4 4 3082 617
ROW 3082 5 75 255 3082 12
ROW 3082 6 10 24 3082 123
ROW 3082 7 23 24 3082 123
ROW 3083 0 6 16 3083 181
ROW 3083 1 27 32 3083 93
ROW 3083 2 7 32 3083 94
ROW 3083 3 8 8 3083 343
ROW 3083 4 0 4 3083 617
ROW 3083 5 76 255 3083 12
ROW 3083 6 11 24 3083 123
ROW 3083 7 24 24 3083 124
ROW 3084 0 7 16 3084 181
ROW 3084 1 28 32 3084 93
ROW 3084 2 8 32 3084 94
ROW 3084 3 0 8 3084 343
ROW 3084 4 1 4 3084 617
ROW 3084 5 77 255 3084 12
ROW 3084 6 12 24 3084 123
ROW 3084 7 0 24 3084 124
ROW 3085 0 8 16 3085 181
ROW 3085 1 29 32 3085 93
ROW 3085 2 9 32 3085 94
ROW 3085 3 1 8 3085 343
ROW 3085 4 2 4 3085 617
ROW 3085 5 78 255 3085 12
ROW 3085 6 13 24 3085 123
ROW 3085 7 1 24 3085 124
ROW 3086 0 9 16 3086 181
ROW 3086 1 30 32 3086 93
ROW 3086 2 10 32 3086 94
ROW 3086 3 2 8 3086 343
ROW 3086 4 3 4 3086 617
ROW 3086 5 79 255 3086 12
ROW 3086 6 14 24 3086 123
ROW 3086 7 2 24 3086 124
ROW 3087 0 10 16 3087 181
ROW 3087 1 31 32 3087 93
ROW 3087 2 11 32 3087 94
ROW 3087 3 3 8 3087 343
ROW 3087 4 4 4 3087 618
ROW 3087 5 80 255 3087 12
ROW 3087 6 15 24 3087 123
ROW 3087 7 3 24 3087 124
ROW 3088 0 11 16 3088 181
ROW 3088 1 32 32 3088 94
ROW 3088 2 12 32 3088 94
ROW 3088 3 4 8 3088 343
ROW 3088 4 0 4 3088 618
ROW 3088 5 81 255 3088 12
ROW 3088 6 16 24 3088 123
ROW 3088 7 4 24 3088 124
ROW 3089 0 12 16 3089 181
ROW 3089 1 0 32 3089 94
ROW 3089 2 13 32 3089 94
ROW 3089 3 5 8 3089 343
ROW 3089 4 1 4 3089 618
ROW 3089 5 82 255 3089 12
ROW 3089 6 17 24 3089 123
ROW 3089 7 5 24 3089 124
ROW 3090 0 13 16 3090 181
ROW 3090 1 1 32 3090 94
ROW 3090 2 14 32 3090 94
ROW 3090 3 6 8 3090 343
ROW 3090 4 2 4 3090 618
ROW 3090 5 83 255 3090 12
ROW 3090 6 18 24 3090 123
ROW 3090 7 6 24 3090 124
ROW 3091 0 14 16 3091 181
ROW 3091 1 2 32 3091 94
ROW 3091 2 15 32 3091 94
ROW 3091 3 7 8 3091 343
ROW 3091 4 3 4 3091 618
ROW 3091 5 84 255 3091 12
ROW 3091 6 19 24 3091 123
ROW 3091 7 7 24 3091 124
ROW 3092 0 15 16 3092 181
ROW 3092 1 3 32 3092 94
ROW 3092 2 16 32 3092 94
ROW 3092 3 8 8 3092 344
ROW 3092 4 4 4 3092 619
ROW 3092 5 85 255 3092 12
ROW 3092 6 20 24 3092 123
ROW 3092 7 8 24 3092 124
ROW 3093 0 16 16 3093 182
ROW 3093 1 4 32 3093 94
ROW 3093 2 17 32 3093 94
ROW 3093 3 0 8 3093 344
ROW 3093 4 0 4 3093 619
ROW 3093 5 86 255 3093 12
ROW 3093 6 21 24 3093 123
ROW 3093 7 9 24 3093 124
ROW 3094 0 0 16 3094 182
ROW 3094 1 5 32 3094 94
ROW 3094 2 18 32 3094 94
ROW 3094 3 1 8 3094 344
ROW 3094 4 1 4 3094 619
ROW 3094 5 87 255 3094 12
ROW 3094 6 22 24 3094 123
ROW 3094 7 10 24 3094 124
ROW 3095 0 1 16 3095 182
ROW 3095 1 6 32 3095 94
ROW 3095 2 19 32 3095 94
ROW 3095 3 2 8 3095 344
ROW 3095 4 2 4 3095 619
ROW 3095 5 88 255 3095 12
ROW 3095 6 23 24 3095 123
ROW 3095 7 11 24 3095 124
ROW 3096 0 2 16 3096 182
ROW 3096 1 7 32 3096 94
ROW 3096 2 20 32 3096 94
ROW 3096 3 3 8 3096 344
ROW 3096 4 3 4 3096 619
ROW 3096 5 89 255 3096 12
ROW 3096 6 24 24 3096 124
ROW 3096 7 12 24 3096 124
ROW 3097 0 3 16 3097 182
ROW 3097 1 8 32 3097 94
ROW 3097 2 21 32 3097 94
ROW 3097 3 4 8 3097 344
ROW 3097 4 4 4 3097 620
ROW 3097 5 90 255 3097 12
ROW 3097 6 0 24 3097 124
ROW 3097 7 13 24 3097 124
ROW 3098 0 4 16 3098 182
ROW 3098 1 9 32 3098 94
ROW 3098 2 22 32 3098 94
ROW 3098 3 5 8 3098 344
ROW 3098 4 0 4 3098 620
ROW 3098 5 91 255 3098 12
ROW 3098 6 1 24 3098 124
ROW 3098 7 14 24 3098 124
ROW 3099 0 5 16 3099 182
ROW 3099 1 10 32 3099 94
ROW 3099 2 23 32 3099 94
ROW 3099 3 6 8 3099 344
ROW 3099 4 1 4 3099 620
ROW 3099 5 92 255 3099 12
ROW 3099 6 2 24 3099 124
ROW 3099 7 15 24 3099 124
ROW 3100 0 6 16 3100 182
ROW 3100 1 11 32 3100 94
ROW 3100 2 24 32 3100 94
ROW 3100 3 7 8 3100 344
ROW 3100 4 2 4 3100 620
ROW 3100 5 93 255 3100 12
ROW 3100 6 3 24 3100 124
ROW 3100 7 16 24 3100 124
ROW 3101 0 7 16 3101 182
ROW 3101 1 12 32 3101 94
ROW 3101 2 25 32 3101 94
ROW 3101 3 8 8 3101 345
ROW 3101 4 3 4 3101 620
ROW 3101 5 94 255 3101 12
ROW 3101 6 4 24 3101 124
ROW 3101 7 17 24 3101 124
ROW 3102 0 8 16 3102 182
ROW 3102 1 13 32 3102 94
ROW 3102 2 26 32 3102 94
ROW 3102 3 0 8 3102 345
ROW 3102 4 4 4 3102 621
ROW 3102 5 95 255 3102 12
ROW 3102 6 5 24 3102 124
ROW 3102 7 18 24 3102 124
ROW 3103 0 9 16 3103 182
ROW 3103 1 14 32 3103 94
ROW 3103 2 27 32 3103 94
ROW 3103 3 1 8 3103 345
ROW 3103 4 0 4 3103 621
ROW 3103 5 96 255 3103 12
ROW 3103 6 6 24 3103 124
ROW 3103 7 19 24 3103 124
ROW 3104 0 10 16 3104 182
ROW 3104 1 15 32 3104 94
ROW 3104 2 28 32 3104 94
ROW 3104 3 2 8 3104 345
ROW 3104 4 1 4 3104 621
ROW 3104 5 97 255 3104 12
ROW 3104 6 7 24 3104 124
ROW 3104 7 20 24 3104 124
ROW 3105 0 11 16 3105 182
ROW 3105 1 16 32 3105 94
ROW 3105 2 29 32 3105 94
ROW 3105 3 3 8 3105 345
ROW 3105 4 2 4 3105 621
ROW 3105 5 98 255 3105 12
ROW 3105 6 8 24 3105 124
ROW 3105 7 21 24 3105 124
ROW 3106 0 12 16 3106 182
ROW 3106 1 17 32 3106 94
ROW 3106 2 30 32 3106 94
ROW 3106 3 4 8 3106 345
ROW 3106 4 3 4 3106 621
ROW 3106 5 99 255 3106 12
ROW 3106 6 9 24 3106 124
ROW 3106 7 22 24 3106 124
ROW 3107 0 13 16 3107 182
ROW 3107 1 18 32 3107 94
ROW 3107 2 31 32 3107 94
ROW 3107 3 5 8 3107 345
ROW 3107 4 4 4 3107 622
ROW 3107 5 100 255 3107 12
ROW 3107 6 10 24 3107 124
ROW 3107 7 23 24 3107 124
ROW 3108 0 14 16 3108 182
ROW 3108 1 19 32 3108 94
ROW 3108 2 32 32 3108 95
ROW 3108 3 6 8 3108 345
ROW 3108 4 0 4 3108 622
ROW 3108 5 101 255 3108 12
ROW 3108 6 11 24 3108 124
ROW 3108 7 24 24 3108 125
ROW 3109 0 15 16 3109 182
ROW 3109 1 20 32 3109 94
ROW 3109 2 0 32 3109 95
ROW 3109 3 7 8 3109 345
ROW 3109 4 1 4 3109 622
ROW 3109 5 102 255 3109 12
ROW 3109 6 12 24 3109 124
ROW 3109 7 0 24 3109 125
ROW 3110 0 16 16 3110 183
ROW 3110 1 21 32 3110 94
ROW 3110 2 1 32 3110 95
ROW 3110 3 8 8 3110 346
ROW 3110 4 2 4 3110 622
ROW 3110 5 103 255 3110 12
ROW 3110 6 13 24 3110 124
ROW 3110 7 1 24 3110 125
ROW 3111 0 0 16 3111 183
ROW 3111 1 22 32 3111 94
ROW 3111 2 2 32 3111 95
ROW 3111 3 0 8 3111 346
ROW 3111 4 3 4 3111 622
ROW 3111 5 104 255 3111 12
ROW 3111 6 14 24 3111 124
ROW 3111 7 2 24 3111 125
ROW 3112 0 1 16 3112 183
ROW 3112 1 23 32 3112 94
ROW 3112 2 3 32 3112 95
ROW 3112 3 1 8 3112 346
ROW 3112 4 4 4 3112 623
ROW 3112 5 105 255 3112 12
ROW 3112 6 15 24 3112 124
ROW 3112 7 3 24 3112 125
ROW 3113 0 2 16 3113 183
ROW 3113 1 24 32 3113 94
ROW 3113 2 4 32 3113 95
ROW 3113 3 2 8 3113 346
ROW 3113 4 0 4 3113 623
ROW 3113 5 106 255 3113 12
ROW 3113 6 16 24 3113 124
ROW 3113 7 4 24 3113 125
ROW 3114 0 3 16 3114 183
ROW 3114 1 25 32 3114 94
ROW 3114 2 5 32 3114 95
ROW 3114 3 3 8 3114 346
ROW 3114 4 1 4 3114 623
ROW 3114 5 107 255 3114 12
ROW 3114 6 17 24 3114 124
ROW 3114 7 5 24 3114 125
ROW 3115 0 4 16 3115 183
ROW 3115 1 26 32 3115 94
ROW 3115 2 6 32 3115 95
ROW 3115 3 4 8 3115 346
ROW 3115 4 2 4 3115 623
ROW 3115 5 108 255 3115 12
ROW 3115 6 18 24 3115 124
ROW 3115 7 6 24 3115 125
ROW 3116 0 5 16 3116 183
ROW 3116 1 27 32 3116 94
ROW 3116 2 7 32 3116 95
ROW 3116 3 5 8 3116 346
ROW 3116 4 3 4 3116 623
ROW 3116 5 109 255 3116 12
ROW 3116 6 19 24 3116 124
ROW 3116 7 7 24 3116 125
ROW 3117 0 6 16 3117 183
ROW 3117 1 28 32 3117 94
ROW 3117 2 8 32 3117 95
ROW 3117 3 6 8 3117 346
ROW 3117 4 4 4 3117 624
ROW 3117 5 110 255 3117 12
ROW 3117 6 20 24 3117 124
ROW 3117 7 8 24 3117 125
ROW 3118 0 7 16 3118 183
ROW 3118 1 29 32 3118 94
ROW 3118 2 9 32 3118 95
ROW 3118 3 7 8 3118 346
ROW 3118 4 0 4 3118 624
ROW 3118 5 111 255 3118 12
ROW 3118 6 21 24 3118 124
ROW 3118 7 9 24 3118 125
ROW 3119 0 8 16 3119 183
ROW 3119 1 30 32 3119 94
ROW 3119 2 10 32 3119 95
ROW 3119 3 8 8 3119 347
ROW 3119 4 1 4 3119 624
ROW 3119 5 112 255 3119 12
ROW 3119 6 22 24 3119 124
ROW 3119 7 10 24 3119 125
ROW 3120 0 9 16 3120 183
ROW 3120 1 31 32 3120 94
ROW 3120 2 11 32 3120 95
ROW 3120 3 0 8 3120 347
ROW 3120 4 2 4 3120 624
ROW 3120 5 113 255 3120 12
ROW 3120 6 23 24 3120 124
ROW 3120 7 11 24 3120 125
ROW 3121 0 10 16 3121 183
ROW 3121 1 32 32 3121 95
ROW 3121 2 12 32 3121 95
ROW 3121 3 1 8 3121 347
ROW 3121 4 3 4 3121 624
ROW 3121 5 114 255 3121 12
ROW 3121 6 24 24 3121 125
ROW 3121 7 12 24 3121 125
ROW 3122 0 11 16 3122 183
ROW 3122 1 0 32 3122 95
ROW 3122 2 13 32 3122 95
ROW 3122 3 2 8 3122 347
ROW 3122 4 4 4 3122 625
ROW 3122 5 115 255 3122 12
ROW 3122 6 0 24 3122 125
ROW 3122 7 13 24 3122 125
ROW 3123 0 12 16 3123 183
ROW 3123 1 1 32 3123 95
ROW 3123 2 14 32 3123 95
ROW 3123 3 3 8 3123 347
ROW 3123 4 0 4 3123 625
ROW 3123 5 116 255 3123 12
ROW 3123 6 1 24 3123 125
ROW 3123 7 14 24 3123 125
ROW 3124 0 13 16 3124 183
ROW 3124 1 2 32 3124 95
ROW 3124 2 15 32 3124 95
ROW 3124 3 4 8 3124 347
ROW 3124 4 1 4 3124 625
ROW 3124 5 117 255 3124 12
ROW 3124 6 2 24 3124 125
ROW 3124 7 15 24 3124 125
ROW 3125 0 14 16 3125 183
ROW 3125 1 3 32 3125 95
ROW 3125 2 16 32 3125 95
ROW 3125 3 5 8 3125 347
ROW 3125 4 2 4 3125 625
ROW 3125 5 118 255 3125 12
ROW 3125 6 3 24 3125 125
ROW 3125 7 16 24 3125 125
ROW 3126 0 15 16 3126 183
ROW 3126 1 4 32 3126 95
ROW 3126 2 17 32 3126 95
ROW 3126 3 6 8 3126 347
ROW 3126 4 3 4 3126 625
ROW 3126 5 119 255 3126 12
ROW 3126 6 4 24 3126 125
ROW 3126 7 17 24 3126 125
ROW 3127 0 16 16 3127 184
ROW 3127 1 5 32 3127 95
ROW 3127 2 18 32 3127 95
ROW 3127 3 7 8 3127 347
ROW 3127 4 4 4 3127 626
ROW 3127 5 120 255 3127 12
ROW 3127 6 5 24 3127 125
ROW 3127 7 18 24 3127 125
ROW 3128 0 0 16 3128 184
ROW 3128 1 6 32 3128 95
ROW 3128 2 19 32 3128 95
ROW 3128 3 8 8 3128 348
ROW 3128 4 0 4 3128 626
ROW 3128 5 121 255 3128 12
ROW 3128 6 6 24 3128 125
ROW 3128 7 19 24 3128 125
ROW 3129 0 1 16 3129 184
ROW 3129 1 7 32 3129 95
ROW 3129 2 20 32 3129 95
ROW 3129 3 0 8 3129 348
ROW 3129 4 1 4 3129 626
ROW 3129 5 122 255 3129 12
ROW 3129 6 7 24 3129 125
ROW 3129 7 20 24 3129 125
ROW 3130 0 2 16 3130 184
ROW 3130 1 8 32 3130 95
ROW 3130 2 21 32 3130 95
ROW 3130 3 1 8 3130 348
ROW 3130 4 2 4 3130 626
ROW 3130 5 123 255 3130 12
ROW 3130 6 8 24 3130 125
ROW 3130 7 21 24 3130 125
ROW 3131 0 3 16 3131 184
ROW 3131 1 9 32 3131 95
ROW 3131 2 22 32 3131 95
ROW 3131 3 2 8 3131 348
ROW 3131 4 3 4 3131 626
ROW 3131 5 124 255 3131 12
ROW 3131 6 9 24 3131 125
ROW 3131 7 22 24 3131 125
ROW 3132 0 4 16 3132 184
ROW 3132 1 10 32 3132 95
ROW 3132 2 23 32 3132 95
ROW 3132 3 3 8 3132 348
ROW 3132 4 4 4 3132 627
ROW 3132 5 125 255 3132 12
ROW 3132 6 10 24 3132 125
ROW 3132 7 23 24 3132 125
ROW 3133 0 5 16 3133 184
ROW 3133 1 11 32 3133 95
ROW 3133 2 24 32 3133 95
ROW 3133 3 4 8 3133 348
ROW 3133 4 0 4 3133 627
ROW 3133 5 126 255 3133 12
ROW 3133 6 11 24 3133 125
ROW 3133 7 24 24 3133 126
ROW 3134 0 6 16 3134 184
ROW 3134 1 12 32 3134 95
ROW 3134 2 25 32 3134 95
ROW 3134 3 5 8 3134 348
ROW 3134 4 1 4 3134 627
ROW 3134 5 127 255 3134 12
ROW 3134 6 12 24 3134 125
ROW 3134 7 0 24 3134 126
ROW 3135 0 7 16 3135 184
ROW 3135 1 13 32 3135 95
ROW 3135 2 26 32 3135 95
ROW 3135 3 6 8 3135 348
ROW 3135 4 2 4 3135 627
ROW 3135 5 128 255 3135 12
ROW 3135 6 13 24 3135 125
ROW 3135 7 1 24 3135 126
ROW 3136 0 8 16 3136 184
ROW 3136 1 14 32 3136 95
ROW 3136 2 27 32 3136 95
ROW 3136 3 7 8 3136 348
ROW 3136 4 3 4 3136 627
ROW 3136 5 129 255 3136 12
ROW 3136 6 14 24 3136 125
ROW 3136 7 2 24 3136 126
ROW 3137 0 9 16 3137 184
ROW 3137 1 15 32 3137 95
ROW 3137 2 28 32 3137 95
ROW 3137 3 8 8 3137 349
ROW 3137 4 4 4 3137 628
ROW 3137 5 130 255 3137 12
ROW 3137 6 15 24 3137 125
ROW 3137 7 3 24 3137 126
ROW 3138 0 10 16 3138 184
ROW 3138 1 16 32 3138 95
ROW 3138 2 29 32 3138 95
ROW 3138 3 0 8 3138 349
ROW 3138 4 0 4 3138 628
ROW 3138 5 131 255 3138 12
ROW 3138 6 16 24 3138 125
ROW 3138 7 4 24 3138 126
ROW 3139 0 11 16 3139 184
ROW 3139 1 17 32 3139 95
ROW 3139 2 30 32 3139 95
ROW 3139 3 1 8 3139 349
ROW 3139 4 1 4 3139 628
ROW 3139 5 132 255 3139 12
ROW 3139 6 17 24 3139 125
ROW 3139 7 5 24 3139 126
ROW 3140 0 12 16 3140 184
ROW 3140 1 18 32 3140 95
ROW 3140 2 31 32 3140 95
ROW 3140 3 2 8 3140 349
ROW 3140 4 2 4 3140 628
ROW 3140 5 133 255 3140 12
ROW 3140 6 18 24 3140 125
ROW 3140 7 6 24 3140 126
ROW 3141 0 13 16 3141 184
ROW 3141 1 19 32 3141 95
ROW 3141 2 32 32 3141 96
ROW 3141 3 3 8 3141 349
ROW 3141 4 3 4 3141 628
ROW 3141 5 134 255 3141 12
ROW 3141 6 19 24 3141 125
ROW 3141 7 7 24 3141 126
ROW 3142 0 14 16 3142 184
ROW 3142 1 20 32 3142 95
ROW 3142 2 0 32 3142 96
ROW 3142 3 4 8 3142 349
ROW 3142 4 4 4 3142 629
ROW 3142 5 135 255 3142 12
ROW 3142 6 20 24 3142 125
ROW 3142 7 8 24 3142 126
ROW 3143 0 15 16 3143 184
ROW 3143 1 21 32 3143 95
ROW 3143 2 1 32 3143 96
ROW 3143 3 5 8 3143 349
ROW 3143 4 0 4 3143 629
ROW 3143 5 136 255 3143 12
ROW 3143 6 21 24 3143 125
ROW 3143 7 9 24 3143 126
ROW 3144 0 16 16 3144 185
ROW 3144 1 22 32 3144 95
ROW 3144 2 2 32 3144 96
ROW 3144 3 6 8 3144 349
ROW 3144 4 1 4 3144 629
ROW 3144 5 137 255 3144 12
ROW 3144 6 22 24 3144 125
ROW 3144 7 10 24 3144 126
ROW 3145 0 0 16 3145 185
ROW 3145 1 23 32 3145 95
ROW 3145 2 3 32 3145 96
ROW 3145 3 7 8 3145 349
ROW 3145 4 2 4 3145 629
ROW 3145 5 138 255 3145 12
ROW 3145 6 23 24 3145 125
ROW 3145 7 11 24 3145 126
ROW 3146 0 1 16 3146 185
ROW 3146 1 24 32 3146 95
ROW 3146 2 4 32 3146 96
ROW 3146 3 8 8 3146 350
ROW 3146 4 3 4 3146 629
ROW 3146 5 139 255 3146 12
ROW 3146 6 24 24 3146 126
ROW 3146 7 12 24 3146 126
ROW 3147 0 2 16 3147 185
ROW 3147 1 25 32 3147 95
ROW 3147 2 5 32 3147 96
ROW 3147 3 0 8 3147 350
ROW 3147 4 4 4 3147 630
ROW 3147 5 140 255 3147 12
ROW 3147 6 0 24 3147 126
ROW 3147 7 13 24 3147 126
ROW 3148 0 3 16 3148 185
ROW 3148 1 26 32 3148 95
ROW 3148 2 6 32 3148 96
ROW 3148 3 1 8 3148 350
ROW 3148 4 0 4 3148 630
ROW 3148 5 141 255 3148 12
ROW 3148 6 1 24 3148 126
ROW 3148 7 14 24 3148 126
ROW 3149 0 4 16 3149 185
ROW 3149 1 27 32 3149 95
ROW 3149 2 7 32 3149 96
ROW 3149 3 2 8 3149 350
ROW 3149 4 1 4 3149 630
ROW 3149 5 142 255 3149 12
ROW 3149 6 2 24 3149 126
ROW 3149 7 15 24 3149 126
ROW 3150 0 5 16 3150 185
ROW 3150 1 28 32 3150 95
ROW 3150 2 8 32 3150 96
ROW 3150 3 3 8 3150 350
ROW 3150 4 2 4 3150 630
ROW 3150 5 143 255 3150 12
ROW 3150 6 3 24 3150 126
ROW 3150 7 16 24 3150 126
ROW 3151 0 6 16 3151 185
ROW 3151 1 29 32 3151 95
ROW 3151 2 9 32 3151 96
ROW 3151 3 4 8 3151 350
ROW 3151 4 3 4 3151 630
ROW 3151 5 144 255 3151 12
ROW 3151 6 4 24 3151 126
ROW 3151 7 17 24 3151 126
ROW 3152 0 7 16 3152 185
ROW 3152 1 30 32 3152 95
ROW 3152 2 10 32 3152 96
ROW 3152 3 5 8 3152 350
ROW 3152 4 4 4 3152 631
ROW 3152 5 145 255 3152 12
ROW 3152 6 5 24 3152 126
ROW 3152 7 18 24 3152 126
ROW 3153 0 8 16 3153 185
ROW 3153 1 31 32 3153 95
ROW 3153 2 11 32 3153 96
ROW 3153 3 6 8 3153 350
ROW 3153 4 0 4 3153 631
ROW 3153 5 146 255 3153 12
ROW 3153 6 6 24 3153 126
ROW 3153 7 19 24 3153 126
ROW 3154 0 9 16 3154 185
ROW 3154 1 32 32 3154 96
ROW 3154 2 12 32 3154 96
ROW 3154 3 7 8 3154 350
ROW 3154 4 1 4 3154 631
ROW 3154 5 147 255 3154 12
ROW 3154 6 7 24 3154 126
ROW 3154 7 20 24 3154 126
ROW 3155 0 10 16 3155 185
ROW 3155 1 0 32 3155 96
ROW 3155 2 13 32 3155 96
ROW 3155 3 8 8 3155 351
ROW 3155 4 2 4 3155 631
ROW 3155 5 148 255 3155 12
ROW 3155 6 8 24 3155 126
ROW 3155 7 21 24 3155 126
ROW 3156 0 11 16 3156 185
ROW 3156 1 1 32 3156 96
ROW 3156 2 14 32 3156 96
ROW 3156 3 0 8 3156 351
ROW 3156 4 3 4 3156 631
ROW 3156 5 149 255 3156 12
ROW 3156 6 9 24 3156 126
ROW 3156 7 22 24 3156 126
ROW 3157 0 12 16 3157 185
ROW 3157 1 2 32 3157 96
ROW 3157 2 15 32 3157 96
ROW 3157 3 1 8 3157 351
ROW 3157 4 4 4 3157 632
ROW 3157 5 150 255 3157 12
ROW 3157 6 10 24 3157 126
ROW 3157 7 23 24 3157 126
ROW 3158 0 13 16 3158 185
ROW 3158 1 3 32 3158 96
ROW 3158 2 16 32 3158 96
ROW 3158 3 2 8 3158 351
ROW 3158 4 0 4 3158 632
ROW 3158 5 151 255 3158 12
ROW 3158 6 11 24 3158 126
ROW 3158 7 24 24 3158 127
ROW 3159 0 14 16 3159 185
ROW 3159 1 4 32 3159 96
ROW 3159 2 17 32 3159 96
ROW 3159 3 3 8 3159 351
ROW 3159 4 1 4 3159 632
ROW 3159 5 152 255 3159 12
ROW 3159 6 12 24 3159 126
ROW 3159 7 0 24 3159 127
ROW 3160 0 15 16 3160 185
ROW 3160 1 5 32 3160 96
ROW 3160 2 18 32 3160 96
ROW 3160 3 4 8 3160 351
ROW 3160 4 2 4 3160 632
ROW 3160 5 153 255 3160 12
ROW 3160 6 13 24 3160 126
ROW 3160 7 1 24 3160 127
ROW 3161 0 16 16 3161 186
ROW 3161 1 6 32 3161 96
ROW 3161 2 19 32 3161 96
ROW 3161 3 5 8 3161 351
ROW 3161 4 3 4 3161 632
ROW 3161 5 154 255 3161 12
ROW 3161 6 14 24 3161 126
ROW 3161 7 2 24 3161 127
ROW 3162 0 0 16 3162 186
ROW 3162 1 7 32 3162 96
ROW 3162 2 20 32 3162 96
ROW 3162 3 6 8 3162 351
ROW 3162 4 4 4 3162 633
ROW 3162 5 155 255 3162 12
ROW 3162 6 15 24 3162 126
ROW 3162 7 3 24 3162 127
ROW 3163 0 1 16 3163 186
ROW 3163 1 8 32 3163 96
ROW 3163 2 21 32 3163 96
ROW 3163 3 7 8 3163 351
ROW 3163 4 0 4 3163 633
ROW 3163 5 156 255 3163 12
ROW 3163 6 16 24 3163 126
ROW 3163 7 4 24 3163 127
ROW 3164 0 2 16 3164 186
ROW 3164 1 9 32 3164 96
ROW 3164 2 22 32 3164 96
ROW 3164 3 8 8 3164 352
ROW 3164 4 1 4 3164 633
ROW 3164 5 157 255 3164 12
ROW 3164 6 17 24 3164 126
ROW 3164 7 5 24 3164 127
ROW 3165 0 3 16 3165 186
ROW 3165 1 10 32 3165 96
ROW 3165 2 23 32 3165 96
ROW 3165 3 0 8 3165 352
ROW 3165 4 2 4 3165 633
ROW 3165 5 158 255 3165 12
ROW 3165 6 18 24 3165 126
ROW 3165 7 6 24 3165 127
ROW 3166 0 4 16 3166 186
ROW 3166 1 11 32 3166 96
ROW 3166 2 24 32 3166 96
ROW 3166 3 1 8 3166 352
ROW 3166 4 3 4 3166 633
ROW 3166 5 159 255 3166 12
ROW 3166 6 19 24 3166 126
ROW 3166 7 7 24 3166 127
ROW 3167 0 5 16 3167 186
ROW 3167 1 12 32 3167 96
ROW 3167 2 25 32 3167 96
ROW 3167 3 2 8 3167 352
ROW 3167 4 4 4 3167 634
ROW 3167 5 160 255 3167 12
ROW 3167 6 20 24 3167 126
ROW 3167 7 8 24 3167 127
ROW 3168 0 6 16 3168 186
ROW 3168 1 13 32 3168 96
ROW 3168 2 26 32 3168 96
ROW 3168 3 3 8 3168 352
ROW 3168 4 0 4 3168 634
ROW 3168 5 161 255 3168 12
ROW 3168 6 21 24 3168 126
ROW 3168 7 9 24 3168 127
ROW 3169 0 7 16 3169 186
ROW 3169 1 14 32 3169 96
ROW 3169 2 27 32 3169 96
ROW 3169 3 4 8 3169 352
ROW 3169 4 1 4 3169 634
ROW 3169 5 162 255 3169 12
ROW 3169 6 22 24 3169 126
ROW 3169 7 10 24 3169 127
ROW 3170 0 8 16 3170 186
ROW 3170 1 15 32 3170 96
ROW 3170 2 28 32 3170 96
ROW 3170 3 5 8 3170 352
ROW 3170 4 2 4 3170 634
ROW 3170 5 163 255 3170 12
ROW 3170 6 23 24 3170 126
ROW 3170 7 11 24 3170 127
ROW 3171 0 9 16 3171 186
ROW 3171 1 16 32 3171 96
ROW 3171 2 29 32 3171 96
ROW 3171 3 6 8 3171 352
ROW 3171 4 3 4 3171 634
ROW 3171 5 164 255 3171 12
ROW 3171 6 24 24 3171 127
ROW 3171 7 12 24 3171 127
ROW 3172 0 10 16 3172 186
ROW 3172 1 17 32 3172 96
ROW 3172 2 30 32 3172 96
ROW 3172 3 7 8 3172 352
ROW 3172 4 4 4 3172 635
ROW 3172 5 165 255 3172 12
ROW 3172 6 0 24 3172 127
ROW 3172 7 13 24 3172 127
ROW 3173 0 11 16 3173 186
ROW 3173 1 18 32 3173 96
ROW 3173 2 31 32 3173 96
ROW 3173 3 8 8 3173 353
ROW 3173 4 0 4 3173 635
ROW 3173 5 166 255 3173 12
ROW 3173 6 1 24 3173 127
ROW 3173 7 14 24 3173 127
ROW 3174 0 12 16 3174 186
ROW 3174 1 19 32 3174 96
ROW 3174 2 32 32 3174 97
ROW 3174 3 0 8 3174 353
ROW 3174 4 1 4 3174 635
ROW 3174 5 167 255 3174 12
ROW 3174 6 2 24 3174 127
ROW 3174 7 15 24 3174 127
ROW 3175 0 13 16 3175 186
ROW 3175 1 20 32 3175 96
ROW 3175 2 0 32 3175 97
ROW 3175 3 1 8 3175 353
ROW 3175 4 2 4 3175 635
ROW 3175 5 168 255 3175 12
ROW 3175 6 3 24 3175 127
ROW 3175 7 16 24 3175 127
ROW 3176 0 14 16 3176 186
ROW 3176 1 21 32 3176 96
ROW 3176 2 1 32 3176 97
ROW 3176 3 2 8 3176 353
ROW 3176 4 3 4 3176 635
ROW 3176 5 169 255 3176 12
ROW 3176 6 4 24 3176 127
ROW 3176 7 17 24 3176 127
ROW 3177 0 15 16 3177 186
ROW 3177 1 22 32 3177 96
ROW 3177 2 2 32 3177 97
ROW 3177 3 3 8 3177 353
ROW 3177 4 4 4 3177 636
ROW 3177 5 170 255 3177 12
ROW 3177 6 5 24 3177 127
ROW 3177 7 18 24 3177 127
ROW 3178 0 16 16 3178 187
ROW 3178 1 23 32 3178 96
ROW 3178 2 3 32 3178 97
ROW 3178 3 4 8 3178 353
ROW 3178 4 0 4 3178 636
ROW 3178 5 171 255 3178 12
ROW 3178 6 6 24 3178 127
ROW 3178 7 19 24 3178 127
ROW 3179 0 0 16 3179 187
ROW 3179 1 24 32 3179 96
ROW 3179 2 4 32 3179 97
ROW 3179 3 5 8 3179 353
ROW 3179 4 1 4 3179 636
ROW 3179 5 172 255 3179 12
ROW 3179 6 7 24 3179 127
ROW 3179 7 20 24 3179 127
ROW 3180 0 1 16 3180 187
ROW 3180 1 25 32 3180 96
ROW 3180 2 5 32 3180 97
ROW 3180 3 6 8 3180 353
ROW 3180 4 2 4 3180 636
ROW 3180 5 173 255 3180 12
ROW 3180 6 8 24 3180 127
ROW 3180 7 21 24 3180 127
ROW 3181 0 2 16 3181 187
ROW 3181 1 26 32 3181 96
ROW 3181 2 6 32 3181 97
ROW 3181 3 7 8 3181 353
ROW 3181 4 3 4 3181 636
ROW 3181 5 174 255 3181 12
ROW 3181 6 9 24 3181 127
ROW 3181 7 22 24 3181 127
ROW 3182 0 3 16 3182 187
ROW 3182 1 27 32 3182 96
ROW 3182 2 7 32 3182 97
ROW 3182 3 8 8 3182 354
ROW 3182 4 4 4 3182 637
ROW 3182 5 175 255 3182 12
ROW 3182 6 10 24 3182 127
ROW 3182 7 23 24 3182 127
ROW 3183 0 4 16 3183 187
ROW 3183 1 28 32 3183 96
ROW 3183 2 8 32 3183 97
ROW 3183 3 0 8 3183 354
ROW 3183 4 0 4 3183 637
ROW 3183 5 176 255 3183 12
ROW 3183 6 11 24 3183 127
ROW 3183 7 24 24 3183 128
ROW 3184 0 5 16 3184 187
ROW 3184 1 29 32 3184 96
ROW 3184 2 9 32 3184 97
ROW 3184 3 1 8 3184 354
ROW 3184 4 1 4 3184 637
ROW 3184 5 177 255 3184 12
ROW 3184 6 12 24 3184 127
ROW 3184 7 0 24 3184 128
ROW 3185 0 6 16 3185 187
ROW 3185 1 30 32 3185 96
ROW 3185 2 10 32 3185 97
ROW 3185 3 2 8 3185 354
ROW 3185 4 2 4 3185 637
ROW 3185 5 178 255 3185 12
ROW 3185 6 13 24 3185 127
ROW 3185 7 1 24 3185 128
ROW 3186 0 7 16 3186 187
ROW 3186 1 31 32 3186 96
ROW 3186 2 11 32 3186 97
ROW 3186 3 3 8 3186 354
ROW 3186 4 3 4 3186 637
ROW 3186 5 179 255 3186 12
ROW 3186 6 14 24 3186 127
ROW 3186 7 2 24 3186 128
ROW 3187 0 8 16 3187 187
ROW 3187 1 32 32 3187 97
ROW 3187 2 12 32 3187 97
ROW 3187 3 4 8 3187 354
ROW 3187 4 4 4 3187 638
ROW 3187 5 180 255 3187 12
ROW 3187 6 15 24 3187 127
ROW 3187 7 3 24 3187 128
ROW 3188 0 9 16 3188 187
ROW 3188 1 0 32 3188 97
ROW 3188 2 13 32 3188 97
ROW 3188 3 5 8 3188 354
ROW 3188 4 0 4 3188 638
ROW 3188 5 181 255 3188 12
ROW 3188 6 16 24 3188 127
ROW 3188 7 4 24 3188 128
ROW 3189 0 10 16 3189 187
ROW 3189 1 1 32 3189 97
ROW 3189 2 14 32 3189 97
ROW 3189 3 6 8 3189 354
ROW 3189 4 1 4 3189 638
ROW 3189 5 182 255 3189 12
ROW 3189 6 17 24 3189 127
ROW 3189 7 5 24 3189 128
ROW 3190 0 11 16 3190 187
ROW 3190 1 2 32 3190 97
ROW 3190 2 15 32 3190 97
ROW 3190 3 7 8 3190 354
ROW 3190 4 2 4 3190 638
ROW 3190 5 183 255 3190 12
ROW 3190 6 18 24 3190 127
ROW 3190 7 6 24 3190 128
ROW 3191 0 12 16 3191 187
ROW 3191 1 3 32 3191 97
ROW 3191 2 16 32 3191 97
ROW 3191 3 8 8 3191 355
ROW 3191 4 3 4 3191 638
ROW 3191 5 184 255 3191 12
ROW 3191 6 19 24 3191 127
ROW 3191 7 7 24 3191 128
ROW 3192 0 13 16 3192 187
ROW 3192 1 4 32 3192 97
ROW 3192 2 17 32 3192 97
ROW 3192 3 0 8 3192 355
ROW 3192 4 4 4 3192 639
ROW 3192 5 185 255 3192 12
ROW 3192 6 20 24 3192 127
ROW 3192 7 8 24 3192 128
ROW 3193 0 14 16 3193 187
ROW 3193 1 5 32 3193 97
ROW 3193 2 18 32 3193 97
ROW 3193 3 1 8 3193 355
ROW 3193 4 0 4 3193 639
ROW 3193 5 186 255 3193 12
ROW 3193 6 21 24 3193 127
ROW 3193 7 9 24 3193 128
ROW 3194 0 15 16 3194 187
ROW 3194 1 6 32 3194 97
ROW 3194 2 19 32 3194 97
ROW 3194 3 2 8 3194 355
ROW 3194 4 1 4 3194 639
ROW 3194 5 187 255 3194 12
ROW 3194 6 22 24 3194 127
ROW 3194 7 10 24 3194 128
ROW 3195 0 16 16 3195 188
ROW 3195 1 7 32 3195 97
ROW 3195 2 20 32 3195 97
ROW 3195 3 3 8 3195 355
ROW 3195 4 2 4 3195 639
ROW 3195 5 188 255 3195 12
ROW 3195 6 23 24 3195 127
ROW 3195 7 11 24 3195 128
ROW 3196 0 0 16 3196 188
ROW 3196 1 8 32 3196 97
ROW 3196 2 21 32 3196 97
ROW 3196 3 4 8 3196 355
ROW 3196 4 3 4 3196 639
ROW 3196 5 189 255 3196 12
ROW 3196 6 24 24 3196 128
ROW 3196 7 12 24 3196 128
ROW 3197 0 1 16 3197 188
ROW 3197 1 9 32 3197 97
ROW 3197 2 22 32 3197 97
ROW 3197 3 5 8 3197 355
ROW 3197 4 4 4 3197 640
ROW 3197 5 190 255 3197 12
ROW 3197 6 0 24 3197 128
ROW 3197 7 13 24 3197 128
ROW 3198 0 2 16 3198 188
ROW 3198 1 10 32 3198 97
ROW 3198 2 23 32 3198 97
ROW 3198 3 6 8 3198 355
ROW 3198 4 0 4 3198 640
ROW 3198 5 191 255 3198 12
ROW 3198 6 1 24 3198 128
ROW 3198 7 14 24 3198 128
ROW 3199 0 3 16 3199 188
ROW 3199 1 11 32 3199 97
ROW 3199 2 24 32 3199 97
ROW 3199 3 7 8 3199 355
ROW 3199 4 1 4 3199 640
ROW 3199 5 192 255 3199 12
ROW 3199 6 2 24 3199 128
ROW 3199 7 15 24 3199 128
ROW 3200 0 4 16 3200 188
ROW 3200 1 12 32 3200 97
ROW 3200 2 25 32 3200 97
ROW 3200 3 8 8 3200 356
ROW 3200 4 2 4 3200 640
ROW 3200 5 193 255 3200 12
ROW 3200 6 3 24 3200 128
ROW 3200 7 16 24 3200 128
